ISO-10303-21;
HEADER;
FILE_DESCRIPTION(('KiCad electronic assembly'),'2;1');
FILE_NAME('main_pcb.step','2025-03-14T14:40:55',('Pcbnew'),('Kicad'),
  'Open CASCADE STEP processor 7.8','KiCad to STEP converter','Unknown'
  );
FILE_SCHEMA(('AUTOMOTIVE_DESIGN { 1 0 10303 214 1 1 1 1 }'));
ENDSEC;
DATA;
#1 = APPLICATION_PROTOCOL_DEFINITION('international standard',
  'automotive_design',2000,#2);
#2 = APPLICATION_CONTEXT(
  'core data for automotive mechanical design processes');
#3 = SHAPE_DEFINITION_REPRESENTATION(#4,#10);
#4 = PRODUCT_DEFINITION_SHAPE('','',#5);
#5 = PRODUCT_DEFINITION('design','',#6,#9);
#6 = PRODUCT_DEFINITION_FORMATION('','',#7);
#7 = PRODUCT('main_pcb 1','main_pcb 1','',(#8));
#8 = PRODUCT_CONTEXT('',#2,'mechanical');
#9 = PRODUCT_DEFINITION_CONTEXT('part definition',#2,'design');
#10 = SHAPE_REPRESENTATION('',(#11,#15,#19,#23,#27),#31);
#11 = AXIS2_PLACEMENT_3D('',#12,#13,#14);
#12 = CARTESIAN_POINT('',(0.,0.,0.));
#13 = DIRECTION('',(0.,0.,1.));
#14 = DIRECTION('',(1.,0.,-0.));
#15 = AXIS2_PLACEMENT_3D('',#16,#17,#18);
#16 = CARTESIAN_POINT('',(244.975,-15.0625,0.795));
#17 = DIRECTION('',(0.,0.,1.));
#18 = DIRECTION('',(-1.,1.224646799147E-16,0.));
#19 = AXIS2_PLACEMENT_3D('',#20,#21,#22);
#20 = CARTESIAN_POINT('',(51.825,-15.0625,0.795));
#21 = DIRECTION('',(0.,0.,1.));
#22 = DIRECTION('',(-1.,1.224646799147E-16,0.));
#23 = AXIS2_PLACEMENT_3D('',#24,#25,#26);
#24 = CARTESIAN_POINT('',(0.,0.,0.));
#25 = DIRECTION('',(0.,0.,1.));
#26 = DIRECTION('',(1.,0.,-0.));
#27 = AXIS2_PLACEMENT_3D('',#28,#29,#30);
#28 = CARTESIAN_POINT('',(0.,0.,0.));
#29 = DIRECTION('',(0.,0.,1.));
#30 = DIRECTION('',(1.,0.,-0.));
#31 = ( GEOMETRIC_REPRESENTATION_CONTEXT(3) 
GLOBAL_UNCERTAINTY_ASSIGNED_CONTEXT((#35)) GLOBAL_UNIT_ASSIGNED_CONTEXT(
(#32,#33,#34)) REPRESENTATION_CONTEXT('Context #1',
  '3D Context with UNIT and UNCERTAINTY') );
#32 = ( LENGTH_UNIT() NAMED_UNIT(*) SI_UNIT(.MILLI.,.METRE.) );
#33 = ( NAMED_UNIT(*) PLANE_ANGLE_UNIT() SI_UNIT($,.RADIAN.) );
#34 = ( NAMED_UNIT(*) SI_UNIT($,.STERADIAN.) SOLID_ANGLE_UNIT() );
#35 = UNCERTAINTY_MEASURE_WITH_UNIT(LENGTH_MEASURE(1.E-07),#32,
  'distance_accuracy_value','confusion accuracy');
#36 = PRODUCT_RELATED_PRODUCT_CATEGORY('part',$,(#7));
#37 = SHAPE_DEFINITION_REPRESENTATION(#38,#44);
#38 = PRODUCT_DEFINITION_SHAPE('','',#39);
#39 = PRODUCT_DEFINITION('design','',#40,#43);
#40 = PRODUCT_DEFINITION_FORMATION('','',#41);
#41 = PRODUCT('SW_SPDT_PCM12','SW_SPDT_PCM12','',(#42));
#42 = PRODUCT_CONTEXT('',#2,'mechanical');
#43 = PRODUCT_DEFINITION_CONTEXT('part definition',#2,'design');
#44 = ADVANCED_BREP_SHAPE_REPRESENTATION('',(#11,#45),#4099);
#45 = MANIFOLD_SOLID_BREP('',#46);
#46 = CLOSED_SHELL('',(#47,#87,#118,#142,#166,#183,#328,#393,#560,#591,
    #661,#692,#732,#888,#928,#952,#1006,#1030,#1061,#1108,#1139,#1156,
    #1187,#1211,#1243,#1265,#1304,#1425,#1456,#1480,#1504,#1537,#1570,
    #1603,#1628,#1653,#1677,#1694,#1706,#1730,#1754,#1793,#1815,#1847,
    #1872,#1898,#1915,#1955,#1981,#2007,#2040,#2073,#2104,#2128,#2152,
    #2169,#2200,#2224,#2248,#2265,#2289,#2307,#2319,#2343,#2360,#2379,
    #2410,#2441,#2458,#2470,#2482,#2506,#2529,#2541,#2572,#2596,#2620,
    #2651,#2675,#2699,#2730,#2754,#2778,#2795,#2812,#2824,#2848,#2872,
    #2889,#2913,#2937,#2954,#2978,#3002,#3019,#3044,#3069,#3094,#3111,
    #3123,#3135,#3147,#3159,#3171,#3195,#3219,#3252,#3285,#3318,#3351,
    #3404,#3457,#3510,#3541,#3572,#3603,#3612,#3621,#3638,#3655,#3667,
    #3691,#3716,#3740,#3765,#3782,#3806,#3831,#3855,#3880,#3897,#3921,
    #3946,#3970,#3995,#4012,#4029,#4046,#4063,#4075,#4087));
#47 = ADVANCED_FACE('',(#48),#82,.T.);
#48 = FACE_BOUND('',#49,.T.);
#49 = EDGE_LOOP('',(#50,#60,#68,#76));
#50 = ORIENTED_EDGE('',*,*,#51,.F.);
#51 = EDGE_CURVE('',#52,#54,#56,.T.);
#52 = VERTEX_POINT('',#53);
#53 = CARTESIAN_POINT('',(3.85,-1.63,0.));
#54 = VERTEX_POINT('',#55);
#55 = CARTESIAN_POINT('',(3.85,-1.63,0.15));
#56 = LINE('',#57,#58);
#57 = CARTESIAN_POINT('',(3.85,-1.63,0.));
#58 = VECTOR('',#59,1.);
#59 = DIRECTION('',(0.,0.,1.));
#60 = ORIENTED_EDGE('',*,*,#61,.T.);
#61 = EDGE_CURVE('',#52,#62,#64,.T.);
#62 = VERTEX_POINT('',#63);
#63 = CARTESIAN_POINT('',(3.85,-1.23,0.));
#64 = LINE('',#65,#66);
#65 = CARTESIAN_POINT('',(3.85,-1.63,0.));
#66 = VECTOR('',#67,1.);
#67 = DIRECTION('',(0.,1.,0.));
#68 = ORIENTED_EDGE('',*,*,#69,.T.);
#69 = EDGE_CURVE('',#62,#70,#72,.T.);
#70 = VERTEX_POINT('',#71);
#71 = CARTESIAN_POINT('',(3.85,-1.23,0.15));
#72 = LINE('',#73,#74);
#73 = CARTESIAN_POINT('',(3.85,-1.23,0.));
#74 = VECTOR('',#75,1.);
#75 = DIRECTION('',(0.,0.,1.));
#76 = ORIENTED_EDGE('',*,*,#77,.F.);
#77 = EDGE_CURVE('',#54,#70,#78,.T.);
#78 = LINE('',#79,#80);
#79 = CARTESIAN_POINT('',(3.85,-1.63,0.15));
#80 = VECTOR('',#81,1.);
#81 = DIRECTION('',(0.,1.,0.));
#82 = PLANE('',#83);
#83 = AXIS2_PLACEMENT_3D('',#84,#85,#86);
#84 = CARTESIAN_POINT('',(3.85,-1.63,0.));
#85 = DIRECTION('',(1.,0.,0.));
#86 = DIRECTION('',(0.,0.,1.));
#87 = ADVANCED_FACE('',(#88),#113,.F.);
#88 = FACE_BOUND('',#89,.F.);
#89 = EDGE_LOOP('',(#90,#98,#106,#112));
#90 = ORIENTED_EDGE('',*,*,#91,.F.);
#91 = EDGE_CURVE('',#92,#52,#94,.T.);
#92 = VERTEX_POINT('',#93);
#93 = CARTESIAN_POINT('',(3.35,-1.63,0.));
#94 = LINE('',#95,#96);
#95 = CARTESIAN_POINT('',(3.35,-1.63,0.));
#96 = VECTOR('',#97,1.);
#97 = DIRECTION('',(1.,0.,0.));
#98 = ORIENTED_EDGE('',*,*,#99,.T.);
#99 = EDGE_CURVE('',#92,#100,#102,.T.);
#100 = VERTEX_POINT('',#101);
#101 = CARTESIAN_POINT('',(3.35,-1.63,0.15));
#102 = LINE('',#103,#104);
#103 = CARTESIAN_POINT('',(3.35,-1.63,0.));
#104 = VECTOR('',#105,1.);
#105 = DIRECTION('',(0.,0.,1.));
#106 = ORIENTED_EDGE('',*,*,#107,.T.);
#107 = EDGE_CURVE('',#100,#54,#108,.T.);
#108 = LINE('',#109,#110);
#109 = CARTESIAN_POINT('',(3.35,-1.63,0.15));
#110 = VECTOR('',#111,1.);
#111 = DIRECTION('',(1.,0.,0.));
#112 = ORIENTED_EDGE('',*,*,#51,.F.);
#113 = PLANE('',#114);
#114 = AXIS2_PLACEMENT_3D('',#115,#116,#117);
#115 = CARTESIAN_POINT('',(3.35,-1.63,0.));
#116 = DIRECTION('',(0.,1.,0.));
#117 = DIRECTION('',(0.,-0.,1.));
#118 = ADVANCED_FACE('',(#119),#137,.T.);
#119 = FACE_BOUND('',#120,.T.);
#120 = EDGE_LOOP('',(#121,#129,#130,#131));
#121 = ORIENTED_EDGE('',*,*,#122,.F.);
#122 = EDGE_CURVE('',#100,#123,#125,.T.);
#123 = VERTEX_POINT('',#124);
#124 = CARTESIAN_POINT('',(3.35,-1.23,0.15));
#125 = LINE('',#126,#127);
#126 = CARTESIAN_POINT('',(3.35,-1.63,0.15));
#127 = VECTOR('',#128,1.);
#128 = DIRECTION('',(0.,1.,0.));
#129 = ORIENTED_EDGE('',*,*,#107,.T.);
#130 = ORIENTED_EDGE('',*,*,#77,.T.);
#131 = ORIENTED_EDGE('',*,*,#132,.F.);
#132 = EDGE_CURVE('',#123,#70,#133,.T.);
#133 = LINE('',#134,#135);
#134 = CARTESIAN_POINT('',(3.35,-1.23,0.15));
#135 = VECTOR('',#136,1.);
#136 = DIRECTION('',(1.,0.,0.));
#137 = PLANE('',#138);
#138 = AXIS2_PLACEMENT_3D('',#139,#140,#141);
#139 = CARTESIAN_POINT('',(3.35,-1.63,0.15));
#140 = DIRECTION('',(0.,0.,1.));
#141 = DIRECTION('',(1.,0.,-0.));
#142 = ADVANCED_FACE('',(#143),#161,.T.);
#143 = FACE_BOUND('',#144,.T.);
#144 = EDGE_LOOP('',(#145,#153,#159,#160));
#145 = ORIENTED_EDGE('',*,*,#146,.F.);
#146 = EDGE_CURVE('',#147,#62,#149,.T.);
#147 = VERTEX_POINT('',#148);
#148 = CARTESIAN_POINT('',(3.35,-1.23,0.));
#149 = LINE('',#150,#151);
#150 = CARTESIAN_POINT('',(3.35,-1.23,0.));
#151 = VECTOR('',#152,1.);
#152 = DIRECTION('',(1.,0.,0.));
#153 = ORIENTED_EDGE('',*,*,#154,.T.);
#154 = EDGE_CURVE('',#147,#123,#155,.T.);
#155 = LINE('',#156,#157);
#156 = CARTESIAN_POINT('',(3.35,-1.23,0.));
#157 = VECTOR('',#158,1.);
#158 = DIRECTION('',(0.,0.,1.));
#159 = ORIENTED_EDGE('',*,*,#132,.T.);
#160 = ORIENTED_EDGE('',*,*,#69,.F.);
#161 = PLANE('',#162);
#162 = AXIS2_PLACEMENT_3D('',#163,#164,#165);
#163 = CARTESIAN_POINT('',(3.35,-1.23,0.));
#164 = DIRECTION('',(0.,1.,0.));
#165 = DIRECTION('',(0.,-0.,1.));
#166 = ADVANCED_FACE('',(#167),#178,.F.);
#167 = FACE_BOUND('',#168,.F.);
#168 = EDGE_LOOP('',(#169,#175,#176,#177));
#169 = ORIENTED_EDGE('',*,*,#170,.T.);
#170 = EDGE_CURVE('',#147,#92,#171,.T.);
#171 = LINE('',#172,#173);
#172 = CARTESIAN_POINT('',(3.35,0.97,0.));
#173 = VECTOR('',#174,1.);
#174 = DIRECTION('',(0.,-1.,0.));
#175 = ORIENTED_EDGE('',*,*,#91,.T.);
#176 = ORIENTED_EDGE('',*,*,#61,.T.);
#177 = ORIENTED_EDGE('',*,*,#146,.F.);
#178 = PLANE('',#179);
#179 = AXIS2_PLACEMENT_3D('',#180,#181,#182);
#180 = CARTESIAN_POINT('',(3.35,-1.63,0.));
#181 = DIRECTION('',(0.,0.,1.));
#182 = DIRECTION('',(1.,0.,-0.));
#183 = ADVANCED_FACE('',(#184,#257),#323,.T.);
#184 = FACE_BOUND('',#185,.T.);
#185 = EDGE_LOOP('',(#186,#194,#195,#203,#211,#219,#227,#235,#243,#251)
  );
#186 = ORIENTED_EDGE('',*,*,#187,.F.);
#187 = EDGE_CURVE('',#92,#188,#190,.T.);
#188 = VERTEX_POINT('',#189);
#189 = CARTESIAN_POINT('',(-3.35,-1.63,0.));
#190 = LINE('',#191,#192);
#191 = CARTESIAN_POINT('',(3.35,-1.63,0.));
#192 = VECTOR('',#193,1.);
#193 = DIRECTION('',(-1.,0.,0.));
#194 = ORIENTED_EDGE('',*,*,#99,.T.);
#195 = ORIENTED_EDGE('',*,*,#196,.T.);
#196 = EDGE_CURVE('',#100,#197,#199,.T.);
#197 = VERTEX_POINT('',#198);
#198 = CARTESIAN_POINT('',(3.35,-1.63,0.4));
#199 = LINE('',#200,#201);
#200 = CARTESIAN_POINT('',(3.35,-1.63,0.));
#201 = VECTOR('',#202,1.);
#202 = DIRECTION('',(0.,0.,1.));
#203 = ORIENTED_EDGE('',*,*,#204,.F.);
#204 = EDGE_CURVE('',#205,#197,#207,.T.);
#205 = VERTEX_POINT('',#206);
#206 = CARTESIAN_POINT('',(2.85,-1.63,0.4));
#207 = LINE('',#208,#209);
#208 = CARTESIAN_POINT('',(3.1,-1.63,0.4));
#209 = VECTOR('',#210,1.);
#210 = DIRECTION('',(1.,0.,0.));
#211 = ORIENTED_EDGE('',*,*,#212,.F.);
#212 = EDGE_CURVE('',#213,#205,#215,.T.);
#213 = VERTEX_POINT('',#214);
#214 = CARTESIAN_POINT('',(2.85,-1.63,1.4));
#215 = LINE('',#216,#217);
#216 = CARTESIAN_POINT('',(2.85,-1.63,0.2));
#217 = VECTOR('',#218,1.);
#218 = DIRECTION('',(0.,0.,-1.));
#219 = ORIENTED_EDGE('',*,*,#220,.T.);
#220 = EDGE_CURVE('',#213,#221,#223,.T.);
#221 = VERTEX_POINT('',#222);
#222 = CARTESIAN_POINT('',(-2.85,-1.63,1.4));
#223 = LINE('',#224,#225);
#224 = CARTESIAN_POINT('',(3.35,-1.63,1.4));
#225 = VECTOR('',#226,1.);
#226 = DIRECTION('',(-1.,0.,0.));
#227 = ORIENTED_EDGE('',*,*,#228,.F.);
#228 = EDGE_CURVE('',#229,#221,#231,.T.);
#229 = VERTEX_POINT('',#230);
#230 = CARTESIAN_POINT('',(-2.85,-1.63,0.4));
#231 = LINE('',#232,#233);
#232 = CARTESIAN_POINT('',(-2.85,-1.63,0.2));
#233 = VECTOR('',#234,1.);
#234 = DIRECTION('',(0.,0.,1.));
#235 = ORIENTED_EDGE('',*,*,#236,.F.);
#236 = EDGE_CURVE('',#237,#229,#239,.T.);
#237 = VERTEX_POINT('',#238);
#238 = CARTESIAN_POINT('',(-3.35,-1.63,0.4));
#239 = LINE('',#240,#241);
#240 = CARTESIAN_POINT('',(0.25,-1.63,0.4));
#241 = VECTOR('',#242,1.);
#242 = DIRECTION('',(1.,0.,0.));
#243 = ORIENTED_EDGE('',*,*,#244,.F.);
#244 = EDGE_CURVE('',#245,#237,#247,.T.);
#245 = VERTEX_POINT('',#246);
#246 = CARTESIAN_POINT('',(-3.35,-1.63,0.15));
#247 = LINE('',#248,#249);
#248 = CARTESIAN_POINT('',(-3.35,-1.63,0.));
#249 = VECTOR('',#250,1.);
#250 = DIRECTION('',(0.,0.,1.));
#251 = ORIENTED_EDGE('',*,*,#252,.F.);
#252 = EDGE_CURVE('',#188,#245,#253,.T.);
#253 = LINE('',#254,#255);
#254 = CARTESIAN_POINT('',(-3.35,-1.63,0.));
#255 = VECTOR('',#256,1.);
#256 = DIRECTION('',(0.,0.,1.));
#257 = FACE_BOUND('',#258,.T.);
#258 = EDGE_LOOP('',(#259,#269,#277,#285,#293,#301,#309,#317));
#259 = ORIENTED_EDGE('',*,*,#260,.T.);
#260 = EDGE_CURVE('',#261,#263,#265,.T.);
#261 = VERTEX_POINT('',#262);
#262 = CARTESIAN_POINT('',(1.25,-1.63,0.8));
#263 = VERTEX_POINT('',#264);
#264 = CARTESIAN_POINT('',(7.E-02,-1.63,0.8));
#265 = LINE('',#266,#267);
#266 = CARTESIAN_POINT('',(1.05,-1.63,0.8));
#267 = VECTOR('',#268,1.);
#268 = DIRECTION('',(-1.,0.,0.));
#269 = ORIENTED_EDGE('',*,*,#270,.T.);
#270 = EDGE_CURVE('',#263,#271,#273,.T.);
#271 = VERTEX_POINT('',#272);
#272 = CARTESIAN_POINT('',(-1.23,-1.63,0.8));
#273 = LINE('',#274,#275);
#274 = CARTESIAN_POINT('',(1.05,-1.63,0.8));
#275 = VECTOR('',#276,1.);
#276 = DIRECTION('',(-1.,0.,0.));
#277 = ORIENTED_EDGE('',*,*,#278,.T.);
#278 = EDGE_CURVE('',#271,#279,#281,.T.);
#279 = VERTEX_POINT('',#280);
#280 = CARTESIAN_POINT('',(-1.25,-1.63,0.8));
#281 = LINE('',#282,#283);
#282 = CARTESIAN_POINT('',(1.05,-1.63,0.8));
#283 = VECTOR('',#284,1.);
#284 = DIRECTION('',(-1.,0.,0.));
#285 = ORIENTED_EDGE('',*,*,#286,.T.);
#286 = EDGE_CURVE('',#279,#287,#289,.T.);
#287 = VERTEX_POINT('',#288);
#288 = CARTESIAN_POINT('',(-1.25,-1.63,1.2));
#289 = LINE('',#290,#291);
#290 = CARTESIAN_POINT('',(-1.25,-1.63,0.4));
#291 = VECTOR('',#292,1.);
#292 = DIRECTION('',(0.,0.,1.));
#293 = ORIENTED_EDGE('',*,*,#294,.F.);
#294 = EDGE_CURVE('',#295,#287,#297,.T.);
#295 = VERTEX_POINT('',#296);
#296 = CARTESIAN_POINT('',(-1.23,-1.63,1.2));
#297 = LINE('',#298,#299);
#298 = CARTESIAN_POINT('',(1.05,-1.63,1.2));
#299 = VECTOR('',#300,1.);
#300 = DIRECTION('',(-1.,0.,0.));
#301 = ORIENTED_EDGE('',*,*,#302,.F.);
#302 = EDGE_CURVE('',#303,#295,#305,.T.);
#303 = VERTEX_POINT('',#304);
#304 = CARTESIAN_POINT('',(7.E-02,-1.63,1.2));
#305 = LINE('',#306,#307);
#306 = CARTESIAN_POINT('',(1.05,-1.63,1.2));
#307 = VECTOR('',#308,1.);
#308 = DIRECTION('',(-1.,0.,0.));
#309 = ORIENTED_EDGE('',*,*,#310,.F.);
#310 = EDGE_CURVE('',#311,#303,#313,.T.);
#311 = VERTEX_POINT('',#312);
#312 = CARTESIAN_POINT('',(1.25,-1.63,1.2));
#313 = LINE('',#314,#315);
#314 = CARTESIAN_POINT('',(1.05,-1.63,1.2));
#315 = VECTOR('',#316,1.);
#316 = DIRECTION('',(-1.,0.,0.));
#317 = ORIENTED_EDGE('',*,*,#318,.F.);
#318 = EDGE_CURVE('',#261,#311,#319,.T.);
#319 = LINE('',#320,#321);
#320 = CARTESIAN_POINT('',(1.25,-1.63,0.4));
#321 = VECTOR('',#322,1.);
#322 = DIRECTION('',(0.,0.,1.));
#323 = PLANE('',#324);
#324 = AXIS2_PLACEMENT_3D('',#325,#326,#327);
#325 = CARTESIAN_POINT('',(3.35,-1.63,0.));
#326 = DIRECTION('',(0.,-1.,0.));
#327 = DIRECTION('',(-1.,0.,0.));
#328 = ADVANCED_FACE('',(#329),#388,.T.);
#329 = FACE_BOUND('',#330,.T.);
#330 = EDGE_LOOP('',(#331,#341,#349,#357,#365,#371,#372,#373,#374,#382)
  );
#331 = ORIENTED_EDGE('',*,*,#332,.T.);
#332 = EDGE_CURVE('',#333,#335,#337,.T.);
#333 = VERTEX_POINT('',#334);
#334 = CARTESIAN_POINT('',(3.35,0.57,0.15));
#335 = VERTEX_POINT('',#336);
#336 = CARTESIAN_POINT('',(3.35,0.97,0.15));
#337 = LINE('',#338,#339);
#338 = CARTESIAN_POINT('',(3.35,0.57,0.15));
#339 = VECTOR('',#340,1.);
#340 = DIRECTION('',(0.,1.,0.));
#341 = ORIENTED_EDGE('',*,*,#342,.T.);
#342 = EDGE_CURVE('',#335,#343,#345,.T.);
#343 = VERTEX_POINT('',#344);
#344 = CARTESIAN_POINT('',(3.35,0.97,0.4));
#345 = LINE('',#346,#347);
#346 = CARTESIAN_POINT('',(3.35,0.97,0.));
#347 = VECTOR('',#348,1.);
#348 = DIRECTION('',(0.,0.,1.));
#349 = ORIENTED_EDGE('',*,*,#350,.T.);
#350 = EDGE_CURVE('',#343,#351,#353,.T.);
#351 = VERTEX_POINT('',#352);
#352 = CARTESIAN_POINT('',(3.35,0.68,0.4));
#353 = LINE('',#354,#355);
#354 = CARTESIAN_POINT('',(3.35,0.97,0.4));
#355 = VECTOR('',#356,1.);
#356 = DIRECTION('',(0.,-1.,0.));
#357 = ORIENTED_EDGE('',*,*,#358,.T.);
#358 = EDGE_CURVE('',#351,#359,#361,.T.);
#359 = VERTEX_POINT('',#360);
#360 = CARTESIAN_POINT('',(3.35,-1.34,0.4));
#361 = LINE('',#362,#363);
#362 = CARTESIAN_POINT('',(3.35,0.97,0.4));
#363 = VECTOR('',#364,1.);
#364 = DIRECTION('',(0.,-1.,0.));
#365 = ORIENTED_EDGE('',*,*,#366,.T.);
#366 = EDGE_CURVE('',#359,#197,#367,.T.);
#367 = LINE('',#368,#369);
#368 = CARTESIAN_POINT('',(3.35,0.97,0.4));
#369 = VECTOR('',#370,1.);
#370 = DIRECTION('',(0.,-1.,0.));
#371 = ORIENTED_EDGE('',*,*,#196,.F.);
#372 = ORIENTED_EDGE('',*,*,#122,.T.);
#373 = ORIENTED_EDGE('',*,*,#154,.F.);
#374 = ORIENTED_EDGE('',*,*,#375,.F.);
#375 = EDGE_CURVE('',#376,#147,#378,.T.);
#376 = VERTEX_POINT('',#377);
#377 = CARTESIAN_POINT('',(3.35,0.57,0.));
#378 = LINE('',#379,#380);
#379 = CARTESIAN_POINT('',(3.35,0.97,0.));
#380 = VECTOR('',#381,1.);
#381 = DIRECTION('',(0.,-1.,0.));
#382 = ORIENTED_EDGE('',*,*,#383,.T.);
#383 = EDGE_CURVE('',#376,#333,#384,.T.);
#384 = LINE('',#385,#386);
#385 = CARTESIAN_POINT('',(3.35,0.57,0.));
#386 = VECTOR('',#387,1.);
#387 = DIRECTION('',(0.,0.,1.));
#388 = PLANE('',#389);
#389 = AXIS2_PLACEMENT_3D('',#390,#391,#392);
#390 = CARTESIAN_POINT('',(3.35,0.97,0.));
#391 = DIRECTION('',(1.,0.,0.));
#392 = DIRECTION('',(0.,-1.,0.));
#393 = ADVANCED_FACE('',(#394,#533,#544),#555,.T.);
#394 = FACE_BOUND('',#395,.T.);
#395 = EDGE_LOOP('',(#396,#406,#414,#422,#430,#438,#446,#454,#462,#470,
    #478,#486,#494,#502,#508,#509,#510,#511,#519,#527));
#396 = ORIENTED_EDGE('',*,*,#397,.T.);
#397 = EDGE_CURVE('',#398,#400,#402,.T.);
#398 = VERTEX_POINT('',#399);
#399 = CARTESIAN_POINT('',(-3.35,0.97,0.));
#400 = VERTEX_POINT('',#401);
#401 = CARTESIAN_POINT('',(-2.65,0.97,0.));
#402 = LINE('',#403,#404);
#403 = CARTESIAN_POINT('',(-3.35,0.97,0.));
#404 = VECTOR('',#405,1.);
#405 = DIRECTION('',(1.,0.,0.));
#406 = ORIENTED_EDGE('',*,*,#407,.F.);
#407 = EDGE_CURVE('',#408,#400,#410,.T.);
#408 = VERTEX_POINT('',#409);
#409 = CARTESIAN_POINT('',(-2.65,0.58,0.));
#410 = LINE('',#411,#412);
#411 = CARTESIAN_POINT('',(-2.65,0.58,0.));
#412 = VECTOR('',#413,1.);
#413 = DIRECTION('',(0.,1.,0.));
#414 = ORIENTED_EDGE('',*,*,#415,.T.);
#415 = EDGE_CURVE('',#408,#416,#418,.T.);
#416 = VERTEX_POINT('',#417);
#417 = CARTESIAN_POINT('',(-1.85,0.58,0.));
#418 = LINE('',#419,#420);
#419 = CARTESIAN_POINT('',(-2.65,0.58,0.));
#420 = VECTOR('',#421,1.);
#421 = DIRECTION('',(1.,0.,0.));
#422 = ORIENTED_EDGE('',*,*,#423,.T.);
#423 = EDGE_CURVE('',#416,#424,#426,.T.);
#424 = VERTEX_POINT('',#425);
#425 = CARTESIAN_POINT('',(-1.85,0.97,0.));
#426 = LINE('',#427,#428);
#427 = CARTESIAN_POINT('',(-1.85,0.58,0.));
#428 = VECTOR('',#429,1.);
#429 = DIRECTION('',(0.,1.,0.));
#430 = ORIENTED_EDGE('',*,*,#431,.T.);
#431 = EDGE_CURVE('',#424,#432,#434,.T.);
#432 = VERTEX_POINT('',#433);
#433 = CARTESIAN_POINT('',(0.35,0.97,0.));
#434 = LINE('',#435,#436);
#435 = CARTESIAN_POINT('',(-3.35,0.97,0.));
#436 = VECTOR('',#437,1.);
#437 = DIRECTION('',(1.,0.,0.));
#438 = ORIENTED_EDGE('',*,*,#439,.F.);
#439 = EDGE_CURVE('',#440,#432,#442,.T.);
#440 = VERTEX_POINT('',#441);
#441 = CARTESIAN_POINT('',(0.35,0.58,0.));
#442 = LINE('',#443,#444);
#443 = CARTESIAN_POINT('',(0.35,0.58,0.));
#444 = VECTOR('',#445,1.);
#445 = DIRECTION('',(0.,1.,0.));
#446 = ORIENTED_EDGE('',*,*,#447,.T.);
#447 = EDGE_CURVE('',#440,#448,#450,.T.);
#448 = VERTEX_POINT('',#449);
#449 = CARTESIAN_POINT('',(1.15,0.58,0.));
#450 = LINE('',#451,#452);
#451 = CARTESIAN_POINT('',(0.35,0.58,0.));
#452 = VECTOR('',#453,1.);
#453 = DIRECTION('',(1.,0.,0.));
#454 = ORIENTED_EDGE('',*,*,#455,.T.);
#455 = EDGE_CURVE('',#448,#456,#458,.T.);
#456 = VERTEX_POINT('',#457);
#457 = CARTESIAN_POINT('',(1.15,0.97,0.));
#458 = LINE('',#459,#460);
#459 = CARTESIAN_POINT('',(1.15,0.58,0.));
#460 = VECTOR('',#461,1.);
#461 = DIRECTION('',(0.,1.,0.));
#462 = ORIENTED_EDGE('',*,*,#463,.T.);
#463 = EDGE_CURVE('',#456,#464,#466,.T.);
#464 = VERTEX_POINT('',#465);
#465 = CARTESIAN_POINT('',(1.85,0.97,0.));
#466 = LINE('',#467,#468);
#467 = CARTESIAN_POINT('',(-3.35,0.97,0.));
#468 = VECTOR('',#469,1.);
#469 = DIRECTION('',(1.,0.,0.));
#470 = ORIENTED_EDGE('',*,*,#471,.F.);
#471 = EDGE_CURVE('',#472,#464,#474,.T.);
#472 = VERTEX_POINT('',#473);
#473 = CARTESIAN_POINT('',(1.85,0.58,0.));
#474 = LINE('',#475,#476);
#475 = CARTESIAN_POINT('',(1.85,0.58,0.));
#476 = VECTOR('',#477,1.);
#477 = DIRECTION('',(0.,1.,0.));
#478 = ORIENTED_EDGE('',*,*,#479,.T.);
#479 = EDGE_CURVE('',#472,#480,#482,.T.);
#480 = VERTEX_POINT('',#481);
#481 = CARTESIAN_POINT('',(2.65,0.58,0.));
#482 = LINE('',#483,#484);
#483 = CARTESIAN_POINT('',(1.85,0.58,0.));
#484 = VECTOR('',#485,1.);
#485 = DIRECTION('',(1.,0.,0.));
#486 = ORIENTED_EDGE('',*,*,#487,.T.);
#487 = EDGE_CURVE('',#480,#488,#490,.T.);
#488 = VERTEX_POINT('',#489);
#489 = CARTESIAN_POINT('',(2.65,0.97,0.));
#490 = LINE('',#491,#492);
#491 = CARTESIAN_POINT('',(2.65,0.58,0.));
#492 = VECTOR('',#493,1.);
#493 = DIRECTION('',(0.,1.,0.));
#494 = ORIENTED_EDGE('',*,*,#495,.T.);
#495 = EDGE_CURVE('',#488,#496,#498,.T.);
#496 = VERTEX_POINT('',#497);
#497 = CARTESIAN_POINT('',(3.35,0.97,0.));
#498 = LINE('',#499,#500);
#499 = CARTESIAN_POINT('',(-3.35,0.97,0.));
#500 = VECTOR('',#501,1.);
#501 = DIRECTION('',(1.,0.,0.));
#502 = ORIENTED_EDGE('',*,*,#503,.T.);
#503 = EDGE_CURVE('',#496,#376,#504,.T.);
#504 = LINE('',#505,#506);
#505 = CARTESIAN_POINT('',(3.35,0.97,0.));
#506 = VECTOR('',#507,1.);
#507 = DIRECTION('',(0.,-1.,0.));
#508 = ORIENTED_EDGE('',*,*,#375,.T.);
#509 = ORIENTED_EDGE('',*,*,#170,.T.);
#510 = ORIENTED_EDGE('',*,*,#187,.T.);
#511 = ORIENTED_EDGE('',*,*,#512,.T.);
#512 = EDGE_CURVE('',#188,#513,#515,.T.);
#513 = VERTEX_POINT('',#514);
#514 = CARTESIAN_POINT('',(-3.35,-1.23,0.));
#515 = LINE('',#516,#517);
#516 = CARTESIAN_POINT('',(-3.35,-1.63,0.));
#517 = VECTOR('',#518,1.);
#518 = DIRECTION('',(0.,1.,0.));
#519 = ORIENTED_EDGE('',*,*,#520,.T.);
#520 = EDGE_CURVE('',#513,#521,#523,.T.);
#521 = VERTEX_POINT('',#522);
#522 = CARTESIAN_POINT('',(-3.35,0.57,0.));
#523 = LINE('',#524,#525);
#524 = CARTESIAN_POINT('',(-3.35,-1.63,0.));
#525 = VECTOR('',#526,1.);
#526 = DIRECTION('',(0.,1.,0.));
#527 = ORIENTED_EDGE('',*,*,#528,.T.);
#528 = EDGE_CURVE('',#521,#398,#529,.T.);
#529 = LINE('',#530,#531);
#530 = CARTESIAN_POINT('',(-3.35,-1.63,0.));
#531 = VECTOR('',#532,1.);
#532 = DIRECTION('',(0.,1.,0.));
#533 = FACE_BOUND('',#534,.T.);
#534 = EDGE_LOOP('',(#535));
#535 = ORIENTED_EDGE('',*,*,#536,.T.);
#536 = EDGE_CURVE('',#537,#537,#539,.T.);
#537 = VERTEX_POINT('',#538);
#538 = CARTESIAN_POINT('',(1.9,-0.33,0.));
#539 = CIRCLE('',#540,0.4);
#540 = AXIS2_PLACEMENT_3D('',#541,#542,#543);
#541 = CARTESIAN_POINT('',(1.5,-0.33,0.));
#542 = DIRECTION('',(0.,0.,1.));
#543 = DIRECTION('',(1.,0.,-0.));
#544 = FACE_BOUND('',#545,.T.);
#545 = EDGE_LOOP('',(#546));
#546 = ORIENTED_EDGE('',*,*,#547,.T.);
#547 = EDGE_CURVE('',#548,#548,#550,.T.);
#548 = VERTEX_POINT('',#549);
#549 = CARTESIAN_POINT('',(-1.1,-0.33,0.));
#550 = CIRCLE('',#551,0.4);
#551 = AXIS2_PLACEMENT_3D('',#552,#553,#554);
#552 = CARTESIAN_POINT('',(-1.5,-0.33,0.));
#553 = DIRECTION('',(0.,0.,1.));
#554 = DIRECTION('',(1.,0.,-0.));
#555 = PLANE('',#556);
#556 = AXIS2_PLACEMENT_3D('',#557,#558,#559);
#557 = CARTESIAN_POINT('',(0.,-0.33,0.));
#558 = DIRECTION('',(-0.,-0.,-1.));
#559 = DIRECTION('',(-1.,0.,0.));
#560 = ADVANCED_FACE('',(#561),#586,.F.);
#561 = FACE_BOUND('',#562,.F.);
#562 = EDGE_LOOP('',(#563,#571,#579,#585));
#563 = ORIENTED_EDGE('',*,*,#564,.F.);
#564 = EDGE_CURVE('',#565,#188,#567,.T.);
#565 = VERTEX_POINT('',#566);
#566 = CARTESIAN_POINT('',(-3.85,-1.63,0.));
#567 = LINE('',#568,#569);
#568 = CARTESIAN_POINT('',(-3.85,-1.63,0.));
#569 = VECTOR('',#570,1.);
#570 = DIRECTION('',(1.,0.,0.));
#571 = ORIENTED_EDGE('',*,*,#572,.T.);
#572 = EDGE_CURVE('',#565,#573,#575,.T.);
#573 = VERTEX_POINT('',#574);
#574 = CARTESIAN_POINT('',(-3.85,-1.63,0.15));
#575 = LINE('',#576,#577);
#576 = CARTESIAN_POINT('',(-3.85,-1.63,0.));
#577 = VECTOR('',#578,1.);
#578 = DIRECTION('',(0.,0.,1.));
#579 = ORIENTED_EDGE('',*,*,#580,.T.);
#580 = EDGE_CURVE('',#573,#245,#581,.T.);
#581 = LINE('',#582,#583);
#582 = CARTESIAN_POINT('',(-3.85,-1.63,0.15));
#583 = VECTOR('',#584,1.);
#584 = DIRECTION('',(1.,0.,0.));
#585 = ORIENTED_EDGE('',*,*,#252,.F.);
#586 = PLANE('',#587);
#587 = AXIS2_PLACEMENT_3D('',#588,#589,#590);
#588 = CARTESIAN_POINT('',(-3.85,-1.63,0.));
#589 = DIRECTION('',(0.,1.,0.));
#590 = DIRECTION('',(0.,-0.,1.));
#591 = ADVANCED_FACE('',(#592),#656,.T.);
#592 = FACE_BOUND('',#593,.T.);
#593 = EDGE_LOOP('',(#594,#602,#603,#611,#619,#627,#635,#643,#649,#650)
  );
#594 = ORIENTED_EDGE('',*,*,#595,.F.);
#595 = EDGE_CURVE('',#245,#596,#598,.T.);
#596 = VERTEX_POINT('',#597);
#597 = CARTESIAN_POINT('',(-3.35,-1.23,0.15));
#598 = LINE('',#599,#600);
#599 = CARTESIAN_POINT('',(-3.35,-1.63,0.15));
#600 = VECTOR('',#601,1.);
#601 = DIRECTION('',(0.,1.,0.));
#602 = ORIENTED_EDGE('',*,*,#244,.T.);
#603 = ORIENTED_EDGE('',*,*,#604,.T.);
#604 = EDGE_CURVE('',#237,#605,#607,.T.);
#605 = VERTEX_POINT('',#606);
#606 = CARTESIAN_POINT('',(-3.35,-1.34,0.4));
#607 = LINE('',#608,#609);
#608 = CARTESIAN_POINT('',(-3.35,-1.63,0.4));
#609 = VECTOR('',#610,1.);
#610 = DIRECTION('',(0.,1.,0.));
#611 = ORIENTED_EDGE('',*,*,#612,.T.);
#612 = EDGE_CURVE('',#605,#613,#615,.T.);
#613 = VERTEX_POINT('',#614);
#614 = CARTESIAN_POINT('',(-3.35,0.68,0.4));
#615 = LINE('',#616,#617);
#616 = CARTESIAN_POINT('',(-3.35,-1.63,0.4));
#617 = VECTOR('',#618,1.);
#618 = DIRECTION('',(0.,1.,0.));
#619 = ORIENTED_EDGE('',*,*,#620,.T.);
#620 = EDGE_CURVE('',#613,#621,#623,.T.);
#621 = VERTEX_POINT('',#622);
#622 = CARTESIAN_POINT('',(-3.35,0.97,0.4));
#623 = LINE('',#624,#625);
#624 = CARTESIAN_POINT('',(-3.35,-1.63,0.4));
#625 = VECTOR('',#626,1.);
#626 = DIRECTION('',(0.,1.,0.));
#627 = ORIENTED_EDGE('',*,*,#628,.F.);
#628 = EDGE_CURVE('',#629,#621,#631,.T.);
#629 = VERTEX_POINT('',#630);
#630 = CARTESIAN_POINT('',(-3.35,0.97,0.15));
#631 = LINE('',#632,#633);
#632 = CARTESIAN_POINT('',(-3.35,0.97,0.));
#633 = VECTOR('',#634,1.);
#634 = DIRECTION('',(0.,0.,1.));
#635 = ORIENTED_EDGE('',*,*,#636,.F.);
#636 = EDGE_CURVE('',#637,#629,#639,.T.);
#637 = VERTEX_POINT('',#638);
#638 = CARTESIAN_POINT('',(-3.35,0.57,0.15));
#639 = LINE('',#640,#641);
#640 = CARTESIAN_POINT('',(-3.35,0.57,0.15));
#641 = VECTOR('',#642,1.);
#642 = DIRECTION('',(0.,1.,0.));
#643 = ORIENTED_EDGE('',*,*,#644,.F.);
#644 = EDGE_CURVE('',#521,#637,#645,.T.);
#645 = LINE('',#646,#647);
#646 = CARTESIAN_POINT('',(-3.35,0.57,0.));
#647 = VECTOR('',#648,1.);
#648 = DIRECTION('',(0.,0.,1.));
#649 = ORIENTED_EDGE('',*,*,#520,.F.);
#650 = ORIENTED_EDGE('',*,*,#651,.T.);
#651 = EDGE_CURVE('',#513,#596,#652,.T.);
#652 = LINE('',#653,#654);
#653 = CARTESIAN_POINT('',(-3.35,-1.23,0.));
#654 = VECTOR('',#655,1.);
#655 = DIRECTION('',(0.,0.,1.));
#656 = PLANE('',#657);
#657 = AXIS2_PLACEMENT_3D('',#658,#659,#660);
#658 = CARTESIAN_POINT('',(-3.35,-1.63,0.));
#659 = DIRECTION('',(-1.,0.,0.));
#660 = DIRECTION('',(0.,1.,0.));
#661 = ADVANCED_FACE('',(#662),#687,.F.);
#662 = FACE_BOUND('',#663,.F.);
#663 = EDGE_LOOP('',(#664,#672,#673,#681));
#664 = ORIENTED_EDGE('',*,*,#665,.F.);
#665 = EDGE_CURVE('',#229,#666,#668,.T.);
#666 = VERTEX_POINT('',#667);
#667 = CARTESIAN_POINT('',(-2.85,-1.64,0.4));
#668 = LINE('',#669,#670);
#669 = CARTESIAN_POINT('',(-2.85,-1.34,0.4));
#670 = VECTOR('',#671,1.);
#671 = DIRECTION('',(0.,-1.,0.));
#672 = ORIENTED_EDGE('',*,*,#236,.F.);
#673 = ORIENTED_EDGE('',*,*,#674,.T.);
#674 = EDGE_CURVE('',#237,#675,#677,.T.);
#675 = VERTEX_POINT('',#676);
#676 = CARTESIAN_POINT('',(-3.35,-1.64,0.4));
#677 = LINE('',#678,#679);
#678 = CARTESIAN_POINT('',(-3.35,-1.34,0.4));
#679 = VECTOR('',#680,1.);
#680 = DIRECTION('',(0.,-1.,0.));
#681 = ORIENTED_EDGE('',*,*,#682,.F.);
#682 = EDGE_CURVE('',#666,#675,#683,.T.);
#683 = LINE('',#684,#685);
#684 = CARTESIAN_POINT('',(-2.85,-1.64,0.4));
#685 = VECTOR('',#686,1.);
#686 = DIRECTION('',(-1.,0.,0.));
#687 = PLANE('',#688);
#688 = AXIS2_PLACEMENT_3D('',#689,#690,#691);
#689 = CARTESIAN_POINT('',(-2.85,-1.34,0.4));
#690 = DIRECTION('',(0.,0.,1.));
#691 = DIRECTION('',(-1.,0.,0.));
#692 = ADVANCED_FACE('',(#693),#727,.F.);
#693 = FACE_BOUND('',#694,.F.);
#694 = EDGE_LOOP('',(#695,#705,#711,#712,#713,#721));
#695 = ORIENTED_EDGE('',*,*,#696,.F.);
#696 = EDGE_CURVE('',#697,#699,#701,.T.);
#697 = VERTEX_POINT('',#698);
#698 = CARTESIAN_POINT('',(-2.85,-1.34,1.4));
#699 = VERTEX_POINT('',#700);
#700 = CARTESIAN_POINT('',(-2.85,-1.34,1.5));
#701 = LINE('',#702,#703);
#702 = CARTESIAN_POINT('',(-2.85,-1.34,0.4));
#703 = VECTOR('',#704,1.);
#704 = DIRECTION('',(0.,0.,1.));
#705 = ORIENTED_EDGE('',*,*,#706,.T.);
#706 = EDGE_CURVE('',#697,#221,#707,.T.);
#707 = LINE('',#708,#709);
#708 = CARTESIAN_POINT('',(-2.85,-0.835,1.4));
#709 = VECTOR('',#710,1.);
#710 = DIRECTION('',(0.,-1.,0.));
#711 = ORIENTED_EDGE('',*,*,#228,.F.);
#712 = ORIENTED_EDGE('',*,*,#665,.T.);
#713 = ORIENTED_EDGE('',*,*,#714,.T.);
#714 = EDGE_CURVE('',#666,#715,#717,.T.);
#715 = VERTEX_POINT('',#716);
#716 = CARTESIAN_POINT('',(-2.85,-1.64,1.5));
#717 = LINE('',#718,#719);
#718 = CARTESIAN_POINT('',(-2.85,-1.64,0.4));
#719 = VECTOR('',#720,1.);
#720 = DIRECTION('',(0.,0.,1.));
#721 = ORIENTED_EDGE('',*,*,#722,.F.);
#722 = EDGE_CURVE('',#699,#715,#723,.T.);
#723 = LINE('',#724,#725);
#724 = CARTESIAN_POINT('',(-2.85,-1.34,1.5));
#725 = VECTOR('',#726,1.);
#726 = DIRECTION('',(0.,-1.,0.));
#727 = PLANE('',#728);
#728 = AXIS2_PLACEMENT_3D('',#729,#730,#731);
#729 = CARTESIAN_POINT('',(-2.85,-1.34,0.4));
#730 = DIRECTION('',(-1.,0.,0.));
#731 = DIRECTION('',(0.,0.,1.));
#732 = ADVANCED_FACE('',(#733,#815,#849),#883,.F.);
#733 = FACE_BOUND('',#734,.F.);
#734 = EDGE_LOOP('',(#735,#745,#753,#761,#769,#777,#785,#791,#792,#793,
    #801,#809));
#735 = ORIENTED_EDGE('',*,*,#736,.F.);
#736 = EDGE_CURVE('',#737,#739,#741,.T.);
#737 = VERTEX_POINT('',#738);
#738 = CARTESIAN_POINT('',(-2.85,0.97,1.4));
#739 = VERTEX_POINT('',#740);
#740 = CARTESIAN_POINT('',(-2.85,0.68,1.4));
#741 = LINE('',#742,#743);
#742 = CARTESIAN_POINT('',(-2.85,0.325,1.4));
#743 = VECTOR('',#744,1.);
#744 = DIRECTION('',(0.,-1.,0.));
#745 = ORIENTED_EDGE('',*,*,#746,.T.);
#746 = EDGE_CURVE('',#737,#747,#749,.T.);
#747 = VERTEX_POINT('',#748);
#748 = CARTESIAN_POINT('',(2.85,0.97,1.4));
#749 = LINE('',#750,#751);
#750 = CARTESIAN_POINT('',(-3.35,0.97,1.4));
#751 = VECTOR('',#752,1.);
#752 = DIRECTION('',(1.,0.,0.));
#753 = ORIENTED_EDGE('',*,*,#754,.F.);
#754 = EDGE_CURVE('',#755,#747,#757,.T.);
#755 = VERTEX_POINT('',#756);
#756 = CARTESIAN_POINT('',(2.85,0.68,1.4));
#757 = LINE('',#758,#759);
#758 = CARTESIAN_POINT('',(2.85,0.175,1.4));
#759 = VECTOR('',#760,1.);
#760 = DIRECTION('',(0.,1.,0.));
#761 = ORIENTED_EDGE('',*,*,#762,.F.);
#762 = EDGE_CURVE('',#763,#755,#765,.T.);
#763 = VERTEX_POINT('',#764);
#764 = CARTESIAN_POINT('',(3.05,0.68,1.4));
#765 = LINE('',#766,#767);
#766 = CARTESIAN_POINT('',(1.425,0.68,1.4));
#767 = VECTOR('',#768,1.);
#768 = DIRECTION('',(-1.,0.,0.));
#769 = ORIENTED_EDGE('',*,*,#770,.T.);
#770 = EDGE_CURVE('',#763,#771,#773,.T.);
#771 = VERTEX_POINT('',#772);
#772 = CARTESIAN_POINT('',(3.05,-1.34,1.4));
#773 = LINE('',#774,#775);
#774 = CARTESIAN_POINT('',(3.05,0.97,1.4));
#775 = VECTOR('',#776,1.);
#776 = DIRECTION('',(0.,-1.,0.));
#777 = ORIENTED_EDGE('',*,*,#778,.T.);
#778 = EDGE_CURVE('',#771,#779,#781,.T.);
#779 = VERTEX_POINT('',#780);
#780 = CARTESIAN_POINT('',(2.85,-1.34,1.4));
#781 = LINE('',#782,#783);
#782 = CARTESIAN_POINT('',(1.425,-1.34,1.4));
#783 = VECTOR('',#784,1.);
#784 = DIRECTION('',(-1.,0.,0.));
#785 = ORIENTED_EDGE('',*,*,#786,.F.);
#786 = EDGE_CURVE('',#213,#779,#787,.T.);
#787 = LINE('',#788,#789);
#788 = CARTESIAN_POINT('',(2.85,-0.985,1.4));
#789 = VECTOR('',#790,1.);
#790 = DIRECTION('',(0.,1.,0.));
#791 = ORIENTED_EDGE('',*,*,#220,.T.);
#792 = ORIENTED_EDGE('',*,*,#706,.F.);
#793 = ORIENTED_EDGE('',*,*,#794,.F.);
#794 = EDGE_CURVE('',#795,#697,#797,.T.);
#795 = VERTEX_POINT('',#796);
#796 = CARTESIAN_POINT('',(-3.05,-1.34,1.4));
#797 = LINE('',#798,#799);
#798 = CARTESIAN_POINT('',(-1.425,-1.34,1.4));
#799 = VECTOR('',#800,1.);
#800 = DIRECTION('',(1.,0.,0.));
#801 = ORIENTED_EDGE('',*,*,#802,.T.);
#802 = EDGE_CURVE('',#795,#803,#805,.T.);
#803 = VERTEX_POINT('',#804);
#804 = CARTESIAN_POINT('',(-3.05,0.68,1.4));
#805 = LINE('',#806,#807);
#806 = CARTESIAN_POINT('',(-3.05,-1.63,1.4));
#807 = VECTOR('',#808,1.);
#808 = DIRECTION('',(0.,1.,0.));
#809 = ORIENTED_EDGE('',*,*,#810,.T.);
#810 = EDGE_CURVE('',#803,#739,#811,.T.);
#811 = LINE('',#812,#813);
#812 = CARTESIAN_POINT('',(-1.425,0.68,1.4));
#813 = VECTOR('',#814,1.);
#814 = DIRECTION('',(1.,0.,0.));
#815 = FACE_BOUND('',#816,.F.);
#816 = EDGE_LOOP('',(#817,#827,#835,#843));
#817 = ORIENTED_EDGE('',*,*,#818,.F.);
#818 = EDGE_CURVE('',#819,#821,#823,.T.);
#819 = VERTEX_POINT('',#820);
#820 = CARTESIAN_POINT('',(-2.45,-0.8,1.4));
#821 = VERTEX_POINT('',#822);
#822 = CARTESIAN_POINT('',(2.45,-0.8,1.4));
#823 = LINE('',#824,#825);
#824 = CARTESIAN_POINT('',(-1.225,-0.8,1.4));
#825 = VECTOR('',#826,1.);
#826 = DIRECTION('',(1.,0.,0.));
#827 = ORIENTED_EDGE('',*,*,#828,.T.);
#828 = EDGE_CURVE('',#819,#829,#831,.T.);
#829 = VERTEX_POINT('',#830);
#830 = CARTESIAN_POINT('',(-2.45,-1.33,1.4));
#831 = LINE('',#832,#833);
#832 = CARTESIAN_POINT('',(-2.45,-0.83,1.4));
#833 = VECTOR('',#834,1.);
#834 = DIRECTION('',(0.,-1.,0.));
#835 = ORIENTED_EDGE('',*,*,#836,.T.);
#836 = EDGE_CURVE('',#829,#837,#839,.T.);
#837 = VERTEX_POINT('',#838);
#838 = CARTESIAN_POINT('',(2.45,-1.33,1.4));
#839 = LINE('',#840,#841);
#840 = CARTESIAN_POINT('',(-1.225,-1.33,1.4));
#841 = VECTOR('',#842,1.);
#842 = DIRECTION('',(1.,0.,0.));
#843 = ORIENTED_EDGE('',*,*,#844,.F.);
#844 = EDGE_CURVE('',#821,#837,#845,.T.);
#845 = LINE('',#846,#847);
#846 = CARTESIAN_POINT('',(2.45,-0.83,1.4));
#847 = VECTOR('',#848,1.);
#848 = DIRECTION('',(0.,-1.,0.));
#849 = FACE_BOUND('',#850,.F.);
#850 = EDGE_LOOP('',(#851,#861,#869,#877));
#851 = ORIENTED_EDGE('',*,*,#852,.F.);
#852 = EDGE_CURVE('',#853,#855,#857,.T.);
#853 = VERTEX_POINT('',#854);
#854 = CARTESIAN_POINT('',(2.45,0.65,1.4));
#855 = VERTEX_POINT('',#856);
#856 = CARTESIAN_POINT('',(2.45,0.12,1.4));
#857 = LINE('',#858,#859);
#858 = CARTESIAN_POINT('',(2.45,-0.105,1.4));
#859 = VECTOR('',#860,1.);
#860 = DIRECTION('',(0.,-1.,0.));
#861 = ORIENTED_EDGE('',*,*,#862,.F.);
#862 = EDGE_CURVE('',#863,#853,#865,.T.);
#863 = VERTEX_POINT('',#864);
#864 = CARTESIAN_POINT('',(-2.45,0.65,1.4));
#865 = LINE('',#866,#867);
#866 = CARTESIAN_POINT('',(-1.225,0.65,1.4));
#867 = VECTOR('',#868,1.);
#868 = DIRECTION('',(1.,0.,0.));
#869 = ORIENTED_EDGE('',*,*,#870,.T.);
#870 = EDGE_CURVE('',#863,#871,#873,.T.);
#871 = VERTEX_POINT('',#872);
#872 = CARTESIAN_POINT('',(-2.45,0.12,1.4));
#873 = LINE('',#874,#875);
#874 = CARTESIAN_POINT('',(-2.45,-0.105,1.4));
#875 = VECTOR('',#876,1.);
#876 = DIRECTION('',(0.,-1.,0.));
#877 = ORIENTED_EDGE('',*,*,#878,.T.);
#878 = EDGE_CURVE('',#871,#855,#879,.T.);
#879 = LINE('',#880,#881);
#880 = CARTESIAN_POINT('',(-1.225,0.12,1.4));
#881 = VECTOR('',#882,1.);
#882 = DIRECTION('',(1.,0.,0.));
#883 = PLANE('',#884);
#884 = AXIS2_PLACEMENT_3D('',#885,#886,#887);
#885 = CARTESIAN_POINT('',(0.,-0.33,1.4));
#886 = DIRECTION('',(-0.,-0.,-1.));
#887 = DIRECTION('',(-1.,0.,0.));
#888 = ADVANCED_FACE('',(#889),#923,.F.);
#889 = FACE_BOUND('',#890,.F.);
#890 = EDGE_LOOP('',(#891,#901,#909,#915,#916,#917));
#891 = ORIENTED_EDGE('',*,*,#892,.F.);
#892 = EDGE_CURVE('',#893,#895,#897,.T.);
#893 = VERTEX_POINT('',#894);
#894 = CARTESIAN_POINT('',(2.85,-1.64,1.5));
#895 = VERTEX_POINT('',#896);
#896 = CARTESIAN_POINT('',(2.85,-1.34,1.5));
#897 = LINE('',#898,#899);
#898 = CARTESIAN_POINT('',(2.85,-1.64,1.5));
#899 = VECTOR('',#900,1.);
#900 = DIRECTION('',(0.,1.,0.));
#901 = ORIENTED_EDGE('',*,*,#902,.F.);
#902 = EDGE_CURVE('',#903,#893,#905,.T.);
#903 = VERTEX_POINT('',#904);
#904 = CARTESIAN_POINT('',(2.85,-1.64,0.4));
#905 = LINE('',#906,#907);
#906 = CARTESIAN_POINT('',(2.85,-1.64,0.4));
#907 = VECTOR('',#908,1.);
#908 = DIRECTION('',(0.,0.,1.));
#909 = ORIENTED_EDGE('',*,*,#910,.T.);
#910 = EDGE_CURVE('',#903,#205,#911,.T.);
#911 = LINE('',#912,#913);
#912 = CARTESIAN_POINT('',(2.85,-1.64,0.4));
#913 = VECTOR('',#914,1.);
#914 = DIRECTION('',(0.,1.,0.));
#915 = ORIENTED_EDGE('',*,*,#212,.F.);
#916 = ORIENTED_EDGE('',*,*,#786,.T.);
#917 = ORIENTED_EDGE('',*,*,#918,.T.);
#918 = EDGE_CURVE('',#779,#895,#919,.T.);
#919 = LINE('',#920,#921);
#920 = CARTESIAN_POINT('',(2.85,-1.34,0.4));
#921 = VECTOR('',#922,1.);
#922 = DIRECTION('',(0.,0.,1.));
#923 = PLANE('',#924);
#924 = AXIS2_PLACEMENT_3D('',#925,#926,#927);
#925 = CARTESIAN_POINT('',(2.85,-1.64,0.4));
#926 = DIRECTION('',(1.,0.,0.));
#927 = DIRECTION('',(0.,0.,1.));
#928 = ADVANCED_FACE('',(#929),#947,.F.);
#929 = FACE_BOUND('',#930,.F.);
#930 = EDGE_LOOP('',(#931,#932,#940,#946));
#931 = ORIENTED_EDGE('',*,*,#910,.F.);
#932 = ORIENTED_EDGE('',*,*,#933,.T.);
#933 = EDGE_CURVE('',#903,#934,#936,.T.);
#934 = VERTEX_POINT('',#935);
#935 = CARTESIAN_POINT('',(3.35,-1.64,0.4));
#936 = LINE('',#937,#938);
#937 = CARTESIAN_POINT('',(2.85,-1.64,0.4));
#938 = VECTOR('',#939,1.);
#939 = DIRECTION('',(1.,0.,0.));
#940 = ORIENTED_EDGE('',*,*,#941,.T.);
#941 = EDGE_CURVE('',#934,#197,#942,.T.);
#942 = LINE('',#943,#944);
#943 = CARTESIAN_POINT('',(3.35,-1.64,0.4));
#944 = VECTOR('',#945,1.);
#945 = DIRECTION('',(0.,1.,0.));
#946 = ORIENTED_EDGE('',*,*,#204,.F.);
#947 = PLANE('',#948);
#948 = AXIS2_PLACEMENT_3D('',#949,#950,#951);
#949 = CARTESIAN_POINT('',(2.85,-1.64,0.4));
#950 = DIRECTION('',(0.,0.,1.));
#951 = DIRECTION('',(1.,0.,-0.));
#952 = ADVANCED_FACE('',(#953),#1001,.T.);
#953 = FACE_BOUND('',#954,.T.);
#954 = EDGE_LOOP('',(#955,#963,#964,#972,#980,#986,#987,#995));
#955 = ORIENTED_EDGE('',*,*,#956,.F.);
#956 = EDGE_CURVE('',#279,#957,#959,.T.);
#957 = VERTEX_POINT('',#958);
#958 = CARTESIAN_POINT('',(-1.25,-0.33,0.8));
#959 = LINE('',#960,#961);
#960 = CARTESIAN_POINT('',(-1.25,-2.33,0.8));
#961 = VECTOR('',#962,1.);
#962 = DIRECTION('',(0.,1.,0.));
#963 = ORIENTED_EDGE('',*,*,#278,.F.);
#964 = ORIENTED_EDGE('',*,*,#965,.T.);
#965 = EDGE_CURVE('',#271,#966,#968,.T.);
#966 = VERTEX_POINT('',#967);
#967 = CARTESIAN_POINT('',(-1.23,-1.53,0.8));
#968 = LINE('',#969,#970);
#969 = CARTESIAN_POINT('',(-1.23,-1.93,0.8));
#970 = VECTOR('',#971,1.);
#971 = DIRECTION('',(0.,1.,0.));
#972 = ORIENTED_EDGE('',*,*,#973,.T.);
#973 = EDGE_CURVE('',#966,#974,#976,.T.);
#974 = VERTEX_POINT('',#975);
#975 = CARTESIAN_POINT('',(7.E-02,-1.53,0.8));
#976 = LINE('',#977,#978);
#977 = CARTESIAN_POINT('',(-1.23,-1.53,0.8));
#978 = VECTOR('',#979,1.);
#979 = DIRECTION('',(1.,0.,0.));
#980 = ORIENTED_EDGE('',*,*,#981,.F.);
#981 = EDGE_CURVE('',#263,#974,#982,.T.);
#982 = LINE('',#983,#984);
#983 = CARTESIAN_POINT('',(7.E-02,-1.93,0.8));
#984 = VECTOR('',#985,1.);
#985 = DIRECTION('',(0.,1.,0.));
#986 = ORIENTED_EDGE('',*,*,#260,.F.);
#987 = ORIENTED_EDGE('',*,*,#988,.T.);
#988 = EDGE_CURVE('',#261,#989,#991,.T.);
#989 = VERTEX_POINT('',#990);
#990 = CARTESIAN_POINT('',(1.25,-0.33,0.8));
#991 = LINE('',#992,#993);
#992 = CARTESIAN_POINT('',(1.25,-2.33,0.8));
#993 = VECTOR('',#994,1.);
#994 = DIRECTION('',(0.,1.,0.));
#995 = ORIENTED_EDGE('',*,*,#996,.F.);
#996 = EDGE_CURVE('',#957,#989,#997,.T.);
#997 = LINE('',#998,#999);
#998 = CARTESIAN_POINT('',(-1.25,-0.33,0.8));
#999 = VECTOR('',#1000,1.);
#1000 = DIRECTION('',(1.,0.,0.));
#1001 = PLANE('',#1002);
#1002 = AXIS2_PLACEMENT_3D('',#1003,#1004,#1005);
#1003 = CARTESIAN_POINT('',(-1.25,-2.33,0.8));
#1004 = DIRECTION('',(0.,0.,1.));
#1005 = DIRECTION('',(1.,0.,-0.));
#1006 = ADVANCED_FACE('',(#1007),#1025,.F.);
#1007 = FACE_BOUND('',#1008,.F.);
#1008 = EDGE_LOOP('',(#1009,#1017,#1018,#1019));
#1009 = ORIENTED_EDGE('',*,*,#1010,.F.);
#1010 = EDGE_CURVE('',#311,#1011,#1013,.T.);
#1011 = VERTEX_POINT('',#1012);
#1012 = CARTESIAN_POINT('',(1.25,-0.33,1.2));
#1013 = LINE('',#1014,#1015);
#1014 = CARTESIAN_POINT('',(1.25,-2.33,1.2));
#1015 = VECTOR('',#1016,1.);
#1016 = DIRECTION('',(0.,1.,0.));
#1017 = ORIENTED_EDGE('',*,*,#318,.F.);
#1018 = ORIENTED_EDGE('',*,*,#988,.T.);
#1019 = ORIENTED_EDGE('',*,*,#1020,.T.);
#1020 = EDGE_CURVE('',#989,#1011,#1021,.T.);
#1021 = LINE('',#1022,#1023);
#1022 = CARTESIAN_POINT('',(1.25,-0.33,0.8));
#1023 = VECTOR('',#1024,1.);
#1024 = DIRECTION('',(0.,0.,1.));
#1025 = PLANE('',#1026);
#1026 = AXIS2_PLACEMENT_3D('',#1027,#1028,#1029);
#1027 = CARTESIAN_POINT('',(1.25,-2.33,0.8));
#1028 = DIRECTION('',(1.,0.,0.));
#1029 = DIRECTION('',(0.,0.,1.));
#1030 = ADVANCED_FACE('',(#1031),#1056,.F.);
#1031 = FACE_BOUND('',#1032,.F.);
#1032 = EDGE_LOOP('',(#1033,#1041,#1049,#1055));
#1033 = ORIENTED_EDGE('',*,*,#1034,.F.);
#1034 = EDGE_CURVE('',#1035,#271,#1037,.T.);
#1035 = VERTEX_POINT('',#1036);
#1036 = CARTESIAN_POINT('',(-1.23,-1.83,0.8));
#1037 = LINE('',#1038,#1039);
#1038 = CARTESIAN_POINT('',(-1.23,-1.93,0.8));
#1039 = VECTOR('',#1040,1.);
#1040 = DIRECTION('',(0.,1.,0.));
#1041 = ORIENTED_EDGE('',*,*,#1042,.F.);
#1042 = EDGE_CURVE('',#1043,#1035,#1045,.T.);
#1043 = VERTEX_POINT('',#1044);
#1044 = CARTESIAN_POINT('',(7.E-02,-1.83,0.8));
#1045 = LINE('',#1046,#1047);
#1046 = CARTESIAN_POINT('',(-1.23,-1.83,0.8));
#1047 = VECTOR('',#1048,1.);
#1048 = DIRECTION('',(-1.,0.,0.));
#1049 = ORIENTED_EDGE('',*,*,#1050,.T.);
#1050 = EDGE_CURVE('',#1043,#263,#1051,.T.);
#1051 = LINE('',#1052,#1053);
#1052 = CARTESIAN_POINT('',(7.E-02,-1.93,0.8));
#1053 = VECTOR('',#1054,1.);
#1054 = DIRECTION('',(0.,1.,0.));
#1055 = ORIENTED_EDGE('',*,*,#270,.T.);
#1056 = PLANE('',#1057);
#1057 = AXIS2_PLACEMENT_3D('',#1058,#1059,#1060);
#1058 = CARTESIAN_POINT('',(-1.23,-1.93,0.8));
#1059 = DIRECTION('',(0.,0.,1.));
#1060 = DIRECTION('',(1.,0.,-0.));
#1061 = ADVANCED_FACE('',(#1062),#1103,.F.);
#1062 = FACE_BOUND('',#1063,.F.);
#1063 = EDGE_LOOP('',(#1064,#1072,#1073,#1081,#1089,#1095,#1096,#1097));
#1064 = ORIENTED_EDGE('',*,*,#1065,.F.);
#1065 = EDGE_CURVE('',#287,#1066,#1068,.T.);
#1066 = VERTEX_POINT('',#1067);
#1067 = CARTESIAN_POINT('',(-1.25,-0.33,1.2));
#1068 = LINE('',#1069,#1070);
#1069 = CARTESIAN_POINT('',(-1.25,-2.33,1.2));
#1070 = VECTOR('',#1071,1.);
#1071 = DIRECTION('',(0.,1.,0.));
#1072 = ORIENTED_EDGE('',*,*,#294,.F.);
#1073 = ORIENTED_EDGE('',*,*,#1074,.T.);
#1074 = EDGE_CURVE('',#295,#1075,#1077,.T.);
#1075 = VERTEX_POINT('',#1076);
#1076 = CARTESIAN_POINT('',(-1.23,-1.53,1.2));
#1077 = LINE('',#1078,#1079);
#1078 = CARTESIAN_POINT('',(-1.23,-1.93,1.2));
#1079 = VECTOR('',#1080,1.);
#1080 = DIRECTION('',(0.,1.,0.));
#1081 = ORIENTED_EDGE('',*,*,#1082,.T.);
#1082 = EDGE_CURVE('',#1075,#1083,#1085,.T.);
#1083 = VERTEX_POINT('',#1084);
#1084 = CARTESIAN_POINT('',(7.E-02,-1.53,1.2));
#1085 = LINE('',#1086,#1087);
#1086 = CARTESIAN_POINT('',(-1.23,-1.53,1.2));
#1087 = VECTOR('',#1088,1.);
#1088 = DIRECTION('',(1.,0.,0.));
#1089 = ORIENTED_EDGE('',*,*,#1090,.F.);
#1090 = EDGE_CURVE('',#303,#1083,#1091,.T.);
#1091 = LINE('',#1092,#1093);
#1092 = CARTESIAN_POINT('',(7.E-02,-1.93,1.2));
#1093 = VECTOR('',#1094,1.);
#1094 = DIRECTION('',(0.,1.,0.));
#1095 = ORIENTED_EDGE('',*,*,#310,.F.);
#1096 = ORIENTED_EDGE('',*,*,#1010,.T.);
#1097 = ORIENTED_EDGE('',*,*,#1098,.F.);
#1098 = EDGE_CURVE('',#1066,#1011,#1099,.T.);
#1099 = LINE('',#1100,#1101);
#1100 = CARTESIAN_POINT('',(-1.25,-0.33,1.2));
#1101 = VECTOR('',#1102,1.);
#1102 = DIRECTION('',(1.,0.,0.));
#1103 = PLANE('',#1104);
#1104 = AXIS2_PLACEMENT_3D('',#1105,#1106,#1107);
#1105 = CARTESIAN_POINT('',(-1.25,-2.33,1.2));
#1106 = DIRECTION('',(0.,0.,1.));
#1107 = DIRECTION('',(1.,0.,-0.));
#1108 = ADVANCED_FACE('',(#1109),#1134,.T.);
#1109 = FACE_BOUND('',#1110,.T.);
#1110 = EDGE_LOOP('',(#1111,#1119,#1127,#1133));
#1111 = ORIENTED_EDGE('',*,*,#1112,.F.);
#1112 = EDGE_CURVE('',#1113,#295,#1115,.T.);
#1113 = VERTEX_POINT('',#1114);
#1114 = CARTESIAN_POINT('',(-1.23,-1.83,1.2));
#1115 = LINE('',#1116,#1117);
#1116 = CARTESIAN_POINT('',(-1.23,-1.93,1.2));
#1117 = VECTOR('',#1118,1.);
#1118 = DIRECTION('',(0.,1.,0.));
#1119 = ORIENTED_EDGE('',*,*,#1120,.T.);
#1120 = EDGE_CURVE('',#1113,#1121,#1123,.T.);
#1121 = VERTEX_POINT('',#1122);
#1122 = CARTESIAN_POINT('',(7.E-02,-1.83,1.2));
#1123 = LINE('',#1124,#1125);
#1124 = CARTESIAN_POINT('',(-1.23,-1.83,1.2));
#1125 = VECTOR('',#1126,1.);
#1126 = DIRECTION('',(1.,0.,0.));
#1127 = ORIENTED_EDGE('',*,*,#1128,.T.);
#1128 = EDGE_CURVE('',#1121,#303,#1129,.T.);
#1129 = LINE('',#1130,#1131);
#1130 = CARTESIAN_POINT('',(7.E-02,-1.93,1.2));
#1131 = VECTOR('',#1132,1.);
#1132 = DIRECTION('',(0.,1.,0.));
#1133 = ORIENTED_EDGE('',*,*,#302,.T.);
#1134 = PLANE('',#1135);
#1135 = AXIS2_PLACEMENT_3D('',#1136,#1137,#1138);
#1136 = CARTESIAN_POINT('',(-1.23,-1.93,1.2));
#1137 = DIRECTION('',(0.,0.,1.));
#1138 = DIRECTION('',(1.,0.,-0.));
#1139 = ADVANCED_FACE('',(#1140),#1151,.T.);
#1140 = FACE_BOUND('',#1141,.T.);
#1141 = EDGE_LOOP('',(#1142,#1143,#1144,#1145));
#1142 = ORIENTED_EDGE('',*,*,#1065,.F.);
#1143 = ORIENTED_EDGE('',*,*,#286,.F.);
#1144 = ORIENTED_EDGE('',*,*,#956,.T.);
#1145 = ORIENTED_EDGE('',*,*,#1146,.T.);
#1146 = EDGE_CURVE('',#957,#1066,#1147,.T.);
#1147 = LINE('',#1148,#1149);
#1148 = CARTESIAN_POINT('',(-1.25,-0.33,0.8));
#1149 = VECTOR('',#1150,1.);
#1150 = DIRECTION('',(0.,0.,1.));
#1151 = PLANE('',#1152);
#1152 = AXIS2_PLACEMENT_3D('',#1153,#1154,#1155);
#1153 = CARTESIAN_POINT('',(-1.25,-2.33,0.8));
#1154 = DIRECTION('',(1.,0.,0.));
#1155 = DIRECTION('',(0.,0.,1.));
#1156 = ADVANCED_FACE('',(#1157),#1182,.T.);
#1157 = FACE_BOUND('',#1158,.T.);
#1158 = EDGE_LOOP('',(#1159,#1160,#1168,#1176));
#1159 = ORIENTED_EDGE('',*,*,#332,.F.);
#1160 = ORIENTED_EDGE('',*,*,#1161,.T.);
#1161 = EDGE_CURVE('',#333,#1162,#1164,.T.);
#1162 = VERTEX_POINT('',#1163);
#1163 = CARTESIAN_POINT('',(3.85,0.57,0.15));
#1164 = LINE('',#1165,#1166);
#1165 = CARTESIAN_POINT('',(3.35,0.57,0.15));
#1166 = VECTOR('',#1167,1.);
#1167 = DIRECTION('',(1.,0.,0.));
#1168 = ORIENTED_EDGE('',*,*,#1169,.T.);
#1169 = EDGE_CURVE('',#1162,#1170,#1172,.T.);
#1170 = VERTEX_POINT('',#1171);
#1171 = CARTESIAN_POINT('',(3.85,0.97,0.15));
#1172 = LINE('',#1173,#1174);
#1173 = CARTESIAN_POINT('',(3.85,0.57,0.15));
#1174 = VECTOR('',#1175,1.);
#1175 = DIRECTION('',(0.,1.,0.));
#1176 = ORIENTED_EDGE('',*,*,#1177,.F.);
#1177 = EDGE_CURVE('',#335,#1170,#1178,.T.);
#1178 = LINE('',#1179,#1180);
#1179 = CARTESIAN_POINT('',(3.35,0.97,0.15));
#1180 = VECTOR('',#1181,1.);
#1181 = DIRECTION('',(1.,0.,0.));
#1182 = PLANE('',#1183);
#1183 = AXIS2_PLACEMENT_3D('',#1184,#1185,#1186);
#1184 = CARTESIAN_POINT('',(3.35,0.57,0.15));
#1185 = DIRECTION('',(0.,0.,1.));
#1186 = DIRECTION('',(1.,0.,-0.));
#1187 = ADVANCED_FACE('',(#1188),#1206,.F.);
#1188 = FACE_BOUND('',#1189,.F.);
#1189 = EDGE_LOOP('',(#1190,#1198,#1199,#1200));
#1190 = ORIENTED_EDGE('',*,*,#1191,.F.);
#1191 = EDGE_CURVE('',#376,#1192,#1194,.T.);
#1192 = VERTEX_POINT('',#1193);
#1193 = CARTESIAN_POINT('',(3.85,0.57,0.));
#1194 = LINE('',#1195,#1196);
#1195 = CARTESIAN_POINT('',(3.35,0.57,0.));
#1196 = VECTOR('',#1197,1.);
#1197 = DIRECTION('',(1.,0.,0.));
#1198 = ORIENTED_EDGE('',*,*,#383,.T.);
#1199 = ORIENTED_EDGE('',*,*,#1161,.T.);
#1200 = ORIENTED_EDGE('',*,*,#1201,.F.);
#1201 = EDGE_CURVE('',#1192,#1162,#1202,.T.);
#1202 = LINE('',#1203,#1204);
#1203 = CARTESIAN_POINT('',(3.85,0.57,0.));
#1204 = VECTOR('',#1205,1.);
#1205 = DIRECTION('',(0.,0.,1.));
#1206 = PLANE('',#1207);
#1207 = AXIS2_PLACEMENT_3D('',#1208,#1209,#1210);
#1208 = CARTESIAN_POINT('',(3.35,0.57,0.));
#1209 = DIRECTION('',(0.,1.,0.));
#1210 = DIRECTION('',(0.,-0.,1.));
#1211 = ADVANCED_FACE('',(#1212),#1238,.T.);
#1212 = FACE_BOUND('',#1213,.T.);
#1213 = EDGE_LOOP('',(#1214,#1222,#1223,#1224,#1232));
#1214 = ORIENTED_EDGE('',*,*,#1215,.F.);
#1215 = EDGE_CURVE('',#934,#1216,#1218,.T.);
#1216 = VERTEX_POINT('',#1217);
#1217 = CARTESIAN_POINT('',(3.35,-1.64,0.5));
#1218 = LINE('',#1219,#1220);
#1219 = CARTESIAN_POINT('',(3.35,-1.64,0.4));
#1220 = VECTOR('',#1221,1.);
#1221 = DIRECTION('',(0.,0.,1.));
#1222 = ORIENTED_EDGE('',*,*,#941,.T.);
#1223 = ORIENTED_EDGE('',*,*,#366,.F.);
#1224 = ORIENTED_EDGE('',*,*,#1225,.T.);
#1225 = EDGE_CURVE('',#359,#1226,#1228,.T.);
#1226 = VERTEX_POINT('',#1227);
#1227 = CARTESIAN_POINT('',(3.35,-1.34,0.5));
#1228 = LINE('',#1229,#1230);
#1229 = CARTESIAN_POINT('',(3.35,-1.34,0.4));
#1230 = VECTOR('',#1231,1.);
#1231 = DIRECTION('',(0.,0.,1.));
#1232 = ORIENTED_EDGE('',*,*,#1233,.F.);
#1233 = EDGE_CURVE('',#1216,#1226,#1234,.T.);
#1234 = LINE('',#1235,#1236);
#1235 = CARTESIAN_POINT('',(3.35,-1.64,0.5));
#1236 = VECTOR('',#1237,1.);
#1237 = DIRECTION('',(0.,1.,0.));
#1238 = PLANE('',#1239);
#1239 = AXIS2_PLACEMENT_3D('',#1240,#1241,#1242);
#1240 = CARTESIAN_POINT('',(3.35,-1.64,0.4));
#1241 = DIRECTION('',(1.,0.,0.));
#1242 = DIRECTION('',(0.,0.,1.));
#1243 = ADVANCED_FACE('',(#1244),#1260,.F.);
#1244 = FACE_BOUND('',#1245,.F.);
#1245 = EDGE_LOOP('',(#1246,#1252,#1253,#1259));
#1246 = ORIENTED_EDGE('',*,*,#1247,.F.);
#1247 = EDGE_CURVE('',#351,#763,#1248,.T.);
#1248 = LINE('',#1249,#1250);
#1249 = CARTESIAN_POINT('',(3.254357798165,0.68,0.71880733945));
#1250 = VECTOR('',#1251,1.);
#1251 = DIRECTION('',(-0.287347885566,0.,0.957826285221));
#1252 = ORIENTED_EDGE('',*,*,#358,.T.);
#1253 = ORIENTED_EDGE('',*,*,#1254,.T.);
#1254 = EDGE_CURVE('',#359,#771,#1255,.T.);
#1255 = LINE('',#1256,#1257);
#1256 = CARTESIAN_POINT('',(3.254357798165,-1.34,0.71880733945));
#1257 = VECTOR('',#1258,1.);
#1258 = DIRECTION('',(-0.287347885566,0.,0.957826285221));
#1259 = ORIENTED_EDGE('',*,*,#770,.F.);
#1260 = PLANE('',#1261);
#1261 = AXIS2_PLACEMENT_3D('',#1262,#1263,#1264);
#1262 = CARTESIAN_POINT('',(3.2,0.97,0.9));
#1263 = DIRECTION('',(-0.957826285221,0.,-0.287347885566));
#1264 = DIRECTION('',(0.,-1.,-0.));
#1265 = ADVANCED_FACE('',(#1266),#1299,.T.);
#1266 = FACE_BOUND('',#1267,.T.);
#1267 = EDGE_LOOP('',(#1268,#1276,#1277,#1285,#1293));
#1268 = ORIENTED_EDGE('',*,*,#1269,.F.);
#1269 = EDGE_CURVE('',#351,#1270,#1272,.T.);
#1270 = VERTEX_POINT('',#1271);
#1271 = CARTESIAN_POINT('',(3.35,0.68,0.5));
#1272 = LINE('',#1273,#1274);
#1273 = CARTESIAN_POINT('',(3.35,0.68,0.4));
#1274 = VECTOR('',#1275,1.);
#1275 = DIRECTION('',(0.,0.,1.));
#1276 = ORIENTED_EDGE('',*,*,#350,.F.);
#1277 = ORIENTED_EDGE('',*,*,#1278,.T.);
#1278 = EDGE_CURVE('',#343,#1279,#1281,.T.);
#1279 = VERTEX_POINT('',#1280);
#1280 = CARTESIAN_POINT('',(3.35,0.98,0.4));
#1281 = LINE('',#1282,#1283);
#1282 = CARTESIAN_POINT('',(3.35,0.68,0.4));
#1283 = VECTOR('',#1284,1.);
#1284 = DIRECTION('',(0.,1.,0.));
#1285 = ORIENTED_EDGE('',*,*,#1286,.T.);
#1286 = EDGE_CURVE('',#1279,#1287,#1289,.T.);
#1287 = VERTEX_POINT('',#1288);
#1288 = CARTESIAN_POINT('',(3.35,0.98,0.5));
#1289 = LINE('',#1290,#1291);
#1290 = CARTESIAN_POINT('',(3.35,0.98,0.4));
#1291 = VECTOR('',#1292,1.);
#1292 = DIRECTION('',(0.,0.,1.));
#1293 = ORIENTED_EDGE('',*,*,#1294,.F.);
#1294 = EDGE_CURVE('',#1270,#1287,#1295,.T.);
#1295 = LINE('',#1296,#1297);
#1296 = CARTESIAN_POINT('',(3.35,0.68,0.5));
#1297 = VECTOR('',#1298,1.);
#1298 = DIRECTION('',(0.,1.,0.));
#1299 = PLANE('',#1300);
#1300 = AXIS2_PLACEMENT_3D('',#1301,#1302,#1303);
#1301 = CARTESIAN_POINT('',(3.35,0.68,0.4));
#1302 = DIRECTION('',(1.,0.,0.));
#1303 = DIRECTION('',(0.,0.,1.));
#1304 = ADVANCED_FACE('',(#1305),#1420,.T.);
#1305 = FACE_BOUND('',#1306,.T.);
#1306 = EDGE_LOOP('',(#1307,#1308,#1314,#1315,#1323,#1329,#1330,#1338,
    #1344,#1345,#1351,#1352,#1360,#1368,#1374,#1375,#1383,#1391,#1397,
    #1398,#1406,#1414));
#1307 = ORIENTED_EDGE('',*,*,#397,.F.);
#1308 = ORIENTED_EDGE('',*,*,#1309,.T.);
#1309 = EDGE_CURVE('',#398,#629,#1310,.T.);
#1310 = LINE('',#1311,#1312);
#1311 = CARTESIAN_POINT('',(-3.35,0.97,0.));
#1312 = VECTOR('',#1313,1.);
#1313 = DIRECTION('',(0.,0.,1.));
#1314 = ORIENTED_EDGE('',*,*,#628,.T.);
#1315 = ORIENTED_EDGE('',*,*,#1316,.F.);
#1316 = EDGE_CURVE('',#1317,#621,#1319,.T.);
#1317 = VERTEX_POINT('',#1318);
#1318 = CARTESIAN_POINT('',(-2.85,0.97,0.4));
#1319 = LINE('',#1320,#1321);
#1320 = CARTESIAN_POINT('',(-3.1,0.97,0.4));
#1321 = VECTOR('',#1322,1.);
#1322 = DIRECTION('',(-1.,0.,0.));
#1323 = ORIENTED_EDGE('',*,*,#1324,.F.);
#1324 = EDGE_CURVE('',#737,#1317,#1325,.T.);
#1325 = LINE('',#1326,#1327);
#1326 = CARTESIAN_POINT('',(-2.85,0.97,0.2));
#1327 = VECTOR('',#1328,1.);
#1328 = DIRECTION('',(0.,0.,-1.));
#1329 = ORIENTED_EDGE('',*,*,#746,.T.);
#1330 = ORIENTED_EDGE('',*,*,#1331,.F.);
#1331 = EDGE_CURVE('',#1332,#747,#1334,.T.);
#1332 = VERTEX_POINT('',#1333);
#1333 = CARTESIAN_POINT('',(2.85,0.97,0.4));
#1334 = LINE('',#1335,#1336);
#1335 = CARTESIAN_POINT('',(2.85,0.97,0.2));
#1336 = VECTOR('',#1337,1.);
#1337 = DIRECTION('',(0.,0.,1.));
#1338 = ORIENTED_EDGE('',*,*,#1339,.F.);
#1339 = EDGE_CURVE('',#343,#1332,#1340,.T.);
#1340 = LINE('',#1341,#1342);
#1341 = CARTESIAN_POINT('',(-0.25,0.97,0.4));
#1342 = VECTOR('',#1343,1.);
#1343 = DIRECTION('',(-1.,0.,0.));
#1344 = ORIENTED_EDGE('',*,*,#342,.F.);
#1345 = ORIENTED_EDGE('',*,*,#1346,.F.);
#1346 = EDGE_CURVE('',#496,#335,#1347,.T.);
#1347 = LINE('',#1348,#1349);
#1348 = CARTESIAN_POINT('',(3.35,0.97,0.));
#1349 = VECTOR('',#1350,1.);
#1350 = DIRECTION('',(0.,0.,1.));
#1351 = ORIENTED_EDGE('',*,*,#495,.F.);
#1352 = ORIENTED_EDGE('',*,*,#1353,.T.);
#1353 = EDGE_CURVE('',#488,#1354,#1356,.T.);
#1354 = VERTEX_POINT('',#1355);
#1355 = CARTESIAN_POINT('',(2.65,0.97,0.4));
#1356 = LINE('',#1357,#1358);
#1357 = CARTESIAN_POINT('',(2.65,0.97,0.));
#1358 = VECTOR('',#1359,1.);
#1359 = DIRECTION('',(0.,0.,1.));
#1360 = ORIENTED_EDGE('',*,*,#1361,.T.);
#1361 = EDGE_CURVE('',#1354,#1362,#1364,.T.);
#1362 = VERTEX_POINT('',#1363);
#1363 = CARTESIAN_POINT('',(1.85,0.97,0.4));
#1364 = LINE('',#1365,#1366);
#1365 = CARTESIAN_POINT('',(-0.75,0.97,0.4));
#1366 = VECTOR('',#1367,1.);
#1367 = DIRECTION('',(-1.,0.,0.));
#1368 = ORIENTED_EDGE('',*,*,#1369,.F.);
#1369 = EDGE_CURVE('',#464,#1362,#1370,.T.);
#1370 = LINE('',#1371,#1372);
#1371 = CARTESIAN_POINT('',(1.85,0.97,0.));
#1372 = VECTOR('',#1373,1.);
#1373 = DIRECTION('',(0.,0.,1.));
#1374 = ORIENTED_EDGE('',*,*,#463,.F.);
#1375 = ORIENTED_EDGE('',*,*,#1376,.T.);
#1376 = EDGE_CURVE('',#456,#1377,#1379,.T.);
#1377 = VERTEX_POINT('',#1378);
#1378 = CARTESIAN_POINT('',(1.15,0.97,0.4));
#1379 = LINE('',#1380,#1381);
#1380 = CARTESIAN_POINT('',(1.15,0.97,0.));
#1381 = VECTOR('',#1382,1.);
#1382 = DIRECTION('',(0.,0.,1.));
#1383 = ORIENTED_EDGE('',*,*,#1384,.T.);
#1384 = EDGE_CURVE('',#1377,#1385,#1387,.T.);
#1385 = VERTEX_POINT('',#1386);
#1386 = CARTESIAN_POINT('',(0.35,0.97,0.4));
#1387 = LINE('',#1388,#1389);
#1388 = CARTESIAN_POINT('',(-1.5,0.97,0.4));
#1389 = VECTOR('',#1390,1.);
#1390 = DIRECTION('',(-1.,0.,0.));
#1391 = ORIENTED_EDGE('',*,*,#1392,.F.);
#1392 = EDGE_CURVE('',#432,#1385,#1393,.T.);
#1393 = LINE('',#1394,#1395);
#1394 = CARTESIAN_POINT('',(0.35,0.97,0.));
#1395 = VECTOR('',#1396,1.);
#1396 = DIRECTION('',(0.,0.,1.));
#1397 = ORIENTED_EDGE('',*,*,#431,.F.);
#1398 = ORIENTED_EDGE('',*,*,#1399,.T.);
#1399 = EDGE_CURVE('',#424,#1400,#1402,.T.);
#1400 = VERTEX_POINT('',#1401);
#1401 = CARTESIAN_POINT('',(-1.85,0.97,0.4));
#1402 = LINE('',#1403,#1404);
#1403 = CARTESIAN_POINT('',(-1.85,0.97,0.));
#1404 = VECTOR('',#1405,1.);
#1405 = DIRECTION('',(0.,0.,1.));
#1406 = ORIENTED_EDGE('',*,*,#1407,.T.);
#1407 = EDGE_CURVE('',#1400,#1408,#1410,.T.);
#1408 = VERTEX_POINT('',#1409);
#1409 = CARTESIAN_POINT('',(-2.65,0.97,0.4));
#1410 = LINE('',#1411,#1412);
#1411 = CARTESIAN_POINT('',(-3.,0.97,0.4));
#1412 = VECTOR('',#1413,1.);
#1413 = DIRECTION('',(-1.,0.,0.));
#1414 = ORIENTED_EDGE('',*,*,#1415,.F.);
#1415 = EDGE_CURVE('',#400,#1408,#1416,.T.);
#1416 = LINE('',#1417,#1418);
#1417 = CARTESIAN_POINT('',(-2.65,0.97,0.));
#1418 = VECTOR('',#1419,1.);
#1419 = DIRECTION('',(0.,0.,1.));
#1420 = PLANE('',#1421);
#1421 = AXIS2_PLACEMENT_3D('',#1422,#1423,#1424);
#1422 = CARTESIAN_POINT('',(-3.35,0.97,0.));
#1423 = DIRECTION('',(0.,1.,0.));
#1424 = DIRECTION('',(1.,0.,0.));
#1425 = ADVANCED_FACE('',(#1426),#1451,.F.);
#1426 = FACE_BOUND('',#1427,.F.);
#1427 = EDGE_LOOP('',(#1428,#1438,#1444,#1445));
#1428 = ORIENTED_EDGE('',*,*,#1429,.F.);
#1429 = EDGE_CURVE('',#1430,#1432,#1434,.T.);
#1430 = VERTEX_POINT('',#1431);
#1431 = CARTESIAN_POINT('',(-3.85,0.57,0.));
#1432 = VERTEX_POINT('',#1433);
#1433 = CARTESIAN_POINT('',(-3.85,0.97,0.));
#1434 = LINE('',#1435,#1436);
#1435 = CARTESIAN_POINT('',(-3.85,0.57,0.));
#1436 = VECTOR('',#1437,1.);
#1437 = DIRECTION('',(0.,1.,0.));
#1438 = ORIENTED_EDGE('',*,*,#1439,.T.);
#1439 = EDGE_CURVE('',#1430,#521,#1440,.T.);
#1440 = LINE('',#1441,#1442);
#1441 = CARTESIAN_POINT('',(-3.85,0.57,0.));
#1442 = VECTOR('',#1443,1.);
#1443 = DIRECTION('',(1.,0.,0.));
#1444 = ORIENTED_EDGE('',*,*,#528,.T.);
#1445 = ORIENTED_EDGE('',*,*,#1446,.F.);
#1446 = EDGE_CURVE('',#1432,#398,#1447,.T.);
#1447 = LINE('',#1448,#1449);
#1448 = CARTESIAN_POINT('',(-3.85,0.97,0.));
#1449 = VECTOR('',#1450,1.);
#1450 = DIRECTION('',(1.,0.,0.));
#1451 = PLANE('',#1452);
#1452 = AXIS2_PLACEMENT_3D('',#1453,#1454,#1455);
#1453 = CARTESIAN_POINT('',(-3.85,0.57,0.));
#1454 = DIRECTION('',(0.,0.,1.));
#1455 = DIRECTION('',(1.,0.,-0.));
#1456 = ADVANCED_FACE('',(#1457),#1475,.F.);
#1457 = FACE_BOUND('',#1458,.F.);
#1458 = EDGE_LOOP('',(#1459,#1467,#1468,#1469));
#1459 = ORIENTED_EDGE('',*,*,#1460,.F.);
#1460 = EDGE_CURVE('',#565,#1461,#1463,.T.);
#1461 = VERTEX_POINT('',#1462);
#1462 = CARTESIAN_POINT('',(-3.85,-1.23,0.));
#1463 = LINE('',#1464,#1465);
#1464 = CARTESIAN_POINT('',(-3.85,-1.63,0.));
#1465 = VECTOR('',#1466,1.);
#1466 = DIRECTION('',(0.,1.,0.));
#1467 = ORIENTED_EDGE('',*,*,#564,.T.);
#1468 = ORIENTED_EDGE('',*,*,#512,.T.);
#1469 = ORIENTED_EDGE('',*,*,#1470,.F.);
#1470 = EDGE_CURVE('',#1461,#513,#1471,.T.);
#1471 = LINE('',#1472,#1473);
#1472 = CARTESIAN_POINT('',(-3.85,-1.23,0.));
#1473 = VECTOR('',#1474,1.);
#1474 = DIRECTION('',(1.,0.,0.));
#1475 = PLANE('',#1476);
#1476 = AXIS2_PLACEMENT_3D('',#1477,#1478,#1479);
#1477 = CARTESIAN_POINT('',(-3.85,-1.63,0.));
#1478 = DIRECTION('',(0.,0.,1.));
#1479 = DIRECTION('',(1.,0.,-0.));
#1480 = ADVANCED_FACE('',(#1481),#1499,.F.);
#1481 = FACE_BOUND('',#1482,.F.);
#1482 = EDGE_LOOP('',(#1483,#1484,#1485,#1493));
#1483 = ORIENTED_EDGE('',*,*,#503,.T.);
#1484 = ORIENTED_EDGE('',*,*,#1191,.T.);
#1485 = ORIENTED_EDGE('',*,*,#1486,.T.);
#1486 = EDGE_CURVE('',#1192,#1487,#1489,.T.);
#1487 = VERTEX_POINT('',#1488);
#1488 = CARTESIAN_POINT('',(3.85,0.97,0.));
#1489 = LINE('',#1490,#1491);
#1490 = CARTESIAN_POINT('',(3.85,0.57,0.));
#1491 = VECTOR('',#1492,1.);
#1492 = DIRECTION('',(0.,1.,0.));
#1493 = ORIENTED_EDGE('',*,*,#1494,.F.);
#1494 = EDGE_CURVE('',#496,#1487,#1495,.T.);
#1495 = LINE('',#1496,#1497);
#1496 = CARTESIAN_POINT('',(3.35,0.97,0.));
#1497 = VECTOR('',#1498,1.);
#1498 = DIRECTION('',(1.,0.,0.));
#1499 = PLANE('',#1500);
#1500 = AXIS2_PLACEMENT_3D('',#1501,#1502,#1503);
#1501 = CARTESIAN_POINT('',(3.35,0.57,0.));
#1502 = DIRECTION('',(0.,0.,1.));
#1503 = DIRECTION('',(1.,0.,-0.));
#1504 = ADVANCED_FACE('',(#1505),#1532,.F.);
#1505 = FACE_BOUND('',#1506,.F.);
#1506 = EDGE_LOOP('',(#1507,#1508,#1509,#1510,#1518,#1526));
#1507 = ORIENTED_EDGE('',*,*,#471,.F.);
#1508 = ORIENTED_EDGE('',*,*,#479,.T.);
#1509 = ORIENTED_EDGE('',*,*,#487,.T.);
#1510 = ORIENTED_EDGE('',*,*,#1511,.F.);
#1511 = EDGE_CURVE('',#1512,#488,#1514,.T.);
#1512 = VERTEX_POINT('',#1513);
#1513 = CARTESIAN_POINT('',(2.45,0.97,0.));
#1514 = LINE('',#1515,#1516);
#1515 = CARTESIAN_POINT('',(-3.35,0.97,0.));
#1516 = VECTOR('',#1517,1.);
#1517 = DIRECTION('',(1.,0.,0.));
#1518 = ORIENTED_EDGE('',*,*,#1519,.F.);
#1519 = EDGE_CURVE('',#1520,#1512,#1522,.T.);
#1520 = VERTEX_POINT('',#1521);
#1521 = CARTESIAN_POINT('',(2.05,0.97,0.));
#1522 = LINE('',#1523,#1524);
#1523 = CARTESIAN_POINT('',(-3.35,0.97,0.));
#1524 = VECTOR('',#1525,1.);
#1525 = DIRECTION('',(1.,0.,0.));
#1526 = ORIENTED_EDGE('',*,*,#1527,.F.);
#1527 = EDGE_CURVE('',#464,#1520,#1528,.T.);
#1528 = LINE('',#1529,#1530);
#1529 = CARTESIAN_POINT('',(-3.35,0.97,0.));
#1530 = VECTOR('',#1531,1.);
#1531 = DIRECTION('',(1.,0.,0.));
#1532 = PLANE('',#1533);
#1533 = AXIS2_PLACEMENT_3D('',#1534,#1535,#1536);
#1534 = CARTESIAN_POINT('',(1.85,0.58,0.));
#1535 = DIRECTION('',(0.,0.,1.));
#1536 = DIRECTION('',(1.,0.,-0.));
#1537 = ADVANCED_FACE('',(#1538),#1565,.F.);
#1538 = FACE_BOUND('',#1539,.F.);
#1539 = EDGE_LOOP('',(#1540,#1541,#1542,#1543,#1551,#1559));
#1540 = ORIENTED_EDGE('',*,*,#439,.F.);
#1541 = ORIENTED_EDGE('',*,*,#447,.T.);
#1542 = ORIENTED_EDGE('',*,*,#455,.T.);
#1543 = ORIENTED_EDGE('',*,*,#1544,.F.);
#1544 = EDGE_CURVE('',#1545,#456,#1547,.T.);
#1545 = VERTEX_POINT('',#1546);
#1546 = CARTESIAN_POINT('',(0.95,0.97,0.));
#1547 = LINE('',#1548,#1549);
#1548 = CARTESIAN_POINT('',(-3.35,0.97,0.));
#1549 = VECTOR('',#1550,1.);
#1550 = DIRECTION('',(1.,0.,0.));
#1551 = ORIENTED_EDGE('',*,*,#1552,.F.);
#1552 = EDGE_CURVE('',#1553,#1545,#1555,.T.);
#1553 = VERTEX_POINT('',#1554);
#1554 = CARTESIAN_POINT('',(0.55,0.97,0.));
#1555 = LINE('',#1556,#1557);
#1556 = CARTESIAN_POINT('',(-3.35,0.97,0.));
#1557 = VECTOR('',#1558,1.);
#1558 = DIRECTION('',(1.,0.,0.));
#1559 = ORIENTED_EDGE('',*,*,#1560,.F.);
#1560 = EDGE_CURVE('',#432,#1553,#1561,.T.);
#1561 = LINE('',#1562,#1563);
#1562 = CARTESIAN_POINT('',(-3.35,0.97,0.));
#1563 = VECTOR('',#1564,1.);
#1564 = DIRECTION('',(1.,0.,0.));
#1565 = PLANE('',#1566);
#1566 = AXIS2_PLACEMENT_3D('',#1567,#1568,#1569);
#1567 = CARTESIAN_POINT('',(0.35,0.58,0.));
#1568 = DIRECTION('',(0.,0.,1.));
#1569 = DIRECTION('',(1.,0.,-0.));
#1570 = ADVANCED_FACE('',(#1571),#1598,.F.);
#1571 = FACE_BOUND('',#1572,.F.);
#1572 = EDGE_LOOP('',(#1573,#1574,#1575,#1576,#1584,#1592));
#1573 = ORIENTED_EDGE('',*,*,#407,.F.);
#1574 = ORIENTED_EDGE('',*,*,#415,.T.);
#1575 = ORIENTED_EDGE('',*,*,#423,.T.);
#1576 = ORIENTED_EDGE('',*,*,#1577,.F.);
#1577 = EDGE_CURVE('',#1578,#424,#1580,.T.);
#1578 = VERTEX_POINT('',#1579);
#1579 = CARTESIAN_POINT('',(-2.05,0.97,0.));
#1580 = LINE('',#1581,#1582);
#1581 = CARTESIAN_POINT('',(-3.35,0.97,0.));
#1582 = VECTOR('',#1583,1.);
#1583 = DIRECTION('',(1.,0.,0.));
#1584 = ORIENTED_EDGE('',*,*,#1585,.F.);
#1585 = EDGE_CURVE('',#1586,#1578,#1588,.T.);
#1586 = VERTEX_POINT('',#1587);
#1587 = CARTESIAN_POINT('',(-2.45,0.97,0.));
#1588 = LINE('',#1589,#1590);
#1589 = CARTESIAN_POINT('',(-3.35,0.97,0.));
#1590 = VECTOR('',#1591,1.);
#1591 = DIRECTION('',(1.,0.,0.));
#1592 = ORIENTED_EDGE('',*,*,#1593,.F.);
#1593 = EDGE_CURVE('',#400,#1586,#1594,.T.);
#1594 = LINE('',#1595,#1596);
#1595 = CARTESIAN_POINT('',(-3.35,0.97,0.));
#1596 = VECTOR('',#1597,1.);
#1597 = DIRECTION('',(1.,0.,0.));
#1598 = PLANE('',#1599);
#1599 = AXIS2_PLACEMENT_3D('',#1600,#1601,#1602);
#1600 = CARTESIAN_POINT('',(-2.65,0.58,0.));
#1601 = DIRECTION('',(0.,0.,1.));
#1602 = DIRECTION('',(1.,0.,-0.));
#1603 = ADVANCED_FACE('',(#1604),#1623,.T.);
#1604 = FACE_BOUND('',#1605,.T.);
#1605 = EDGE_LOOP('',(#1606,#1615,#1621,#1622));
#1606 = ORIENTED_EDGE('',*,*,#1607,.T.);
#1607 = EDGE_CURVE('',#1608,#1608,#1610,.T.);
#1608 = VERTEX_POINT('',#1609);
#1609 = CARTESIAN_POINT('',(1.9,-0.33,-0.4));
#1610 = CIRCLE('',#1611,0.4);
#1611 = AXIS2_PLACEMENT_3D('',#1612,#1613,#1614);
#1612 = CARTESIAN_POINT('',(1.5,-0.33,-0.4));
#1613 = DIRECTION('',(0.,0.,1.));
#1614 = DIRECTION('',(1.,0.,-0.));
#1615 = ORIENTED_EDGE('',*,*,#1616,.T.);
#1616 = EDGE_CURVE('',#1608,#537,#1617,.T.);
#1617 = LINE('',#1618,#1619);
#1618 = CARTESIAN_POINT('',(1.9,-0.33,-0.5));
#1619 = VECTOR('',#1620,1.);
#1620 = DIRECTION('',(0.,0.,1.));
#1621 = ORIENTED_EDGE('',*,*,#536,.F.);
#1622 = ORIENTED_EDGE('',*,*,#1616,.F.);
#1623 = CYLINDRICAL_SURFACE('',#1624,0.4);
#1624 = AXIS2_PLACEMENT_3D('',#1625,#1626,#1627);
#1625 = CARTESIAN_POINT('',(1.5,-0.33,-0.5));
#1626 = DIRECTION('',(0.,0.,1.));
#1627 = DIRECTION('',(1.,0.,-0.));
#1628 = ADVANCED_FACE('',(#1629),#1648,.T.);
#1629 = FACE_BOUND('',#1630,.T.);
#1630 = EDGE_LOOP('',(#1631,#1640,#1646,#1647));
#1631 = ORIENTED_EDGE('',*,*,#1632,.T.);
#1632 = EDGE_CURVE('',#1633,#1633,#1635,.T.);
#1633 = VERTEX_POINT('',#1634);
#1634 = CARTESIAN_POINT('',(-1.1,-0.33,-0.4));
#1635 = CIRCLE('',#1636,0.4);
#1636 = AXIS2_PLACEMENT_3D('',#1637,#1638,#1639);
#1637 = CARTESIAN_POINT('',(-1.5,-0.33,-0.4));
#1638 = DIRECTION('',(0.,0.,1.));
#1639 = DIRECTION('',(1.,0.,-0.));
#1640 = ORIENTED_EDGE('',*,*,#1641,.T.);
#1641 = EDGE_CURVE('',#1633,#548,#1642,.T.);
#1642 = LINE('',#1643,#1644);
#1643 = CARTESIAN_POINT('',(-1.1,-0.33,-0.5));
#1644 = VECTOR('',#1645,1.);
#1645 = DIRECTION('',(0.,0.,1.));
#1646 = ORIENTED_EDGE('',*,*,#547,.F.);
#1647 = ORIENTED_EDGE('',*,*,#1641,.F.);
#1648 = CYLINDRICAL_SURFACE('',#1649,0.4);
#1649 = AXIS2_PLACEMENT_3D('',#1650,#1651,#1652);
#1650 = CARTESIAN_POINT('',(-1.5,-0.33,-0.5));
#1651 = DIRECTION('',(0.,0.,1.));
#1652 = DIRECTION('',(1.,0.,-0.));
#1653 = ADVANCED_FACE('',(#1654),#1672,.F.);
#1654 = FACE_BOUND('',#1655,.F.);
#1655 = EDGE_LOOP('',(#1656,#1657,#1658,#1666));
#1656 = ORIENTED_EDGE('',*,*,#572,.F.);
#1657 = ORIENTED_EDGE('',*,*,#1460,.T.);
#1658 = ORIENTED_EDGE('',*,*,#1659,.T.);
#1659 = EDGE_CURVE('',#1461,#1660,#1662,.T.);
#1660 = VERTEX_POINT('',#1661);
#1661 = CARTESIAN_POINT('',(-3.85,-1.23,0.15));
#1662 = LINE('',#1663,#1664);
#1663 = CARTESIAN_POINT('',(-3.85,-1.23,0.));
#1664 = VECTOR('',#1665,1.);
#1665 = DIRECTION('',(0.,0.,1.));
#1666 = ORIENTED_EDGE('',*,*,#1667,.F.);
#1667 = EDGE_CURVE('',#573,#1660,#1668,.T.);
#1668 = LINE('',#1669,#1670);
#1669 = CARTESIAN_POINT('',(-3.85,-1.63,0.15));
#1670 = VECTOR('',#1671,1.);
#1671 = DIRECTION('',(0.,1.,0.));
#1672 = PLANE('',#1673);
#1673 = AXIS2_PLACEMENT_3D('',#1674,#1675,#1676);
#1674 = CARTESIAN_POINT('',(-3.85,-1.63,0.));
#1675 = DIRECTION('',(1.,0.,0.));
#1676 = DIRECTION('',(0.,0.,1.));
#1677 = ADVANCED_FACE('',(#1678),#1689,.T.);
#1678 = FACE_BOUND('',#1679,.T.);
#1679 = EDGE_LOOP('',(#1680,#1681,#1682,#1683));
#1680 = ORIENTED_EDGE('',*,*,#1667,.F.);
#1681 = ORIENTED_EDGE('',*,*,#580,.T.);
#1682 = ORIENTED_EDGE('',*,*,#595,.T.);
#1683 = ORIENTED_EDGE('',*,*,#1684,.F.);
#1684 = EDGE_CURVE('',#1660,#596,#1685,.T.);
#1685 = LINE('',#1686,#1687);
#1686 = CARTESIAN_POINT('',(-3.85,-1.23,0.15));
#1687 = VECTOR('',#1688,1.);
#1688 = DIRECTION('',(1.,0.,0.));
#1689 = PLANE('',#1690);
#1690 = AXIS2_PLACEMENT_3D('',#1691,#1692,#1693);
#1691 = CARTESIAN_POINT('',(-3.85,-1.63,0.15));
#1692 = DIRECTION('',(0.,0.,1.));
#1693 = DIRECTION('',(1.,0.,-0.));
#1694 = ADVANCED_FACE('',(#1695),#1701,.T.);
#1695 = FACE_BOUND('',#1696,.T.);
#1696 = EDGE_LOOP('',(#1697,#1698,#1699,#1700));
#1697 = ORIENTED_EDGE('',*,*,#1470,.F.);
#1698 = ORIENTED_EDGE('',*,*,#1659,.T.);
#1699 = ORIENTED_EDGE('',*,*,#1684,.T.);
#1700 = ORIENTED_EDGE('',*,*,#651,.F.);
#1701 = PLANE('',#1702);
#1702 = AXIS2_PLACEMENT_3D('',#1703,#1704,#1705);
#1703 = CARTESIAN_POINT('',(-3.85,-1.23,0.));
#1704 = DIRECTION('',(0.,1.,0.));
#1705 = DIRECTION('',(0.,-0.,1.));
#1706 = ADVANCED_FACE('',(#1707),#1725,.F.);
#1707 = FACE_BOUND('',#1708,.F.);
#1708 = EDGE_LOOP('',(#1709,#1710,#1718,#1724));
#1709 = ORIENTED_EDGE('',*,*,#1439,.F.);
#1710 = ORIENTED_EDGE('',*,*,#1711,.T.);
#1711 = EDGE_CURVE('',#1430,#1712,#1714,.T.);
#1712 = VERTEX_POINT('',#1713);
#1713 = CARTESIAN_POINT('',(-3.85,0.57,0.15));
#1714 = LINE('',#1715,#1716);
#1715 = CARTESIAN_POINT('',(-3.85,0.57,0.));
#1716 = VECTOR('',#1717,1.);
#1717 = DIRECTION('',(0.,0.,1.));
#1718 = ORIENTED_EDGE('',*,*,#1719,.T.);
#1719 = EDGE_CURVE('',#1712,#637,#1720,.T.);
#1720 = LINE('',#1721,#1722);
#1721 = CARTESIAN_POINT('',(-3.85,0.57,0.15));
#1722 = VECTOR('',#1723,1.);
#1723 = DIRECTION('',(1.,0.,0.));
#1724 = ORIENTED_EDGE('',*,*,#644,.F.);
#1725 = PLANE('',#1726);
#1726 = AXIS2_PLACEMENT_3D('',#1727,#1728,#1729);
#1727 = CARTESIAN_POINT('',(-3.85,0.57,0.));
#1728 = DIRECTION('',(0.,1.,0.));
#1729 = DIRECTION('',(0.,-0.,1.));
#1730 = ADVANCED_FACE('',(#1731),#1749,.T.);
#1731 = FACE_BOUND('',#1732,.T.);
#1732 = EDGE_LOOP('',(#1733,#1741,#1742,#1743));
#1733 = ORIENTED_EDGE('',*,*,#1734,.F.);
#1734 = EDGE_CURVE('',#1712,#1735,#1737,.T.);
#1735 = VERTEX_POINT('',#1736);
#1736 = CARTESIAN_POINT('',(-3.85,0.97,0.15));
#1737 = LINE('',#1738,#1739);
#1738 = CARTESIAN_POINT('',(-3.85,0.57,0.15));
#1739 = VECTOR('',#1740,1.);
#1740 = DIRECTION('',(0.,1.,0.));
#1741 = ORIENTED_EDGE('',*,*,#1719,.T.);
#1742 = ORIENTED_EDGE('',*,*,#636,.T.);
#1743 = ORIENTED_EDGE('',*,*,#1744,.F.);
#1744 = EDGE_CURVE('',#1735,#629,#1745,.T.);
#1745 = LINE('',#1746,#1747);
#1746 = CARTESIAN_POINT('',(-3.85,0.97,0.15));
#1747 = VECTOR('',#1748,1.);
#1748 = DIRECTION('',(1.,0.,0.));
#1749 = PLANE('',#1750);
#1750 = AXIS2_PLACEMENT_3D('',#1751,#1752,#1753);
#1751 = CARTESIAN_POINT('',(-3.85,0.57,0.15));
#1752 = DIRECTION('',(0.,0.,1.));
#1753 = DIRECTION('',(1.,0.,-0.));
#1754 = ADVANCED_FACE('',(#1755),#1788,.T.);
#1755 = FACE_BOUND('',#1756,.T.);
#1756 = EDGE_LOOP('',(#1757,#1767,#1773,#1774,#1782));
#1757 = ORIENTED_EDGE('',*,*,#1758,.F.);
#1758 = EDGE_CURVE('',#1759,#1761,#1763,.T.);
#1759 = VERTEX_POINT('',#1760);
#1760 = CARTESIAN_POINT('',(-3.35,0.98,0.4));
#1761 = VERTEX_POINT('',#1762);
#1762 = CARTESIAN_POINT('',(-3.35,0.98,0.5));
#1763 = LINE('',#1764,#1765);
#1764 = CARTESIAN_POINT('',(-3.35,0.98,0.4));
#1765 = VECTOR('',#1766,1.);
#1766 = DIRECTION('',(0.,0.,1.));
#1767 = ORIENTED_EDGE('',*,*,#1768,.T.);
#1768 = EDGE_CURVE('',#1759,#621,#1769,.T.);
#1769 = LINE('',#1770,#1771);
#1770 = CARTESIAN_POINT('',(-3.35,0.98,0.4));
#1771 = VECTOR('',#1772,1.);
#1772 = DIRECTION('',(0.,-1.,0.));
#1773 = ORIENTED_EDGE('',*,*,#620,.F.);
#1774 = ORIENTED_EDGE('',*,*,#1775,.T.);
#1775 = EDGE_CURVE('',#613,#1776,#1778,.T.);
#1776 = VERTEX_POINT('',#1777);
#1777 = CARTESIAN_POINT('',(-3.35,0.68,0.5));
#1778 = LINE('',#1779,#1780);
#1779 = CARTESIAN_POINT('',(-3.35,0.68,0.4));
#1780 = VECTOR('',#1781,1.);
#1781 = DIRECTION('',(0.,0.,1.));
#1782 = ORIENTED_EDGE('',*,*,#1783,.F.);
#1783 = EDGE_CURVE('',#1761,#1776,#1784,.T.);
#1784 = LINE('',#1785,#1786);
#1785 = CARTESIAN_POINT('',(-3.35,0.98,0.5));
#1786 = VECTOR('',#1787,1.);
#1787 = DIRECTION('',(0.,-1.,0.));
#1788 = PLANE('',#1789);
#1789 = AXIS2_PLACEMENT_3D('',#1790,#1791,#1792);
#1790 = CARTESIAN_POINT('',(-3.35,0.98,0.4));
#1791 = DIRECTION('',(-1.,0.,0.));
#1792 = DIRECTION('',(0.,0.,1.));
#1793 = ADVANCED_FACE('',(#1794),#1810,.F.);
#1794 = FACE_BOUND('',#1795,.F.);
#1795 = EDGE_LOOP('',(#1796,#1802,#1803,#1809));
#1796 = ORIENTED_EDGE('',*,*,#1797,.F.);
#1797 = EDGE_CURVE('',#605,#795,#1798,.T.);
#1798 = LINE('',#1799,#1800);
#1799 = CARTESIAN_POINT('',(-3.254357798165,-1.34,0.71880733945));
#1800 = VECTOR('',#1801,1.);
#1801 = DIRECTION('',(0.287347885566,0.,0.957826285221));
#1802 = ORIENTED_EDGE('',*,*,#612,.T.);
#1803 = ORIENTED_EDGE('',*,*,#1804,.T.);
#1804 = EDGE_CURVE('',#613,#803,#1805,.T.);
#1805 = LINE('',#1806,#1807);
#1806 = CARTESIAN_POINT('',(-3.254357798165,0.68,0.71880733945));
#1807 = VECTOR('',#1808,1.);
#1808 = DIRECTION('',(0.287347885566,0.,0.957826285221));
#1809 = ORIENTED_EDGE('',*,*,#802,.F.);
#1810 = PLANE('',#1811);
#1811 = AXIS2_PLACEMENT_3D('',#1812,#1813,#1814);
#1812 = CARTESIAN_POINT('',(-3.2,-1.63,0.9));
#1813 = DIRECTION('',(0.957826285221,0.,-0.287347885566));
#1814 = DIRECTION('',(0.,1.,0.));
#1815 = ADVANCED_FACE('',(#1816),#1842,.T.);
#1816 = FACE_BOUND('',#1817,.T.);
#1817 = EDGE_LOOP('',(#1818,#1826,#1827,#1828,#1836));
#1818 = ORIENTED_EDGE('',*,*,#1819,.F.);
#1819 = EDGE_CURVE('',#605,#1820,#1822,.T.);
#1820 = VERTEX_POINT('',#1821);
#1821 = CARTESIAN_POINT('',(-3.35,-1.34,0.5));
#1822 = LINE('',#1823,#1824);
#1823 = CARTESIAN_POINT('',(-3.35,-1.34,0.4));
#1824 = VECTOR('',#1825,1.);
#1825 = DIRECTION('',(0.,0.,1.));
#1826 = ORIENTED_EDGE('',*,*,#604,.F.);
#1827 = ORIENTED_EDGE('',*,*,#674,.T.);
#1828 = ORIENTED_EDGE('',*,*,#1829,.T.);
#1829 = EDGE_CURVE('',#675,#1830,#1832,.T.);
#1830 = VERTEX_POINT('',#1831);
#1831 = CARTESIAN_POINT('',(-3.35,-1.64,0.5));
#1832 = LINE('',#1833,#1834);
#1833 = CARTESIAN_POINT('',(-3.35,-1.64,0.4));
#1834 = VECTOR('',#1835,1.);
#1835 = DIRECTION('',(0.,0.,1.));
#1836 = ORIENTED_EDGE('',*,*,#1837,.F.);
#1837 = EDGE_CURVE('',#1820,#1830,#1838,.T.);
#1838 = LINE('',#1839,#1840);
#1839 = CARTESIAN_POINT('',(-3.35,-1.34,0.5));
#1840 = VECTOR('',#1841,1.);
#1841 = DIRECTION('',(0.,-1.,0.));
#1842 = PLANE('',#1843);
#1843 = AXIS2_PLACEMENT_3D('',#1844,#1845,#1846);
#1844 = CARTESIAN_POINT('',(-3.35,-1.34,0.4));
#1845 = DIRECTION('',(-1.,0.,0.));
#1846 = DIRECTION('',(0.,0.,1.));
#1847 = ADVANCED_FACE('',(#1848),#1867,.T.);
#1848 = FACE_BOUND('',#1849,.T.);
#1849 = EDGE_LOOP('',(#1850,#1851,#1852,#1853,#1861));
#1850 = ORIENTED_EDGE('',*,*,#1829,.F.);
#1851 = ORIENTED_EDGE('',*,*,#682,.F.);
#1852 = ORIENTED_EDGE('',*,*,#714,.T.);
#1853 = ORIENTED_EDGE('',*,*,#1854,.T.);
#1854 = EDGE_CURVE('',#715,#1855,#1857,.T.);
#1855 = VERTEX_POINT('',#1856);
#1856 = CARTESIAN_POINT('',(-3.05,-1.64,1.5));
#1857 = LINE('',#1858,#1859);
#1858 = CARTESIAN_POINT('',(-2.85,-1.64,1.5));
#1859 = VECTOR('',#1860,1.);
#1860 = DIRECTION('',(-1.,0.,0.));
#1861 = ORIENTED_EDGE('',*,*,#1862,.F.);
#1862 = EDGE_CURVE('',#1830,#1855,#1863,.T.);
#1863 = LINE('',#1864,#1865);
#1864 = CARTESIAN_POINT('',(-3.268119266055,-1.64,0.772935779817));
#1865 = VECTOR('',#1866,1.);
#1866 = DIRECTION('',(0.287347885566,0.,0.957826285221));
#1867 = PLANE('',#1868);
#1868 = AXIS2_PLACEMENT_3D('',#1869,#1870,#1871);
#1869 = CARTESIAN_POINT('',(-2.85,-1.64,0.4));
#1870 = DIRECTION('',(0.,-1.,0.));
#1871 = DIRECTION('',(0.,0.,1.));
#1872 = ADVANCED_FACE('',(#1873),#1893,.F.);
#1873 = FACE_BOUND('',#1874,.F.);
#1874 = EDGE_LOOP('',(#1875,#1883,#1884,#1885,#1886,#1887));
#1875 = ORIENTED_EDGE('',*,*,#1876,.F.);
#1876 = EDGE_CURVE('',#1820,#1877,#1879,.T.);
#1877 = VERTEX_POINT('',#1878);
#1878 = CARTESIAN_POINT('',(-3.05,-1.34,1.5));
#1879 = LINE('',#1880,#1881);
#1880 = CARTESIAN_POINT('',(-3.268119266055,-1.34,0.772935779817));
#1881 = VECTOR('',#1882,1.);
#1882 = DIRECTION('',(0.287347885566,0.,0.957826285221));
#1883 = ORIENTED_EDGE('',*,*,#1819,.F.);
#1884 = ORIENTED_EDGE('',*,*,#1797,.T.);
#1885 = ORIENTED_EDGE('',*,*,#794,.T.);
#1886 = ORIENTED_EDGE('',*,*,#696,.T.);
#1887 = ORIENTED_EDGE('',*,*,#1888,.T.);
#1888 = EDGE_CURVE('',#699,#1877,#1889,.T.);
#1889 = LINE('',#1890,#1891);
#1890 = CARTESIAN_POINT('',(-2.85,-1.34,1.5));
#1891 = VECTOR('',#1892,1.);
#1892 = DIRECTION('',(-1.,0.,0.));
#1893 = PLANE('',#1894);
#1894 = AXIS2_PLACEMENT_3D('',#1895,#1896,#1897);
#1895 = CARTESIAN_POINT('',(-2.85,-1.34,0.4));
#1896 = DIRECTION('',(0.,-1.,0.));
#1897 = DIRECTION('',(0.,0.,1.));
#1898 = ADVANCED_FACE('',(#1899),#1910,.T.);
#1899 = FACE_BOUND('',#1900,.T.);
#1900 = EDGE_LOOP('',(#1901,#1902,#1903,#1904));
#1901 = ORIENTED_EDGE('',*,*,#1854,.F.);
#1902 = ORIENTED_EDGE('',*,*,#722,.F.);
#1903 = ORIENTED_EDGE('',*,*,#1888,.T.);
#1904 = ORIENTED_EDGE('',*,*,#1905,.T.);
#1905 = EDGE_CURVE('',#1877,#1855,#1906,.T.);
#1906 = LINE('',#1907,#1908);
#1907 = CARTESIAN_POINT('',(-3.05,-1.34,1.5));
#1908 = VECTOR('',#1909,1.);
#1909 = DIRECTION('',(0.,-1.,0.));
#1910 = PLANE('',#1911);
#1911 = AXIS2_PLACEMENT_3D('',#1912,#1913,#1914);
#1912 = CARTESIAN_POINT('',(-2.85,-1.34,1.5));
#1913 = DIRECTION('',(0.,0.,1.));
#1914 = DIRECTION('',(-1.,0.,0.));
#1915 = ADVANCED_FACE('',(#1916),#1950,.F.);
#1916 = FACE_BOUND('',#1917,.F.);
#1917 = EDGE_LOOP('',(#1918,#1928,#1936,#1942,#1943,#1944));
#1918 = ORIENTED_EDGE('',*,*,#1919,.F.);
#1919 = EDGE_CURVE('',#1920,#1922,#1924,.T.);
#1920 = VERTEX_POINT('',#1921);
#1921 = CARTESIAN_POINT('',(-2.85,0.98,1.5));
#1922 = VERTEX_POINT('',#1923);
#1923 = CARTESIAN_POINT('',(-2.85,0.68,1.5));
#1924 = LINE('',#1925,#1926);
#1925 = CARTESIAN_POINT('',(-2.85,0.98,1.5));
#1926 = VECTOR('',#1927,1.);
#1927 = DIRECTION('',(0.,-1.,0.));
#1928 = ORIENTED_EDGE('',*,*,#1929,.F.);
#1929 = EDGE_CURVE('',#1930,#1920,#1932,.T.);
#1930 = VERTEX_POINT('',#1931);
#1931 = CARTESIAN_POINT('',(-2.85,0.98,0.4));
#1932 = LINE('',#1933,#1934);
#1933 = CARTESIAN_POINT('',(-2.85,0.98,0.4));
#1934 = VECTOR('',#1935,1.);
#1935 = DIRECTION('',(0.,0.,1.));
#1936 = ORIENTED_EDGE('',*,*,#1937,.T.);
#1937 = EDGE_CURVE('',#1930,#1317,#1938,.T.);
#1938 = LINE('',#1939,#1940);
#1939 = CARTESIAN_POINT('',(-2.85,0.98,0.4));
#1940 = VECTOR('',#1941,1.);
#1941 = DIRECTION('',(0.,-1.,0.));
#1942 = ORIENTED_EDGE('',*,*,#1324,.F.);
#1943 = ORIENTED_EDGE('',*,*,#736,.T.);
#1944 = ORIENTED_EDGE('',*,*,#1945,.T.);
#1945 = EDGE_CURVE('',#739,#1922,#1946,.T.);
#1946 = LINE('',#1947,#1948);
#1947 = CARTESIAN_POINT('',(-2.85,0.68,0.4));
#1948 = VECTOR('',#1949,1.);
#1949 = DIRECTION('',(0.,0.,1.));
#1950 = PLANE('',#1951);
#1951 = AXIS2_PLACEMENT_3D('',#1952,#1953,#1954);
#1952 = CARTESIAN_POINT('',(-2.85,0.98,0.4));
#1953 = DIRECTION('',(-1.,0.,0.));
#1954 = DIRECTION('',(0.,0.,1.));
#1955 = ADVANCED_FACE('',(#1956),#1976,.T.);
#1956 = FACE_BOUND('',#1957,.T.);
#1957 = EDGE_LOOP('',(#1958,#1966,#1967,#1968,#1969,#1970));
#1958 = ORIENTED_EDGE('',*,*,#1959,.F.);
#1959 = EDGE_CURVE('',#1776,#1960,#1962,.T.);
#1960 = VERTEX_POINT('',#1961);
#1961 = CARTESIAN_POINT('',(-3.05,0.68,1.5));
#1962 = LINE('',#1963,#1964);
#1963 = CARTESIAN_POINT('',(-3.268119266055,0.68,0.772935779817));
#1964 = VECTOR('',#1965,1.);
#1965 = DIRECTION('',(0.287347885566,0.,0.957826285221));
#1966 = ORIENTED_EDGE('',*,*,#1775,.F.);
#1967 = ORIENTED_EDGE('',*,*,#1804,.T.);
#1968 = ORIENTED_EDGE('',*,*,#810,.T.);
#1969 = ORIENTED_EDGE('',*,*,#1945,.T.);
#1970 = ORIENTED_EDGE('',*,*,#1971,.T.);
#1971 = EDGE_CURVE('',#1922,#1960,#1972,.T.);
#1972 = LINE('',#1973,#1974);
#1973 = CARTESIAN_POINT('',(-2.85,0.68,1.5));
#1974 = VECTOR('',#1975,1.);
#1975 = DIRECTION('',(-1.,0.,0.));
#1976 = PLANE('',#1977);
#1977 = AXIS2_PLACEMENT_3D('',#1978,#1979,#1980);
#1978 = CARTESIAN_POINT('',(-2.85,0.68,0.4));
#1979 = DIRECTION('',(0.,-1.,0.));
#1980 = DIRECTION('',(0.,0.,1.));
#1981 = ADVANCED_FACE('',(#1982),#2002,.T.);
#1982 = FACE_BOUND('',#1983,.T.);
#1983 = EDGE_LOOP('',(#1984,#1992,#1993,#1994,#1995,#1996));
#1984 = ORIENTED_EDGE('',*,*,#1985,.F.);
#1985 = EDGE_CURVE('',#1226,#1986,#1988,.T.);
#1986 = VERTEX_POINT('',#1987);
#1987 = CARTESIAN_POINT('',(3.05,-1.34,1.5));
#1988 = LINE('',#1989,#1990);
#1989 = CARTESIAN_POINT('',(3.268119266055,-1.34,0.772935779817));
#1990 = VECTOR('',#1991,1.);
#1991 = DIRECTION('',(-0.287347885566,0.,0.957826285221));
#1992 = ORIENTED_EDGE('',*,*,#1225,.F.);
#1993 = ORIENTED_EDGE('',*,*,#1254,.T.);
#1994 = ORIENTED_EDGE('',*,*,#778,.T.);
#1995 = ORIENTED_EDGE('',*,*,#918,.T.);
#1996 = ORIENTED_EDGE('',*,*,#1997,.T.);
#1997 = EDGE_CURVE('',#895,#1986,#1998,.T.);
#1998 = LINE('',#1999,#2000);
#1999 = CARTESIAN_POINT('',(2.85,-1.34,1.5));
#2000 = VECTOR('',#2001,1.);
#2001 = DIRECTION('',(1.,0.,0.));
#2002 = PLANE('',#2003);
#2003 = AXIS2_PLACEMENT_3D('',#2004,#2005,#2006);
#2004 = CARTESIAN_POINT('',(2.85,-1.34,0.4));
#2005 = DIRECTION('',(0.,1.,0.));
#2006 = DIRECTION('',(0.,-0.,1.));
#2007 = ADVANCED_FACE('',(#2008),#2035,.F.);
#2008 = FACE_BOUND('',#2009,.F.);
#2009 = EDGE_LOOP('',(#2010,#2018,#2019,#2020,#2021,#2029));
#2010 = ORIENTED_EDGE('',*,*,#2011,.F.);
#2011 = EDGE_CURVE('',#1270,#2012,#2014,.T.);
#2012 = VERTEX_POINT('',#2013);
#2013 = CARTESIAN_POINT('',(3.05,0.68,1.5));
#2014 = LINE('',#2015,#2016);
#2015 = CARTESIAN_POINT('',(3.268119266055,0.68,0.772935779817));
#2016 = VECTOR('',#2017,1.);
#2017 = DIRECTION('',(-0.287347885566,0.,0.957826285221));
#2018 = ORIENTED_EDGE('',*,*,#1269,.F.);
#2019 = ORIENTED_EDGE('',*,*,#1247,.T.);
#2020 = ORIENTED_EDGE('',*,*,#762,.T.);
#2021 = ORIENTED_EDGE('',*,*,#2022,.T.);
#2022 = EDGE_CURVE('',#755,#2023,#2025,.T.);
#2023 = VERTEX_POINT('',#2024);
#2024 = CARTESIAN_POINT('',(2.85,0.68,1.5));
#2025 = LINE('',#2026,#2027);
#2026 = CARTESIAN_POINT('',(2.85,0.68,0.4));
#2027 = VECTOR('',#2028,1.);
#2028 = DIRECTION('',(0.,0.,1.));
#2029 = ORIENTED_EDGE('',*,*,#2030,.T.);
#2030 = EDGE_CURVE('',#2023,#2012,#2031,.T.);
#2031 = LINE('',#2032,#2033);
#2032 = CARTESIAN_POINT('',(2.85,0.68,1.5));
#2033 = VECTOR('',#2034,1.);
#2034 = DIRECTION('',(1.,0.,0.));
#2035 = PLANE('',#2036);
#2036 = AXIS2_PLACEMENT_3D('',#2037,#2038,#2039);
#2037 = CARTESIAN_POINT('',(2.85,0.68,0.4));
#2038 = DIRECTION('',(0.,1.,0.));
#2039 = DIRECTION('',(0.,-0.,1.));
#2040 = ADVANCED_FACE('',(#2041),#2068,.F.);
#2041 = FACE_BOUND('',#2042,.F.);
#2042 = EDGE_LOOP('',(#2043,#2044,#2045,#2046,#2054,#2062));
#2043 = ORIENTED_EDGE('',*,*,#2022,.F.);
#2044 = ORIENTED_EDGE('',*,*,#754,.T.);
#2045 = ORIENTED_EDGE('',*,*,#1331,.F.);
#2046 = ORIENTED_EDGE('',*,*,#2047,.T.);
#2047 = EDGE_CURVE('',#1332,#2048,#2050,.T.);
#2048 = VERTEX_POINT('',#2049);
#2049 = CARTESIAN_POINT('',(2.85,0.98,0.4));
#2050 = LINE('',#2051,#2052);
#2051 = CARTESIAN_POINT('',(2.85,0.68,0.4));
#2052 = VECTOR('',#2053,1.);
#2053 = DIRECTION('',(0.,1.,0.));
#2054 = ORIENTED_EDGE('',*,*,#2055,.T.);
#2055 = EDGE_CURVE('',#2048,#2056,#2058,.T.);
#2056 = VERTEX_POINT('',#2057);
#2057 = CARTESIAN_POINT('',(2.85,0.98,1.5));
#2058 = LINE('',#2059,#2060);
#2059 = CARTESIAN_POINT('',(2.85,0.98,0.4));
#2060 = VECTOR('',#2061,1.);
#2061 = DIRECTION('',(0.,0.,1.));
#2062 = ORIENTED_EDGE('',*,*,#2063,.F.);
#2063 = EDGE_CURVE('',#2023,#2056,#2064,.T.);
#2064 = LINE('',#2065,#2066);
#2065 = CARTESIAN_POINT('',(2.85,0.68,1.5));
#2066 = VECTOR('',#2067,1.);
#2067 = DIRECTION('',(0.,1.,0.));
#2068 = PLANE('',#2069);
#2069 = AXIS2_PLACEMENT_3D('',#2070,#2071,#2072);
#2070 = CARTESIAN_POINT('',(2.85,0.68,0.4));
#2071 = DIRECTION('',(1.,0.,0.));
#2072 = DIRECTION('',(0.,0.,1.));
#2073 = ADVANCED_FACE('',(#2074),#2099,.F.);
#2074 = FACE_BOUND('',#2075,.F.);
#2075 = EDGE_LOOP('',(#2076,#2084,#2092,#2098));
#2076 = ORIENTED_EDGE('',*,*,#2077,.F.);
#2077 = EDGE_CURVE('',#2078,#821,#2080,.T.);
#2078 = VERTEX_POINT('',#2079);
#2079 = CARTESIAN_POINT('',(2.45,-0.8,1.3));
#2080 = LINE('',#2081,#2082);
#2081 = CARTESIAN_POINT('',(2.45,-0.8,1.3));
#2082 = VECTOR('',#2083,1.);
#2083 = DIRECTION('',(0.,0.,1.));
#2084 = ORIENTED_EDGE('',*,*,#2085,.F.);
#2085 = EDGE_CURVE('',#2086,#2078,#2088,.T.);
#2086 = VERTEX_POINT('',#2087);
#2087 = CARTESIAN_POINT('',(-2.45,-0.8,1.3));
#2088 = LINE('',#2089,#2090);
#2089 = CARTESIAN_POINT('',(-2.45,-0.8,1.3));
#2090 = VECTOR('',#2091,1.);
#2091 = DIRECTION('',(1.,0.,0.));
#2092 = ORIENTED_EDGE('',*,*,#2093,.T.);
#2093 = EDGE_CURVE('',#2086,#819,#2094,.T.);
#2094 = LINE('',#2095,#2096);
#2095 = CARTESIAN_POINT('',(-2.45,-0.8,1.3));
#2096 = VECTOR('',#2097,1.);
#2097 = DIRECTION('',(0.,0.,1.));
#2098 = ORIENTED_EDGE('',*,*,#818,.T.);
#2099 = PLANE('',#2100);
#2100 = AXIS2_PLACEMENT_3D('',#2101,#2102,#2103);
#2101 = CARTESIAN_POINT('',(-2.45,-0.8,1.3));
#2102 = DIRECTION('',(0.,1.,0.));
#2103 = DIRECTION('',(0.,-0.,1.));
#2104 = ADVANCED_FACE('',(#2105),#2123,.T.);
#2105 = FACE_BOUND('',#2106,.T.);
#2106 = EDGE_LOOP('',(#2107,#2115,#2121,#2122));
#2107 = ORIENTED_EDGE('',*,*,#2108,.F.);
#2108 = EDGE_CURVE('',#2109,#829,#2111,.T.);
#2109 = VERTEX_POINT('',#2110);
#2110 = CARTESIAN_POINT('',(-2.45,-1.33,1.3));
#2111 = LINE('',#2112,#2113);
#2112 = CARTESIAN_POINT('',(-2.45,-1.33,1.3));
#2113 = VECTOR('',#2114,1.);
#2114 = DIRECTION('',(0.,0.,1.));
#2115 = ORIENTED_EDGE('',*,*,#2116,.T.);
#2116 = EDGE_CURVE('',#2109,#2086,#2117,.T.);
#2117 = LINE('',#2118,#2119);
#2118 = CARTESIAN_POINT('',(-2.45,-1.33,1.3));
#2119 = VECTOR('',#2120,1.);
#2120 = DIRECTION('',(0.,1.,0.));
#2121 = ORIENTED_EDGE('',*,*,#2093,.T.);
#2122 = ORIENTED_EDGE('',*,*,#828,.T.);
#2123 = PLANE('',#2124);
#2124 = AXIS2_PLACEMENT_3D('',#2125,#2126,#2127);
#2125 = CARTESIAN_POINT('',(-2.45,-1.33,1.3));
#2126 = DIRECTION('',(1.,0.,0.));
#2127 = DIRECTION('',(0.,0.,1.));
#2128 = ADVANCED_FACE('',(#2129),#2147,.F.);
#2129 = FACE_BOUND('',#2130,.F.);
#2130 = EDGE_LOOP('',(#2131,#2139,#2145,#2146));
#2131 = ORIENTED_EDGE('',*,*,#2132,.F.);
#2132 = EDGE_CURVE('',#2133,#837,#2135,.T.);
#2133 = VERTEX_POINT('',#2134);
#2134 = CARTESIAN_POINT('',(2.45,-1.33,1.3));
#2135 = LINE('',#2136,#2137);
#2136 = CARTESIAN_POINT('',(2.45,-1.33,1.3));
#2137 = VECTOR('',#2138,1.);
#2138 = DIRECTION('',(0.,0.,1.));
#2139 = ORIENTED_EDGE('',*,*,#2140,.T.);
#2140 = EDGE_CURVE('',#2133,#2078,#2141,.T.);
#2141 = LINE('',#2142,#2143);
#2142 = CARTESIAN_POINT('',(2.45,-1.33,1.3));
#2143 = VECTOR('',#2144,1.);
#2144 = DIRECTION('',(0.,1.,0.));
#2145 = ORIENTED_EDGE('',*,*,#2077,.T.);
#2146 = ORIENTED_EDGE('',*,*,#844,.T.);
#2147 = PLANE('',#2148);
#2148 = AXIS2_PLACEMENT_3D('',#2149,#2150,#2151);
#2149 = CARTESIAN_POINT('',(2.45,-1.33,1.3));
#2150 = DIRECTION('',(1.,0.,0.));
#2151 = DIRECTION('',(0.,0.,1.));
#2152 = ADVANCED_FACE('',(#2153),#2164,.T.);
#2153 = FACE_BOUND('',#2154,.T.);
#2154 = EDGE_LOOP('',(#2155,#2156,#2162,#2163));
#2155 = ORIENTED_EDGE('',*,*,#2132,.F.);
#2156 = ORIENTED_EDGE('',*,*,#2157,.F.);
#2157 = EDGE_CURVE('',#2109,#2133,#2158,.T.);
#2158 = LINE('',#2159,#2160);
#2159 = CARTESIAN_POINT('',(-2.45,-1.33,1.3));
#2160 = VECTOR('',#2161,1.);
#2161 = DIRECTION('',(1.,0.,0.));
#2162 = ORIENTED_EDGE('',*,*,#2108,.T.);
#2163 = ORIENTED_EDGE('',*,*,#836,.T.);
#2164 = PLANE('',#2165);
#2165 = AXIS2_PLACEMENT_3D('',#2166,#2167,#2168);
#2166 = CARTESIAN_POINT('',(-2.45,-1.33,1.3));
#2167 = DIRECTION('',(0.,1.,0.));
#2168 = DIRECTION('',(0.,-0.,1.));
#2169 = ADVANCED_FACE('',(#2170),#2195,.F.);
#2170 = FACE_BOUND('',#2171,.F.);
#2171 = EDGE_LOOP('',(#2172,#2180,#2188,#2194));
#2172 = ORIENTED_EDGE('',*,*,#2173,.F.);
#2173 = EDGE_CURVE('',#2174,#855,#2176,.T.);
#2174 = VERTEX_POINT('',#2175);
#2175 = CARTESIAN_POINT('',(2.45,0.12,1.3));
#2176 = LINE('',#2177,#2178);
#2177 = CARTESIAN_POINT('',(2.45,0.12,1.3));
#2178 = VECTOR('',#2179,1.);
#2179 = DIRECTION('',(0.,0.,1.));
#2180 = ORIENTED_EDGE('',*,*,#2181,.T.);
#2181 = EDGE_CURVE('',#2174,#2182,#2184,.T.);
#2182 = VERTEX_POINT('',#2183);
#2183 = CARTESIAN_POINT('',(2.45,0.65,1.3));
#2184 = LINE('',#2185,#2186);
#2185 = CARTESIAN_POINT('',(2.45,0.12,1.3));
#2186 = VECTOR('',#2187,1.);
#2187 = DIRECTION('',(0.,1.,0.));
#2188 = ORIENTED_EDGE('',*,*,#2189,.T.);
#2189 = EDGE_CURVE('',#2182,#853,#2190,.T.);
#2190 = LINE('',#2191,#2192);
#2191 = CARTESIAN_POINT('',(2.45,0.65,1.3));
#2192 = VECTOR('',#2193,1.);
#2193 = DIRECTION('',(0.,0.,1.));
#2194 = ORIENTED_EDGE('',*,*,#852,.T.);
#2195 = PLANE('',#2196);
#2196 = AXIS2_PLACEMENT_3D('',#2197,#2198,#2199);
#2197 = CARTESIAN_POINT('',(2.45,0.12,1.3));
#2198 = DIRECTION('',(1.,0.,0.));
#2199 = DIRECTION('',(0.,0.,1.));
#2200 = ADVANCED_FACE('',(#2201),#2219,.F.);
#2201 = FACE_BOUND('',#2202,.F.);
#2202 = EDGE_LOOP('',(#2203,#2204,#2212,#2218));
#2203 = ORIENTED_EDGE('',*,*,#2189,.F.);
#2204 = ORIENTED_EDGE('',*,*,#2205,.F.);
#2205 = EDGE_CURVE('',#2206,#2182,#2208,.T.);
#2206 = VERTEX_POINT('',#2207);
#2207 = CARTESIAN_POINT('',(-2.45,0.65,1.3));
#2208 = LINE('',#2209,#2210);
#2209 = CARTESIAN_POINT('',(-2.45,0.65,1.3));
#2210 = VECTOR('',#2211,1.);
#2211 = DIRECTION('',(1.,0.,0.));
#2212 = ORIENTED_EDGE('',*,*,#2213,.T.);
#2213 = EDGE_CURVE('',#2206,#863,#2214,.T.);
#2214 = LINE('',#2215,#2216);
#2215 = CARTESIAN_POINT('',(-2.45,0.65,1.3));
#2216 = VECTOR('',#2217,1.);
#2217 = DIRECTION('',(0.,0.,1.));
#2218 = ORIENTED_EDGE('',*,*,#862,.T.);
#2219 = PLANE('',#2220);
#2220 = AXIS2_PLACEMENT_3D('',#2221,#2222,#2223);
#2221 = CARTESIAN_POINT('',(-2.45,0.65,1.3));
#2222 = DIRECTION('',(0.,1.,0.));
#2223 = DIRECTION('',(0.,-0.,1.));
#2224 = ADVANCED_FACE('',(#2225),#2243,.T.);
#2225 = FACE_BOUND('',#2226,.T.);
#2226 = EDGE_LOOP('',(#2227,#2228,#2236,#2242));
#2227 = ORIENTED_EDGE('',*,*,#2173,.F.);
#2228 = ORIENTED_EDGE('',*,*,#2229,.F.);
#2229 = EDGE_CURVE('',#2230,#2174,#2232,.T.);
#2230 = VERTEX_POINT('',#2231);
#2231 = CARTESIAN_POINT('',(-2.45,0.12,1.3));
#2232 = LINE('',#2233,#2234);
#2233 = CARTESIAN_POINT('',(-2.45,0.12,1.3));
#2234 = VECTOR('',#2235,1.);
#2235 = DIRECTION('',(1.,0.,0.));
#2236 = ORIENTED_EDGE('',*,*,#2237,.T.);
#2237 = EDGE_CURVE('',#2230,#871,#2238,.T.);
#2238 = LINE('',#2239,#2240);
#2239 = CARTESIAN_POINT('',(-2.45,0.12,1.3));
#2240 = VECTOR('',#2241,1.);
#2241 = DIRECTION('',(0.,0.,1.));
#2242 = ORIENTED_EDGE('',*,*,#878,.T.);
#2243 = PLANE('',#2244);
#2244 = AXIS2_PLACEMENT_3D('',#2245,#2246,#2247);
#2245 = CARTESIAN_POINT('',(-2.45,0.12,1.3));
#2246 = DIRECTION('',(0.,1.,0.));
#2247 = DIRECTION('',(0.,-0.,1.));
#2248 = ADVANCED_FACE('',(#2249),#2260,.T.);
#2249 = FACE_BOUND('',#2250,.T.);
#2250 = EDGE_LOOP('',(#2251,#2252,#2258,#2259));
#2251 = ORIENTED_EDGE('',*,*,#2237,.F.);
#2252 = ORIENTED_EDGE('',*,*,#2253,.T.);
#2253 = EDGE_CURVE('',#2230,#2206,#2254,.T.);
#2254 = LINE('',#2255,#2256);
#2255 = CARTESIAN_POINT('',(-2.45,0.12,1.3));
#2256 = VECTOR('',#2257,1.);
#2257 = DIRECTION('',(0.,1.,0.));
#2258 = ORIENTED_EDGE('',*,*,#2213,.T.);
#2259 = ORIENTED_EDGE('',*,*,#870,.T.);
#2260 = PLANE('',#2261);
#2261 = AXIS2_PLACEMENT_3D('',#2262,#2263,#2264);
#2262 = CARTESIAN_POINT('',(-2.45,0.12,1.3));
#2263 = DIRECTION('',(1.,0.,0.));
#2264 = DIRECTION('',(0.,0.,1.));
#2265 = ADVANCED_FACE('',(#2266),#2284,.T.);
#2266 = FACE_BOUND('',#2267,.T.);
#2267 = EDGE_LOOP('',(#2268,#2269,#2270,#2278));
#2268 = ORIENTED_EDGE('',*,*,#1997,.F.);
#2269 = ORIENTED_EDGE('',*,*,#892,.F.);
#2270 = ORIENTED_EDGE('',*,*,#2271,.T.);
#2271 = EDGE_CURVE('',#893,#2272,#2274,.T.);
#2272 = VERTEX_POINT('',#2273);
#2273 = CARTESIAN_POINT('',(3.05,-1.64,1.5));
#2274 = LINE('',#2275,#2276);
#2275 = CARTESIAN_POINT('',(2.85,-1.64,1.5));
#2276 = VECTOR('',#2277,1.);
#2277 = DIRECTION('',(1.,0.,0.));
#2278 = ORIENTED_EDGE('',*,*,#2279,.T.);
#2279 = EDGE_CURVE('',#2272,#1986,#2280,.T.);
#2280 = LINE('',#2281,#2282);
#2281 = CARTESIAN_POINT('',(3.05,-1.64,1.5));
#2282 = VECTOR('',#2283,1.);
#2283 = DIRECTION('',(0.,1.,0.));
#2284 = PLANE('',#2285);
#2285 = AXIS2_PLACEMENT_3D('',#2286,#2287,#2288);
#2286 = CARTESIAN_POINT('',(2.85,-1.64,1.5));
#2287 = DIRECTION('',(0.,0.,1.));
#2288 = DIRECTION('',(1.,0.,-0.));
#2289 = ADVANCED_FACE('',(#2290),#2302,.F.);
#2290 = FACE_BOUND('',#2291,.F.);
#2291 = EDGE_LOOP('',(#2292,#2293,#2294,#2295,#2296));
#2292 = ORIENTED_EDGE('',*,*,#1215,.F.);
#2293 = ORIENTED_EDGE('',*,*,#933,.F.);
#2294 = ORIENTED_EDGE('',*,*,#902,.T.);
#2295 = ORIENTED_EDGE('',*,*,#2271,.T.);
#2296 = ORIENTED_EDGE('',*,*,#2297,.F.);
#2297 = EDGE_CURVE('',#1216,#2272,#2298,.T.);
#2298 = LINE('',#2299,#2300);
#2299 = CARTESIAN_POINT('',(3.268119266055,-1.64,0.772935779817));
#2300 = VECTOR('',#2301,1.);
#2301 = DIRECTION('',(-0.287347885566,0.,0.957826285221));
#2302 = PLANE('',#2303);
#2303 = AXIS2_PLACEMENT_3D('',#2304,#2305,#2306);
#2304 = CARTESIAN_POINT('',(2.85,-1.64,0.4));
#2305 = DIRECTION('',(0.,1.,0.));
#2306 = DIRECTION('',(0.,-0.,1.));
#2307 = ADVANCED_FACE('',(#2308),#2314,.F.);
#2308 = FACE_BOUND('',#2309,.F.);
#2309 = EDGE_LOOP('',(#2310,#2311,#2312,#2313));
#2310 = ORIENTED_EDGE('',*,*,#996,.F.);
#2311 = ORIENTED_EDGE('',*,*,#1146,.T.);
#2312 = ORIENTED_EDGE('',*,*,#1098,.T.);
#2313 = ORIENTED_EDGE('',*,*,#1020,.F.);
#2314 = PLANE('',#2315);
#2315 = AXIS2_PLACEMENT_3D('',#2316,#2317,#2318);
#2316 = CARTESIAN_POINT('',(-1.25,-0.33,0.8));
#2317 = DIRECTION('',(0.,1.,0.));
#2318 = DIRECTION('',(0.,-0.,1.));
#2319 = ADVANCED_FACE('',(#2320),#2338,.T.);
#2320 = FACE_BOUND('',#2321,.T.);
#2321 = EDGE_LOOP('',(#2322,#2323,#2329,#2330,#2331,#2337));
#2322 = ORIENTED_EDGE('',*,*,#1128,.F.);
#2323 = ORIENTED_EDGE('',*,*,#2324,.F.);
#2324 = EDGE_CURVE('',#1043,#1121,#2325,.T.);
#2325 = LINE('',#2326,#2327);
#2326 = CARTESIAN_POINT('',(7.E-02,-1.83,0.4));
#2327 = VECTOR('',#2328,1.);
#2328 = DIRECTION('',(0.,0.,1.));
#2329 = ORIENTED_EDGE('',*,*,#1050,.T.);
#2330 = ORIENTED_EDGE('',*,*,#981,.T.);
#2331 = ORIENTED_EDGE('',*,*,#2332,.T.);
#2332 = EDGE_CURVE('',#974,#1083,#2333,.T.);
#2333 = LINE('',#2334,#2335);
#2334 = CARTESIAN_POINT('',(7.E-02,-1.53,0.8));
#2335 = VECTOR('',#2336,1.);
#2336 = DIRECTION('',(0.,0.,1.));
#2337 = ORIENTED_EDGE('',*,*,#1090,.F.);
#2338 = PLANE('',#2339);
#2339 = AXIS2_PLACEMENT_3D('',#2340,#2341,#2342);
#2340 = CARTESIAN_POINT('',(7.E-02,-1.93,0.8));
#2341 = DIRECTION('',(1.,0.,0.));
#2342 = DIRECTION('',(0.,0.,1.));
#2343 = ADVANCED_FACE('',(#2344),#2355,.T.);
#2344 = FACE_BOUND('',#2345,.T.);
#2345 = EDGE_LOOP('',(#2346,#2347,#2353,#2354));
#2346 = ORIENTED_EDGE('',*,*,#973,.F.);
#2347 = ORIENTED_EDGE('',*,*,#2348,.T.);
#2348 = EDGE_CURVE('',#966,#1075,#2349,.T.);
#2349 = LINE('',#2350,#2351);
#2350 = CARTESIAN_POINT('',(-1.23,-1.53,0.8));
#2351 = VECTOR('',#2352,1.);
#2352 = DIRECTION('',(0.,0.,1.));
#2353 = ORIENTED_EDGE('',*,*,#1082,.T.);
#2354 = ORIENTED_EDGE('',*,*,#2332,.F.);
#2355 = PLANE('',#2356);
#2356 = AXIS2_PLACEMENT_3D('',#2357,#2358,#2359);
#2357 = CARTESIAN_POINT('',(-1.23,-1.53,0.8));
#2358 = DIRECTION('',(0.,1.,0.));
#2359 = DIRECTION('',(0.,-0.,1.));
#2360 = ADVANCED_FACE('',(#2361),#2374,.F.);
#2361 = FACE_BOUND('',#2362,.F.);
#2362 = EDGE_LOOP('',(#2363,#2364,#2370,#2371,#2372,#2373));
#2363 = ORIENTED_EDGE('',*,*,#1112,.F.);
#2364 = ORIENTED_EDGE('',*,*,#2365,.F.);
#2365 = EDGE_CURVE('',#1035,#1113,#2366,.T.);
#2366 = LINE('',#2367,#2368);
#2367 = CARTESIAN_POINT('',(-1.23,-1.83,0.4));
#2368 = VECTOR('',#2369,1.);
#2369 = DIRECTION('',(0.,0.,1.));
#2370 = ORIENTED_EDGE('',*,*,#1034,.T.);
#2371 = ORIENTED_EDGE('',*,*,#965,.T.);
#2372 = ORIENTED_EDGE('',*,*,#2348,.T.);
#2373 = ORIENTED_EDGE('',*,*,#1074,.F.);
#2374 = PLANE('',#2375);
#2375 = AXIS2_PLACEMENT_3D('',#2376,#2377,#2378);
#2376 = CARTESIAN_POINT('',(-1.23,-1.93,0.8));
#2377 = DIRECTION('',(1.,0.,0.));
#2378 = DIRECTION('',(0.,0.,1.));
#2379 = ADVANCED_FACE('',(#2380),#2405,.T.);
#2380 = FACE_BOUND('',#2381,.T.);
#2381 = EDGE_LOOP('',(#2382,#2390,#2398,#2404));
#2382 = ORIENTED_EDGE('',*,*,#2383,.F.);
#2383 = EDGE_CURVE('',#2384,#1043,#2386,.T.);
#2384 = VERTEX_POINT('',#2385);
#2385 = CARTESIAN_POINT('',(7.E-02,-1.83,0.4));
#2386 = LINE('',#2387,#2388);
#2387 = CARTESIAN_POINT('',(7.E-02,-1.83,0.4));
#2388 = VECTOR('',#2389,1.);
#2389 = DIRECTION('',(0.,0.,1.));
#2390 = ORIENTED_EDGE('',*,*,#2391,.F.);
#2391 = EDGE_CURVE('',#2392,#2384,#2394,.T.);
#2392 = VERTEX_POINT('',#2393);
#2393 = CARTESIAN_POINT('',(-1.23,-1.83,0.4));
#2394 = LINE('',#2395,#2396);
#2395 = CARTESIAN_POINT('',(-1.23,-1.83,0.4));
#2396 = VECTOR('',#2397,1.);
#2397 = DIRECTION('',(1.,0.,0.));
#2398 = ORIENTED_EDGE('',*,*,#2399,.T.);
#2399 = EDGE_CURVE('',#2392,#1035,#2400,.T.);
#2400 = LINE('',#2401,#2402);
#2401 = CARTESIAN_POINT('',(-1.23,-1.83,0.4));
#2402 = VECTOR('',#2403,1.);
#2403 = DIRECTION('',(0.,0.,1.));
#2404 = ORIENTED_EDGE('',*,*,#1042,.F.);
#2405 = PLANE('',#2406);
#2406 = AXIS2_PLACEMENT_3D('',#2407,#2408,#2409);
#2407 = CARTESIAN_POINT('',(-1.23,-1.83,0.4));
#2408 = DIRECTION('',(0.,1.,0.));
#2409 = DIRECTION('',(0.,-0.,1.));
#2410 = ADVANCED_FACE('',(#2411),#2436,.T.);
#2411 = FACE_BOUND('',#2412,.T.);
#2412 = EDGE_LOOP('',(#2413,#2421,#2429,#2435));
#2413 = ORIENTED_EDGE('',*,*,#2414,.F.);
#2414 = EDGE_CURVE('',#2415,#1113,#2417,.T.);
#2415 = VERTEX_POINT('',#2416);
#2416 = CARTESIAN_POINT('',(-1.23,-1.93,1.2));
#2417 = LINE('',#2418,#2419);
#2418 = CARTESIAN_POINT('',(-1.23,-3.13,1.2));
#2419 = VECTOR('',#2420,1.);
#2420 = DIRECTION('',(0.,1.,0.));
#2421 = ORIENTED_EDGE('',*,*,#2422,.T.);
#2422 = EDGE_CURVE('',#2415,#2423,#2425,.T.);
#2423 = VERTEX_POINT('',#2424);
#2424 = CARTESIAN_POINT('',(7.E-02,-1.93,1.2));
#2425 = LINE('',#2426,#2427);
#2426 = CARTESIAN_POINT('',(-1.23,-1.93,1.2));
#2427 = VECTOR('',#2428,1.);
#2428 = DIRECTION('',(1.,0.,0.));
#2429 = ORIENTED_EDGE('',*,*,#2430,.T.);
#2430 = EDGE_CURVE('',#2423,#1121,#2431,.T.);
#2431 = LINE('',#2432,#2433);
#2432 = CARTESIAN_POINT('',(7.E-02,-3.13,1.2));
#2433 = VECTOR('',#2434,1.);
#2434 = DIRECTION('',(0.,1.,0.));
#2435 = ORIENTED_EDGE('',*,*,#1120,.F.);
#2436 = PLANE('',#2437);
#2437 = AXIS2_PLACEMENT_3D('',#2438,#2439,#2440);
#2438 = CARTESIAN_POINT('',(-1.23,-1.93,1.2));
#2439 = DIRECTION('',(0.,0.,1.));
#2440 = DIRECTION('',(1.,0.,-0.));
#2441 = ADVANCED_FACE('',(#2442),#2453,.T.);
#2442 = FACE_BOUND('',#2443,.T.);
#2443 = EDGE_LOOP('',(#2444,#2445,#2446,#2447));
#2444 = ORIENTED_EDGE('',*,*,#1494,.F.);
#2445 = ORIENTED_EDGE('',*,*,#1346,.T.);
#2446 = ORIENTED_EDGE('',*,*,#1177,.T.);
#2447 = ORIENTED_EDGE('',*,*,#2448,.F.);
#2448 = EDGE_CURVE('',#1487,#1170,#2449,.T.);
#2449 = LINE('',#2450,#2451);
#2450 = CARTESIAN_POINT('',(3.85,0.97,0.));
#2451 = VECTOR('',#2452,1.);
#2452 = DIRECTION('',(0.,0.,1.));
#2453 = PLANE('',#2454);
#2454 = AXIS2_PLACEMENT_3D('',#2455,#2456,#2457);
#2455 = CARTESIAN_POINT('',(3.35,0.97,0.));
#2456 = DIRECTION('',(0.,1.,0.));
#2457 = DIRECTION('',(0.,-0.,1.));
#2458 = ADVANCED_FACE('',(#2459),#2465,.T.);
#2459 = FACE_BOUND('',#2460,.T.);
#2460 = EDGE_LOOP('',(#2461,#2462,#2463,#2464));
#2461 = ORIENTED_EDGE('',*,*,#1201,.F.);
#2462 = ORIENTED_EDGE('',*,*,#1486,.T.);
#2463 = ORIENTED_EDGE('',*,*,#2448,.T.);
#2464 = ORIENTED_EDGE('',*,*,#1169,.F.);
#2465 = PLANE('',#2466);
#2466 = AXIS2_PLACEMENT_3D('',#2467,#2468,#2469);
#2467 = CARTESIAN_POINT('',(3.85,0.57,0.));
#2468 = DIRECTION('',(1.,0.,0.));
#2469 = DIRECTION('',(0.,0.,1.));
#2470 = ADVANCED_FACE('',(#2471),#2477,.T.);
#2471 = FACE_BOUND('',#2472,.T.);
#2472 = EDGE_LOOP('',(#2473,#2474,#2475,#2476));
#2473 = ORIENTED_EDGE('',*,*,#2297,.F.);
#2474 = ORIENTED_EDGE('',*,*,#1233,.T.);
#2475 = ORIENTED_EDGE('',*,*,#1985,.T.);
#2476 = ORIENTED_EDGE('',*,*,#2279,.F.);
#2477 = PLANE('',#2478);
#2478 = AXIS2_PLACEMENT_3D('',#2479,#2480,#2481);
#2479 = CARTESIAN_POINT('',(3.2,-1.64,1.));
#2480 = DIRECTION('',(0.957826285221,0.,0.287347885566));
#2481 = DIRECTION('',(-0.,1.,0.));
#2482 = ADVANCED_FACE('',(#2483),#2501,.T.);
#2483 = FACE_BOUND('',#2484,.T.);
#2484 = EDGE_LOOP('',(#2485,#2486,#2487,#2495));
#2485 = ORIENTED_EDGE('',*,*,#2011,.F.);
#2486 = ORIENTED_EDGE('',*,*,#1294,.T.);
#2487 = ORIENTED_EDGE('',*,*,#2488,.T.);
#2488 = EDGE_CURVE('',#1287,#2489,#2491,.T.);
#2489 = VERTEX_POINT('',#2490);
#2490 = CARTESIAN_POINT('',(3.05,0.98,1.5));
#2491 = LINE('',#2492,#2493);
#2492 = CARTESIAN_POINT('',(3.268119266055,0.98,0.772935779817));
#2493 = VECTOR('',#2494,1.);
#2494 = DIRECTION('',(-0.287347885566,0.,0.957826285221));
#2495 = ORIENTED_EDGE('',*,*,#2496,.F.);
#2496 = EDGE_CURVE('',#2012,#2489,#2497,.T.);
#2497 = LINE('',#2498,#2499);
#2498 = CARTESIAN_POINT('',(3.05,0.68,1.5));
#2499 = VECTOR('',#2500,1.);
#2500 = DIRECTION('',(0.,1.,0.));
#2501 = PLANE('',#2502);
#2502 = AXIS2_PLACEMENT_3D('',#2503,#2504,#2505);
#2503 = CARTESIAN_POINT('',(3.2,0.68,1.));
#2504 = DIRECTION('',(0.957826285221,0.,0.287347885566));
#2505 = DIRECTION('',(-0.,1.,0.));
#2506 = ADVANCED_FACE('',(#2507),#2524,.T.);
#2507 = FACE_BOUND('',#2508,.T.);
#2508 = EDGE_LOOP('',(#2509,#2510,#2516,#2517,#2523));
#2509 = ORIENTED_EDGE('',*,*,#1286,.F.);
#2510 = ORIENTED_EDGE('',*,*,#2511,.F.);
#2511 = EDGE_CURVE('',#2048,#1279,#2512,.T.);
#2512 = LINE('',#2513,#2514);
#2513 = CARTESIAN_POINT('',(2.85,0.98,0.4));
#2514 = VECTOR('',#2515,1.);
#2515 = DIRECTION('',(1.,0.,0.));
#2516 = ORIENTED_EDGE('',*,*,#2055,.T.);
#2517 = ORIENTED_EDGE('',*,*,#2518,.T.);
#2518 = EDGE_CURVE('',#2056,#2489,#2519,.T.);
#2519 = LINE('',#2520,#2521);
#2520 = CARTESIAN_POINT('',(2.85,0.98,1.5));
#2521 = VECTOR('',#2522,1.);
#2522 = DIRECTION('',(1.,0.,0.));
#2523 = ORIENTED_EDGE('',*,*,#2488,.F.);
#2524 = PLANE('',#2525);
#2525 = AXIS2_PLACEMENT_3D('',#2526,#2527,#2528);
#2526 = CARTESIAN_POINT('',(2.85,0.98,0.4));
#2527 = DIRECTION('',(0.,1.,0.));
#2528 = DIRECTION('',(0.,-0.,1.));
#2529 = ADVANCED_FACE('',(#2530),#2536,.F.);
#2530 = FACE_BOUND('',#2531,.F.);
#2531 = EDGE_LOOP('',(#2532,#2533,#2534,#2535));
#2532 = ORIENTED_EDGE('',*,*,#2047,.F.);
#2533 = ORIENTED_EDGE('',*,*,#1339,.F.);
#2534 = ORIENTED_EDGE('',*,*,#1278,.T.);
#2535 = ORIENTED_EDGE('',*,*,#2511,.F.);
#2536 = PLANE('',#2537);
#2537 = AXIS2_PLACEMENT_3D('',#2538,#2539,#2540);
#2538 = CARTESIAN_POINT('',(2.85,0.68,0.4));
#2539 = DIRECTION('',(0.,0.,1.));
#2540 = DIRECTION('',(1.,0.,-0.));
#2541 = ADVANCED_FACE('',(#2542),#2567,.F.);
#2542 = FACE_BOUND('',#2543,.F.);
#2543 = EDGE_LOOP('',(#2544,#2552,#2553,#2561));
#2544 = ORIENTED_EDGE('',*,*,#2545,.F.);
#2545 = EDGE_CURVE('',#1408,#2546,#2548,.T.);
#2546 = VERTEX_POINT('',#2547);
#2547 = CARTESIAN_POINT('',(-2.65,0.98,0.4));
#2548 = LINE('',#2549,#2550);
#2549 = CARTESIAN_POINT('',(-2.65,0.58,0.4));
#2550 = VECTOR('',#2551,1.);
#2551 = DIRECTION('',(0.,1.,0.));
#2552 = ORIENTED_EDGE('',*,*,#1415,.F.);
#2553 = ORIENTED_EDGE('',*,*,#2554,.T.);
#2554 = EDGE_CURVE('',#400,#2555,#2557,.T.);
#2555 = VERTEX_POINT('',#2556);
#2556 = CARTESIAN_POINT('',(-2.65,0.98,0.));
#2557 = LINE('',#2558,#2559);
#2558 = CARTESIAN_POINT('',(-2.65,0.58,0.));
#2559 = VECTOR('',#2560,1.);
#2560 = DIRECTION('',(0.,1.,0.));
#2561 = ORIENTED_EDGE('',*,*,#2562,.T.);
#2562 = EDGE_CURVE('',#2555,#2546,#2563,.T.);
#2563 = LINE('',#2564,#2565);
#2564 = CARTESIAN_POINT('',(-2.65,0.98,0.));
#2565 = VECTOR('',#2566,1.);
#2566 = DIRECTION('',(0.,0.,1.));
#2567 = PLANE('',#2568);
#2568 = AXIS2_PLACEMENT_3D('',#2569,#2570,#2571);
#2569 = CARTESIAN_POINT('',(-2.65,0.58,0.));
#2570 = DIRECTION('',(1.,0.,0.));
#2571 = DIRECTION('',(0.,0.,1.));
#2572 = ADVANCED_FACE('',(#2573),#2591,.T.);
#2573 = FACE_BOUND('',#2574,.T.);
#2574 = EDGE_LOOP('',(#2575,#2576,#2577,#2585));
#2575 = ORIENTED_EDGE('',*,*,#2545,.F.);
#2576 = ORIENTED_EDGE('',*,*,#1407,.F.);
#2577 = ORIENTED_EDGE('',*,*,#2578,.T.);
#2578 = EDGE_CURVE('',#1400,#2579,#2581,.T.);
#2579 = VERTEX_POINT('',#2580);
#2580 = CARTESIAN_POINT('',(-1.85,0.98,0.4));
#2581 = LINE('',#2582,#2583);
#2582 = CARTESIAN_POINT('',(-1.85,0.58,0.4));
#2583 = VECTOR('',#2584,1.);
#2584 = DIRECTION('',(0.,1.,0.));
#2585 = ORIENTED_EDGE('',*,*,#2586,.F.);
#2586 = EDGE_CURVE('',#2546,#2579,#2587,.T.);
#2587 = LINE('',#2588,#2589);
#2588 = CARTESIAN_POINT('',(-2.65,0.98,0.4));
#2589 = VECTOR('',#2590,1.);
#2590 = DIRECTION('',(1.,0.,0.));
#2591 = PLANE('',#2592);
#2592 = AXIS2_PLACEMENT_3D('',#2593,#2594,#2595);
#2593 = CARTESIAN_POINT('',(-2.65,0.58,0.4));
#2594 = DIRECTION('',(0.,0.,1.));
#2595 = DIRECTION('',(1.,0.,-0.));
#2596 = ADVANCED_FACE('',(#2597),#2615,.T.);
#2597 = FACE_BOUND('',#2598,.T.);
#2598 = EDGE_LOOP('',(#2599,#2600,#2601,#2609));
#2599 = ORIENTED_EDGE('',*,*,#2578,.F.);
#2600 = ORIENTED_EDGE('',*,*,#1399,.F.);
#2601 = ORIENTED_EDGE('',*,*,#2602,.T.);
#2602 = EDGE_CURVE('',#424,#2603,#2605,.T.);
#2603 = VERTEX_POINT('',#2604);
#2604 = CARTESIAN_POINT('',(-1.85,0.98,0.));
#2605 = LINE('',#2606,#2607);
#2606 = CARTESIAN_POINT('',(-1.85,0.58,0.));
#2607 = VECTOR('',#2608,1.);
#2608 = DIRECTION('',(0.,1.,0.));
#2609 = ORIENTED_EDGE('',*,*,#2610,.T.);
#2610 = EDGE_CURVE('',#2603,#2579,#2611,.T.);
#2611 = LINE('',#2612,#2613);
#2612 = CARTESIAN_POINT('',(-1.85,0.98,0.));
#2613 = VECTOR('',#2614,1.);
#2614 = DIRECTION('',(0.,0.,1.));
#2615 = PLANE('',#2616);
#2616 = AXIS2_PLACEMENT_3D('',#2617,#2618,#2619);
#2617 = CARTESIAN_POINT('',(-1.85,0.58,0.));
#2618 = DIRECTION('',(1.,0.,0.));
#2619 = DIRECTION('',(0.,0.,1.));
#2620 = ADVANCED_FACE('',(#2621),#2646,.F.);
#2621 = FACE_BOUND('',#2622,.F.);
#2622 = EDGE_LOOP('',(#2623,#2631,#2632,#2640));
#2623 = ORIENTED_EDGE('',*,*,#2624,.F.);
#2624 = EDGE_CURVE('',#1385,#2625,#2627,.T.);
#2625 = VERTEX_POINT('',#2626);
#2626 = CARTESIAN_POINT('',(0.35,0.98,0.4));
#2627 = LINE('',#2628,#2629);
#2628 = CARTESIAN_POINT('',(0.35,0.58,0.4));
#2629 = VECTOR('',#2630,1.);
#2630 = DIRECTION('',(0.,1.,0.));
#2631 = ORIENTED_EDGE('',*,*,#1392,.F.);
#2632 = ORIENTED_EDGE('',*,*,#2633,.T.);
#2633 = EDGE_CURVE('',#432,#2634,#2636,.T.);
#2634 = VERTEX_POINT('',#2635);
#2635 = CARTESIAN_POINT('',(0.35,0.98,0.));
#2636 = LINE('',#2637,#2638);
#2637 = CARTESIAN_POINT('',(0.35,0.58,0.));
#2638 = VECTOR('',#2639,1.);
#2639 = DIRECTION('',(0.,1.,0.));
#2640 = ORIENTED_EDGE('',*,*,#2641,.T.);
#2641 = EDGE_CURVE('',#2634,#2625,#2642,.T.);
#2642 = LINE('',#2643,#2644);
#2643 = CARTESIAN_POINT('',(0.35,0.98,0.));
#2644 = VECTOR('',#2645,1.);
#2645 = DIRECTION('',(0.,0.,1.));
#2646 = PLANE('',#2647);
#2647 = AXIS2_PLACEMENT_3D('',#2648,#2649,#2650);
#2648 = CARTESIAN_POINT('',(0.35,0.58,0.));
#2649 = DIRECTION('',(1.,0.,0.));
#2650 = DIRECTION('',(0.,0.,1.));
#2651 = ADVANCED_FACE('',(#2652),#2670,.T.);
#2652 = FACE_BOUND('',#2653,.T.);
#2653 = EDGE_LOOP('',(#2654,#2655,#2656,#2664));
#2654 = ORIENTED_EDGE('',*,*,#2624,.F.);
#2655 = ORIENTED_EDGE('',*,*,#1384,.F.);
#2656 = ORIENTED_EDGE('',*,*,#2657,.T.);
#2657 = EDGE_CURVE('',#1377,#2658,#2660,.T.);
#2658 = VERTEX_POINT('',#2659);
#2659 = CARTESIAN_POINT('',(1.15,0.98,0.4));
#2660 = LINE('',#2661,#2662);
#2661 = CARTESIAN_POINT('',(1.15,0.58,0.4));
#2662 = VECTOR('',#2663,1.);
#2663 = DIRECTION('',(0.,1.,0.));
#2664 = ORIENTED_EDGE('',*,*,#2665,.F.);
#2665 = EDGE_CURVE('',#2625,#2658,#2666,.T.);
#2666 = LINE('',#2667,#2668);
#2667 = CARTESIAN_POINT('',(0.35,0.98,0.4));
#2668 = VECTOR('',#2669,1.);
#2669 = DIRECTION('',(1.,0.,0.));
#2670 = PLANE('',#2671);
#2671 = AXIS2_PLACEMENT_3D('',#2672,#2673,#2674);
#2672 = CARTESIAN_POINT('',(0.35,0.58,0.4));
#2673 = DIRECTION('',(0.,0.,1.));
#2674 = DIRECTION('',(1.,0.,-0.));
#2675 = ADVANCED_FACE('',(#2676),#2694,.T.);
#2676 = FACE_BOUND('',#2677,.T.);
#2677 = EDGE_LOOP('',(#2678,#2679,#2680,#2688));
#2678 = ORIENTED_EDGE('',*,*,#2657,.F.);
#2679 = ORIENTED_EDGE('',*,*,#1376,.F.);
#2680 = ORIENTED_EDGE('',*,*,#2681,.T.);
#2681 = EDGE_CURVE('',#456,#2682,#2684,.T.);
#2682 = VERTEX_POINT('',#2683);
#2683 = CARTESIAN_POINT('',(1.15,0.98,0.));
#2684 = LINE('',#2685,#2686);
#2685 = CARTESIAN_POINT('',(1.15,0.58,0.));
#2686 = VECTOR('',#2687,1.);
#2687 = DIRECTION('',(0.,1.,0.));
#2688 = ORIENTED_EDGE('',*,*,#2689,.T.);
#2689 = EDGE_CURVE('',#2682,#2658,#2690,.T.);
#2690 = LINE('',#2691,#2692);
#2691 = CARTESIAN_POINT('',(1.15,0.98,0.));
#2692 = VECTOR('',#2693,1.);
#2693 = DIRECTION('',(0.,0.,1.));
#2694 = PLANE('',#2695);
#2695 = AXIS2_PLACEMENT_3D('',#2696,#2697,#2698);
#2696 = CARTESIAN_POINT('',(1.15,0.58,0.));
#2697 = DIRECTION('',(1.,0.,0.));
#2698 = DIRECTION('',(0.,0.,1.));
#2699 = ADVANCED_FACE('',(#2700),#2725,.F.);
#2700 = FACE_BOUND('',#2701,.F.);
#2701 = EDGE_LOOP('',(#2702,#2710,#2711,#2719));
#2702 = ORIENTED_EDGE('',*,*,#2703,.F.);
#2703 = EDGE_CURVE('',#1362,#2704,#2706,.T.);
#2704 = VERTEX_POINT('',#2705);
#2705 = CARTESIAN_POINT('',(1.85,0.98,0.4));
#2706 = LINE('',#2707,#2708);
#2707 = CARTESIAN_POINT('',(1.85,0.58,0.4));
#2708 = VECTOR('',#2709,1.);
#2709 = DIRECTION('',(0.,1.,0.));
#2710 = ORIENTED_EDGE('',*,*,#1369,.F.);
#2711 = ORIENTED_EDGE('',*,*,#2712,.T.);
#2712 = EDGE_CURVE('',#464,#2713,#2715,.T.);
#2713 = VERTEX_POINT('',#2714);
#2714 = CARTESIAN_POINT('',(1.85,0.98,0.));
#2715 = LINE('',#2716,#2717);
#2716 = CARTESIAN_POINT('',(1.85,0.58,0.));
#2717 = VECTOR('',#2718,1.);
#2718 = DIRECTION('',(0.,1.,0.));
#2719 = ORIENTED_EDGE('',*,*,#2720,.T.);
#2720 = EDGE_CURVE('',#2713,#2704,#2721,.T.);
#2721 = LINE('',#2722,#2723);
#2722 = CARTESIAN_POINT('',(1.85,0.98,0.));
#2723 = VECTOR('',#2724,1.);
#2724 = DIRECTION('',(0.,0.,1.));
#2725 = PLANE('',#2726);
#2726 = AXIS2_PLACEMENT_3D('',#2727,#2728,#2729);
#2727 = CARTESIAN_POINT('',(1.85,0.58,0.));
#2728 = DIRECTION('',(1.,0.,0.));
#2729 = DIRECTION('',(0.,0.,1.));
#2730 = ADVANCED_FACE('',(#2731),#2749,.T.);
#2731 = FACE_BOUND('',#2732,.T.);
#2732 = EDGE_LOOP('',(#2733,#2734,#2735,#2743));
#2733 = ORIENTED_EDGE('',*,*,#2703,.F.);
#2734 = ORIENTED_EDGE('',*,*,#1361,.F.);
#2735 = ORIENTED_EDGE('',*,*,#2736,.T.);
#2736 = EDGE_CURVE('',#1354,#2737,#2739,.T.);
#2737 = VERTEX_POINT('',#2738);
#2738 = CARTESIAN_POINT('',(2.65,0.98,0.4));
#2739 = LINE('',#2740,#2741);
#2740 = CARTESIAN_POINT('',(2.65,0.58,0.4));
#2741 = VECTOR('',#2742,1.);
#2742 = DIRECTION('',(0.,1.,0.));
#2743 = ORIENTED_EDGE('',*,*,#2744,.F.);
#2744 = EDGE_CURVE('',#2704,#2737,#2745,.T.);
#2745 = LINE('',#2746,#2747);
#2746 = CARTESIAN_POINT('',(1.85,0.98,0.4));
#2747 = VECTOR('',#2748,1.);
#2748 = DIRECTION('',(1.,0.,0.));
#2749 = PLANE('',#2750);
#2750 = AXIS2_PLACEMENT_3D('',#2751,#2752,#2753);
#2751 = CARTESIAN_POINT('',(1.85,0.58,0.4));
#2752 = DIRECTION('',(0.,0.,1.));
#2753 = DIRECTION('',(1.,0.,-0.));
#2754 = ADVANCED_FACE('',(#2755),#2773,.T.);
#2755 = FACE_BOUND('',#2756,.T.);
#2756 = EDGE_LOOP('',(#2757,#2758,#2759,#2767));
#2757 = ORIENTED_EDGE('',*,*,#2736,.F.);
#2758 = ORIENTED_EDGE('',*,*,#1353,.F.);
#2759 = ORIENTED_EDGE('',*,*,#2760,.T.);
#2760 = EDGE_CURVE('',#488,#2761,#2763,.T.);
#2761 = VERTEX_POINT('',#2762);
#2762 = CARTESIAN_POINT('',(2.65,0.98,0.));
#2763 = LINE('',#2764,#2765);
#2764 = CARTESIAN_POINT('',(2.65,0.58,0.));
#2765 = VECTOR('',#2766,1.);
#2766 = DIRECTION('',(0.,1.,0.));
#2767 = ORIENTED_EDGE('',*,*,#2768,.T.);
#2768 = EDGE_CURVE('',#2761,#2737,#2769,.T.);
#2769 = LINE('',#2770,#2771);
#2770 = CARTESIAN_POINT('',(2.65,0.98,0.));
#2771 = VECTOR('',#2772,1.);
#2772 = DIRECTION('',(0.,0.,1.));
#2773 = PLANE('',#2774);
#2774 = AXIS2_PLACEMENT_3D('',#2775,#2776,#2777);
#2775 = CARTESIAN_POINT('',(2.65,0.58,0.));
#2776 = DIRECTION('',(1.,0.,0.));
#2777 = DIRECTION('',(0.,0.,1.));
#2778 = ADVANCED_FACE('',(#2779),#2790,.F.);
#2779 = FACE_BOUND('',#2780,.F.);
#2780 = EDGE_LOOP('',(#2781,#2782,#2788,#2789));
#2781 = ORIENTED_EDGE('',*,*,#1937,.F.);
#2782 = ORIENTED_EDGE('',*,*,#2783,.T.);
#2783 = EDGE_CURVE('',#1930,#1759,#2784,.T.);
#2784 = LINE('',#2785,#2786);
#2785 = CARTESIAN_POINT('',(-2.85,0.98,0.4));
#2786 = VECTOR('',#2787,1.);
#2787 = DIRECTION('',(-1.,0.,0.));
#2788 = ORIENTED_EDGE('',*,*,#1768,.T.);
#2789 = ORIENTED_EDGE('',*,*,#1316,.F.);
#2790 = PLANE('',#2791);
#2791 = AXIS2_PLACEMENT_3D('',#2792,#2793,#2794);
#2792 = CARTESIAN_POINT('',(-2.85,0.98,0.4));
#2793 = DIRECTION('',(0.,0.,1.));
#2794 = DIRECTION('',(-1.,0.,0.));
#2795 = ADVANCED_FACE('',(#2796),#2807,.T.);
#2796 = FACE_BOUND('',#2797,.T.);
#2797 = EDGE_LOOP('',(#2798,#2799,#2805,#2806));
#2798 = ORIENTED_EDGE('',*,*,#1446,.F.);
#2799 = ORIENTED_EDGE('',*,*,#2800,.T.);
#2800 = EDGE_CURVE('',#1432,#1735,#2801,.T.);
#2801 = LINE('',#2802,#2803);
#2802 = CARTESIAN_POINT('',(-3.85,0.97,0.));
#2803 = VECTOR('',#2804,1.);
#2804 = DIRECTION('',(0.,0.,1.));
#2805 = ORIENTED_EDGE('',*,*,#1744,.T.);
#2806 = ORIENTED_EDGE('',*,*,#1309,.F.);
#2807 = PLANE('',#2808);
#2808 = AXIS2_PLACEMENT_3D('',#2809,#2810,#2811);
#2809 = CARTESIAN_POINT('',(-3.85,0.97,0.));
#2810 = DIRECTION('',(0.,1.,0.));
#2811 = DIRECTION('',(0.,-0.,1.));
#2812 = ADVANCED_FACE('',(#2813),#2819,.F.);
#2813 = FACE_BOUND('',#2814,.F.);
#2814 = EDGE_LOOP('',(#2815,#2816,#2817,#2818));
#2815 = ORIENTED_EDGE('',*,*,#1711,.F.);
#2816 = ORIENTED_EDGE('',*,*,#1429,.T.);
#2817 = ORIENTED_EDGE('',*,*,#2800,.T.);
#2818 = ORIENTED_EDGE('',*,*,#1734,.F.);
#2819 = PLANE('',#2820);
#2820 = AXIS2_PLACEMENT_3D('',#2821,#2822,#2823);
#2821 = CARTESIAN_POINT('',(-3.85,0.57,0.));
#2822 = DIRECTION('',(1.,0.,0.));
#2823 = DIRECTION('',(0.,0.,1.));
#2824 = ADVANCED_FACE('',(#2825),#2843,.F.);
#2825 = FACE_BOUND('',#2826,.F.);
#2826 = EDGE_LOOP('',(#2827,#2828,#2829,#2837));
#2827 = ORIENTED_EDGE('',*,*,#2712,.F.);
#2828 = ORIENTED_EDGE('',*,*,#1527,.T.);
#2829 = ORIENTED_EDGE('',*,*,#2830,.T.);
#2830 = EDGE_CURVE('',#1520,#2831,#2833,.T.);
#2831 = VERTEX_POINT('',#2832);
#2832 = CARTESIAN_POINT('',(2.05,0.98,0.));
#2833 = LINE('',#2834,#2835);
#2834 = CARTESIAN_POINT('',(2.05,0.97,0.));
#2835 = VECTOR('',#2836,1.);
#2836 = DIRECTION('',(0.,1.,0.));
#2837 = ORIENTED_EDGE('',*,*,#2838,.F.);
#2838 = EDGE_CURVE('',#2713,#2831,#2839,.T.);
#2839 = LINE('',#2840,#2841);
#2840 = CARTESIAN_POINT('',(1.85,0.98,0.));
#2841 = VECTOR('',#2842,1.);
#2842 = DIRECTION('',(1.,0.,0.));
#2843 = PLANE('',#2844);
#2844 = AXIS2_PLACEMENT_3D('',#2845,#2846,#2847);
#2845 = CARTESIAN_POINT('',(1.85,0.58,0.));
#2846 = DIRECTION('',(0.,0.,1.));
#2847 = DIRECTION('',(1.,0.,-0.));
#2848 = ADVANCED_FACE('',(#2849),#2867,.F.);
#2849 = FACE_BOUND('',#2850,.F.);
#2850 = EDGE_LOOP('',(#2851,#2852,#2853,#2861));
#2851 = ORIENTED_EDGE('',*,*,#2830,.F.);
#2852 = ORIENTED_EDGE('',*,*,#1519,.T.);
#2853 = ORIENTED_EDGE('',*,*,#2854,.T.);
#2854 = EDGE_CURVE('',#1512,#2855,#2857,.T.);
#2855 = VERTEX_POINT('',#2856);
#2856 = CARTESIAN_POINT('',(2.45,0.98,0.));
#2857 = LINE('',#2858,#2859);
#2858 = CARTESIAN_POINT('',(2.45,0.97,0.));
#2859 = VECTOR('',#2860,1.);
#2860 = DIRECTION('',(0.,1.,0.));
#2861 = ORIENTED_EDGE('',*,*,#2862,.F.);
#2862 = EDGE_CURVE('',#2831,#2855,#2863,.T.);
#2863 = LINE('',#2864,#2865);
#2864 = CARTESIAN_POINT('',(1.85,0.98,0.));
#2865 = VECTOR('',#2866,1.);
#2866 = DIRECTION('',(1.,0.,0.));
#2867 = PLANE('',#2868);
#2868 = AXIS2_PLACEMENT_3D('',#2869,#2870,#2871);
#2869 = CARTESIAN_POINT('',(1.85,0.58,0.));
#2870 = DIRECTION('',(0.,0.,1.));
#2871 = DIRECTION('',(1.,0.,-0.));
#2872 = ADVANCED_FACE('',(#2873),#2884,.F.);
#2873 = FACE_BOUND('',#2874,.F.);
#2874 = EDGE_LOOP('',(#2875,#2876,#2877,#2883));
#2875 = ORIENTED_EDGE('',*,*,#1511,.T.);
#2876 = ORIENTED_EDGE('',*,*,#2760,.T.);
#2877 = ORIENTED_EDGE('',*,*,#2878,.F.);
#2878 = EDGE_CURVE('',#2855,#2761,#2879,.T.);
#2879 = LINE('',#2880,#2881);
#2880 = CARTESIAN_POINT('',(1.85,0.98,0.));
#2881 = VECTOR('',#2882,1.);
#2882 = DIRECTION('',(1.,0.,0.));
#2883 = ORIENTED_EDGE('',*,*,#2854,.F.);
#2884 = PLANE('',#2885);
#2885 = AXIS2_PLACEMENT_3D('',#2886,#2887,#2888);
#2886 = CARTESIAN_POINT('',(1.85,0.58,0.));
#2887 = DIRECTION('',(0.,0.,1.));
#2888 = DIRECTION('',(1.,0.,-0.));
#2889 = ADVANCED_FACE('',(#2890),#2908,.F.);
#2890 = FACE_BOUND('',#2891,.F.);
#2891 = EDGE_LOOP('',(#2892,#2893,#2894,#2902));
#2892 = ORIENTED_EDGE('',*,*,#2633,.F.);
#2893 = ORIENTED_EDGE('',*,*,#1560,.T.);
#2894 = ORIENTED_EDGE('',*,*,#2895,.T.);
#2895 = EDGE_CURVE('',#1553,#2896,#2898,.T.);
#2896 = VERTEX_POINT('',#2897);
#2897 = CARTESIAN_POINT('',(0.55,0.98,0.));
#2898 = LINE('',#2899,#2900);
#2899 = CARTESIAN_POINT('',(0.55,0.97,0.));
#2900 = VECTOR('',#2901,1.);
#2901 = DIRECTION('',(0.,1.,0.));
#2902 = ORIENTED_EDGE('',*,*,#2903,.F.);
#2903 = EDGE_CURVE('',#2634,#2896,#2904,.T.);
#2904 = LINE('',#2905,#2906);
#2905 = CARTESIAN_POINT('',(0.35,0.98,0.));
#2906 = VECTOR('',#2907,1.);
#2907 = DIRECTION('',(1.,0.,0.));
#2908 = PLANE('',#2909);
#2909 = AXIS2_PLACEMENT_3D('',#2910,#2911,#2912);
#2910 = CARTESIAN_POINT('',(0.35,0.58,0.));
#2911 = DIRECTION('',(0.,0.,1.));
#2912 = DIRECTION('',(1.,0.,-0.));
#2913 = ADVANCED_FACE('',(#2914),#2932,.F.);
#2914 = FACE_BOUND('',#2915,.F.);
#2915 = EDGE_LOOP('',(#2916,#2917,#2918,#2926));
#2916 = ORIENTED_EDGE('',*,*,#2895,.F.);
#2917 = ORIENTED_EDGE('',*,*,#1552,.T.);
#2918 = ORIENTED_EDGE('',*,*,#2919,.T.);
#2919 = EDGE_CURVE('',#1545,#2920,#2922,.T.);
#2920 = VERTEX_POINT('',#2921);
#2921 = CARTESIAN_POINT('',(0.95,0.98,0.));
#2922 = LINE('',#2923,#2924);
#2923 = CARTESIAN_POINT('',(0.95,0.97,0.));
#2924 = VECTOR('',#2925,1.);
#2925 = DIRECTION('',(0.,1.,0.));
#2926 = ORIENTED_EDGE('',*,*,#2927,.F.);
#2927 = EDGE_CURVE('',#2896,#2920,#2928,.T.);
#2928 = LINE('',#2929,#2930);
#2929 = CARTESIAN_POINT('',(0.35,0.98,0.));
#2930 = VECTOR('',#2931,1.);
#2931 = DIRECTION('',(1.,0.,0.));
#2932 = PLANE('',#2933);
#2933 = AXIS2_PLACEMENT_3D('',#2934,#2935,#2936);
#2934 = CARTESIAN_POINT('',(0.35,0.58,0.));
#2935 = DIRECTION('',(0.,0.,1.));
#2936 = DIRECTION('',(1.,0.,-0.));
#2937 = ADVANCED_FACE('',(#2938),#2949,.F.);
#2938 = FACE_BOUND('',#2939,.F.);
#2939 = EDGE_LOOP('',(#2940,#2941,#2942,#2948));
#2940 = ORIENTED_EDGE('',*,*,#1544,.T.);
#2941 = ORIENTED_EDGE('',*,*,#2681,.T.);
#2942 = ORIENTED_EDGE('',*,*,#2943,.F.);
#2943 = EDGE_CURVE('',#2920,#2682,#2944,.T.);
#2944 = LINE('',#2945,#2946);
#2945 = CARTESIAN_POINT('',(0.35,0.98,0.));
#2946 = VECTOR('',#2947,1.);
#2947 = DIRECTION('',(1.,0.,0.));
#2948 = ORIENTED_EDGE('',*,*,#2919,.F.);
#2949 = PLANE('',#2950);
#2950 = AXIS2_PLACEMENT_3D('',#2951,#2952,#2953);
#2951 = CARTESIAN_POINT('',(0.35,0.58,0.));
#2952 = DIRECTION('',(0.,0.,1.));
#2953 = DIRECTION('',(1.,0.,-0.));
#2954 = ADVANCED_FACE('',(#2955),#2973,.F.);
#2955 = FACE_BOUND('',#2956,.F.);
#2956 = EDGE_LOOP('',(#2957,#2958,#2959,#2967));
#2957 = ORIENTED_EDGE('',*,*,#2554,.F.);
#2958 = ORIENTED_EDGE('',*,*,#1593,.T.);
#2959 = ORIENTED_EDGE('',*,*,#2960,.T.);
#2960 = EDGE_CURVE('',#1586,#2961,#2963,.T.);
#2961 = VERTEX_POINT('',#2962);
#2962 = CARTESIAN_POINT('',(-2.45,0.98,0.));
#2963 = LINE('',#2964,#2965);
#2964 = CARTESIAN_POINT('',(-2.45,0.97,0.));
#2965 = VECTOR('',#2966,1.);
#2966 = DIRECTION('',(0.,1.,0.));
#2967 = ORIENTED_EDGE('',*,*,#2968,.F.);
#2968 = EDGE_CURVE('',#2555,#2961,#2969,.T.);
#2969 = LINE('',#2970,#2971);
#2970 = CARTESIAN_POINT('',(-2.65,0.98,0.));
#2971 = VECTOR('',#2972,1.);
#2972 = DIRECTION('',(1.,0.,0.));
#2973 = PLANE('',#2974);
#2974 = AXIS2_PLACEMENT_3D('',#2975,#2976,#2977);
#2975 = CARTESIAN_POINT('',(-2.65,0.58,0.));
#2976 = DIRECTION('',(0.,0.,1.));
#2977 = DIRECTION('',(1.,0.,-0.));
#2978 = ADVANCED_FACE('',(#2979),#2997,.F.);
#2979 = FACE_BOUND('',#2980,.F.);
#2980 = EDGE_LOOP('',(#2981,#2982,#2983,#2991));
#2981 = ORIENTED_EDGE('',*,*,#2960,.F.);
#2982 = ORIENTED_EDGE('',*,*,#1585,.T.);
#2983 = ORIENTED_EDGE('',*,*,#2984,.T.);
#2984 = EDGE_CURVE('',#1578,#2985,#2987,.T.);
#2985 = VERTEX_POINT('',#2986);
#2986 = CARTESIAN_POINT('',(-2.05,0.98,0.));
#2987 = LINE('',#2988,#2989);
#2988 = CARTESIAN_POINT('',(-2.05,0.97,0.));
#2989 = VECTOR('',#2990,1.);
#2990 = DIRECTION('',(0.,1.,0.));
#2991 = ORIENTED_EDGE('',*,*,#2992,.F.);
#2992 = EDGE_CURVE('',#2961,#2985,#2993,.T.);
#2993 = LINE('',#2994,#2995);
#2994 = CARTESIAN_POINT('',(-2.65,0.98,0.));
#2995 = VECTOR('',#2996,1.);
#2996 = DIRECTION('',(1.,0.,0.));
#2997 = PLANE('',#2998);
#2998 = AXIS2_PLACEMENT_3D('',#2999,#3000,#3001);
#2999 = CARTESIAN_POINT('',(-2.65,0.58,0.));
#3000 = DIRECTION('',(0.,0.,1.));
#3001 = DIRECTION('',(1.,0.,-0.));
#3002 = ADVANCED_FACE('',(#3003),#3014,.F.);
#3003 = FACE_BOUND('',#3004,.F.);
#3004 = EDGE_LOOP('',(#3005,#3006,#3007,#3013));
#3005 = ORIENTED_EDGE('',*,*,#1577,.T.);
#3006 = ORIENTED_EDGE('',*,*,#2602,.T.);
#3007 = ORIENTED_EDGE('',*,*,#3008,.F.);
#3008 = EDGE_CURVE('',#2985,#2603,#3009,.T.);
#3009 = LINE('',#3010,#3011);
#3010 = CARTESIAN_POINT('',(-2.65,0.98,0.));
#3011 = VECTOR('',#3012,1.);
#3012 = DIRECTION('',(1.,0.,0.));
#3013 = ORIENTED_EDGE('',*,*,#2984,.F.);
#3014 = PLANE('',#3015);
#3015 = AXIS2_PLACEMENT_3D('',#3016,#3017,#3018);
#3016 = CARTESIAN_POINT('',(-2.65,0.58,0.));
#3017 = DIRECTION('',(0.,0.,1.));
#3018 = DIRECTION('',(1.,0.,-0.));
#3019 = ADVANCED_FACE('',(#3020),#3039,.T.);
#3020 = FACE_BOUND('',#3021,.T.);
#3021 = EDGE_LOOP('',(#3022,#3031,#3037,#3038));
#3022 = ORIENTED_EDGE('',*,*,#3023,.T.);
#3023 = EDGE_CURVE('',#3024,#3024,#3026,.T.);
#3024 = VERTEX_POINT('',#3025);
#3025 = CARTESIAN_POINT('',(1.8,-0.33,-0.5));
#3026 = CIRCLE('',#3027,0.3);
#3027 = AXIS2_PLACEMENT_3D('',#3028,#3029,#3030);
#3028 = CARTESIAN_POINT('',(1.5,-0.33,-0.5));
#3029 = DIRECTION('',(0.,0.,1.));
#3030 = DIRECTION('',(1.,0.,-0.));
#3031 = ORIENTED_EDGE('',*,*,#3032,.F.);
#3032 = EDGE_CURVE('',#1608,#3024,#3033,.T.);
#3033 = LINE('',#3034,#3035);
#3034 = CARTESIAN_POINT('',(1.9,-0.33,-0.4));
#3035 = VECTOR('',#3036,1.);
#3036 = DIRECTION('',(-0.707106781187,-0.,-0.707106781187));
#3037 = ORIENTED_EDGE('',*,*,#1607,.F.);
#3038 = ORIENTED_EDGE('',*,*,#3032,.T.);
#3039 = CONICAL_SURFACE('',#3040,0.4,0.785398163397);
#3040 = AXIS2_PLACEMENT_3D('',#3041,#3042,#3043);
#3041 = CARTESIAN_POINT('',(1.5,-0.33,-0.4));
#3042 = DIRECTION('',(0.,0.,1.));
#3043 = DIRECTION('',(1.,0.,-0.));
#3044 = ADVANCED_FACE('',(#3045),#3064,.T.);
#3045 = FACE_BOUND('',#3046,.T.);
#3046 = EDGE_LOOP('',(#3047,#3056,#3062,#3063));
#3047 = ORIENTED_EDGE('',*,*,#3048,.T.);
#3048 = EDGE_CURVE('',#3049,#3049,#3051,.T.);
#3049 = VERTEX_POINT('',#3050);
#3050 = CARTESIAN_POINT('',(-1.2,-0.33,-0.5));
#3051 = CIRCLE('',#3052,0.3);
#3052 = AXIS2_PLACEMENT_3D('',#3053,#3054,#3055);
#3053 = CARTESIAN_POINT('',(-1.5,-0.33,-0.5));
#3054 = DIRECTION('',(0.,0.,1.));
#3055 = DIRECTION('',(1.,0.,-0.));
#3056 = ORIENTED_EDGE('',*,*,#3057,.F.);
#3057 = EDGE_CURVE('',#1633,#3049,#3058,.T.);
#3058 = LINE('',#3059,#3060);
#3059 = CARTESIAN_POINT('',(-1.1,-0.33,-0.4));
#3060 = VECTOR('',#3061,1.);
#3061 = DIRECTION('',(-0.707106781187,-0.,-0.707106781187));
#3062 = ORIENTED_EDGE('',*,*,#1632,.F.);
#3063 = ORIENTED_EDGE('',*,*,#3057,.T.);
#3064 = CONICAL_SURFACE('',#3065,0.4,0.785398163397);
#3065 = AXIS2_PLACEMENT_3D('',#3066,#3067,#3068);
#3066 = CARTESIAN_POINT('',(-1.5,-0.33,-0.4));
#3067 = DIRECTION('',(0.,0.,1.));
#3068 = DIRECTION('',(1.,0.,-0.));
#3069 = ADVANCED_FACE('',(#3070),#3089,.F.);
#3070 = FACE_BOUND('',#3071,.F.);
#3071 = EDGE_LOOP('',(#3072,#3073,#3074,#3075,#3083));
#3072 = ORIENTED_EDGE('',*,*,#1758,.F.);
#3073 = ORIENTED_EDGE('',*,*,#2783,.F.);
#3074 = ORIENTED_EDGE('',*,*,#1929,.T.);
#3075 = ORIENTED_EDGE('',*,*,#3076,.T.);
#3076 = EDGE_CURVE('',#1920,#3077,#3079,.T.);
#3077 = VERTEX_POINT('',#3078);
#3078 = CARTESIAN_POINT('',(-3.05,0.98,1.5));
#3079 = LINE('',#3080,#3081);
#3080 = CARTESIAN_POINT('',(-2.85,0.98,1.5));
#3081 = VECTOR('',#3082,1.);
#3082 = DIRECTION('',(-1.,0.,0.));
#3083 = ORIENTED_EDGE('',*,*,#3084,.F.);
#3084 = EDGE_CURVE('',#1761,#3077,#3085,.T.);
#3085 = LINE('',#3086,#3087);
#3086 = CARTESIAN_POINT('',(-3.268119266055,0.98,0.772935779817));
#3087 = VECTOR('',#3088,1.);
#3088 = DIRECTION('',(0.287347885566,0.,0.957826285221));
#3089 = PLANE('',#3090);
#3090 = AXIS2_PLACEMENT_3D('',#3091,#3092,#3093);
#3091 = CARTESIAN_POINT('',(-2.85,0.98,0.4));
#3092 = DIRECTION('',(0.,-1.,0.));
#3093 = DIRECTION('',(0.,0.,1.));
#3094 = ADVANCED_FACE('',(#3095),#3106,.T.);
#3095 = FACE_BOUND('',#3096,.T.);
#3096 = EDGE_LOOP('',(#3097,#3098,#3099,#3100));
#3097 = ORIENTED_EDGE('',*,*,#3084,.F.);
#3098 = ORIENTED_EDGE('',*,*,#1783,.T.);
#3099 = ORIENTED_EDGE('',*,*,#1959,.T.);
#3100 = ORIENTED_EDGE('',*,*,#3101,.F.);
#3101 = EDGE_CURVE('',#3077,#1960,#3102,.T.);
#3102 = LINE('',#3103,#3104);
#3103 = CARTESIAN_POINT('',(-3.05,0.98,1.5));
#3104 = VECTOR('',#3105,1.);
#3105 = DIRECTION('',(0.,-1.,0.));
#3106 = PLANE('',#3107);
#3107 = AXIS2_PLACEMENT_3D('',#3108,#3109,#3110);
#3108 = CARTESIAN_POINT('',(-3.2,0.98,1.));
#3109 = DIRECTION('',(-0.957826285221,0.,0.287347885566));
#3110 = DIRECTION('',(0.,-1.,0.));
#3111 = ADVANCED_FACE('',(#3112),#3118,.T.);
#3112 = FACE_BOUND('',#3113,.T.);
#3113 = EDGE_LOOP('',(#3114,#3115,#3116,#3117));
#3114 = ORIENTED_EDGE('',*,*,#1876,.F.);
#3115 = ORIENTED_EDGE('',*,*,#1837,.T.);
#3116 = ORIENTED_EDGE('',*,*,#1862,.T.);
#3117 = ORIENTED_EDGE('',*,*,#1905,.F.);
#3118 = PLANE('',#3119);
#3119 = AXIS2_PLACEMENT_3D('',#3120,#3121,#3122);
#3120 = CARTESIAN_POINT('',(-3.2,-1.34,1.));
#3121 = DIRECTION('',(-0.957826285221,0.,0.287347885566));
#3122 = DIRECTION('',(0.,-1.,0.));
#3123 = ADVANCED_FACE('',(#3124),#3130,.T.);
#3124 = FACE_BOUND('',#3125,.T.);
#3125 = EDGE_LOOP('',(#3126,#3127,#3128,#3129));
#3126 = ORIENTED_EDGE('',*,*,#1971,.F.);
#3127 = ORIENTED_EDGE('',*,*,#1919,.F.);
#3128 = ORIENTED_EDGE('',*,*,#3076,.T.);
#3129 = ORIENTED_EDGE('',*,*,#3101,.T.);
#3130 = PLANE('',#3131);
#3131 = AXIS2_PLACEMENT_3D('',#3132,#3133,#3134);
#3132 = CARTESIAN_POINT('',(-2.85,0.98,1.5));
#3133 = DIRECTION('',(0.,0.,1.));
#3134 = DIRECTION('',(-1.,0.,0.));
#3135 = ADVANCED_FACE('',(#3136),#3142,.T.);
#3136 = FACE_BOUND('',#3137,.T.);
#3137 = EDGE_LOOP('',(#3138,#3139,#3140,#3141));
#3138 = ORIENTED_EDGE('',*,*,#2518,.F.);
#3139 = ORIENTED_EDGE('',*,*,#2063,.F.);
#3140 = ORIENTED_EDGE('',*,*,#2030,.T.);
#3141 = ORIENTED_EDGE('',*,*,#2496,.T.);
#3142 = PLANE('',#3143);
#3143 = AXIS2_PLACEMENT_3D('',#3144,#3145,#3146);
#3144 = CARTESIAN_POINT('',(2.85,0.68,1.5));
#3145 = DIRECTION('',(0.,0.,1.));
#3146 = DIRECTION('',(1.,0.,-0.));
#3147 = ADVANCED_FACE('',(#3148),#3154,.T.);
#3148 = FACE_BOUND('',#3149,.T.);
#3149 = EDGE_LOOP('',(#3150,#3151,#3152,#3153));
#3150 = ORIENTED_EDGE('',*,*,#2116,.F.);
#3151 = ORIENTED_EDGE('',*,*,#2157,.T.);
#3152 = ORIENTED_EDGE('',*,*,#2140,.T.);
#3153 = ORIENTED_EDGE('',*,*,#2085,.F.);
#3154 = PLANE('',#3155);
#3155 = AXIS2_PLACEMENT_3D('',#3156,#3157,#3158);
#3156 = CARTESIAN_POINT('',(-2.45,-1.33,1.3));
#3157 = DIRECTION('',(0.,0.,1.));
#3158 = DIRECTION('',(1.,0.,-0.));
#3159 = ADVANCED_FACE('',(#3160),#3166,.T.);
#3160 = FACE_BOUND('',#3161,.T.);
#3161 = EDGE_LOOP('',(#3162,#3163,#3164,#3165));
#3162 = ORIENTED_EDGE('',*,*,#2253,.F.);
#3163 = ORIENTED_EDGE('',*,*,#2229,.T.);
#3164 = ORIENTED_EDGE('',*,*,#2181,.T.);
#3165 = ORIENTED_EDGE('',*,*,#2205,.F.);
#3166 = PLANE('',#3167);
#3167 = AXIS2_PLACEMENT_3D('',#3168,#3169,#3170);
#3168 = CARTESIAN_POINT('',(-2.45,0.12,1.3));
#3169 = DIRECTION('',(0.,0.,1.));
#3170 = DIRECTION('',(1.,0.,-0.));
#3171 = ADVANCED_FACE('',(#3172),#3190,.T.);
#3172 = FACE_BOUND('',#3173,.T.);
#3173 = EDGE_LOOP('',(#3174,#3175,#3183,#3189));
#3174 = ORIENTED_EDGE('',*,*,#2430,.F.);
#3175 = ORIENTED_EDGE('',*,*,#3176,.F.);
#3176 = EDGE_CURVE('',#3177,#2423,#3179,.T.);
#3177 = VERTEX_POINT('',#3178);
#3178 = CARTESIAN_POINT('',(7.E-02,-1.93,0.8));
#3179 = LINE('',#3180,#3181);
#3180 = CARTESIAN_POINT('',(7.E-02,-1.93,0.8));
#3181 = VECTOR('',#3182,1.);
#3182 = DIRECTION('',(0.,0.,1.));
#3183 = ORIENTED_EDGE('',*,*,#3184,.T.);
#3184 = EDGE_CURVE('',#3177,#1043,#3185,.T.);
#3185 = LINE('',#3186,#3187);
#3186 = CARTESIAN_POINT('',(7.E-02,-1.93,0.8));
#3187 = VECTOR('',#3188,1.);
#3188 = DIRECTION('',(0.,1.,0.));
#3189 = ORIENTED_EDGE('',*,*,#2324,.T.);
#3190 = PLANE('',#3191);
#3191 = AXIS2_PLACEMENT_3D('',#3192,#3193,#3194);
#3192 = CARTESIAN_POINT('',(7.E-02,-3.13,0.4));
#3193 = DIRECTION('',(1.,0.,0.));
#3194 = DIRECTION('',(0.,0.,1.));
#3195 = ADVANCED_FACE('',(#3196),#3214,.F.);
#3196 = FACE_BOUND('',#3197,.F.);
#3197 = EDGE_LOOP('',(#3198,#3199,#3207,#3213));
#3198 = ORIENTED_EDGE('',*,*,#2414,.F.);
#3199 = ORIENTED_EDGE('',*,*,#3200,.F.);
#3200 = EDGE_CURVE('',#3201,#2415,#3203,.T.);
#3201 = VERTEX_POINT('',#3202);
#3202 = CARTESIAN_POINT('',(-1.23,-1.93,0.8));
#3203 = LINE('',#3204,#3205);
#3204 = CARTESIAN_POINT('',(-1.23,-1.93,0.8));
#3205 = VECTOR('',#3206,1.);
#3206 = DIRECTION('',(0.,0.,1.));
#3207 = ORIENTED_EDGE('',*,*,#3208,.T.);
#3208 = EDGE_CURVE('',#3201,#1035,#3209,.T.);
#3209 = LINE('',#3210,#3211);
#3210 = CARTESIAN_POINT('',(-1.23,-1.93,0.8));
#3211 = VECTOR('',#3212,1.);
#3212 = DIRECTION('',(0.,1.,0.));
#3213 = ORIENTED_EDGE('',*,*,#2365,.T.);
#3214 = PLANE('',#3215);
#3215 = AXIS2_PLACEMENT_3D('',#3216,#3217,#3218);
#3216 = CARTESIAN_POINT('',(-1.23,-3.13,0.4));
#3217 = DIRECTION('',(1.,0.,0.));
#3218 = DIRECTION('',(0.,0.,1.));
#3219 = ADVANCED_FACE('',(#3220),#3247,.T.);
#3220 = FACE_BOUND('',#3221,.T.);
#3221 = EDGE_LOOP('',(#3222,#3230,#3238,#3244,#3245,#3246));
#3222 = ORIENTED_EDGE('',*,*,#3223,.F.);
#3223 = EDGE_CURVE('',#3224,#2423,#3226,.T.);
#3224 = VERTEX_POINT('',#3225);
#3225 = CARTESIAN_POINT('',(7.E-02,-2.93,1.2));
#3226 = LINE('',#3227,#3228);
#3227 = CARTESIAN_POINT('',(7.E-02,-3.13,1.2));
#3228 = VECTOR('',#3229,1.);
#3229 = DIRECTION('',(0.,1.,0.));
#3230 = ORIENTED_EDGE('',*,*,#3231,.F.);
#3231 = EDGE_CURVE('',#3232,#3224,#3234,.T.);
#3232 = VERTEX_POINT('',#3233);
#3233 = CARTESIAN_POINT('',(7.E-02,-2.93,0.4));
#3234 = LINE('',#3235,#3236);
#3235 = CARTESIAN_POINT('',(7.E-02,-2.93,0.4));
#3236 = VECTOR('',#3237,1.);
#3237 = DIRECTION('',(0.,0.,1.));
#3238 = ORIENTED_EDGE('',*,*,#3239,.T.);
#3239 = EDGE_CURVE('',#3232,#2384,#3240,.T.);
#3240 = LINE('',#3241,#3242);
#3241 = CARTESIAN_POINT('',(7.E-02,-3.13,0.4));
#3242 = VECTOR('',#3243,1.);
#3243 = DIRECTION('',(0.,1.,0.));
#3244 = ORIENTED_EDGE('',*,*,#2383,.T.);
#3245 = ORIENTED_EDGE('',*,*,#3184,.F.);
#3246 = ORIENTED_EDGE('',*,*,#3176,.T.);
#3247 = PLANE('',#3248);
#3248 = AXIS2_PLACEMENT_3D('',#3249,#3250,#3251);
#3249 = CARTESIAN_POINT('',(7.E-02,-3.13,0.4));
#3250 = DIRECTION('',(1.,0.,0.));
#3251 = DIRECTION('',(0.,0.,1.));
#3252 = ADVANCED_FACE('',(#3253),#3280,.F.);
#3253 = FACE_BOUND('',#3254,.F.);
#3254 = EDGE_LOOP('',(#3255,#3263,#3271,#3277,#3278,#3279));
#3255 = ORIENTED_EDGE('',*,*,#3256,.F.);
#3256 = EDGE_CURVE('',#3257,#2415,#3259,.T.);
#3257 = VERTEX_POINT('',#3258);
#3258 = CARTESIAN_POINT('',(-1.23,-2.93,1.2));
#3259 = LINE('',#3260,#3261);
#3260 = CARTESIAN_POINT('',(-1.23,-3.13,1.2));
#3261 = VECTOR('',#3262,1.);
#3262 = DIRECTION('',(0.,1.,0.));
#3263 = ORIENTED_EDGE('',*,*,#3264,.F.);
#3264 = EDGE_CURVE('',#3265,#3257,#3267,.T.);
#3265 = VERTEX_POINT('',#3266);
#3266 = CARTESIAN_POINT('',(-1.23,-2.93,0.4));
#3267 = LINE('',#3268,#3269);
#3268 = CARTESIAN_POINT('',(-1.23,-2.93,0.4));
#3269 = VECTOR('',#3270,1.);
#3270 = DIRECTION('',(0.,0.,1.));
#3271 = ORIENTED_EDGE('',*,*,#3272,.T.);
#3272 = EDGE_CURVE('',#3265,#2392,#3273,.T.);
#3273 = LINE('',#3274,#3275);
#3274 = CARTESIAN_POINT('',(-1.23,-3.13,0.4));
#3275 = VECTOR('',#3276,1.);
#3276 = DIRECTION('',(0.,1.,0.));
#3277 = ORIENTED_EDGE('',*,*,#2399,.T.);
#3278 = ORIENTED_EDGE('',*,*,#3208,.F.);
#3279 = ORIENTED_EDGE('',*,*,#3200,.T.);
#3280 = PLANE('',#3281);
#3281 = AXIS2_PLACEMENT_3D('',#3282,#3283,#3284);
#3282 = CARTESIAN_POINT('',(-1.23,-3.13,0.4));
#3283 = DIRECTION('',(1.,0.,0.));
#3284 = DIRECTION('',(0.,0.,1.));
#3285 = ADVANCED_FACE('',(#3286),#3313,.F.);
#3286 = FACE_BOUND('',#3287,.F.);
#3287 = EDGE_LOOP('',(#3288,#3298,#3304,#3305,#3306,#3307));
#3288 = ORIENTED_EDGE('',*,*,#3289,.T.);
#3289 = EDGE_CURVE('',#3290,#3292,#3294,.T.);
#3290 = VERTEX_POINT('',#3291);
#3291 = CARTESIAN_POINT('',(-1.03,-3.13,0.4));
#3292 = VERTEX_POINT('',#3293);
#3293 = CARTESIAN_POINT('',(-0.13,-3.13,0.4));
#3294 = LINE('',#3295,#3296);
#3295 = CARTESIAN_POINT('',(-1.23,-3.13,0.4));
#3296 = VECTOR('',#3297,1.);
#3297 = DIRECTION('',(1.,0.,0.));
#3298 = ORIENTED_EDGE('',*,*,#3299,.T.);
#3299 = EDGE_CURVE('',#3292,#3232,#3300,.T.);
#3300 = LINE('',#3301,#3302);
#3301 = CARTESIAN_POINT('',(-0.355,-3.355,0.4));
#3302 = VECTOR('',#3303,1.);
#3303 = DIRECTION('',(0.707106781187,0.707106781187,0.));
#3304 = ORIENTED_EDGE('',*,*,#3239,.T.);
#3305 = ORIENTED_EDGE('',*,*,#2391,.F.);
#3306 = ORIENTED_EDGE('',*,*,#3272,.F.);
#3307 = ORIENTED_EDGE('',*,*,#3308,.T.);
#3308 = EDGE_CURVE('',#3265,#3290,#3309,.T.);
#3309 = LINE('',#3310,#3311);
#3310 = CARTESIAN_POINT('',(-1.13,-3.03,0.4));
#3311 = VECTOR('',#3312,1.);
#3312 = DIRECTION('',(0.707106781187,-0.707106781187,0.));
#3313 = PLANE('',#3314);
#3314 = AXIS2_PLACEMENT_3D('',#3315,#3316,#3317);
#3315 = CARTESIAN_POINT('',(-1.23,-3.13,0.4));
#3316 = DIRECTION('',(0.,0.,1.));
#3317 = DIRECTION('',(1.,0.,-0.));
#3318 = ADVANCED_FACE('',(#3319),#3346,.T.);
#3319 = FACE_BOUND('',#3320,.T.);
#3320 = EDGE_LOOP('',(#3321,#3331,#3337,#3338,#3339,#3340));
#3321 = ORIENTED_EDGE('',*,*,#3322,.T.);
#3322 = EDGE_CURVE('',#3323,#3325,#3327,.T.);
#3323 = VERTEX_POINT('',#3324);
#3324 = CARTESIAN_POINT('',(-1.03,-3.13,1.2));
#3325 = VERTEX_POINT('',#3326);
#3326 = CARTESIAN_POINT('',(-0.13,-3.13,1.2));
#3327 = LINE('',#3328,#3329);
#3328 = CARTESIAN_POINT('',(-1.23,-3.13,1.2));
#3329 = VECTOR('',#3330,1.);
#3330 = DIRECTION('',(1.,0.,0.));
#3331 = ORIENTED_EDGE('',*,*,#3332,.T.);
#3332 = EDGE_CURVE('',#3325,#3224,#3333,.T.);
#3333 = LINE('',#3334,#3335);
#3334 = CARTESIAN_POINT('',(-0.355,-3.355,1.2));
#3335 = VECTOR('',#3336,1.);
#3336 = DIRECTION('',(0.707106781187,0.707106781187,0.));
#3337 = ORIENTED_EDGE('',*,*,#3223,.T.);
#3338 = ORIENTED_EDGE('',*,*,#2422,.F.);
#3339 = ORIENTED_EDGE('',*,*,#3256,.F.);
#3340 = ORIENTED_EDGE('',*,*,#3341,.T.);
#3341 = EDGE_CURVE('',#3257,#3323,#3342,.T.);
#3342 = LINE('',#3343,#3344);
#3343 = CARTESIAN_POINT('',(-1.13,-3.03,1.2));
#3344 = VECTOR('',#3345,1.);
#3345 = DIRECTION('',(0.707106781187,-0.707106781187,0.));
#3346 = PLANE('',#3347);
#3347 = AXIS2_PLACEMENT_3D('',#3348,#3349,#3350);
#3348 = CARTESIAN_POINT('',(-1.23,-3.13,1.2));
#3349 = DIRECTION('',(0.,0.,1.));
#3350 = DIRECTION('',(1.,0.,-0.));
#3351 = ADVANCED_FACE('',(#3352),#3399,.T.);
#3352 = FACE_BOUND('',#3353,.T.);
#3353 = EDGE_LOOP('',(#3354,#3355,#3356,#3357,#3358,#3359,#3367,#3376,
    #3384,#3393));
#3354 = ORIENTED_EDGE('',*,*,#2968,.F.);
#3355 = ORIENTED_EDGE('',*,*,#2562,.T.);
#3356 = ORIENTED_EDGE('',*,*,#2586,.T.);
#3357 = ORIENTED_EDGE('',*,*,#2610,.F.);
#3358 = ORIENTED_EDGE('',*,*,#3008,.F.);
#3359 = ORIENTED_EDGE('',*,*,#3360,.F.);
#3360 = EDGE_CURVE('',#3361,#2985,#3363,.T.);
#3361 = VERTEX_POINT('',#3362);
#3362 = CARTESIAN_POINT('',(-2.05,0.98,5.E-02));
#3363 = LINE('',#3364,#3365);
#3364 = CARTESIAN_POINT('',(-2.05,0.98,0.));
#3365 = VECTOR('',#3366,1.);
#3366 = DIRECTION('',(0.,0.,-1.));
#3367 = ORIENTED_EDGE('',*,*,#3368,.F.);
#3368 = EDGE_CURVE('',#3369,#3361,#3371,.T.);
#3369 = VERTEX_POINT('',#3370);
#3370 = CARTESIAN_POINT('',(-2.15,0.98,0.15));
#3371 = CIRCLE('',#3372,0.1);
#3372 = AXIS2_PLACEMENT_3D('',#3373,#3374,#3375);
#3373 = CARTESIAN_POINT('',(-2.15,0.98,5.E-02));
#3374 = DIRECTION('',(-0.,1.,0.));
#3375 = DIRECTION('',(1.,0.,0.));
#3376 = ORIENTED_EDGE('',*,*,#3377,.F.);
#3377 = EDGE_CURVE('',#3378,#3369,#3380,.T.);
#3378 = VERTEX_POINT('',#3379);
#3379 = CARTESIAN_POINT('',(-2.35,0.98,0.15));
#3380 = LINE('',#3381,#3382);
#3381 = CARTESIAN_POINT('',(-2.55,0.98,0.15));
#3382 = VECTOR('',#3383,1.);
#3383 = DIRECTION('',(1.,0.,0.));
#3384 = ORIENTED_EDGE('',*,*,#3385,.F.);
#3385 = EDGE_CURVE('',#3386,#3378,#3388,.T.);
#3386 = VERTEX_POINT('',#3387);
#3387 = CARTESIAN_POINT('',(-2.45,0.98,5.E-02));
#3388 = CIRCLE('',#3389,0.1);
#3389 = AXIS2_PLACEMENT_3D('',#3390,#3391,#3392);
#3390 = CARTESIAN_POINT('',(-2.35,0.98,5.E-02));
#3391 = DIRECTION('',(0.,1.,-0.));
#3392 = DIRECTION('',(-1.,0.,0.));
#3393 = ORIENTED_EDGE('',*,*,#3394,.T.);
#3394 = EDGE_CURVE('',#3386,#2961,#3395,.T.);
#3395 = LINE('',#3396,#3397);
#3396 = CARTESIAN_POINT('',(-2.45,0.98,0.));
#3397 = VECTOR('',#3398,1.);
#3398 = DIRECTION('',(0.,0.,-1.));
#3399 = PLANE('',#3400);
#3400 = AXIS2_PLACEMENT_3D('',#3401,#3402,#3403);
#3401 = CARTESIAN_POINT('',(-2.65,0.98,0.));
#3402 = DIRECTION('',(0.,1.,0.));
#3403 = DIRECTION('',(0.,-0.,1.));
#3404 = ADVANCED_FACE('',(#3405),#3452,.T.);
#3405 = FACE_BOUND('',#3406,.T.);
#3406 = EDGE_LOOP('',(#3407,#3408,#3409,#3410,#3411,#3412,#3420,#3429,
    #3437,#3446));
#3407 = ORIENTED_EDGE('',*,*,#2903,.F.);
#3408 = ORIENTED_EDGE('',*,*,#2641,.T.);
#3409 = ORIENTED_EDGE('',*,*,#2665,.T.);
#3410 = ORIENTED_EDGE('',*,*,#2689,.F.);
#3411 = ORIENTED_EDGE('',*,*,#2943,.F.);
#3412 = ORIENTED_EDGE('',*,*,#3413,.F.);
#3413 = EDGE_CURVE('',#3414,#2920,#3416,.T.);
#3414 = VERTEX_POINT('',#3415);
#3415 = CARTESIAN_POINT('',(0.95,0.98,5.E-02));
#3416 = LINE('',#3417,#3418);
#3417 = CARTESIAN_POINT('',(0.95,0.98,0.));
#3418 = VECTOR('',#3419,1.);
#3419 = DIRECTION('',(0.,0.,-1.));
#3420 = ORIENTED_EDGE('',*,*,#3421,.F.);
#3421 = EDGE_CURVE('',#3422,#3414,#3424,.T.);
#3422 = VERTEX_POINT('',#3423);
#3423 = CARTESIAN_POINT('',(0.85,0.98,0.15));
#3424 = CIRCLE('',#3425,0.1);
#3425 = AXIS2_PLACEMENT_3D('',#3426,#3427,#3428);
#3426 = CARTESIAN_POINT('',(0.85,0.98,5.E-02));
#3427 = DIRECTION('',(-0.,1.,0.));
#3428 = DIRECTION('',(1.,0.,0.));
#3429 = ORIENTED_EDGE('',*,*,#3430,.F.);
#3430 = EDGE_CURVE('',#3431,#3422,#3433,.T.);
#3431 = VERTEX_POINT('',#3432);
#3432 = CARTESIAN_POINT('',(0.65,0.98,0.15));
#3433 = LINE('',#3434,#3435);
#3434 = CARTESIAN_POINT('',(0.45,0.98,0.15));
#3435 = VECTOR('',#3436,1.);
#3436 = DIRECTION('',(1.,0.,0.));
#3437 = ORIENTED_EDGE('',*,*,#3438,.F.);
#3438 = EDGE_CURVE('',#3439,#3431,#3441,.T.);
#3439 = VERTEX_POINT('',#3440);
#3440 = CARTESIAN_POINT('',(0.55,0.98,5.E-02));
#3441 = CIRCLE('',#3442,0.1);
#3442 = AXIS2_PLACEMENT_3D('',#3443,#3444,#3445);
#3443 = CARTESIAN_POINT('',(0.65,0.98,5.E-02));
#3444 = DIRECTION('',(0.,1.,-0.));
#3445 = DIRECTION('',(-1.,0.,0.));
#3446 = ORIENTED_EDGE('',*,*,#3447,.T.);
#3447 = EDGE_CURVE('',#3439,#2896,#3448,.T.);
#3448 = LINE('',#3449,#3450);
#3449 = CARTESIAN_POINT('',(0.55,0.98,0.));
#3450 = VECTOR('',#3451,1.);
#3451 = DIRECTION('',(0.,0.,-1.));
#3452 = PLANE('',#3453);
#3453 = AXIS2_PLACEMENT_3D('',#3454,#3455,#3456);
#3454 = CARTESIAN_POINT('',(0.35,0.98,0.));
#3455 = DIRECTION('',(0.,1.,0.));
#3456 = DIRECTION('',(0.,-0.,1.));
#3457 = ADVANCED_FACE('',(#3458),#3505,.T.);
#3458 = FACE_BOUND('',#3459,.T.);
#3459 = EDGE_LOOP('',(#3460,#3461,#3462,#3463,#3464,#3465,#3473,#3482,
    #3490,#3499));
#3460 = ORIENTED_EDGE('',*,*,#2838,.F.);
#3461 = ORIENTED_EDGE('',*,*,#2720,.T.);
#3462 = ORIENTED_EDGE('',*,*,#2744,.T.);
#3463 = ORIENTED_EDGE('',*,*,#2768,.F.);
#3464 = ORIENTED_EDGE('',*,*,#2878,.F.);
#3465 = ORIENTED_EDGE('',*,*,#3466,.F.);
#3466 = EDGE_CURVE('',#3467,#2855,#3469,.T.);
#3467 = VERTEX_POINT('',#3468);
#3468 = CARTESIAN_POINT('',(2.45,0.98,5.E-02));
#3469 = LINE('',#3470,#3471);
#3470 = CARTESIAN_POINT('',(2.45,0.98,0.));
#3471 = VECTOR('',#3472,1.);
#3472 = DIRECTION('',(0.,0.,-1.));
#3473 = ORIENTED_EDGE('',*,*,#3474,.F.);
#3474 = EDGE_CURVE('',#3475,#3467,#3477,.T.);
#3475 = VERTEX_POINT('',#3476);
#3476 = CARTESIAN_POINT('',(2.35,0.98,0.15));
#3477 = CIRCLE('',#3478,0.1);
#3478 = AXIS2_PLACEMENT_3D('',#3479,#3480,#3481);
#3479 = CARTESIAN_POINT('',(2.35,0.98,5.E-02));
#3480 = DIRECTION('',(-0.,1.,0.));
#3481 = DIRECTION('',(1.,0.,0.));
#3482 = ORIENTED_EDGE('',*,*,#3483,.F.);
#3483 = EDGE_CURVE('',#3484,#3475,#3486,.T.);
#3484 = VERTEX_POINT('',#3485);
#3485 = CARTESIAN_POINT('',(2.15,0.98,0.15));
#3486 = LINE('',#3487,#3488);
#3487 = CARTESIAN_POINT('',(1.95,0.98,0.15));
#3488 = VECTOR('',#3489,1.);
#3489 = DIRECTION('',(1.,0.,0.));
#3490 = ORIENTED_EDGE('',*,*,#3491,.F.);
#3491 = EDGE_CURVE('',#3492,#3484,#3494,.T.);
#3492 = VERTEX_POINT('',#3493);
#3493 = CARTESIAN_POINT('',(2.05,0.98,5.E-02));
#3494 = CIRCLE('',#3495,0.1);
#3495 = AXIS2_PLACEMENT_3D('',#3496,#3497,#3498);
#3496 = CARTESIAN_POINT('',(2.15,0.98,5.E-02));
#3497 = DIRECTION('',(0.,1.,-0.));
#3498 = DIRECTION('',(-1.,0.,0.));
#3499 = ORIENTED_EDGE('',*,*,#3500,.T.);
#3500 = EDGE_CURVE('',#3492,#2831,#3501,.T.);
#3501 = LINE('',#3502,#3503);
#3502 = CARTESIAN_POINT('',(2.05,0.98,0.));
#3503 = VECTOR('',#3504,1.);
#3504 = DIRECTION('',(0.,0.,-1.));
#3505 = PLANE('',#3506);
#3506 = AXIS2_PLACEMENT_3D('',#3507,#3508,#3509);
#3507 = CARTESIAN_POINT('',(1.85,0.98,0.));
#3508 = DIRECTION('',(0.,1.,0.));
#3509 = DIRECTION('',(0.,-0.,1.));
#3510 = ADVANCED_FACE('',(#3511),#3536,.F.);
#3511 = FACE_BOUND('',#3512,.F.);
#3512 = EDGE_LOOP('',(#3513,#3521,#3522,#3530));
#3513 = ORIENTED_EDGE('',*,*,#3514,.F.);
#3514 = EDGE_CURVE('',#2831,#3515,#3517,.T.);
#3515 = VERTEX_POINT('',#3516);
#3516 = CARTESIAN_POINT('',(2.05,1.87,0.));
#3517 = LINE('',#3518,#3519);
#3518 = CARTESIAN_POINT('',(2.05,0.97,0.));
#3519 = VECTOR('',#3520,1.);
#3520 = DIRECTION('',(0.,1.,0.));
#3521 = ORIENTED_EDGE('',*,*,#2862,.T.);
#3522 = ORIENTED_EDGE('',*,*,#3523,.T.);
#3523 = EDGE_CURVE('',#2855,#3524,#3526,.T.);
#3524 = VERTEX_POINT('',#3525);
#3525 = CARTESIAN_POINT('',(2.45,1.87,0.));
#3526 = LINE('',#3527,#3528);
#3527 = CARTESIAN_POINT('',(2.45,0.97,0.));
#3528 = VECTOR('',#3529,1.);
#3529 = DIRECTION('',(0.,1.,0.));
#3530 = ORIENTED_EDGE('',*,*,#3531,.F.);
#3531 = EDGE_CURVE('',#3515,#3524,#3532,.T.);
#3532 = LINE('',#3533,#3534);
#3533 = CARTESIAN_POINT('',(2.05,1.87,0.));
#3534 = VECTOR('',#3535,1.);
#3535 = DIRECTION('',(1.,0.,0.));
#3536 = PLANE('',#3537);
#3537 = AXIS2_PLACEMENT_3D('',#3538,#3539,#3540);
#3538 = CARTESIAN_POINT('',(2.05,0.97,0.));
#3539 = DIRECTION('',(0.,0.,1.));
#3540 = DIRECTION('',(1.,0.,-0.));
#3541 = ADVANCED_FACE('',(#3542),#3567,.F.);
#3542 = FACE_BOUND('',#3543,.F.);
#3543 = EDGE_LOOP('',(#3544,#3552,#3553,#3561));
#3544 = ORIENTED_EDGE('',*,*,#3545,.F.);
#3545 = EDGE_CURVE('',#2896,#3546,#3548,.T.);
#3546 = VERTEX_POINT('',#3547);
#3547 = CARTESIAN_POINT('',(0.55,1.87,0.));
#3548 = LINE('',#3549,#3550);
#3549 = CARTESIAN_POINT('',(0.55,0.97,0.));
#3550 = VECTOR('',#3551,1.);
#3551 = DIRECTION('',(0.,1.,0.));
#3552 = ORIENTED_EDGE('',*,*,#2927,.T.);
#3553 = ORIENTED_EDGE('',*,*,#3554,.T.);
#3554 = EDGE_CURVE('',#2920,#3555,#3557,.T.);
#3555 = VERTEX_POINT('',#3556);
#3556 = CARTESIAN_POINT('',(0.95,1.87,0.));
#3557 = LINE('',#3558,#3559);
#3558 = CARTESIAN_POINT('',(0.95,0.97,0.));
#3559 = VECTOR('',#3560,1.);
#3560 = DIRECTION('',(0.,1.,0.));
#3561 = ORIENTED_EDGE('',*,*,#3562,.F.);
#3562 = EDGE_CURVE('',#3546,#3555,#3563,.T.);
#3563 = LINE('',#3564,#3565);
#3564 = CARTESIAN_POINT('',(0.55,1.87,0.));
#3565 = VECTOR('',#3566,1.);
#3566 = DIRECTION('',(1.,0.,0.));
#3567 = PLANE('',#3568);
#3568 = AXIS2_PLACEMENT_3D('',#3569,#3570,#3571);
#3569 = CARTESIAN_POINT('',(0.55,0.97,0.));
#3570 = DIRECTION('',(0.,0.,1.));
#3571 = DIRECTION('',(1.,0.,-0.));
#3572 = ADVANCED_FACE('',(#3573),#3598,.F.);
#3573 = FACE_BOUND('',#3574,.F.);
#3574 = EDGE_LOOP('',(#3575,#3583,#3584,#3592));
#3575 = ORIENTED_EDGE('',*,*,#3576,.F.);
#3576 = EDGE_CURVE('',#2961,#3577,#3579,.T.);
#3577 = VERTEX_POINT('',#3578);
#3578 = CARTESIAN_POINT('',(-2.45,1.87,0.));
#3579 = LINE('',#3580,#3581);
#3580 = CARTESIAN_POINT('',(-2.45,0.97,0.));
#3581 = VECTOR('',#3582,1.);
#3582 = DIRECTION('',(0.,1.,0.));
#3583 = ORIENTED_EDGE('',*,*,#2992,.T.);
#3584 = ORIENTED_EDGE('',*,*,#3585,.T.);
#3585 = EDGE_CURVE('',#2985,#3586,#3588,.T.);
#3586 = VERTEX_POINT('',#3587);
#3587 = CARTESIAN_POINT('',(-2.05,1.87,0.));
#3588 = LINE('',#3589,#3590);
#3589 = CARTESIAN_POINT('',(-2.05,0.97,0.));
#3590 = VECTOR('',#3591,1.);
#3591 = DIRECTION('',(0.,1.,0.));
#3592 = ORIENTED_EDGE('',*,*,#3593,.F.);
#3593 = EDGE_CURVE('',#3577,#3586,#3594,.T.);
#3594 = LINE('',#3595,#3596);
#3595 = CARTESIAN_POINT('',(-2.45,1.87,0.));
#3596 = VECTOR('',#3597,1.);
#3597 = DIRECTION('',(1.,0.,0.));
#3598 = PLANE('',#3599);
#3599 = AXIS2_PLACEMENT_3D('',#3600,#3601,#3602);
#3600 = CARTESIAN_POINT('',(-2.45,0.97,0.));
#3601 = DIRECTION('',(0.,0.,1.));
#3602 = DIRECTION('',(1.,0.,-0.));
#3603 = ADVANCED_FACE('',(#3604),#3607,.F.);
#3604 = FACE_BOUND('',#3605,.F.);
#3605 = EDGE_LOOP('',(#3606));
#3606 = ORIENTED_EDGE('',*,*,#3023,.T.);
#3607 = PLANE('',#3608);
#3608 = AXIS2_PLACEMENT_3D('',#3609,#3610,#3611);
#3609 = CARTESIAN_POINT('',(1.5,-0.33,-0.5));
#3610 = DIRECTION('',(0.,0.,1.));
#3611 = DIRECTION('',(1.,0.,-0.));
#3612 = ADVANCED_FACE('',(#3613),#3616,.F.);
#3613 = FACE_BOUND('',#3614,.F.);
#3614 = EDGE_LOOP('',(#3615));
#3615 = ORIENTED_EDGE('',*,*,#3048,.T.);
#3616 = PLANE('',#3617);
#3617 = AXIS2_PLACEMENT_3D('',#3618,#3619,#3620);
#3618 = CARTESIAN_POINT('',(-1.5,-0.33,-0.5));
#3619 = DIRECTION('',(0.,0.,1.));
#3620 = DIRECTION('',(1.,0.,-0.));
#3621 = ADVANCED_FACE('',(#3622),#3633,.F.);
#3622 = FACE_BOUND('',#3623,.F.);
#3623 = EDGE_LOOP('',(#3624,#3625,#3631,#3632));
#3624 = ORIENTED_EDGE('',*,*,#3299,.F.);
#3625 = ORIENTED_EDGE('',*,*,#3626,.T.);
#3626 = EDGE_CURVE('',#3292,#3325,#3627,.T.);
#3627 = LINE('',#3628,#3629);
#3628 = CARTESIAN_POINT('',(-0.13,-3.13,0.4));
#3629 = VECTOR('',#3630,1.);
#3630 = DIRECTION('',(0.,0.,1.));
#3631 = ORIENTED_EDGE('',*,*,#3332,.T.);
#3632 = ORIENTED_EDGE('',*,*,#3231,.F.);
#3633 = PLANE('',#3634);
#3634 = AXIS2_PLACEMENT_3D('',#3635,#3636,#3637);
#3635 = CARTESIAN_POINT('',(-3.E-02,-3.03,0.4));
#3636 = DIRECTION('',(-0.707106781187,0.707106781187,0.));
#3637 = DIRECTION('',(0.,0.,1.));
#3638 = ADVANCED_FACE('',(#3639),#3650,.T.);
#3639 = FACE_BOUND('',#3640,.F.);
#3640 = EDGE_LOOP('',(#3641,#3642,#3643,#3644));
#3641 = ORIENTED_EDGE('',*,*,#3308,.F.);
#3642 = ORIENTED_EDGE('',*,*,#3264,.T.);
#3643 = ORIENTED_EDGE('',*,*,#3341,.T.);
#3644 = ORIENTED_EDGE('',*,*,#3645,.F.);
#3645 = EDGE_CURVE('',#3290,#3323,#3646,.T.);
#3646 = LINE('',#3647,#3648);
#3647 = CARTESIAN_POINT('',(-1.03,-3.13,0.4));
#3648 = VECTOR('',#3649,1.);
#3649 = DIRECTION('',(0.,0.,1.));
#3650 = PLANE('',#3651);
#3651 = AXIS2_PLACEMENT_3D('',#3652,#3653,#3654);
#3652 = CARTESIAN_POINT('',(-1.13,-3.03,0.4));
#3653 = DIRECTION('',(-0.707106781187,-0.707106781187,0.));
#3654 = DIRECTION('',(-0.,0.,-1.));
#3655 = ADVANCED_FACE('',(#3656),#3662,.F.);
#3656 = FACE_BOUND('',#3657,.F.);
#3657 = EDGE_LOOP('',(#3658,#3659,#3660,#3661));
#3658 = ORIENTED_EDGE('',*,*,#3289,.F.);
#3659 = ORIENTED_EDGE('',*,*,#3645,.T.);
#3660 = ORIENTED_EDGE('',*,*,#3322,.T.);
#3661 = ORIENTED_EDGE('',*,*,#3626,.F.);
#3662 = PLANE('',#3663);
#3663 = AXIS2_PLACEMENT_3D('',#3664,#3665,#3666);
#3664 = CARTESIAN_POINT('',(-1.23,-3.13,0.4));
#3665 = DIRECTION('',(0.,1.,0.));
#3666 = DIRECTION('',(0.,-0.,1.));
#3667 = ADVANCED_FACE('',(#3668),#3686,.F.);
#3668 = FACE_BOUND('',#3669,.F.);
#3669 = EDGE_LOOP('',(#3670,#3678,#3679,#3680));
#3670 = ORIENTED_EDGE('',*,*,#3671,.F.);
#3671 = EDGE_CURVE('',#3386,#3672,#3674,.T.);
#3672 = VERTEX_POINT('',#3673);
#3673 = CARTESIAN_POINT('',(-2.45,1.87,5.E-02));
#3674 = LINE('',#3675,#3676);
#3675 = CARTESIAN_POINT('',(-2.45,0.97,5.E-02));
#3676 = VECTOR('',#3677,1.);
#3677 = DIRECTION('',(0.,1.,0.));
#3678 = ORIENTED_EDGE('',*,*,#3394,.T.);
#3679 = ORIENTED_EDGE('',*,*,#3576,.T.);
#3680 = ORIENTED_EDGE('',*,*,#3681,.T.);
#3681 = EDGE_CURVE('',#3577,#3672,#3682,.T.);
#3682 = LINE('',#3683,#3684);
#3683 = CARTESIAN_POINT('',(-2.45,1.87,0.));
#3684 = VECTOR('',#3685,1.);
#3685 = DIRECTION('',(0.,0.,1.));
#3686 = PLANE('',#3687);
#3687 = AXIS2_PLACEMENT_3D('',#3688,#3689,#3690);
#3688 = CARTESIAN_POINT('',(-2.45,0.97,0.));
#3689 = DIRECTION('',(1.,0.,0.));
#3690 = DIRECTION('',(0.,0.,1.));
#3691 = ADVANCED_FACE('',(#3692),#3711,.T.);
#3692 = FACE_BOUND('',#3693,.T.);
#3693 = EDGE_LOOP('',(#3694,#3695,#3696,#3704));
#3694 = ORIENTED_EDGE('',*,*,#3671,.F.);
#3695 = ORIENTED_EDGE('',*,*,#3385,.T.);
#3696 = ORIENTED_EDGE('',*,*,#3697,.T.);
#3697 = EDGE_CURVE('',#3378,#3698,#3700,.T.);
#3698 = VERTEX_POINT('',#3699);
#3699 = CARTESIAN_POINT('',(-2.35,1.77,0.15));
#3700 = LINE('',#3701,#3702);
#3701 = CARTESIAN_POINT('',(-2.35,0.97,0.15));
#3702 = VECTOR('',#3703,1.);
#3703 = DIRECTION('',(0.,1.,0.));
#3704 = ORIENTED_EDGE('',*,*,#3705,.F.);
#3705 = EDGE_CURVE('',#3672,#3698,#3706,.T.);
#3706 = ELLIPSE('',#3707,0.141421356237,0.1);
#3707 = AXIS2_PLACEMENT_3D('',#3708,#3709,#3710);
#3708 = CARTESIAN_POINT('',(-2.35,1.77,5.E-02));
#3709 = DIRECTION('',(0.707106781187,0.707106781187,-0.));
#3710 = DIRECTION('',(-0.707106781187,0.707106781187,0.));
#3711 = CYLINDRICAL_SURFACE('',#3712,0.1);
#3712 = AXIS2_PLACEMENT_3D('',#3713,#3714,#3715);
#3713 = CARTESIAN_POINT('',(-2.35,0.97,5.E-02));
#3714 = DIRECTION('',(0.,1.,0.));
#3715 = DIRECTION('',(-1.,0.,0.));
#3716 = ADVANCED_FACE('',(#3717),#3735,.T.);
#3717 = FACE_BOUND('',#3718,.T.);
#3718 = EDGE_LOOP('',(#3719,#3720,#3721,#3729));
#3719 = ORIENTED_EDGE('',*,*,#3697,.F.);
#3720 = ORIENTED_EDGE('',*,*,#3377,.T.);
#3721 = ORIENTED_EDGE('',*,*,#3722,.T.);
#3722 = EDGE_CURVE('',#3369,#3723,#3725,.T.);
#3723 = VERTEX_POINT('',#3724);
#3724 = CARTESIAN_POINT('',(-2.15,1.77,0.15));
#3725 = LINE('',#3726,#3727);
#3726 = CARTESIAN_POINT('',(-2.15,0.97,0.15));
#3727 = VECTOR('',#3728,1.);
#3728 = DIRECTION('',(0.,1.,0.));
#3729 = ORIENTED_EDGE('',*,*,#3730,.F.);
#3730 = EDGE_CURVE('',#3698,#3723,#3731,.T.);
#3731 = LINE('',#3732,#3733);
#3732 = CARTESIAN_POINT('',(-2.45,1.77,0.15));
#3733 = VECTOR('',#3734,1.);
#3734 = DIRECTION('',(1.,0.,0.));
#3735 = PLANE('',#3736);
#3736 = AXIS2_PLACEMENT_3D('',#3737,#3738,#3739);
#3737 = CARTESIAN_POINT('',(-2.45,0.97,0.15));
#3738 = DIRECTION('',(0.,0.,1.));
#3739 = DIRECTION('',(1.,0.,-0.));
#3740 = ADVANCED_FACE('',(#3741),#3760,.T.);
#3741 = FACE_BOUND('',#3742,.T.);
#3742 = EDGE_LOOP('',(#3743,#3752,#3753,#3754));
#3743 = ORIENTED_EDGE('',*,*,#3744,.T.);
#3744 = EDGE_CURVE('',#3745,#3723,#3747,.T.);
#3745 = VERTEX_POINT('',#3746);
#3746 = CARTESIAN_POINT('',(-2.05,1.87,5.E-02));
#3747 = ELLIPSE('',#3748,0.141421356237,0.1);
#3748 = AXIS2_PLACEMENT_3D('',#3749,#3750,#3751);
#3749 = CARTESIAN_POINT('',(-2.15,1.77,5.E-02));
#3750 = DIRECTION('',(0.707106781187,-0.707106781187,0.));
#3751 = DIRECTION('',(0.707106781187,0.707106781187,0.));
#3752 = ORIENTED_EDGE('',*,*,#3722,.F.);
#3753 = ORIENTED_EDGE('',*,*,#3368,.T.);
#3754 = ORIENTED_EDGE('',*,*,#3755,.T.);
#3755 = EDGE_CURVE('',#3361,#3745,#3756,.T.);
#3756 = LINE('',#3757,#3758);
#3757 = CARTESIAN_POINT('',(-2.05,0.97,5.E-02));
#3758 = VECTOR('',#3759,1.);
#3759 = DIRECTION('',(0.,1.,0.));
#3760 = CYLINDRICAL_SURFACE('',#3761,0.1);
#3761 = AXIS2_PLACEMENT_3D('',#3762,#3763,#3764);
#3762 = CARTESIAN_POINT('',(-2.15,0.97,5.E-02));
#3763 = DIRECTION('',(0.,1.,0.));
#3764 = DIRECTION('',(1.,0.,0.));
#3765 = ADVANCED_FACE('',(#3766),#3777,.T.);
#3766 = FACE_BOUND('',#3767,.T.);
#3767 = EDGE_LOOP('',(#3768,#3769,#3770,#3771));
#3768 = ORIENTED_EDGE('',*,*,#3755,.F.);
#3769 = ORIENTED_EDGE('',*,*,#3360,.T.);
#3770 = ORIENTED_EDGE('',*,*,#3585,.T.);
#3771 = ORIENTED_EDGE('',*,*,#3772,.T.);
#3772 = EDGE_CURVE('',#3586,#3745,#3773,.T.);
#3773 = LINE('',#3774,#3775);
#3774 = CARTESIAN_POINT('',(-2.05,1.87,0.));
#3775 = VECTOR('',#3776,1.);
#3776 = DIRECTION('',(0.,0.,1.));
#3777 = PLANE('',#3778);
#3778 = AXIS2_PLACEMENT_3D('',#3779,#3780,#3781);
#3779 = CARTESIAN_POINT('',(-2.05,0.97,0.));
#3780 = DIRECTION('',(1.,0.,0.));
#3781 = DIRECTION('',(0.,0.,1.));
#3782 = ADVANCED_FACE('',(#3783),#3801,.F.);
#3783 = FACE_BOUND('',#3784,.F.);
#3784 = EDGE_LOOP('',(#3785,#3793,#3794,#3795));
#3785 = ORIENTED_EDGE('',*,*,#3786,.F.);
#3786 = EDGE_CURVE('',#3439,#3787,#3789,.T.);
#3787 = VERTEX_POINT('',#3788);
#3788 = CARTESIAN_POINT('',(0.55,1.87,5.E-02));
#3789 = LINE('',#3790,#3791);
#3790 = CARTESIAN_POINT('',(0.55,0.97,5.E-02));
#3791 = VECTOR('',#3792,1.);
#3792 = DIRECTION('',(0.,1.,0.));
#3793 = ORIENTED_EDGE('',*,*,#3447,.T.);
#3794 = ORIENTED_EDGE('',*,*,#3545,.T.);
#3795 = ORIENTED_EDGE('',*,*,#3796,.T.);
#3796 = EDGE_CURVE('',#3546,#3787,#3797,.T.);
#3797 = LINE('',#3798,#3799);
#3798 = CARTESIAN_POINT('',(0.55,1.87,0.));
#3799 = VECTOR('',#3800,1.);
#3800 = DIRECTION('',(0.,0.,1.));
#3801 = PLANE('',#3802);
#3802 = AXIS2_PLACEMENT_3D('',#3803,#3804,#3805);
#3803 = CARTESIAN_POINT('',(0.55,0.97,0.));
#3804 = DIRECTION('',(1.,0.,0.));
#3805 = DIRECTION('',(0.,0.,1.));
#3806 = ADVANCED_FACE('',(#3807),#3826,.T.);
#3807 = FACE_BOUND('',#3808,.T.);
#3808 = EDGE_LOOP('',(#3809,#3810,#3811,#3819));
#3809 = ORIENTED_EDGE('',*,*,#3786,.F.);
#3810 = ORIENTED_EDGE('',*,*,#3438,.T.);
#3811 = ORIENTED_EDGE('',*,*,#3812,.T.);
#3812 = EDGE_CURVE('',#3431,#3813,#3815,.T.);
#3813 = VERTEX_POINT('',#3814);
#3814 = CARTESIAN_POINT('',(0.65,1.77,0.15));
#3815 = LINE('',#3816,#3817);
#3816 = CARTESIAN_POINT('',(0.65,0.97,0.15));
#3817 = VECTOR('',#3818,1.);
#3818 = DIRECTION('',(0.,1.,0.));
#3819 = ORIENTED_EDGE('',*,*,#3820,.F.);
#3820 = EDGE_CURVE('',#3787,#3813,#3821,.T.);
#3821 = ELLIPSE('',#3822,0.141421356237,0.1);
#3822 = AXIS2_PLACEMENT_3D('',#3823,#3824,#3825);
#3823 = CARTESIAN_POINT('',(0.65,1.77,5.E-02));
#3824 = DIRECTION('',(0.707106781187,0.707106781187,-0.));
#3825 = DIRECTION('',(-0.707106781187,0.707106781187,0.));
#3826 = CYLINDRICAL_SURFACE('',#3827,0.1);
#3827 = AXIS2_PLACEMENT_3D('',#3828,#3829,#3830);
#3828 = CARTESIAN_POINT('',(0.65,0.97,5.E-02));
#3829 = DIRECTION('',(0.,1.,0.));
#3830 = DIRECTION('',(-1.,0.,0.));
#3831 = ADVANCED_FACE('',(#3832),#3850,.T.);
#3832 = FACE_BOUND('',#3833,.T.);
#3833 = EDGE_LOOP('',(#3834,#3835,#3836,#3844));
#3834 = ORIENTED_EDGE('',*,*,#3812,.F.);
#3835 = ORIENTED_EDGE('',*,*,#3430,.T.);
#3836 = ORIENTED_EDGE('',*,*,#3837,.T.);
#3837 = EDGE_CURVE('',#3422,#3838,#3840,.T.);
#3838 = VERTEX_POINT('',#3839);
#3839 = CARTESIAN_POINT('',(0.85,1.77,0.15));
#3840 = LINE('',#3841,#3842);
#3841 = CARTESIAN_POINT('',(0.85,0.97,0.15));
#3842 = VECTOR('',#3843,1.);
#3843 = DIRECTION('',(0.,1.,0.));
#3844 = ORIENTED_EDGE('',*,*,#3845,.F.);
#3845 = EDGE_CURVE('',#3813,#3838,#3846,.T.);
#3846 = LINE('',#3847,#3848);
#3847 = CARTESIAN_POINT('',(0.55,1.77,0.15));
#3848 = VECTOR('',#3849,1.);
#3849 = DIRECTION('',(1.,0.,0.));
#3850 = PLANE('',#3851);
#3851 = AXIS2_PLACEMENT_3D('',#3852,#3853,#3854);
#3852 = CARTESIAN_POINT('',(0.55,0.97,0.15));
#3853 = DIRECTION('',(0.,0.,1.));
#3854 = DIRECTION('',(1.,0.,-0.));
#3855 = ADVANCED_FACE('',(#3856),#3875,.T.);
#3856 = FACE_BOUND('',#3857,.T.);
#3857 = EDGE_LOOP('',(#3858,#3867,#3868,#3869));
#3858 = ORIENTED_EDGE('',*,*,#3859,.T.);
#3859 = EDGE_CURVE('',#3860,#3838,#3862,.T.);
#3860 = VERTEX_POINT('',#3861);
#3861 = CARTESIAN_POINT('',(0.95,1.87,5.E-02));
#3862 = ELLIPSE('',#3863,0.141421356237,0.1);
#3863 = AXIS2_PLACEMENT_3D('',#3864,#3865,#3866);
#3864 = CARTESIAN_POINT('',(0.85,1.77,5.E-02));
#3865 = DIRECTION('',(0.707106781187,-0.707106781187,0.));
#3866 = DIRECTION('',(0.707106781187,0.707106781187,0.));
#3867 = ORIENTED_EDGE('',*,*,#3837,.F.);
#3868 = ORIENTED_EDGE('',*,*,#3421,.T.);
#3869 = ORIENTED_EDGE('',*,*,#3870,.T.);
#3870 = EDGE_CURVE('',#3414,#3860,#3871,.T.);
#3871 = LINE('',#3872,#3873);
#3872 = CARTESIAN_POINT('',(0.95,0.97,5.E-02));
#3873 = VECTOR('',#3874,1.);
#3874 = DIRECTION('',(0.,1.,0.));
#3875 = CYLINDRICAL_SURFACE('',#3876,0.1);
#3876 = AXIS2_PLACEMENT_3D('',#3877,#3878,#3879);
#3877 = CARTESIAN_POINT('',(0.85,0.97,5.E-02));
#3878 = DIRECTION('',(0.,1.,0.));
#3879 = DIRECTION('',(1.,0.,0.));
#3880 = ADVANCED_FACE('',(#3881),#3892,.T.);
#3881 = FACE_BOUND('',#3882,.T.);
#3882 = EDGE_LOOP('',(#3883,#3884,#3885,#3886));
#3883 = ORIENTED_EDGE('',*,*,#3870,.F.);
#3884 = ORIENTED_EDGE('',*,*,#3413,.T.);
#3885 = ORIENTED_EDGE('',*,*,#3554,.T.);
#3886 = ORIENTED_EDGE('',*,*,#3887,.T.);
#3887 = EDGE_CURVE('',#3555,#3860,#3888,.T.);
#3888 = LINE('',#3889,#3890);
#3889 = CARTESIAN_POINT('',(0.95,1.87,0.));
#3890 = VECTOR('',#3891,1.);
#3891 = DIRECTION('',(0.,0.,1.));
#3892 = PLANE('',#3893);
#3893 = AXIS2_PLACEMENT_3D('',#3894,#3895,#3896);
#3894 = CARTESIAN_POINT('',(0.95,0.97,0.));
#3895 = DIRECTION('',(1.,0.,0.));
#3896 = DIRECTION('',(0.,0.,1.));
#3897 = ADVANCED_FACE('',(#3898),#3916,.F.);
#3898 = FACE_BOUND('',#3899,.F.);
#3899 = EDGE_LOOP('',(#3900,#3908,#3909,#3910));
#3900 = ORIENTED_EDGE('',*,*,#3901,.F.);
#3901 = EDGE_CURVE('',#3492,#3902,#3904,.T.);
#3902 = VERTEX_POINT('',#3903);
#3903 = CARTESIAN_POINT('',(2.05,1.87,5.E-02));
#3904 = LINE('',#3905,#3906);
#3905 = CARTESIAN_POINT('',(2.05,0.97,5.E-02));
#3906 = VECTOR('',#3907,1.);
#3907 = DIRECTION('',(0.,1.,0.));
#3908 = ORIENTED_EDGE('',*,*,#3500,.T.);
#3909 = ORIENTED_EDGE('',*,*,#3514,.T.);
#3910 = ORIENTED_EDGE('',*,*,#3911,.T.);
#3911 = EDGE_CURVE('',#3515,#3902,#3912,.T.);
#3912 = LINE('',#3913,#3914);
#3913 = CARTESIAN_POINT('',(2.05,1.87,0.));
#3914 = VECTOR('',#3915,1.);
#3915 = DIRECTION('',(0.,0.,1.));
#3916 = PLANE('',#3917);
#3917 = AXIS2_PLACEMENT_3D('',#3918,#3919,#3920);
#3918 = CARTESIAN_POINT('',(2.05,0.97,0.));
#3919 = DIRECTION('',(1.,0.,0.));
#3920 = DIRECTION('',(0.,0.,1.));
#3921 = ADVANCED_FACE('',(#3922),#3941,.T.);
#3922 = FACE_BOUND('',#3923,.T.);
#3923 = EDGE_LOOP('',(#3924,#3925,#3926,#3934));
#3924 = ORIENTED_EDGE('',*,*,#3901,.F.);
#3925 = ORIENTED_EDGE('',*,*,#3491,.T.);
#3926 = ORIENTED_EDGE('',*,*,#3927,.T.);
#3927 = EDGE_CURVE('',#3484,#3928,#3930,.T.);
#3928 = VERTEX_POINT('',#3929);
#3929 = CARTESIAN_POINT('',(2.15,1.77,0.15));
#3930 = LINE('',#3931,#3932);
#3931 = CARTESIAN_POINT('',(2.15,0.97,0.15));
#3932 = VECTOR('',#3933,1.);
#3933 = DIRECTION('',(0.,1.,0.));
#3934 = ORIENTED_EDGE('',*,*,#3935,.F.);
#3935 = EDGE_CURVE('',#3902,#3928,#3936,.T.);
#3936 = ELLIPSE('',#3937,0.141421356237,0.1);
#3937 = AXIS2_PLACEMENT_3D('',#3938,#3939,#3940);
#3938 = CARTESIAN_POINT('',(2.15,1.77,5.E-02));
#3939 = DIRECTION('',(0.707106781187,0.707106781187,-0.));
#3940 = DIRECTION('',(-0.707106781187,0.707106781187,0.));
#3941 = CYLINDRICAL_SURFACE('',#3942,0.1);
#3942 = AXIS2_PLACEMENT_3D('',#3943,#3944,#3945);
#3943 = CARTESIAN_POINT('',(2.15,0.97,5.E-02));
#3944 = DIRECTION('',(0.,1.,0.));
#3945 = DIRECTION('',(-1.,0.,0.));
#3946 = ADVANCED_FACE('',(#3947),#3965,.T.);
#3947 = FACE_BOUND('',#3948,.T.);
#3948 = EDGE_LOOP('',(#3949,#3950,#3951,#3959));
#3949 = ORIENTED_EDGE('',*,*,#3927,.F.);
#3950 = ORIENTED_EDGE('',*,*,#3483,.T.);
#3951 = ORIENTED_EDGE('',*,*,#3952,.T.);
#3952 = EDGE_CURVE('',#3475,#3953,#3955,.T.);
#3953 = VERTEX_POINT('',#3954);
#3954 = CARTESIAN_POINT('',(2.35,1.77,0.15));
#3955 = LINE('',#3956,#3957);
#3956 = CARTESIAN_POINT('',(2.35,0.97,0.15));
#3957 = VECTOR('',#3958,1.);
#3958 = DIRECTION('',(0.,1.,0.));
#3959 = ORIENTED_EDGE('',*,*,#3960,.F.);
#3960 = EDGE_CURVE('',#3928,#3953,#3961,.T.);
#3961 = LINE('',#3962,#3963);
#3962 = CARTESIAN_POINT('',(2.05,1.77,0.15));
#3963 = VECTOR('',#3964,1.);
#3964 = DIRECTION('',(1.,0.,0.));
#3965 = PLANE('',#3966);
#3966 = AXIS2_PLACEMENT_3D('',#3967,#3968,#3969);
#3967 = CARTESIAN_POINT('',(2.05,0.97,0.15));
#3968 = DIRECTION('',(0.,0.,1.));
#3969 = DIRECTION('',(1.,0.,-0.));
#3970 = ADVANCED_FACE('',(#3971),#3990,.T.);
#3971 = FACE_BOUND('',#3972,.T.);
#3972 = EDGE_LOOP('',(#3973,#3982,#3983,#3984));
#3973 = ORIENTED_EDGE('',*,*,#3974,.T.);
#3974 = EDGE_CURVE('',#3975,#3953,#3977,.T.);
#3975 = VERTEX_POINT('',#3976);
#3976 = CARTESIAN_POINT('',(2.45,1.87,5.E-02));
#3977 = ELLIPSE('',#3978,0.141421356237,0.1);
#3978 = AXIS2_PLACEMENT_3D('',#3979,#3980,#3981);
#3979 = CARTESIAN_POINT('',(2.35,1.77,5.E-02));
#3980 = DIRECTION('',(0.707106781187,-0.707106781187,0.));
#3981 = DIRECTION('',(0.707106781187,0.707106781187,0.));
#3982 = ORIENTED_EDGE('',*,*,#3952,.F.);
#3983 = ORIENTED_EDGE('',*,*,#3474,.T.);
#3984 = ORIENTED_EDGE('',*,*,#3985,.T.);
#3985 = EDGE_CURVE('',#3467,#3975,#3986,.T.);
#3986 = LINE('',#3987,#3988);
#3987 = CARTESIAN_POINT('',(2.45,0.97,5.E-02));
#3988 = VECTOR('',#3989,1.);
#3989 = DIRECTION('',(0.,1.,0.));
#3990 = CYLINDRICAL_SURFACE('',#3991,0.1);
#3991 = AXIS2_PLACEMENT_3D('',#3992,#3993,#3994);
#3992 = CARTESIAN_POINT('',(2.35,0.97,5.E-02));
#3993 = DIRECTION('',(0.,1.,0.));
#3994 = DIRECTION('',(1.,0.,0.));
#3995 = ADVANCED_FACE('',(#3996),#4007,.T.);
#3996 = FACE_BOUND('',#3997,.T.);
#3997 = EDGE_LOOP('',(#3998,#3999,#4000,#4001));
#3998 = ORIENTED_EDGE('',*,*,#3985,.F.);
#3999 = ORIENTED_EDGE('',*,*,#3466,.T.);
#4000 = ORIENTED_EDGE('',*,*,#3523,.T.);
#4001 = ORIENTED_EDGE('',*,*,#4002,.T.);
#4002 = EDGE_CURVE('',#3524,#3975,#4003,.T.);
#4003 = LINE('',#4004,#4005);
#4004 = CARTESIAN_POINT('',(2.45,1.87,0.));
#4005 = VECTOR('',#4006,1.);
#4006 = DIRECTION('',(0.,0.,1.));
#4007 = PLANE('',#4008);
#4008 = AXIS2_PLACEMENT_3D('',#4009,#4010,#4011);
#4009 = CARTESIAN_POINT('',(2.45,0.97,0.));
#4010 = DIRECTION('',(1.,0.,0.));
#4011 = DIRECTION('',(0.,0.,1.));
#4012 = ADVANCED_FACE('',(#4013),#4024,.T.);
#4013 = FACE_BOUND('',#4014,.T.);
#4014 = EDGE_LOOP('',(#4015,#4016,#4017,#4018));
#4015 = ORIENTED_EDGE('',*,*,#4002,.F.);
#4016 = ORIENTED_EDGE('',*,*,#3531,.F.);
#4017 = ORIENTED_EDGE('',*,*,#3911,.T.);
#4018 = ORIENTED_EDGE('',*,*,#4019,.T.);
#4019 = EDGE_CURVE('',#3902,#3975,#4020,.T.);
#4020 = LINE('',#4021,#4022);
#4021 = CARTESIAN_POINT('',(2.05,1.87,5.E-02));
#4022 = VECTOR('',#4023,1.);
#4023 = DIRECTION('',(1.,0.,0.));
#4024 = PLANE('',#4025);
#4025 = AXIS2_PLACEMENT_3D('',#4026,#4027,#4028);
#4026 = CARTESIAN_POINT('',(2.05,1.87,0.));
#4027 = DIRECTION('',(0.,1.,0.));
#4028 = DIRECTION('',(0.,-0.,1.));
#4029 = ADVANCED_FACE('',(#4030),#4041,.T.);
#4030 = FACE_BOUND('',#4031,.T.);
#4031 = EDGE_LOOP('',(#4032,#4033,#4034,#4035));
#4032 = ORIENTED_EDGE('',*,*,#3887,.F.);
#4033 = ORIENTED_EDGE('',*,*,#3562,.F.);
#4034 = ORIENTED_EDGE('',*,*,#3796,.T.);
#4035 = ORIENTED_EDGE('',*,*,#4036,.T.);
#4036 = EDGE_CURVE('',#3787,#3860,#4037,.T.);
#4037 = LINE('',#4038,#4039);
#4038 = CARTESIAN_POINT('',(0.55,1.87,5.E-02));
#4039 = VECTOR('',#4040,1.);
#4040 = DIRECTION('',(1.,0.,0.));
#4041 = PLANE('',#4042);
#4042 = AXIS2_PLACEMENT_3D('',#4043,#4044,#4045);
#4043 = CARTESIAN_POINT('',(0.55,1.87,0.));
#4044 = DIRECTION('',(0.,1.,0.));
#4045 = DIRECTION('',(0.,-0.,1.));
#4046 = ADVANCED_FACE('',(#4047),#4058,.T.);
#4047 = FACE_BOUND('',#4048,.T.);
#4048 = EDGE_LOOP('',(#4049,#4050,#4051,#4052));
#4049 = ORIENTED_EDGE('',*,*,#3772,.F.);
#4050 = ORIENTED_EDGE('',*,*,#3593,.F.);
#4051 = ORIENTED_EDGE('',*,*,#3681,.T.);
#4052 = ORIENTED_EDGE('',*,*,#4053,.T.);
#4053 = EDGE_CURVE('',#3672,#3745,#4054,.T.);
#4054 = LINE('',#4055,#4056);
#4055 = CARTESIAN_POINT('',(-2.45,1.87,5.E-02));
#4056 = VECTOR('',#4057,1.);
#4057 = DIRECTION('',(1.,0.,0.));
#4058 = PLANE('',#4059);
#4059 = AXIS2_PLACEMENT_3D('',#4060,#4061,#4062);
#4060 = CARTESIAN_POINT('',(-2.45,1.87,0.));
#4061 = DIRECTION('',(0.,1.,0.));
#4062 = DIRECTION('',(0.,-0.,1.));
#4063 = ADVANCED_FACE('',(#4064),#4070,.T.);
#4064 = FACE_BOUND('',#4065,.T.);
#4065 = EDGE_LOOP('',(#4066,#4067,#4068,#4069));
#4066 = ORIENTED_EDGE('',*,*,#3705,.T.);
#4067 = ORIENTED_EDGE('',*,*,#3730,.T.);
#4068 = ORIENTED_EDGE('',*,*,#3744,.F.);
#4069 = ORIENTED_EDGE('',*,*,#4053,.F.);
#4070 = CYLINDRICAL_SURFACE('',#4071,0.1);
#4071 = AXIS2_PLACEMENT_3D('',#4072,#4073,#4074);
#4072 = CARTESIAN_POINT('',(-2.45,1.77,5.E-02));
#4073 = DIRECTION('',(1.,0.,0.));
#4074 = DIRECTION('',(-0.,1.,0.));
#4075 = ADVANCED_FACE('',(#4076),#4082,.T.);
#4076 = FACE_BOUND('',#4077,.T.);
#4077 = EDGE_LOOP('',(#4078,#4079,#4080,#4081));
#4078 = ORIENTED_EDGE('',*,*,#3820,.T.);
#4079 = ORIENTED_EDGE('',*,*,#3845,.T.);
#4080 = ORIENTED_EDGE('',*,*,#3859,.F.);
#4081 = ORIENTED_EDGE('',*,*,#4036,.F.);
#4082 = CYLINDRICAL_SURFACE('',#4083,0.1);
#4083 = AXIS2_PLACEMENT_3D('',#4084,#4085,#4086);
#4084 = CARTESIAN_POINT('',(0.55,1.77,5.E-02));
#4085 = DIRECTION('',(1.,0.,0.));
#4086 = DIRECTION('',(-0.,1.,0.));
#4087 = ADVANCED_FACE('',(#4088),#4094,.T.);
#4088 = FACE_BOUND('',#4089,.T.);
#4089 = EDGE_LOOP('',(#4090,#4091,#4092,#4093));
#4090 = ORIENTED_EDGE('',*,*,#3935,.T.);
#4091 = ORIENTED_EDGE('',*,*,#3960,.T.);
#4092 = ORIENTED_EDGE('',*,*,#3974,.F.);
#4093 = ORIENTED_EDGE('',*,*,#4019,.F.);
#4094 = CYLINDRICAL_SURFACE('',#4095,0.1);
#4095 = AXIS2_PLACEMENT_3D('',#4096,#4097,#4098);
#4096 = CARTESIAN_POINT('',(2.05,1.77,5.E-02));
#4097 = DIRECTION('',(1.,0.,0.));
#4098 = DIRECTION('',(-0.,1.,0.));
#4099 = ( GEOMETRIC_REPRESENTATION_CONTEXT(3) 
GLOBAL_UNCERTAINTY_ASSIGNED_CONTEXT((#4103)) 
GLOBAL_UNIT_ASSIGNED_CONTEXT((#4100,#4101,#4102)) REPRESENTATION_CONTEXT
('Context #1','3D Context with UNIT and UNCERTAINTY') );
#4100 = ( LENGTH_UNIT() NAMED_UNIT(*) SI_UNIT(.MILLI.,.METRE.) );
#4101 = ( NAMED_UNIT(*) PLANE_ANGLE_UNIT() SI_UNIT($,.RADIAN.) );
#4102 = ( NAMED_UNIT(*) SI_UNIT($,.STERADIAN.) SOLID_ANGLE_UNIT() );
#4103 = UNCERTAINTY_MEASURE_WITH_UNIT(LENGTH_MEASURE(1.E-07),#4100,
  'distance_accuracy_value','confusion accuracy');
#4104 = CONTEXT_DEPENDENT_SHAPE_REPRESENTATION(#4105,#4107);
#4105 = ( REPRESENTATION_RELATIONSHIP('','',#44,#10) 
REPRESENTATION_RELATIONSHIP_WITH_TRANSFORMATION(#4106) 
SHAPE_REPRESENTATION_RELATIONSHIP() );
#4106 = ITEM_DEFINED_TRANSFORMATION('','',#11,#15);
#4107 = PRODUCT_DEFINITION_SHAPE('Placement','Placement of an item',
  #4108);
#4108 = NEXT_ASSEMBLY_USAGE_OCCURRENCE('1','PWR2','',#5,#39,$);
#4109 = PRODUCT_RELATED_PRODUCT_CATEGORY('part',$,(#41));
#4110 = CONTEXT_DEPENDENT_SHAPE_REPRESENTATION(#4111,#4113);
#4111 = ( REPRESENTATION_RELATIONSHIP('','',#44,#10) 
REPRESENTATION_RELATIONSHIP_WITH_TRANSFORMATION(#4112) 
SHAPE_REPRESENTATION_RELATIONSHIP() );
#4112 = ITEM_DEFINED_TRANSFORMATION('','',#11,#19);
#4113 = PRODUCT_DEFINITION_SHAPE('Placement','Placement of an item',
  #4114);
#4114 = NEXT_ASSEMBLY_USAGE_OCCURRENCE('2','PWR1','',#5,#39,$);
#4115 = SHAPE_DEFINITION_REPRESENTATION(#4116,#4122);
#4116 = PRODUCT_DEFINITION_SHAPE('','',#4117);
#4117 = PRODUCT_DEFINITION('design','',#4118,#4121);
#4118 = PRODUCT_DEFINITION_FORMATION('','',#4119);
#4119 = PRODUCT('main_pcb_PCB_1','main_pcb_PCB_1','',(#4120));
#4120 = PRODUCT_CONTEXT('',#2,'mechanical');
#4121 = PRODUCT_DEFINITION_CONTEXT('part definition',#2,'design');
#4122 = ADVANCED_BREP_SHAPE_REPRESENTATION('',(#11,#4123),#7778);
#4123 = MANIFOLD_SOLID_BREP('',#4124);
#4124 = CLOSED_SHELL('',(#4125,#4167,#4198,#4229,#5190,#6151,#6168,#6185
    ,#6202,#6219,#6231,#6248,#6265,#6282,#6299,#6316,#6333,#6350,#6367,
    #6384,#6401,#6418,#6435,#6452,#6469,#6486,#6503,#6520,#6537,#6554,
    #6571,#6588,#6605,#6622,#6639,#6656,#6673,#6690,#6707,#6724,#6741,
    #6758,#6775,#6792,#6809,#6826,#6843,#6860,#6877,#6894,#6911,#6928,
    #6950,#6967,#6984,#7001,#7018,#7035,#7052,#7069,#7086,#7103,#7120,
    #7132,#7149,#7171,#7188,#7205,#7222,#7239,#7256,#7273,#7290,#7307,
    #7324,#7336,#7358,#7375,#7392,#7409,#7426,#7443,#7460,#7477,#7494,
    #7511,#7528,#7545,#7562,#7574,#7591,#7608,#7625,#7642,#7659,#7676,
    #7693,#7710,#7727,#7744,#7761));
#4125 = ADVANCED_FACE('',(#4126),#4162,.T.);
#4126 = FACE_BOUND('',#4127,.T.);
#4127 = EDGE_LOOP('',(#4128,#4138,#4147,#4155));
#4128 = ORIENTED_EDGE('',*,*,#4129,.T.);
#4129 = EDGE_CURVE('',#4130,#4132,#4134,.T.);
#4130 = VERTEX_POINT('',#4131);
#4131 = CARTESIAN_POINT('',(124.6,-13.025,0.));
#4132 = VERTEX_POINT('',#4133);
#4133 = CARTESIAN_POINT('',(124.6,-13.025,0.71));
#4134 = LINE('',#4135,#4136);
#4135 = CARTESIAN_POINT('',(124.6,-13.025,0.));
#4136 = VECTOR('',#4137,1.);
#4137 = DIRECTION('',(0.,0.,1.));
#4138 = ORIENTED_EDGE('',*,*,#4139,.T.);
#4139 = EDGE_CURVE('',#4132,#4140,#4142,.T.);
#4140 = VERTEX_POINT('',#4141);
#4141 = CARTESIAN_POINT('',(125.6,-14.025,0.71));
#4142 = CIRCLE('',#4143,0.999999252925);
#4143 = AXIS2_PLACEMENT_3D('',#4144,#4145,#4146);
#4144 = CARTESIAN_POINT('',(124.60000074707,-14.02499925292,0.71));
#4145 = DIRECTION('',(0.,0.,-1.));
#4146 = DIRECTION('',(-7.470757491648E-07,1.,0.));
#4147 = ORIENTED_EDGE('',*,*,#4148,.F.);
#4148 = EDGE_CURVE('',#4149,#4140,#4151,.T.);
#4149 = VERTEX_POINT('',#4150);
#4150 = CARTESIAN_POINT('',(125.6,-14.025,0.));
#4151 = LINE('',#4152,#4153);
#4152 = CARTESIAN_POINT('',(125.6,-14.025,0.));
#4153 = VECTOR('',#4154,1.);
#4154 = DIRECTION('',(0.,0.,1.));
#4155 = ORIENTED_EDGE('',*,*,#4156,.F.);
#4156 = EDGE_CURVE('',#4130,#4149,#4157,.T.);
#4157 = CIRCLE('',#4158,0.999999252925);
#4158 = AXIS2_PLACEMENT_3D('',#4159,#4160,#4161);
#4159 = CARTESIAN_POINT('',(124.60000074707,-14.02499925292,0.));
#4160 = DIRECTION('',(0.,0.,-1.));
#4161 = DIRECTION('',(-7.470757491648E-07,1.,0.));
#4162 = CYLINDRICAL_SURFACE('',#4163,0.999999252925);
#4163 = AXIS2_PLACEMENT_3D('',#4164,#4165,#4166);
#4164 = CARTESIAN_POINT('',(124.60000074707,-14.02499925292,0.));
#4165 = DIRECTION('',(0.,0.,-1.));
#4166 = DIRECTION('',(-7.470757491648E-07,1.,0.));
#4167 = ADVANCED_FACE('',(#4168),#4193,.T.);
#4168 = FACE_BOUND('',#4169,.T.);
#4169 = EDGE_LOOP('',(#4170,#4180,#4186,#4187));
#4170 = ORIENTED_EDGE('',*,*,#4171,.T.);
#4171 = EDGE_CURVE('',#4172,#4174,#4176,.T.);
#4172 = VERTEX_POINT('',#4173);
#4173 = CARTESIAN_POINT('',(15.2,-13.025,0.));
#4174 = VERTEX_POINT('',#4175);
#4175 = CARTESIAN_POINT('',(15.2,-13.025,0.71));
#4176 = LINE('',#4177,#4178);
#4177 = CARTESIAN_POINT('',(15.2,-13.025,0.));
#4178 = VECTOR('',#4179,1.);
#4179 = DIRECTION('',(0.,0.,1.));
#4180 = ORIENTED_EDGE('',*,*,#4181,.T.);
#4181 = EDGE_CURVE('',#4174,#4132,#4182,.T.);
#4182 = LINE('',#4183,#4184);
#4183 = CARTESIAN_POINT('',(15.2,-13.025,0.71));
#4184 = VECTOR('',#4185,1.);
#4185 = DIRECTION('',(1.,0.,0.));
#4186 = ORIENTED_EDGE('',*,*,#4129,.F.);
#4187 = ORIENTED_EDGE('',*,*,#4188,.F.);
#4188 = EDGE_CURVE('',#4172,#4130,#4189,.T.);
#4189 = LINE('',#4190,#4191);
#4190 = CARTESIAN_POINT('',(15.2,-13.025,0.));
#4191 = VECTOR('',#4192,1.);
#4192 = DIRECTION('',(1.,0.,0.));
#4193 = PLANE('',#4194);
#4194 = AXIS2_PLACEMENT_3D('',#4195,#4196,#4197);
#4195 = CARTESIAN_POINT('',(15.2,-13.025,0.));
#4196 = DIRECTION('',(0.,1.,0.));
#4197 = DIRECTION('',(1.,0.,0.));
#4198 = ADVANCED_FACE('',(#4199),#4224,.T.);
#4199 = FACE_BOUND('',#4200,.T.);
#4200 = EDGE_LOOP('',(#4201,#4202,#4210,#4218));
#4201 = ORIENTED_EDGE('',*,*,#4148,.T.);
#4202 = ORIENTED_EDGE('',*,*,#4203,.T.);
#4203 = EDGE_CURVE('',#4140,#4204,#4206,.T.);
#4204 = VERTEX_POINT('',#4205);
#4205 = CARTESIAN_POINT('',(125.6,-108.625,0.71));
#4206 = LINE('',#4207,#4208);
#4207 = CARTESIAN_POINT('',(125.6,-14.025,0.71));
#4208 = VECTOR('',#4209,1.);
#4209 = DIRECTION('',(0.,-1.,0.));
#4210 = ORIENTED_EDGE('',*,*,#4211,.F.);
#4211 = EDGE_CURVE('',#4212,#4204,#4214,.T.);
#4212 = VERTEX_POINT('',#4213);
#4213 = CARTESIAN_POINT('',(125.6,-108.625,0.));
#4214 = LINE('',#4215,#4216);
#4215 = CARTESIAN_POINT('',(125.6,-108.625,0.));
#4216 = VECTOR('',#4217,1.);
#4217 = DIRECTION('',(0.,0.,1.));
#4218 = ORIENTED_EDGE('',*,*,#4219,.F.);
#4219 = EDGE_CURVE('',#4149,#4212,#4220,.T.);
#4220 = LINE('',#4221,#4222);
#4221 = CARTESIAN_POINT('',(125.6,-14.025,0.));
#4222 = VECTOR('',#4223,1.);
#4223 = DIRECTION('',(0.,-1.,0.));
#4224 = PLANE('',#4225);
#4225 = AXIS2_PLACEMENT_3D('',#4226,#4227,#4228);
#4226 = CARTESIAN_POINT('',(125.6,-14.025,0.));
#4227 = DIRECTION('',(1.,0.,-0.));
#4228 = DIRECTION('',(0.,-1.,0.));
#4229 = ADVANCED_FACE('',(#4230,#4276,#4287,#4298,#4309,#4320,#4331,
    #4342,#4353,#4364,#4375,#4386,#4397,#4408,#4419,#4430,#4441,#4452,
    #4463,#4474,#4485,#4496,#4507,#4518,#4529,#4540,#4551,#4562,#4573,
    #4584,#4595,#4606,#4617,#4628,#4639,#4650,#4661,#4672,#4683,#4694,
    #4705,#4716,#4727,#4829,#4840,#4933,#5053,#5064,#5075,#5086,#5097,
    #5108,#5119,#5130,#5141,#5152,#5163,#5174),#5185,.F.);
#4230 = FACE_BOUND('',#4231,.F.);
#4231 = EDGE_LOOP('',(#4232,#4233,#4234,#4243,#4251,#4260,#4268,#4275));
#4232 = ORIENTED_EDGE('',*,*,#4156,.F.);
#4233 = ORIENTED_EDGE('',*,*,#4188,.F.);
#4234 = ORIENTED_EDGE('',*,*,#4235,.F.);
#4235 = EDGE_CURVE('',#4236,#4172,#4238,.T.);
#4236 = VERTEX_POINT('',#4237);
#4237 = CARTESIAN_POINT('',(14.2,-14.025,0.));
#4238 = CIRCLE('',#4239,0.999999252925);
#4239 = AXIS2_PLACEMENT_3D('',#4240,#4241,#4242);
#4240 = CARTESIAN_POINT('',(15.199999252925,-14.02499925292,0.));
#4241 = DIRECTION('',(0.,0.,-1.));
#4242 = DIRECTION('',(-1.,-7.47075740283E-07,-0.));
#4243 = ORIENTED_EDGE('',*,*,#4244,.F.);
#4244 = EDGE_CURVE('',#4245,#4236,#4247,.T.);
#4245 = VERTEX_POINT('',#4246);
#4246 = CARTESIAN_POINT('',(14.2,-108.625,0.));
#4247 = LINE('',#4248,#4249);
#4248 = CARTESIAN_POINT('',(14.2,-108.625,0.));
#4249 = VECTOR('',#4250,1.);
#4250 = DIRECTION('',(0.,1.,0.));
#4251 = ORIENTED_EDGE('',*,*,#4252,.F.);
#4252 = EDGE_CURVE('',#4253,#4245,#4255,.T.);
#4253 = VERTEX_POINT('',#4254);
#4254 = CARTESIAN_POINT('',(15.2,-109.625,0.));
#4255 = CIRCLE('',#4256,0.999999252925);
#4256 = AXIS2_PLACEMENT_3D('',#4257,#4258,#4259);
#4257 = CARTESIAN_POINT('',(15.199999252925,-108.625000747,0.));
#4258 = DIRECTION('',(0.,0.,-1.));
#4259 = DIRECTION('',(7.470757296248E-07,-1.,0.));
#4260 = ORIENTED_EDGE('',*,*,#4261,.F.);
#4261 = EDGE_CURVE('',#4262,#4253,#4264,.T.);
#4262 = VERTEX_POINT('',#4263);
#4263 = CARTESIAN_POINT('',(124.6,-109.625,0.));
#4264 = LINE('',#4265,#4266);
#4265 = CARTESIAN_POINT('',(124.6,-109.625,0.));
#4266 = VECTOR('',#4267,1.);
#4267 = DIRECTION('',(-1.,0.,0.));
#4268 = ORIENTED_EDGE('',*,*,#4269,.F.);
#4269 = EDGE_CURVE('',#4212,#4262,#4270,.T.);
#4270 = CIRCLE('',#4271,0.999999252925);
#4271 = AXIS2_PLACEMENT_3D('',#4272,#4273,#4274);
#4272 = CARTESIAN_POINT('',(124.60000074707,-108.625000747,0.));
#4273 = DIRECTION('',(0.,0.,-1.));
#4274 = DIRECTION('',(1.,7.470757491648E-07,0.));
#4275 = ORIENTED_EDGE('',*,*,#4219,.F.);
#4276 = FACE_BOUND('',#4277,.F.);
#4277 = EDGE_LOOP('',(#4278));
#4278 = ORIENTED_EDGE('',*,*,#4279,.F.);
#4279 = EDGE_CURVE('',#4280,#4280,#4282,.T.);
#4280 = VERTEX_POINT('',#4281);
#4281 = CARTESIAN_POINT('',(17.4,-107.525,0.));
#4282 = CIRCLE('',#4283,1.1);
#4283 = AXIS2_PLACEMENT_3D('',#4284,#4285,#4286);
#4284 = CARTESIAN_POINT('',(16.3,-107.525,0.));
#4285 = DIRECTION('',(0.,0.,1.));
#4286 = DIRECTION('',(1.,0.,-0.));
#4287 = FACE_BOUND('',#4288,.F.);
#4288 = EDGE_LOOP('',(#4289));
#4289 = ORIENTED_EDGE('',*,*,#4290,.F.);
#4290 = EDGE_CURVE('',#4291,#4291,#4293,.T.);
#4291 = VERTEX_POINT('',#4292);
#4292 = CARTESIAN_POINT('',(22.1,-99.175,0.));
#4293 = CIRCLE('',#4294,0.5);
#4294 = AXIS2_PLACEMENT_3D('',#4295,#4296,#4297);
#4295 = CARTESIAN_POINT('',(21.6,-99.175,0.));
#4296 = DIRECTION('',(0.,0.,1.));
#4297 = DIRECTION('',(1.,0.,-0.));
#4298 = FACE_BOUND('',#4299,.F.);
#4299 = EDGE_LOOP('',(#4300));
#4300 = ORIENTED_EDGE('',*,*,#4301,.F.);
#4301 = EDGE_CURVE('',#4302,#4302,#4304,.T.);
#4302 = VERTEX_POINT('',#4303);
#4303 = CARTESIAN_POINT('',(39.1,-99.175,0.));
#4304 = CIRCLE('',#4305,0.5);
#4305 = AXIS2_PLACEMENT_3D('',#4306,#4307,#4308);
#4306 = CARTESIAN_POINT('',(38.6,-99.175,0.));
#4307 = DIRECTION('',(0.,0.,1.));
#4308 = DIRECTION('',(1.,0.,-0.));
#4309 = FACE_BOUND('',#4310,.F.);
#4310 = EDGE_LOOP('',(#4311));
#4311 = ORIENTED_EDGE('',*,*,#4312,.F.);
#4312 = EDGE_CURVE('',#4313,#4313,#4315,.T.);
#4313 = VERTEX_POINT('',#4314);
#4314 = CARTESIAN_POINT('',(33.8,-93.675,0.));
#4315 = CIRCLE('',#4316,0.6);
#4316 = AXIS2_PLACEMENT_3D('',#4317,#4318,#4319);
#4317 = CARTESIAN_POINT('',(33.2,-93.675,0.));
#4318 = DIRECTION('',(0.,0.,1.));
#4319 = DIRECTION('',(1.,0.,-0.));
#4320 = FACE_BOUND('',#4321,.F.);
#4321 = EDGE_LOOP('',(#4322));
#4322 = ORIENTED_EDGE('',*,*,#4323,.F.);
#4323 = EDGE_CURVE('',#4324,#4324,#4326,.T.);
#4324 = VERTEX_POINT('',#4325);
#4325 = CARTESIAN_POINT('',(56.1,-99.175,0.));
#4326 = CIRCLE('',#4327,0.5);
#4327 = AXIS2_PLACEMENT_3D('',#4328,#4329,#4330);
#4328 = CARTESIAN_POINT('',(55.6,-99.175,0.));
#4329 = DIRECTION('',(0.,0.,1.));
#4330 = DIRECTION('',(1.,0.,-0.));
#4331 = FACE_BOUND('',#4332,.F.);
#4332 = EDGE_LOOP('',(#4333));
#4333 = ORIENTED_EDGE('',*,*,#4334,.F.);
#4334 = EDGE_CURVE('',#4335,#4335,#4337,.T.);
#4335 = VERTEX_POINT('',#4336);
#4336 = CARTESIAN_POINT('',(50.8,-93.675,0.));
#4337 = CIRCLE('',#4338,0.6);
#4338 = AXIS2_PLACEMENT_3D('',#4339,#4340,#4341);
#4339 = CARTESIAN_POINT('',(50.2,-93.675,0.));
#4340 = DIRECTION('',(0.,0.,1.));
#4341 = DIRECTION('',(1.,0.,-0.));
#4342 = FACE_BOUND('',#4343,.F.);
#4343 = EDGE_LOOP('',(#4344));
#4344 = ORIENTED_EDGE('',*,*,#4345,.F.);
#4345 = EDGE_CURVE('',#4346,#4346,#4348,.T.);
#4346 = VERTEX_POINT('',#4347);
#4347 = CARTESIAN_POINT('',(67.8,-93.675,0.));
#4348 = CIRCLE('',#4349,0.6);
#4349 = AXIS2_PLACEMENT_3D('',#4350,#4351,#4352);
#4350 = CARTESIAN_POINT('',(67.2,-93.675,0.));
#4351 = DIRECTION('',(0.,0.,1.));
#4352 = DIRECTION('',(1.,0.,-0.));
#4353 = FACE_BOUND('',#4354,.F.);
#4354 = EDGE_LOOP('',(#4355));
#4355 = ORIENTED_EDGE('',*,*,#4356,.F.);
#4356 = EDGE_CURVE('',#4357,#4357,#4359,.T.);
#4357 = VERTEX_POINT('',#4358);
#4358 = CARTESIAN_POINT('',(22.1,-82.175,0.));
#4359 = CIRCLE('',#4360,0.5);
#4360 = AXIS2_PLACEMENT_3D('',#4361,#4362,#4363);
#4361 = CARTESIAN_POINT('',(21.6,-82.175,0.));
#4362 = DIRECTION('',(0.,0.,1.));
#4363 = DIRECTION('',(1.,0.,-0.));
#4364 = FACE_BOUND('',#4365,.F.);
#4365 = EDGE_LOOP('',(#4366));
#4366 = ORIENTED_EDGE('',*,*,#4367,.F.);
#4367 = EDGE_CURVE('',#4368,#4368,#4370,.T.);
#4368 = VERTEX_POINT('',#4369);
#4369 = CARTESIAN_POINT('',(39.1,-82.175,0.));
#4370 = CIRCLE('',#4371,0.5);
#4371 = AXIS2_PLACEMENT_3D('',#4372,#4373,#4374);
#4372 = CARTESIAN_POINT('',(38.6,-82.175,0.));
#4373 = DIRECTION('',(0.,0.,1.));
#4374 = DIRECTION('',(1.,0.,-0.));
#4375 = FACE_BOUND('',#4376,.F.);
#4376 = EDGE_LOOP('',(#4377));
#4377 = ORIENTED_EDGE('',*,*,#4378,.F.);
#4378 = EDGE_CURVE('',#4379,#4379,#4381,.T.);
#4379 = VERTEX_POINT('',#4380);
#4380 = CARTESIAN_POINT('',(33.8,-76.675,0.));
#4381 = CIRCLE('',#4382,0.6);
#4382 = AXIS2_PLACEMENT_3D('',#4383,#4384,#4385);
#4383 = CARTESIAN_POINT('',(33.2,-76.675,0.));
#4384 = DIRECTION('',(0.,0.,1.));
#4385 = DIRECTION('',(1.,0.,-0.));
#4386 = FACE_BOUND('',#4387,.F.);
#4387 = EDGE_LOOP('',(#4388));
#4388 = ORIENTED_EDGE('',*,*,#4389,.F.);
#4389 = EDGE_CURVE('',#4390,#4390,#4392,.T.);
#4390 = VERTEX_POINT('',#4391);
#4391 = CARTESIAN_POINT('',(22.1,-65.175,0.));
#4392 = CIRCLE('',#4393,0.5);
#4393 = AXIS2_PLACEMENT_3D('',#4394,#4395,#4396);
#4394 = CARTESIAN_POINT('',(21.6,-65.175,0.));
#4395 = DIRECTION('',(0.,0.,1.));
#4396 = DIRECTION('',(1.,0.,-0.));
#4397 = FACE_BOUND('',#4398,.F.);
#4398 = EDGE_LOOP('',(#4399));
#4399 = ORIENTED_EDGE('',*,*,#4400,.F.);
#4400 = EDGE_CURVE('',#4401,#4401,#4403,.T.);
#4401 = VERTEX_POINT('',#4402);
#4402 = CARTESIAN_POINT('',(39.1,-65.175,0.));
#4403 = CIRCLE('',#4404,0.5);
#4404 = AXIS2_PLACEMENT_3D('',#4405,#4406,#4407);
#4405 = CARTESIAN_POINT('',(38.6,-65.175,0.));
#4406 = DIRECTION('',(0.,0.,1.));
#4407 = DIRECTION('',(1.,0.,-0.));
#4408 = FACE_BOUND('',#4409,.F.);
#4409 = EDGE_LOOP('',(#4410));
#4410 = ORIENTED_EDGE('',*,*,#4411,.F.);
#4411 = EDGE_CURVE('',#4412,#4412,#4414,.T.);
#4412 = VERTEX_POINT('',#4413);
#4413 = CARTESIAN_POINT('',(56.1,-82.175,0.));
#4414 = CIRCLE('',#4415,0.5);
#4415 = AXIS2_PLACEMENT_3D('',#4416,#4417,#4418);
#4416 = CARTESIAN_POINT('',(55.6,-82.175,0.));
#4417 = DIRECTION('',(0.,0.,1.));
#4418 = DIRECTION('',(1.,0.,-0.));
#4419 = FACE_BOUND('',#4420,.F.);
#4420 = EDGE_LOOP('',(#4421));
#4421 = ORIENTED_EDGE('',*,*,#4422,.F.);
#4422 = EDGE_CURVE('',#4423,#4423,#4425,.T.);
#4423 = VERTEX_POINT('',#4424);
#4424 = CARTESIAN_POINT('',(50.8,-76.675,0.));
#4425 = CIRCLE('',#4426,0.6);
#4426 = AXIS2_PLACEMENT_3D('',#4427,#4428,#4429);
#4427 = CARTESIAN_POINT('',(50.2,-76.675,0.));
#4428 = DIRECTION('',(0.,0.,1.));
#4429 = DIRECTION('',(1.,0.,-0.));
#4430 = FACE_BOUND('',#4431,.F.);
#4431 = EDGE_LOOP('',(#4432));
#4432 = ORIENTED_EDGE('',*,*,#4433,.F.);
#4433 = EDGE_CURVE('',#4434,#4434,#4436,.T.);
#4434 = VERTEX_POINT('',#4435);
#4435 = CARTESIAN_POINT('',(67.8,-76.675,0.));
#4436 = CIRCLE('',#4437,0.6);
#4437 = AXIS2_PLACEMENT_3D('',#4438,#4439,#4440);
#4438 = CARTESIAN_POINT('',(67.2,-76.675,0.));
#4439 = DIRECTION('',(0.,0.,1.));
#4440 = DIRECTION('',(1.,0.,-0.));
#4441 = FACE_BOUND('',#4442,.F.);
#4442 = EDGE_LOOP('',(#4443));
#4443 = ORIENTED_EDGE('',*,*,#4444,.F.);
#4444 = EDGE_CURVE('',#4445,#4445,#4447,.T.);
#4445 = VERTEX_POINT('',#4446);
#4446 = CARTESIAN_POINT('',(56.1,-65.175,0.));
#4447 = CIRCLE('',#4448,0.5);
#4448 = AXIS2_PLACEMENT_3D('',#4449,#4450,#4451);
#4449 = CARTESIAN_POINT('',(55.6,-65.175,0.));
#4450 = DIRECTION('',(0.,0.,1.));
#4451 = DIRECTION('',(1.,0.,-0.));
#4452 = FACE_BOUND('',#4453,.F.);
#4453 = EDGE_LOOP('',(#4454));
#4454 = ORIENTED_EDGE('',*,*,#4455,.F.);
#4455 = EDGE_CURVE('',#4456,#4456,#4458,.T.);
#4456 = VERTEX_POINT('',#4457);
#4457 = CARTESIAN_POINT('',(73.1,-99.175,0.));
#4458 = CIRCLE('',#4459,0.5);
#4459 = AXIS2_PLACEMENT_3D('',#4460,#4461,#4462);
#4460 = CARTESIAN_POINT('',(72.6,-99.175,0.));
#4461 = DIRECTION('',(0.,0.,1.));
#4462 = DIRECTION('',(1.,0.,-0.));
#4463 = FACE_BOUND('',#4464,.F.);
#4464 = EDGE_LOOP('',(#4465));
#4465 = ORIENTED_EDGE('',*,*,#4466,.F.);
#4466 = EDGE_CURVE('',#4467,#4467,#4469,.T.);
#4467 = VERTEX_POINT('',#4468);
#4468 = CARTESIAN_POINT('',(90.1,-99.175,0.));
#4469 = CIRCLE('',#4470,0.5);
#4470 = AXIS2_PLACEMENT_3D('',#4471,#4472,#4473);
#4471 = CARTESIAN_POINT('',(89.6,-99.175,0.));
#4472 = DIRECTION('',(0.,0.,1.));
#4473 = DIRECTION('',(1.,0.,-0.));
#4474 = FACE_BOUND('',#4475,.F.);
#4475 = EDGE_LOOP('',(#4476));
#4476 = ORIENTED_EDGE('',*,*,#4477,.F.);
#4477 = EDGE_CURVE('',#4478,#4478,#4480,.T.);
#4478 = VERTEX_POINT('',#4479);
#4479 = CARTESIAN_POINT('',(84.8,-93.675,0.));
#4480 = CIRCLE('',#4481,0.6);
#4481 = AXIS2_PLACEMENT_3D('',#4482,#4483,#4484);
#4482 = CARTESIAN_POINT('',(84.2,-93.675,0.));
#4483 = DIRECTION('',(0.,0.,1.));
#4484 = DIRECTION('',(1.,0.,-0.));
#4485 = FACE_BOUND('',#4486,.F.);
#4486 = EDGE_LOOP('',(#4487));
#4487 = ORIENTED_EDGE('',*,*,#4488,.F.);
#4488 = EDGE_CURVE('',#4489,#4489,#4491,.T.);
#4489 = VERTEX_POINT('',#4490);
#4490 = CARTESIAN_POINT('',(107.1,-99.175,0.));
#4491 = CIRCLE('',#4492,0.5);
#4492 = AXIS2_PLACEMENT_3D('',#4493,#4494,#4495);
#4493 = CARTESIAN_POINT('',(106.6,-99.175,0.));
#4494 = DIRECTION('',(0.,0.,1.));
#4495 = DIRECTION('',(1.,0.,-0.));
#4496 = FACE_BOUND('',#4497,.F.);
#4497 = EDGE_LOOP('',(#4498));
#4498 = ORIENTED_EDGE('',*,*,#4499,.F.);
#4499 = EDGE_CURVE('',#4500,#4500,#4502,.T.);
#4500 = VERTEX_POINT('',#4501);
#4501 = CARTESIAN_POINT('',(124.6,-107.525,0.));
#4502 = CIRCLE('',#4503,1.1);
#4503 = AXIS2_PLACEMENT_3D('',#4504,#4505,#4506);
#4504 = CARTESIAN_POINT('',(123.5,-107.525,0.));
#4505 = DIRECTION('',(0.,0.,1.));
#4506 = DIRECTION('',(1.,0.,-0.));
#4507 = FACE_BOUND('',#4508,.F.);
#4508 = EDGE_LOOP('',(#4509));
#4509 = ORIENTED_EDGE('',*,*,#4510,.F.);
#4510 = EDGE_CURVE('',#4511,#4511,#4513,.T.);
#4511 = VERTEX_POINT('',#4512);
#4512 = CARTESIAN_POINT('',(101.8,-93.675,0.));
#4513 = CIRCLE('',#4514,0.6);
#4514 = AXIS2_PLACEMENT_3D('',#4515,#4516,#4517);
#4515 = CARTESIAN_POINT('',(101.2,-93.675,0.));
#4516 = DIRECTION('',(0.,0.,1.));
#4517 = DIRECTION('',(1.,0.,-0.));
#4518 = FACE_BOUND('',#4519,.F.);
#4519 = EDGE_LOOP('',(#4520));
#4520 = ORIENTED_EDGE('',*,*,#4521,.F.);
#4521 = EDGE_CURVE('',#4522,#4522,#4524,.T.);
#4522 = VERTEX_POINT('',#4523);
#4523 = CARTESIAN_POINT('',(118.8,-93.675,0.));
#4524 = CIRCLE('',#4525,0.6);
#4525 = AXIS2_PLACEMENT_3D('',#4526,#4527,#4528);
#4526 = CARTESIAN_POINT('',(118.2,-93.675,0.));
#4527 = DIRECTION('',(0.,0.,1.));
#4528 = DIRECTION('',(1.,0.,-0.));
#4529 = FACE_BOUND('',#4530,.F.);
#4530 = EDGE_LOOP('',(#4531));
#4531 = ORIENTED_EDGE('',*,*,#4532,.F.);
#4532 = EDGE_CURVE('',#4533,#4533,#4535,.T.);
#4533 = VERTEX_POINT('',#4534);
#4534 = CARTESIAN_POINT('',(73.1,-82.175,0.));
#4535 = CIRCLE('',#4536,0.5);
#4536 = AXIS2_PLACEMENT_3D('',#4537,#4538,#4539);
#4537 = CARTESIAN_POINT('',(72.6,-82.175,0.));
#4538 = DIRECTION('',(0.,0.,1.));
#4539 = DIRECTION('',(1.,0.,-0.));
#4540 = FACE_BOUND('',#4541,.F.);
#4541 = EDGE_LOOP('',(#4542));
#4542 = ORIENTED_EDGE('',*,*,#4543,.F.);
#4543 = EDGE_CURVE('',#4544,#4544,#4546,.T.);
#4544 = VERTEX_POINT('',#4545);
#4545 = CARTESIAN_POINT('',(90.1,-82.175,0.));
#4546 = CIRCLE('',#4547,0.5);
#4547 = AXIS2_PLACEMENT_3D('',#4548,#4549,#4550);
#4548 = CARTESIAN_POINT('',(89.6,-82.175,0.));
#4549 = DIRECTION('',(0.,0.,1.));
#4550 = DIRECTION('',(1.,0.,-0.));
#4551 = FACE_BOUND('',#4552,.F.);
#4552 = EDGE_LOOP('',(#4553));
#4553 = ORIENTED_EDGE('',*,*,#4554,.F.);
#4554 = EDGE_CURVE('',#4555,#4555,#4557,.T.);
#4555 = VERTEX_POINT('',#4556);
#4556 = CARTESIAN_POINT('',(84.8,-76.675,0.));
#4557 = CIRCLE('',#4558,0.6);
#4558 = AXIS2_PLACEMENT_3D('',#4559,#4560,#4561);
#4559 = CARTESIAN_POINT('',(84.2,-76.675,0.));
#4560 = DIRECTION('',(0.,0.,1.));
#4561 = DIRECTION('',(1.,0.,-0.));
#4562 = FACE_BOUND('',#4563,.F.);
#4563 = EDGE_LOOP('',(#4564));
#4564 = ORIENTED_EDGE('',*,*,#4565,.F.);
#4565 = EDGE_CURVE('',#4566,#4566,#4568,.T.);
#4566 = VERTEX_POINT('',#4567);
#4567 = CARTESIAN_POINT('',(73.1,-65.175,0.));
#4568 = CIRCLE('',#4569,0.5);
#4569 = AXIS2_PLACEMENT_3D('',#4570,#4571,#4572);
#4570 = CARTESIAN_POINT('',(72.6,-65.175,0.));
#4571 = DIRECTION('',(0.,0.,1.));
#4572 = DIRECTION('',(1.,0.,-0.));
#4573 = FACE_BOUND('',#4574,.F.);
#4574 = EDGE_LOOP('',(#4575));
#4575 = ORIENTED_EDGE('',*,*,#4576,.F.);
#4576 = EDGE_CURVE('',#4577,#4577,#4579,.T.);
#4577 = VERTEX_POINT('',#4578);
#4578 = CARTESIAN_POINT('',(90.1,-65.175,0.));
#4579 = CIRCLE('',#4580,0.5);
#4580 = AXIS2_PLACEMENT_3D('',#4581,#4582,#4583);
#4581 = CARTESIAN_POINT('',(89.6,-65.175,0.));
#4582 = DIRECTION('',(0.,0.,1.));
#4583 = DIRECTION('',(1.,0.,-0.));
#4584 = FACE_BOUND('',#4585,.F.);
#4585 = EDGE_LOOP('',(#4586));
#4586 = ORIENTED_EDGE('',*,*,#4587,.F.);
#4587 = EDGE_CURVE('',#4588,#4588,#4590,.T.);
#4588 = VERTEX_POINT('',#4589);
#4589 = CARTESIAN_POINT('',(107.1,-82.175,0.));
#4590 = CIRCLE('',#4591,0.5);
#4591 = AXIS2_PLACEMENT_3D('',#4592,#4593,#4594);
#4592 = CARTESIAN_POINT('',(106.6,-82.175,0.));
#4593 = DIRECTION('',(0.,0.,1.));
#4594 = DIRECTION('',(1.,0.,-0.));
#4595 = FACE_BOUND('',#4596,.F.);
#4596 = EDGE_LOOP('',(#4597));
#4597 = ORIENTED_EDGE('',*,*,#4598,.F.);
#4598 = EDGE_CURVE('',#4599,#4599,#4601,.T.);
#4599 = VERTEX_POINT('',#4600);
#4600 = CARTESIAN_POINT('',(101.8,-76.675,0.));
#4601 = CIRCLE('',#4602,0.6);
#4602 = AXIS2_PLACEMENT_3D('',#4603,#4604,#4605);
#4603 = CARTESIAN_POINT('',(101.2,-76.675,0.));
#4604 = DIRECTION('',(0.,0.,1.));
#4605 = DIRECTION('',(1.,0.,-0.));
#4606 = FACE_BOUND('',#4607,.F.);
#4607 = EDGE_LOOP('',(#4608));
#4608 = ORIENTED_EDGE('',*,*,#4609,.F.);
#4609 = EDGE_CURVE('',#4610,#4610,#4612,.T.);
#4610 = VERTEX_POINT('',#4611);
#4611 = CARTESIAN_POINT('',(118.8,-76.675,0.));
#4612 = CIRCLE('',#4613,0.6);
#4613 = AXIS2_PLACEMENT_3D('',#4614,#4615,#4616);
#4614 = CARTESIAN_POINT('',(118.2,-76.675,0.));
#4615 = DIRECTION('',(0.,0.,1.));
#4616 = DIRECTION('',(1.,0.,-0.));
#4617 = FACE_BOUND('',#4618,.F.);
#4618 = EDGE_LOOP('',(#4619));
#4619 = ORIENTED_EDGE('',*,*,#4620,.F.);
#4620 = EDGE_CURVE('',#4621,#4621,#4623,.T.);
#4621 = VERTEX_POINT('',#4622);
#4622 = CARTESIAN_POINT('',(107.1,-65.175,0.));
#4623 = CIRCLE('',#4624,0.5);
#4624 = AXIS2_PLACEMENT_3D('',#4625,#4626,#4627);
#4625 = CARTESIAN_POINT('',(106.6,-65.175,0.));
#4626 = DIRECTION('',(0.,0.,1.));
#4627 = DIRECTION('',(1.,0.,-0.));
#4628 = FACE_BOUND('',#4629,.F.);
#4629 = EDGE_LOOP('',(#4630));
#4630 = ORIENTED_EDGE('',*,*,#4631,.F.);
#4631 = EDGE_CURVE('',#4632,#4632,#4634,.T.);
#4632 = VERTEX_POINT('',#4633);
#4633 = CARTESIAN_POINT('',(33.8,-59.675,0.));
#4634 = CIRCLE('',#4635,0.6);
#4635 = AXIS2_PLACEMENT_3D('',#4636,#4637,#4638);
#4636 = CARTESIAN_POINT('',(33.2,-59.675,0.));
#4637 = DIRECTION('',(0.,0.,1.));
#4638 = DIRECTION('',(1.,0.,-0.));
#4639 = FACE_BOUND('',#4640,.F.);
#4640 = EDGE_LOOP('',(#4641));
#4641 = ORIENTED_EDGE('',*,*,#4642,.F.);
#4642 = EDGE_CURVE('',#4643,#4643,#4645,.T.);
#4643 = VERTEX_POINT('',#4644);
#4644 = CARTESIAN_POINT('',(22.1,-48.175,0.));
#4645 = CIRCLE('',#4646,0.5);
#4646 = AXIS2_PLACEMENT_3D('',#4647,#4648,#4649);
#4647 = CARTESIAN_POINT('',(21.6,-48.175,0.));
#4648 = DIRECTION('',(0.,0.,1.));
#4649 = DIRECTION('',(1.,0.,-0.));
#4650 = FACE_BOUND('',#4651,.F.);
#4651 = EDGE_LOOP('',(#4652));
#4652 = ORIENTED_EDGE('',*,*,#4653,.F.);
#4653 = EDGE_CURVE('',#4654,#4654,#4656,.T.);
#4654 = VERTEX_POINT('',#4655);
#4655 = CARTESIAN_POINT('',(39.1,-48.175,0.));
#4656 = CIRCLE('',#4657,0.5);
#4657 = AXIS2_PLACEMENT_3D('',#4658,#4659,#4660);
#4658 = CARTESIAN_POINT('',(38.6,-48.175,0.));
#4659 = DIRECTION('',(0.,0.,1.));
#4660 = DIRECTION('',(1.,0.,-0.));
#4661 = FACE_BOUND('',#4662,.F.);
#4662 = EDGE_LOOP('',(#4663));
#4663 = ORIENTED_EDGE('',*,*,#4664,.F.);
#4664 = EDGE_CURVE('',#4665,#4665,#4667,.T.);
#4665 = VERTEX_POINT('',#4666);
#4666 = CARTESIAN_POINT('',(33.8,-42.675,0.));
#4667 = CIRCLE('',#4668,0.6);
#4668 = AXIS2_PLACEMENT_3D('',#4669,#4670,#4671);
#4669 = CARTESIAN_POINT('',(33.2,-42.675,0.));
#4670 = DIRECTION('',(0.,0.,1.));
#4671 = DIRECTION('',(1.,0.,-0.));
#4672 = FACE_BOUND('',#4673,.F.);
#4673 = EDGE_LOOP('',(#4674));
#4674 = ORIENTED_EDGE('',*,*,#4675,.F.);
#4675 = EDGE_CURVE('',#4676,#4676,#4678,.T.);
#4676 = VERTEX_POINT('',#4677);
#4677 = CARTESIAN_POINT('',(50.8,-59.675,0.));
#4678 = CIRCLE('',#4679,0.6);
#4679 = AXIS2_PLACEMENT_3D('',#4680,#4681,#4682);
#4680 = CARTESIAN_POINT('',(50.2,-59.675,0.));
#4681 = DIRECTION('',(0.,0.,1.));
#4682 = DIRECTION('',(1.,0.,-0.));
#4683 = FACE_BOUND('',#4684,.F.);
#4684 = EDGE_LOOP('',(#4685));
#4685 = ORIENTED_EDGE('',*,*,#4686,.F.);
#4686 = EDGE_CURVE('',#4687,#4687,#4689,.T.);
#4687 = VERTEX_POINT('',#4688);
#4688 = CARTESIAN_POINT('',(67.8,-59.675,0.));
#4689 = CIRCLE('',#4690,0.6);
#4690 = AXIS2_PLACEMENT_3D('',#4691,#4692,#4693);
#4691 = CARTESIAN_POINT('',(67.2,-59.675,0.));
#4692 = DIRECTION('',(0.,0.,1.));
#4693 = DIRECTION('',(1.,0.,-0.));
#4694 = FACE_BOUND('',#4695,.F.);
#4695 = EDGE_LOOP('',(#4696));
#4696 = ORIENTED_EDGE('',*,*,#4697,.F.);
#4697 = EDGE_CURVE('',#4698,#4698,#4700,.T.);
#4698 = VERTEX_POINT('',#4699);
#4699 = CARTESIAN_POINT('',(56.1,-48.175,0.));
#4700 = CIRCLE('',#4701,0.5);
#4701 = AXIS2_PLACEMENT_3D('',#4702,#4703,#4704);
#4702 = CARTESIAN_POINT('',(55.6,-48.175,0.));
#4703 = DIRECTION('',(0.,0.,1.));
#4704 = DIRECTION('',(1.,0.,-0.));
#4705 = FACE_BOUND('',#4706,.F.);
#4706 = EDGE_LOOP('',(#4707));
#4707 = ORIENTED_EDGE('',*,*,#4708,.F.);
#4708 = EDGE_CURVE('',#4709,#4709,#4711,.T.);
#4709 = VERTEX_POINT('',#4710);
#4710 = CARTESIAN_POINT('',(50.8,-42.675,0.));
#4711 = CIRCLE('',#4712,0.6);
#4712 = AXIS2_PLACEMENT_3D('',#4713,#4714,#4715);
#4713 = CARTESIAN_POINT('',(50.2,-42.675,0.));
#4714 = DIRECTION('',(0.,0.,1.));
#4715 = DIRECTION('',(1.,0.,-0.));
#4716 = FACE_BOUND('',#4717,.F.);
#4717 = EDGE_LOOP('',(#4718));
#4718 = ORIENTED_EDGE('',*,*,#4719,.F.);
#4719 = EDGE_CURVE('',#4720,#4720,#4722,.T.);
#4720 = VERTEX_POINT('',#4721);
#4721 = CARTESIAN_POINT('',(67.8,-42.675,0.));
#4722 = CIRCLE('',#4723,0.6);
#4723 = AXIS2_PLACEMENT_3D('',#4724,#4725,#4726);
#4724 = CARTESIAN_POINT('',(67.2,-42.675,0.));
#4725 = DIRECTION('',(0.,0.,1.));
#4726 = DIRECTION('',(1.,0.,-0.));
#4727 = FACE_BOUND('',#4728,.F.);
#4728 = EDGE_LOOP('',(#4729,#4739,#4747,#4755,#4763,#4771,#4780,#4789,
    #4797,#4805,#4813,#4822));
#4729 = ORIENTED_EDGE('',*,*,#4730,.F.);
#4730 = EDGE_CURVE('',#4731,#4733,#4735,.T.);
#4731 = VERTEX_POINT('',#4732);
#4732 = CARTESIAN_POINT('',(36.9565,-31.401,0.));
#4733 = VERTEX_POINT('',#4734);
#4734 = CARTESIAN_POINT('',(36.956101924677,-32.67500026437,0.));
#4735 = LINE('',#4736,#4737);
#4736 = CARTESIAN_POINT('',(36.9565,-31.401,0.));
#4737 = VECTOR('',#4738,1.);
#4738 = DIRECTION('',(-3.124609271262E-04,-0.999999951184,0.));
#4739 = ORIENTED_EDGE('',*,*,#4740,.F.);
#4740 = EDGE_CURVE('',#4741,#4731,#4743,.T.);
#4741 = VERTEX_POINT('',#4742);
#4742 = CARTESIAN_POINT('',(37.3375,-31.02,0.));
#4743 = LINE('',#4744,#4745);
#4744 = CARTESIAN_POINT('',(37.3375,-31.02,0.));
#4745 = VECTOR('',#4746,1.);
#4746 = DIRECTION('',(-0.707106781187,-0.707106781187,0.));
#4747 = ORIENTED_EDGE('',*,*,#4748,.F.);
#4748 = EDGE_CURVE('',#4749,#4741,#4751,.T.);
#4749 = VERTEX_POINT('',#4750);
#4750 = CARTESIAN_POINT('',(38.9885,-31.02,0.));
#4751 = LINE('',#4752,#4753);
#4752 = CARTESIAN_POINT('',(38.9885,-31.02,0.));
#4753 = VECTOR('',#4754,1.);
#4754 = DIRECTION('',(-1.,0.,0.));
#4755 = ORIENTED_EDGE('',*,*,#4756,.F.);
#4756 = EDGE_CURVE('',#4757,#4749,#4759,.T.);
#4757 = VERTEX_POINT('',#4758);
#4758 = CARTESIAN_POINT('',(39.3695,-31.401,0.));
#4759 = LINE('',#4760,#4761);
#4760 = CARTESIAN_POINT('',(39.3695,-31.401,0.));
#4761 = VECTOR('',#4762,1.);
#4762 = DIRECTION('',(-0.707106781187,0.707106781187,0.));
#4763 = ORIENTED_EDGE('',*,*,#4764,.F.);
#4764 = EDGE_CURVE('',#4765,#4757,#4767,.T.);
#4765 = VERTEX_POINT('',#4766);
#4766 = CARTESIAN_POINT('',(39.369101887909,-32.67511793562,0.));
#4767 = LINE('',#4768,#4769);
#4768 = CARTESIAN_POINT('',(39.369,-33.0012,0.));
#4769 = VECTOR('',#4770,1.);
#4770 = DIRECTION('',(3.124609271306E-04,0.999999951184,0.));
#4771 = ORIENTED_EDGE('',*,*,#4772,.T.);
#4772 = EDGE_CURVE('',#4765,#4773,#4775,.T.);
#4773 = VERTEX_POINT('',#4774);
#4774 = CARTESIAN_POINT('',(39.115,-33.623,0.));
#4775 = CIRCLE('',#4776,0.508);
#4776 = AXIS2_PLACEMENT_3D('',#4777,#4778,#4779);
#4777 = CARTESIAN_POINT('',(39.115,-33.115,0.));
#4778 = DIRECTION('',(-0.,0.,-1.));
#4779 = DIRECTION('',(1.398706172756E-14,-1.,-0.));
#4780 = ORIENTED_EDGE('',*,*,#4781,.T.);
#4781 = EDGE_CURVE('',#4773,#4782,#4784,.T.);
#4782 = VERTEX_POINT('',#4783);
#4783 = CARTESIAN_POINT('',(38.83279616806,-33.53740383194,0.));
#4784 = CIRCLE('',#4785,0.508);
#4785 = AXIS2_PLACEMENT_3D('',#4786,#4787,#4788);
#4786 = CARTESIAN_POINT('',(39.115,-33.115,0.));
#4787 = DIRECTION('',(-0.,0.,-1.));
#4788 = DIRECTION('',(1.398706172756E-14,-1.,-0.));
#4789 = ORIENTED_EDGE('',*,*,#4790,.F.);
#4790 = EDGE_CURVE('',#4791,#4782,#4793,.T.);
#4791 = VERTEX_POINT('',#4792);
#4792 = CARTESIAN_POINT('',(38.6832,-33.687,0.));
#4793 = LINE('',#4794,#4795);
#4794 = CARTESIAN_POINT('',(38.6832,-33.687,0.));
#4795 = VECTOR('',#4796,1.);
#4796 = DIRECTION('',(0.707106781187,0.707106781187,0.));
#4797 = ORIENTED_EDGE('',*,*,#4798,.F.);
#4798 = EDGE_CURVE('',#4799,#4791,#4801,.T.);
#4799 = VERTEX_POINT('',#4800);
#4800 = CARTESIAN_POINT('',(37.6418,-33.687,0.));
#4801 = LINE('',#4802,#4803);
#4802 = CARTESIAN_POINT('',(37.6418,-33.687,0.));
#4803 = VECTOR('',#4804,1.);
#4804 = DIRECTION('',(1.,0.,0.));
#4805 = ORIENTED_EDGE('',*,*,#4806,.F.);
#4806 = EDGE_CURVE('',#4807,#4799,#4809,.T.);
#4807 = VERTEX_POINT('',#4808);
#4808 = CARTESIAN_POINT('',(37.492203831941,-33.53740383194,0.));
#4809 = LINE('',#4810,#4811);
#4810 = CARTESIAN_POINT('',(36.956,-33.0012,0.));
#4811 = VECTOR('',#4812,1.);
#4812 = DIRECTION('',(0.707106781187,-0.707106781187,0.));
#4813 = ORIENTED_EDGE('',*,*,#4814,.T.);
#4814 = EDGE_CURVE('',#4807,#4815,#4817,.T.);
#4815 = VERTEX_POINT('',#4816);
#4816 = CARTESIAN_POINT('',(37.21,-33.623,0.));
#4817 = CIRCLE('',#4818,0.508);
#4818 = AXIS2_PLACEMENT_3D('',#4819,#4820,#4821);
#4819 = CARTESIAN_POINT('',(37.21,-33.115,0.));
#4820 = DIRECTION('',(-0.,0.,-1.));
#4821 = DIRECTION('',(-0.,-1.,0.));
#4822 = ORIENTED_EDGE('',*,*,#4823,.T.);
#4823 = EDGE_CURVE('',#4815,#4733,#4824,.T.);
#4824 = CIRCLE('',#4825,0.508);
#4825 = AXIS2_PLACEMENT_3D('',#4826,#4827,#4828);
#4826 = CARTESIAN_POINT('',(37.21,-33.115,0.));
#4827 = DIRECTION('',(-0.,0.,-1.));
#4828 = DIRECTION('',(-0.,-1.,0.));
#4829 = FACE_BOUND('',#4830,.F.);
#4830 = EDGE_LOOP('',(#4831));
#4831 = ORIENTED_EDGE('',*,*,#4832,.F.);
#4832 = EDGE_CURVE('',#4833,#4833,#4835,.T.);
#4833 = VERTEX_POINT('',#4834);
#4834 = CARTESIAN_POINT('',(17.4,-15.125,0.));
#4835 = CIRCLE('',#4836,1.1);
#4836 = AXIS2_PLACEMENT_3D('',#4837,#4838,#4839);
#4837 = CARTESIAN_POINT('',(16.3,-15.125,0.));
#4838 = DIRECTION('',(0.,0.,1.));
#4839 = DIRECTION('',(1.,0.,-0.));
#4840 = FACE_BOUND('',#4841,.F.);
#4841 = EDGE_LOOP('',(#4842,#4852,#4860,#4869,#4877,#4885,#4893,#4901,
    #4909,#4917,#4926));
#4842 = ORIENTED_EDGE('',*,*,#4843,.F.);
#4843 = EDGE_CURVE('',#4844,#4846,#4848,.T.);
#4844 = VERTEX_POINT('',#4845);
#4845 = CARTESIAN_POINT('',(28.701,-22.4348,0.));
#4846 = VERTEX_POINT('',#4847);
#4847 = CARTESIAN_POINT('',(28.701,-23.15005909487,0.));
#4848 = LINE('',#4849,#4850);
#4849 = CARTESIAN_POINT('',(28.701,-22.4348,0.));
#4850 = VECTOR('',#4851,1.);
#4851 = DIRECTION('',(0.,-1.,0.));
#4852 = ORIENTED_EDGE('',*,*,#4853,.F.);
#4853 = EDGE_CURVE('',#4854,#4844,#4856,.T.);
#4854 = VERTEX_POINT('',#4855);
#4855 = CARTESIAN_POINT('',(28.942943099726,-22.19285690027,0.));
#4856 = LINE('',#4857,#4858);
#4857 = CARTESIAN_POINT('',(29.3868,-21.749,0.));
#4858 = VECTOR('',#4859,1.);
#4859 = DIRECTION('',(-0.707106781187,-0.707106781187,0.));
#4860 = ORIENTED_EDGE('',*,*,#4861,.T.);
#4861 = EDGE_CURVE('',#4854,#4862,#4864,.T.);
#4862 = VERTEX_POINT('',#4863);
#4863 = CARTESIAN_POINT('',(29.458952378703,-21.749,0.));
#4864 = CIRCLE('',#4865,0.508);
#4865 = AXIS2_PLACEMENT_3D('',#4866,#4867,#4868);
#4866 = CARTESIAN_POINT('',(28.955,-21.685,0.));
#4867 = DIRECTION('',(-0.,0.,-1.));
#4868 = DIRECTION('',(-0.,-1.,0.));
#4869 = ORIENTED_EDGE('',*,*,#4870,.F.);
#4870 = EDGE_CURVE('',#4871,#4862,#4873,.T.);
#4871 = VERTEX_POINT('',#4872);
#4872 = CARTESIAN_POINT('',(30.987,-21.749,0.));
#4873 = LINE('',#4874,#4875);
#4874 = CARTESIAN_POINT('',(30.987,-21.749,0.));
#4875 = VECTOR('',#4876,1.);
#4876 = DIRECTION('',(-1.,0.,0.));
#4877 = ORIENTED_EDGE('',*,*,#4878,.F.);
#4878 = EDGE_CURVE('',#4879,#4871,#4881,.T.);
#4879 = VERTEX_POINT('',#4880);
#4880 = CARTESIAN_POINT('',(31.368,-22.13,0.));
#4881 = LINE('',#4882,#4883);
#4882 = CARTESIAN_POINT('',(31.368,-22.13,0.));
#4883 = VECTOR('',#4884,1.);
#4884 = DIRECTION('',(-0.707106781187,0.707106781187,0.));
#4885 = ORIENTED_EDGE('',*,*,#4886,.F.);
#4886 = EDGE_CURVE('',#4887,#4879,#4889,.T.);
#4887 = VERTEX_POINT('',#4888);
#4888 = CARTESIAN_POINT('',(31.368,-23.781,0.));
#4889 = LINE('',#4890,#4891);
#4890 = CARTESIAN_POINT('',(31.368,-23.781,0.));
#4891 = VECTOR('',#4892,1.);
#4892 = DIRECTION('',(0.,1.,0.));
#4893 = ORIENTED_EDGE('',*,*,#4894,.F.);
#4894 = EDGE_CURVE('',#4895,#4887,#4897,.T.);
#4895 = VERTEX_POINT('',#4896);
#4896 = CARTESIAN_POINT('',(30.987,-24.162,0.));
#4897 = LINE('',#4898,#4899);
#4898 = CARTESIAN_POINT('',(30.987,-24.162,0.));
#4899 = VECTOR('',#4900,1.);
#4900 = DIRECTION('',(0.707106781187,0.707106781187,0.));
#4901 = ORIENTED_EDGE('',*,*,#4902,.F.);
#4902 = EDGE_CURVE('',#4903,#4895,#4905,.T.);
#4903 = VERTEX_POINT('',#4904);
#4904 = CARTESIAN_POINT('',(29.3868,-24.162,0.));
#4905 = LINE('',#4906,#4907);
#4906 = CARTESIAN_POINT('',(29.3868,-24.162,0.));
#4907 = VECTOR('',#4908,1.);
#4908 = DIRECTION('',(1.,0.,0.));
#4909 = ORIENTED_EDGE('',*,*,#4910,.F.);
#4910 = EDGE_CURVE('',#4911,#4903,#4913,.T.);
#4911 = VERTEX_POINT('',#4912);
#4912 = CARTESIAN_POINT('',(29.237203831941,-24.01240383194,0.));
#4913 = LINE('',#4914,#4915);
#4914 = CARTESIAN_POINT('',(28.701,-23.4762,0.));
#4915 = VECTOR('',#4916,1.);
#4916 = DIRECTION('',(0.707106781187,-0.707106781187,0.));
#4917 = ORIENTED_EDGE('',*,*,#4918,.T.);
#4918 = EDGE_CURVE('',#4911,#4919,#4921,.T.);
#4919 = VERTEX_POINT('',#4920);
#4920 = CARTESIAN_POINT('',(28.955,-24.098,0.));
#4921 = CIRCLE('',#4922,0.508);
#4922 = AXIS2_PLACEMENT_3D('',#4923,#4924,#4925);
#4923 = CARTESIAN_POINT('',(28.955,-23.59,0.));
#4924 = DIRECTION('',(-0.,0.,-1.));
#4925 = DIRECTION('',(-0.,-1.,0.));
#4926 = ORIENTED_EDGE('',*,*,#4927,.T.);
#4927 = EDGE_CURVE('',#4919,#4846,#4928,.T.);
#4928 = CIRCLE('',#4929,0.508);
#4929 = AXIS2_PLACEMENT_3D('',#4930,#4931,#4932);
#4930 = CARTESIAN_POINT('',(28.955,-23.59,0.));
#4931 = DIRECTION('',(-0.,0.,-1.));
#4932 = DIRECTION('',(-0.,-1.,0.));
#4933 = FACE_BOUND('',#4934,.F.);
#4934 = EDGE_LOOP('',(#4935,#4945,#4953,#4962,#4970,#4979,#4987,#4995,
    #5004,#5013,#5021,#5029,#5037,#5046));
#4935 = ORIENTED_EDGE('',*,*,#4936,.F.);
#4936 = EDGE_CURVE('',#4937,#4939,#4941,.T.);
#4937 = VERTEX_POINT('',#4938);
#4938 = CARTESIAN_POINT('',(31.876,-16.0848,0.));
#4939 = VERTEX_POINT('',#4940);
#4940 = CARTESIAN_POINT('',(31.876,-17.43505909487,0.));
#4941 = LINE('',#4942,#4943);
#4942 = CARTESIAN_POINT('',(31.876,-16.0848,0.));
#4943 = VECTOR('',#4944,1.);
#4944 = DIRECTION('',(0.,-1.,0.));
#4945 = ORIENTED_EDGE('',*,*,#4946,.F.);
#4946 = EDGE_CURVE('',#4947,#4937,#4949,.T.);
#4947 = VERTEX_POINT('',#4948);
#4948 = CARTESIAN_POINT('',(32.117943099726,-15.84285690027,0.));
#4949 = LINE('',#4950,#4951);
#4950 = CARTESIAN_POINT('',(32.5618,-15.399,0.));
#4951 = VECTOR('',#4952,1.);
#4952 = DIRECTION('',(-0.707106781187,-0.707106781187,0.));
#4953 = ORIENTED_EDGE('',*,*,#4954,.T.);
#4954 = EDGE_CURVE('',#4947,#4955,#4957,.T.);
#4955 = VERTEX_POINT('',#4956);
#4956 = CARTESIAN_POINT('',(32.633952378702,-15.399,0.));
#4957 = CIRCLE('',#4958,0.508);
#4958 = AXIS2_PLACEMENT_3D('',#4959,#4960,#4961);
#4959 = CARTESIAN_POINT('',(32.13,-15.335,0.));
#4960 = DIRECTION('',(-0.,0.,-1.));
#4961 = DIRECTION('',(1.398706172756E-14,-1.,-0.));
#4962 = ORIENTED_EDGE('',*,*,#4963,.F.);
#4963 = EDGE_CURVE('',#4964,#4955,#4966,.T.);
#4964 = VERTEX_POINT('',#4965);
#4965 = CARTESIAN_POINT('',(34.166047621298,-15.399,0.));
#4966 = LINE('',#4967,#4968);
#4967 = CARTESIAN_POINT('',(34.2382,-15.399,0.));
#4968 = VECTOR('',#4969,1.);
#4969 = DIRECTION('',(-1.,0.,0.));
#4970 = ORIENTED_EDGE('',*,*,#4971,.T.);
#4971 = EDGE_CURVE('',#4964,#4972,#4974,.T.);
#4972 = VERTEX_POINT('',#4973);
#4973 = CARTESIAN_POINT('',(34.682056900274,-15.84285690027,0.));
#4974 = CIRCLE('',#4975,0.508);
#4975 = AXIS2_PLACEMENT_3D('',#4976,#4977,#4978);
#4976 = CARTESIAN_POINT('',(34.67,-15.335,0.));
#4977 = DIRECTION('',(-0.,0.,-1.));
#4978 = DIRECTION('',(-0.,-1.,0.));
#4979 = ORIENTED_EDGE('',*,*,#4980,.F.);
#4980 = EDGE_CURVE('',#4981,#4972,#4983,.T.);
#4981 = VERTEX_POINT('',#4982);
#4982 = CARTESIAN_POINT('',(34.924,-16.0848,0.));
#4983 = LINE('',#4984,#4985);
#4984 = CARTESIAN_POINT('',(34.924,-16.0848,0.));
#4985 = VECTOR('',#4986,1.);
#4986 = DIRECTION('',(-0.707106781187,0.707106781187,0.));
#4987 = ORIENTED_EDGE('',*,*,#4988,.F.);
#4988 = EDGE_CURVE('',#4989,#4981,#4991,.T.);
#4989 = VERTEX_POINT('',#4990);
#4990 = CARTESIAN_POINT('',(34.924,-17.43505909487,0.));
#4991 = LINE('',#4992,#4993);
#4992 = CARTESIAN_POINT('',(34.924,-17.7612,0.));
#4993 = VECTOR('',#4994,1.);
#4994 = DIRECTION('',(0.,1.,0.));
#4995 = ORIENTED_EDGE('',*,*,#4996,.T.);
#4996 = EDGE_CURVE('',#4989,#4997,#4999,.T.);
#4997 = VERTEX_POINT('',#4998);
#4998 = CARTESIAN_POINT('',(34.67,-18.383,0.));
#4999 = CIRCLE('',#5000,0.508);
#5000 = AXIS2_PLACEMENT_3D('',#5001,#5002,#5003);
#5001 = CARTESIAN_POINT('',(34.67,-17.875,0.));
#5002 = DIRECTION('',(-0.,0.,-1.));
#5003 = DIRECTION('',(-0.,-1.,0.));
#5004 = ORIENTED_EDGE('',*,*,#5005,.T.);
#5005 = EDGE_CURVE('',#4997,#5006,#5008,.T.);
#5006 = VERTEX_POINT('',#5007);
#5007 = CARTESIAN_POINT('',(34.387796168059,-18.29740383194,0.));
#5008 = CIRCLE('',#5009,0.508);
#5009 = AXIS2_PLACEMENT_3D('',#5010,#5011,#5012);
#5010 = CARTESIAN_POINT('',(34.67,-17.875,0.));
#5011 = DIRECTION('',(-0.,0.,-1.));
#5012 = DIRECTION('',(-0.,-1.,0.));
#5013 = ORIENTED_EDGE('',*,*,#5014,.F.);
#5014 = EDGE_CURVE('',#5015,#5006,#5017,.T.);
#5015 = VERTEX_POINT('',#5016);
#5016 = CARTESIAN_POINT('',(34.2382,-18.447,0.));
#5017 = LINE('',#5018,#5019);
#5018 = CARTESIAN_POINT('',(34.2382,-18.447,0.));
#5019 = VECTOR('',#5020,1.);
#5020 = DIRECTION('',(0.707106781187,0.707106781187,0.));
#5021 = ORIENTED_EDGE('',*,*,#5022,.F.);
#5022 = EDGE_CURVE('',#5023,#5015,#5025,.T.);
#5023 = VERTEX_POINT('',#5024);
#5024 = CARTESIAN_POINT('',(32.5618,-18.447,0.));
#5025 = LINE('',#5026,#5027);
#5026 = CARTESIAN_POINT('',(32.5618,-18.447,0.));
#5027 = VECTOR('',#5028,1.);
#5028 = DIRECTION('',(1.,0.,0.));
#5029 = ORIENTED_EDGE('',*,*,#5030,.F.);
#5030 = EDGE_CURVE('',#5031,#5023,#5033,.T.);
#5031 = VERTEX_POINT('',#5032);
#5032 = CARTESIAN_POINT('',(32.412203831941,-18.29740383194,0.));
#5033 = LINE('',#5034,#5035);
#5034 = CARTESIAN_POINT('',(31.876,-17.7612,0.));
#5035 = VECTOR('',#5036,1.);
#5036 = DIRECTION('',(0.707106781187,-0.707106781187,0.));
#5037 = ORIENTED_EDGE('',*,*,#5038,.T.);
#5038 = EDGE_CURVE('',#5031,#5039,#5041,.T.);
#5039 = VERTEX_POINT('',#5040);
#5040 = CARTESIAN_POINT('',(32.13,-18.383,0.));
#5041 = CIRCLE('',#5042,0.508);
#5042 = AXIS2_PLACEMENT_3D('',#5043,#5044,#5045);
#5043 = CARTESIAN_POINT('',(32.13,-17.875,0.));
#5044 = DIRECTION('',(-0.,0.,-1.));
#5045 = DIRECTION('',(1.398706172756E-14,-1.,-0.));
#5046 = ORIENTED_EDGE('',*,*,#5047,.T.);
#5047 = EDGE_CURVE('',#5039,#4939,#5048,.T.);
#5048 = CIRCLE('',#5049,0.508);
#5049 = AXIS2_PLACEMENT_3D('',#5050,#5051,#5052);
#5050 = CARTESIAN_POINT('',(32.13,-17.875,0.));
#5051 = DIRECTION('',(-0.,0.,-1.));
#5052 = DIRECTION('',(1.398706172756E-14,-1.,-0.));
#5053 = FACE_BOUND('',#5054,.F.);
#5054 = EDGE_LOOP('',(#5055));
#5055 = ORIENTED_EDGE('',*,*,#5056,.T.);
#5056 = EDGE_CURVE('',#5057,#5057,#5059,.T.);
#5057 = VERTEX_POINT('',#5058);
#5058 = CARTESIAN_POINT('',(50.325,-15.1825,0.));
#5059 = CIRCLE('',#5060,0.45);
#5060 = AXIS2_PLACEMENT_3D('',#5061,#5062,#5063);
#5061 = CARTESIAN_POINT('',(50.325,-14.7325,0.));
#5062 = DIRECTION('',(-0.,0.,-1.));
#5063 = DIRECTION('',(-0.,-1.,0.));
#5064 = FACE_BOUND('',#5065,.F.);
#5065 = EDGE_LOOP('',(#5066));
#5066 = ORIENTED_EDGE('',*,*,#5067,.T.);
#5067 = EDGE_CURVE('',#5068,#5068,#5070,.T.);
#5068 = VERTEX_POINT('',#5069);
#5069 = CARTESIAN_POINT('',(53.325,-15.1825,0.));
#5070 = CIRCLE('',#5071,0.45);
#5071 = AXIS2_PLACEMENT_3D('',#5072,#5073,#5074);
#5072 = CARTESIAN_POINT('',(53.325,-14.7325,0.));
#5073 = DIRECTION('',(-0.,0.,-1.));
#5074 = DIRECTION('',(-0.,-1.,0.));
#5075 = FACE_BOUND('',#5076,.F.);
#5076 = EDGE_LOOP('',(#5077));
#5077 = ORIENTED_EDGE('',*,*,#5078,.F.);
#5078 = EDGE_CURVE('',#5079,#5079,#5081,.T.);
#5079 = VERTEX_POINT('',#5080);
#5080 = CARTESIAN_POINT('',(84.8,-59.675,0.));
#5081 = CIRCLE('',#5082,0.6);
#5082 = AXIS2_PLACEMENT_3D('',#5083,#5084,#5085);
#5083 = CARTESIAN_POINT('',(84.2,-59.675,0.));
#5084 = DIRECTION('',(0.,0.,1.));
#5085 = DIRECTION('',(1.,0.,-0.));
#5086 = FACE_BOUND('',#5087,.F.);
#5087 = EDGE_LOOP('',(#5088));
#5088 = ORIENTED_EDGE('',*,*,#5089,.F.);
#5089 = EDGE_CURVE('',#5090,#5090,#5092,.T.);
#5090 = VERTEX_POINT('',#5091);
#5091 = CARTESIAN_POINT('',(73.1,-48.175,0.));
#5092 = CIRCLE('',#5093,0.5);
#5093 = AXIS2_PLACEMENT_3D('',#5094,#5095,#5096);
#5094 = CARTESIAN_POINT('',(72.6,-48.175,0.));
#5095 = DIRECTION('',(0.,0.,1.));
#5096 = DIRECTION('',(1.,0.,-0.));
#5097 = FACE_BOUND('',#5098,.F.);
#5098 = EDGE_LOOP('',(#5099));
#5099 = ORIENTED_EDGE('',*,*,#5100,.F.);
#5100 = EDGE_CURVE('',#5101,#5101,#5103,.T.);
#5101 = VERTEX_POINT('',#5102);
#5102 = CARTESIAN_POINT('',(90.1,-48.175,0.));
#5103 = CIRCLE('',#5104,0.5);
#5104 = AXIS2_PLACEMENT_3D('',#5105,#5106,#5107);
#5105 = CARTESIAN_POINT('',(89.6,-48.175,0.));
#5106 = DIRECTION('',(0.,0.,1.));
#5107 = DIRECTION('',(1.,0.,-0.));
#5108 = FACE_BOUND('',#5109,.F.);
#5109 = EDGE_LOOP('',(#5110));
#5110 = ORIENTED_EDGE('',*,*,#5111,.F.);
#5111 = EDGE_CURVE('',#5112,#5112,#5114,.T.);
#5112 = VERTEX_POINT('',#5113);
#5113 = CARTESIAN_POINT('',(84.8,-42.675,0.));
#5114 = CIRCLE('',#5115,0.6);
#5115 = AXIS2_PLACEMENT_3D('',#5116,#5117,#5118);
#5116 = CARTESIAN_POINT('',(84.2,-42.675,0.));
#5117 = DIRECTION('',(0.,0.,1.));
#5118 = DIRECTION('',(1.,0.,-0.));
#5119 = FACE_BOUND('',#5120,.F.);
#5120 = EDGE_LOOP('',(#5121));
#5121 = ORIENTED_EDGE('',*,*,#5122,.F.);
#5122 = EDGE_CURVE('',#5123,#5123,#5125,.T.);
#5123 = VERTEX_POINT('',#5124);
#5124 = CARTESIAN_POINT('',(101.8,-59.675,0.));
#5125 = CIRCLE('',#5126,0.6);
#5126 = AXIS2_PLACEMENT_3D('',#5127,#5128,#5129);
#5127 = CARTESIAN_POINT('',(101.2,-59.675,0.));
#5128 = DIRECTION('',(0.,0.,1.));
#5129 = DIRECTION('',(1.,0.,-0.));
#5130 = FACE_BOUND('',#5131,.F.);
#5131 = EDGE_LOOP('',(#5132));
#5132 = ORIENTED_EDGE('',*,*,#5133,.F.);
#5133 = EDGE_CURVE('',#5134,#5134,#5136,.T.);
#5134 = VERTEX_POINT('',#5135);
#5135 = CARTESIAN_POINT('',(118.8,-59.675,0.));
#5136 = CIRCLE('',#5137,0.6);
#5137 = AXIS2_PLACEMENT_3D('',#5138,#5139,#5140);
#5138 = CARTESIAN_POINT('',(118.2,-59.675,0.));
#5139 = DIRECTION('',(0.,0.,1.));
#5140 = DIRECTION('',(1.,0.,-0.));
#5141 = FACE_BOUND('',#5142,.F.);
#5142 = EDGE_LOOP('',(#5143));
#5143 = ORIENTED_EDGE('',*,*,#5144,.F.);
#5144 = EDGE_CURVE('',#5145,#5145,#5147,.T.);
#5145 = VERTEX_POINT('',#5146);
#5146 = CARTESIAN_POINT('',(107.1,-48.175,0.));
#5147 = CIRCLE('',#5148,0.5);
#5148 = AXIS2_PLACEMENT_3D('',#5149,#5150,#5151);
#5149 = CARTESIAN_POINT('',(106.6,-48.175,0.));
#5150 = DIRECTION('',(0.,0.,1.));
#5151 = DIRECTION('',(1.,0.,-0.));
#5152 = FACE_BOUND('',#5153,.F.);
#5153 = EDGE_LOOP('',(#5154));
#5154 = ORIENTED_EDGE('',*,*,#5155,.F.);
#5155 = EDGE_CURVE('',#5156,#5156,#5158,.T.);
#5156 = VERTEX_POINT('',#5157);
#5157 = CARTESIAN_POINT('',(101.8,-42.675,0.));
#5158 = CIRCLE('',#5159,0.6);
#5159 = AXIS2_PLACEMENT_3D('',#5160,#5161,#5162);
#5160 = CARTESIAN_POINT('',(101.2,-42.675,0.));
#5161 = DIRECTION('',(0.,0.,1.));
#5162 = DIRECTION('',(1.,0.,-0.));
#5163 = FACE_BOUND('',#5164,.F.);
#5164 = EDGE_LOOP('',(#5165));
#5165 = ORIENTED_EDGE('',*,*,#5166,.F.);
#5166 = EDGE_CURVE('',#5167,#5167,#5169,.T.);
#5167 = VERTEX_POINT('',#5168);
#5168 = CARTESIAN_POINT('',(118.8,-42.675,0.));
#5169 = CIRCLE('',#5170,0.6);
#5170 = AXIS2_PLACEMENT_3D('',#5171,#5172,#5173);
#5171 = CARTESIAN_POINT('',(118.2,-42.675,0.));
#5172 = DIRECTION('',(0.,0.,1.));
#5173 = DIRECTION('',(1.,0.,-0.));
#5174 = FACE_BOUND('',#5175,.F.);
#5175 = EDGE_LOOP('',(#5176));
#5176 = ORIENTED_EDGE('',*,*,#5177,.F.);
#5177 = EDGE_CURVE('',#5178,#5178,#5180,.T.);
#5178 = VERTEX_POINT('',#5179);
#5179 = CARTESIAN_POINT('',(124.6,-15.125,0.));
#5180 = CIRCLE('',#5181,1.1);
#5181 = AXIS2_PLACEMENT_3D('',#5182,#5183,#5184);
#5182 = CARTESIAN_POINT('',(123.5,-15.125,0.));
#5183 = DIRECTION('',(0.,0.,1.));
#5184 = DIRECTION('',(1.,0.,-0.));
#5185 = PLANE('',#5186);
#5186 = AXIS2_PLACEMENT_3D('',#5187,#5188,#5189);
#5187 = CARTESIAN_POINT('',(0.,0.,0.));
#5188 = DIRECTION('',(0.,0.,1.));
#5189 = DIRECTION('',(1.,0.,-0.));
#5190 = ADVANCED_FACE('',(#5191,#5237,#5248,#5259,#5270,#5281,#5292,
    #5303,#5314,#5325,#5336,#5347,#5358,#5369,#5380,#5391,#5402,#5413,
    #5424,#5435,#5446,#5457,#5468,#5479,#5490,#5501,#5512,#5523,#5534,
    #5545,#5556,#5567,#5578,#5589,#5600,#5611,#5622,#5633,#5644,#5655,
    #5666,#5677,#5688,#5790,#5801,#5894,#6014,#6025,#6036,#6047,#6058,
    #6069,#6080,#6091,#6102,#6113,#6124,#6135),#6146,.T.);
#5191 = FACE_BOUND('',#5192,.T.);
#5192 = EDGE_LOOP('',(#5193,#5194,#5195,#5204,#5212,#5221,#5229,#5236));
#5193 = ORIENTED_EDGE('',*,*,#4139,.F.);
#5194 = ORIENTED_EDGE('',*,*,#4181,.F.);
#5195 = ORIENTED_EDGE('',*,*,#5196,.F.);
#5196 = EDGE_CURVE('',#5197,#4174,#5199,.T.);
#5197 = VERTEX_POINT('',#5198);
#5198 = CARTESIAN_POINT('',(14.2,-14.025,0.71));
#5199 = CIRCLE('',#5200,0.999999252925);
#5200 = AXIS2_PLACEMENT_3D('',#5201,#5202,#5203);
#5201 = CARTESIAN_POINT('',(15.199999252925,-14.02499925292,0.71));
#5202 = DIRECTION('',(0.,0.,-1.));
#5203 = DIRECTION('',(-1.,-7.47075740283E-07,-0.));
#5204 = ORIENTED_EDGE('',*,*,#5205,.F.);
#5205 = EDGE_CURVE('',#5206,#5197,#5208,.T.);
#5206 = VERTEX_POINT('',#5207);
#5207 = CARTESIAN_POINT('',(14.2,-108.625,0.71));
#5208 = LINE('',#5209,#5210);
#5209 = CARTESIAN_POINT('',(14.2,-108.625,0.71));
#5210 = VECTOR('',#5211,1.);
#5211 = DIRECTION('',(0.,1.,0.));
#5212 = ORIENTED_EDGE('',*,*,#5213,.F.);
#5213 = EDGE_CURVE('',#5214,#5206,#5216,.T.);
#5214 = VERTEX_POINT('',#5215);
#5215 = CARTESIAN_POINT('',(15.2,-109.625,0.71));
#5216 = CIRCLE('',#5217,0.999999252925);
#5217 = AXIS2_PLACEMENT_3D('',#5218,#5219,#5220);
#5218 = CARTESIAN_POINT('',(15.199999252925,-108.625000747,0.71));
#5219 = DIRECTION('',(0.,0.,-1.));
#5220 = DIRECTION('',(7.470757296248E-07,-1.,0.));
#5221 = ORIENTED_EDGE('',*,*,#5222,.F.);
#5222 = EDGE_CURVE('',#5223,#5214,#5225,.T.);
#5223 = VERTEX_POINT('',#5224);
#5224 = CARTESIAN_POINT('',(124.6,-109.625,0.71));
#5225 = LINE('',#5226,#5227);
#5226 = CARTESIAN_POINT('',(124.6,-109.625,0.71));
#5227 = VECTOR('',#5228,1.);
#5228 = DIRECTION('',(-1.,0.,0.));
#5229 = ORIENTED_EDGE('',*,*,#5230,.F.);
#5230 = EDGE_CURVE('',#4204,#5223,#5231,.T.);
#5231 = CIRCLE('',#5232,0.999999252925);
#5232 = AXIS2_PLACEMENT_3D('',#5233,#5234,#5235);
#5233 = CARTESIAN_POINT('',(124.60000074707,-108.625000747,0.71));
#5234 = DIRECTION('',(0.,0.,-1.));
#5235 = DIRECTION('',(1.,7.470757491648E-07,0.));
#5236 = ORIENTED_EDGE('',*,*,#4203,.F.);
#5237 = FACE_BOUND('',#5238,.T.);
#5238 = EDGE_LOOP('',(#5239));
#5239 = ORIENTED_EDGE('',*,*,#5240,.F.);
#5240 = EDGE_CURVE('',#5241,#5241,#5243,.T.);
#5241 = VERTEX_POINT('',#5242);
#5242 = CARTESIAN_POINT('',(17.4,-107.525,0.71));
#5243 = CIRCLE('',#5244,1.1);
#5244 = AXIS2_PLACEMENT_3D('',#5245,#5246,#5247);
#5245 = CARTESIAN_POINT('',(16.3,-107.525,0.71));
#5246 = DIRECTION('',(0.,0.,1.));
#5247 = DIRECTION('',(1.,0.,-0.));
#5248 = FACE_BOUND('',#5249,.T.);
#5249 = EDGE_LOOP('',(#5250));
#5250 = ORIENTED_EDGE('',*,*,#5251,.F.);
#5251 = EDGE_CURVE('',#5252,#5252,#5254,.T.);
#5252 = VERTEX_POINT('',#5253);
#5253 = CARTESIAN_POINT('',(22.1,-99.175,0.71));
#5254 = CIRCLE('',#5255,0.5);
#5255 = AXIS2_PLACEMENT_3D('',#5256,#5257,#5258);
#5256 = CARTESIAN_POINT('',(21.6,-99.175,0.71));
#5257 = DIRECTION('',(0.,0.,1.));
#5258 = DIRECTION('',(1.,0.,-0.));
#5259 = FACE_BOUND('',#5260,.T.);
#5260 = EDGE_LOOP('',(#5261));
#5261 = ORIENTED_EDGE('',*,*,#5262,.F.);
#5262 = EDGE_CURVE('',#5263,#5263,#5265,.T.);
#5263 = VERTEX_POINT('',#5264);
#5264 = CARTESIAN_POINT('',(39.1,-99.175,0.71));
#5265 = CIRCLE('',#5266,0.5);
#5266 = AXIS2_PLACEMENT_3D('',#5267,#5268,#5269);
#5267 = CARTESIAN_POINT('',(38.6,-99.175,0.71));
#5268 = DIRECTION('',(0.,0.,1.));
#5269 = DIRECTION('',(1.,0.,-0.));
#5270 = FACE_BOUND('',#5271,.T.);
#5271 = EDGE_LOOP('',(#5272));
#5272 = ORIENTED_EDGE('',*,*,#5273,.F.);
#5273 = EDGE_CURVE('',#5274,#5274,#5276,.T.);
#5274 = VERTEX_POINT('',#5275);
#5275 = CARTESIAN_POINT('',(33.8,-93.675,0.71));
#5276 = CIRCLE('',#5277,0.6);
#5277 = AXIS2_PLACEMENT_3D('',#5278,#5279,#5280);
#5278 = CARTESIAN_POINT('',(33.2,-93.675,0.71));
#5279 = DIRECTION('',(0.,0.,1.));
#5280 = DIRECTION('',(1.,0.,-0.));
#5281 = FACE_BOUND('',#5282,.T.);
#5282 = EDGE_LOOP('',(#5283));
#5283 = ORIENTED_EDGE('',*,*,#5284,.F.);
#5284 = EDGE_CURVE('',#5285,#5285,#5287,.T.);
#5285 = VERTEX_POINT('',#5286);
#5286 = CARTESIAN_POINT('',(56.1,-99.175,0.71));
#5287 = CIRCLE('',#5288,0.5);
#5288 = AXIS2_PLACEMENT_3D('',#5289,#5290,#5291);
#5289 = CARTESIAN_POINT('',(55.6,-99.175,0.71));
#5290 = DIRECTION('',(0.,0.,1.));
#5291 = DIRECTION('',(1.,0.,-0.));
#5292 = FACE_BOUND('',#5293,.T.);
#5293 = EDGE_LOOP('',(#5294));
#5294 = ORIENTED_EDGE('',*,*,#5295,.F.);
#5295 = EDGE_CURVE('',#5296,#5296,#5298,.T.);
#5296 = VERTEX_POINT('',#5297);
#5297 = CARTESIAN_POINT('',(50.8,-93.675,0.71));
#5298 = CIRCLE('',#5299,0.6);
#5299 = AXIS2_PLACEMENT_3D('',#5300,#5301,#5302);
#5300 = CARTESIAN_POINT('',(50.2,-93.675,0.71));
#5301 = DIRECTION('',(0.,0.,1.));
#5302 = DIRECTION('',(1.,0.,-0.));
#5303 = FACE_BOUND('',#5304,.T.);
#5304 = EDGE_LOOP('',(#5305));
#5305 = ORIENTED_EDGE('',*,*,#5306,.F.);
#5306 = EDGE_CURVE('',#5307,#5307,#5309,.T.);
#5307 = VERTEX_POINT('',#5308);
#5308 = CARTESIAN_POINT('',(67.8,-93.675,0.71));
#5309 = CIRCLE('',#5310,0.6);
#5310 = AXIS2_PLACEMENT_3D('',#5311,#5312,#5313);
#5311 = CARTESIAN_POINT('',(67.2,-93.675,0.71));
#5312 = DIRECTION('',(0.,0.,1.));
#5313 = DIRECTION('',(1.,0.,-0.));
#5314 = FACE_BOUND('',#5315,.T.);
#5315 = EDGE_LOOP('',(#5316));
#5316 = ORIENTED_EDGE('',*,*,#5317,.F.);
#5317 = EDGE_CURVE('',#5318,#5318,#5320,.T.);
#5318 = VERTEX_POINT('',#5319);
#5319 = CARTESIAN_POINT('',(22.1,-82.175,0.71));
#5320 = CIRCLE('',#5321,0.5);
#5321 = AXIS2_PLACEMENT_3D('',#5322,#5323,#5324);
#5322 = CARTESIAN_POINT('',(21.6,-82.175,0.71));
#5323 = DIRECTION('',(0.,0.,1.));
#5324 = DIRECTION('',(1.,0.,-0.));
#5325 = FACE_BOUND('',#5326,.T.);
#5326 = EDGE_LOOP('',(#5327));
#5327 = ORIENTED_EDGE('',*,*,#5328,.F.);
#5328 = EDGE_CURVE('',#5329,#5329,#5331,.T.);
#5329 = VERTEX_POINT('',#5330);
#5330 = CARTESIAN_POINT('',(39.1,-82.175,0.71));
#5331 = CIRCLE('',#5332,0.5);
#5332 = AXIS2_PLACEMENT_3D('',#5333,#5334,#5335);
#5333 = CARTESIAN_POINT('',(38.6,-82.175,0.71));
#5334 = DIRECTION('',(0.,0.,1.));
#5335 = DIRECTION('',(1.,0.,-0.));
#5336 = FACE_BOUND('',#5337,.T.);
#5337 = EDGE_LOOP('',(#5338));
#5338 = ORIENTED_EDGE('',*,*,#5339,.F.);
#5339 = EDGE_CURVE('',#5340,#5340,#5342,.T.);
#5340 = VERTEX_POINT('',#5341);
#5341 = CARTESIAN_POINT('',(33.8,-76.675,0.71));
#5342 = CIRCLE('',#5343,0.6);
#5343 = AXIS2_PLACEMENT_3D('',#5344,#5345,#5346);
#5344 = CARTESIAN_POINT('',(33.2,-76.675,0.71));
#5345 = DIRECTION('',(0.,0.,1.));
#5346 = DIRECTION('',(1.,0.,-0.));
#5347 = FACE_BOUND('',#5348,.T.);
#5348 = EDGE_LOOP('',(#5349));
#5349 = ORIENTED_EDGE('',*,*,#5350,.F.);
#5350 = EDGE_CURVE('',#5351,#5351,#5353,.T.);
#5351 = VERTEX_POINT('',#5352);
#5352 = CARTESIAN_POINT('',(22.1,-65.175,0.71));
#5353 = CIRCLE('',#5354,0.5);
#5354 = AXIS2_PLACEMENT_3D('',#5355,#5356,#5357);
#5355 = CARTESIAN_POINT('',(21.6,-65.175,0.71));
#5356 = DIRECTION('',(0.,0.,1.));
#5357 = DIRECTION('',(1.,0.,-0.));
#5358 = FACE_BOUND('',#5359,.T.);
#5359 = EDGE_LOOP('',(#5360));
#5360 = ORIENTED_EDGE('',*,*,#5361,.F.);
#5361 = EDGE_CURVE('',#5362,#5362,#5364,.T.);
#5362 = VERTEX_POINT('',#5363);
#5363 = CARTESIAN_POINT('',(39.1,-65.175,0.71));
#5364 = CIRCLE('',#5365,0.5);
#5365 = AXIS2_PLACEMENT_3D('',#5366,#5367,#5368);
#5366 = CARTESIAN_POINT('',(38.6,-65.175,0.71));
#5367 = DIRECTION('',(0.,0.,1.));
#5368 = DIRECTION('',(1.,0.,-0.));
#5369 = FACE_BOUND('',#5370,.T.);
#5370 = EDGE_LOOP('',(#5371));
#5371 = ORIENTED_EDGE('',*,*,#5372,.F.);
#5372 = EDGE_CURVE('',#5373,#5373,#5375,.T.);
#5373 = VERTEX_POINT('',#5374);
#5374 = CARTESIAN_POINT('',(56.1,-82.175,0.71));
#5375 = CIRCLE('',#5376,0.5);
#5376 = AXIS2_PLACEMENT_3D('',#5377,#5378,#5379);
#5377 = CARTESIAN_POINT('',(55.6,-82.175,0.71));
#5378 = DIRECTION('',(0.,0.,1.));
#5379 = DIRECTION('',(1.,0.,-0.));
#5380 = FACE_BOUND('',#5381,.T.);
#5381 = EDGE_LOOP('',(#5382));
#5382 = ORIENTED_EDGE('',*,*,#5383,.F.);
#5383 = EDGE_CURVE('',#5384,#5384,#5386,.T.);
#5384 = VERTEX_POINT('',#5385);
#5385 = CARTESIAN_POINT('',(50.8,-76.675,0.71));
#5386 = CIRCLE('',#5387,0.6);
#5387 = AXIS2_PLACEMENT_3D('',#5388,#5389,#5390);
#5388 = CARTESIAN_POINT('',(50.2,-76.675,0.71));
#5389 = DIRECTION('',(0.,0.,1.));
#5390 = DIRECTION('',(1.,0.,-0.));
#5391 = FACE_BOUND('',#5392,.T.);
#5392 = EDGE_LOOP('',(#5393));
#5393 = ORIENTED_EDGE('',*,*,#5394,.F.);
#5394 = EDGE_CURVE('',#5395,#5395,#5397,.T.);
#5395 = VERTEX_POINT('',#5396);
#5396 = CARTESIAN_POINT('',(67.8,-76.675,0.71));
#5397 = CIRCLE('',#5398,0.6);
#5398 = AXIS2_PLACEMENT_3D('',#5399,#5400,#5401);
#5399 = CARTESIAN_POINT('',(67.2,-76.675,0.71));
#5400 = DIRECTION('',(0.,0.,1.));
#5401 = DIRECTION('',(1.,0.,-0.));
#5402 = FACE_BOUND('',#5403,.T.);
#5403 = EDGE_LOOP('',(#5404));
#5404 = ORIENTED_EDGE('',*,*,#5405,.F.);
#5405 = EDGE_CURVE('',#5406,#5406,#5408,.T.);
#5406 = VERTEX_POINT('',#5407);
#5407 = CARTESIAN_POINT('',(56.1,-65.175,0.71));
#5408 = CIRCLE('',#5409,0.5);
#5409 = AXIS2_PLACEMENT_3D('',#5410,#5411,#5412);
#5410 = CARTESIAN_POINT('',(55.6,-65.175,0.71));
#5411 = DIRECTION('',(0.,0.,1.));
#5412 = DIRECTION('',(1.,0.,-0.));
#5413 = FACE_BOUND('',#5414,.T.);
#5414 = EDGE_LOOP('',(#5415));
#5415 = ORIENTED_EDGE('',*,*,#5416,.F.);
#5416 = EDGE_CURVE('',#5417,#5417,#5419,.T.);
#5417 = VERTEX_POINT('',#5418);
#5418 = CARTESIAN_POINT('',(73.1,-99.175,0.71));
#5419 = CIRCLE('',#5420,0.5);
#5420 = AXIS2_PLACEMENT_3D('',#5421,#5422,#5423);
#5421 = CARTESIAN_POINT('',(72.6,-99.175,0.71));
#5422 = DIRECTION('',(0.,0.,1.));
#5423 = DIRECTION('',(1.,0.,-0.));
#5424 = FACE_BOUND('',#5425,.T.);
#5425 = EDGE_LOOP('',(#5426));
#5426 = ORIENTED_EDGE('',*,*,#5427,.F.);
#5427 = EDGE_CURVE('',#5428,#5428,#5430,.T.);
#5428 = VERTEX_POINT('',#5429);
#5429 = CARTESIAN_POINT('',(90.1,-99.175,0.71));
#5430 = CIRCLE('',#5431,0.5);
#5431 = AXIS2_PLACEMENT_3D('',#5432,#5433,#5434);
#5432 = CARTESIAN_POINT('',(89.6,-99.175,0.71));
#5433 = DIRECTION('',(0.,0.,1.));
#5434 = DIRECTION('',(1.,0.,-0.));
#5435 = FACE_BOUND('',#5436,.T.);
#5436 = EDGE_LOOP('',(#5437));
#5437 = ORIENTED_EDGE('',*,*,#5438,.F.);
#5438 = EDGE_CURVE('',#5439,#5439,#5441,.T.);
#5439 = VERTEX_POINT('',#5440);
#5440 = CARTESIAN_POINT('',(84.8,-93.675,0.71));
#5441 = CIRCLE('',#5442,0.6);
#5442 = AXIS2_PLACEMENT_3D('',#5443,#5444,#5445);
#5443 = CARTESIAN_POINT('',(84.2,-93.675,0.71));
#5444 = DIRECTION('',(0.,0.,1.));
#5445 = DIRECTION('',(1.,0.,-0.));
#5446 = FACE_BOUND('',#5447,.T.);
#5447 = EDGE_LOOP('',(#5448));
#5448 = ORIENTED_EDGE('',*,*,#5449,.F.);
#5449 = EDGE_CURVE('',#5450,#5450,#5452,.T.);
#5450 = VERTEX_POINT('',#5451);
#5451 = CARTESIAN_POINT('',(107.1,-99.175,0.71));
#5452 = CIRCLE('',#5453,0.5);
#5453 = AXIS2_PLACEMENT_3D('',#5454,#5455,#5456);
#5454 = CARTESIAN_POINT('',(106.6,-99.175,0.71));
#5455 = DIRECTION('',(0.,0.,1.));
#5456 = DIRECTION('',(1.,0.,-0.));
#5457 = FACE_BOUND('',#5458,.T.);
#5458 = EDGE_LOOP('',(#5459));
#5459 = ORIENTED_EDGE('',*,*,#5460,.F.);
#5460 = EDGE_CURVE('',#5461,#5461,#5463,.T.);
#5461 = VERTEX_POINT('',#5462);
#5462 = CARTESIAN_POINT('',(124.6,-107.525,0.71));
#5463 = CIRCLE('',#5464,1.1);
#5464 = AXIS2_PLACEMENT_3D('',#5465,#5466,#5467);
#5465 = CARTESIAN_POINT('',(123.5,-107.525,0.71));
#5466 = DIRECTION('',(0.,0.,1.));
#5467 = DIRECTION('',(1.,0.,-0.));
#5468 = FACE_BOUND('',#5469,.T.);
#5469 = EDGE_LOOP('',(#5470));
#5470 = ORIENTED_EDGE('',*,*,#5471,.F.);
#5471 = EDGE_CURVE('',#5472,#5472,#5474,.T.);
#5472 = VERTEX_POINT('',#5473);
#5473 = CARTESIAN_POINT('',(101.8,-93.675,0.71));
#5474 = CIRCLE('',#5475,0.6);
#5475 = AXIS2_PLACEMENT_3D('',#5476,#5477,#5478);
#5476 = CARTESIAN_POINT('',(101.2,-93.675,0.71));
#5477 = DIRECTION('',(0.,0.,1.));
#5478 = DIRECTION('',(1.,0.,-0.));
#5479 = FACE_BOUND('',#5480,.T.);
#5480 = EDGE_LOOP('',(#5481));
#5481 = ORIENTED_EDGE('',*,*,#5482,.F.);
#5482 = EDGE_CURVE('',#5483,#5483,#5485,.T.);
#5483 = VERTEX_POINT('',#5484);
#5484 = CARTESIAN_POINT('',(118.8,-93.675,0.71));
#5485 = CIRCLE('',#5486,0.6);
#5486 = AXIS2_PLACEMENT_3D('',#5487,#5488,#5489);
#5487 = CARTESIAN_POINT('',(118.2,-93.675,0.71));
#5488 = DIRECTION('',(0.,0.,1.));
#5489 = DIRECTION('',(1.,0.,-0.));
#5490 = FACE_BOUND('',#5491,.T.);
#5491 = EDGE_LOOP('',(#5492));
#5492 = ORIENTED_EDGE('',*,*,#5493,.F.);
#5493 = EDGE_CURVE('',#5494,#5494,#5496,.T.);
#5494 = VERTEX_POINT('',#5495);
#5495 = CARTESIAN_POINT('',(73.1,-82.175,0.71));
#5496 = CIRCLE('',#5497,0.5);
#5497 = AXIS2_PLACEMENT_3D('',#5498,#5499,#5500);
#5498 = CARTESIAN_POINT('',(72.6,-82.175,0.71));
#5499 = DIRECTION('',(0.,0.,1.));
#5500 = DIRECTION('',(1.,0.,-0.));
#5501 = FACE_BOUND('',#5502,.T.);
#5502 = EDGE_LOOP('',(#5503));
#5503 = ORIENTED_EDGE('',*,*,#5504,.F.);
#5504 = EDGE_CURVE('',#5505,#5505,#5507,.T.);
#5505 = VERTEX_POINT('',#5506);
#5506 = CARTESIAN_POINT('',(90.1,-82.175,0.71));
#5507 = CIRCLE('',#5508,0.5);
#5508 = AXIS2_PLACEMENT_3D('',#5509,#5510,#5511);
#5509 = CARTESIAN_POINT('',(89.6,-82.175,0.71));
#5510 = DIRECTION('',(0.,0.,1.));
#5511 = DIRECTION('',(1.,0.,-0.));
#5512 = FACE_BOUND('',#5513,.T.);
#5513 = EDGE_LOOP('',(#5514));
#5514 = ORIENTED_EDGE('',*,*,#5515,.F.);
#5515 = EDGE_CURVE('',#5516,#5516,#5518,.T.);
#5516 = VERTEX_POINT('',#5517);
#5517 = CARTESIAN_POINT('',(84.8,-76.675,0.71));
#5518 = CIRCLE('',#5519,0.6);
#5519 = AXIS2_PLACEMENT_3D('',#5520,#5521,#5522);
#5520 = CARTESIAN_POINT('',(84.2,-76.675,0.71));
#5521 = DIRECTION('',(0.,0.,1.));
#5522 = DIRECTION('',(1.,0.,-0.));
#5523 = FACE_BOUND('',#5524,.T.);
#5524 = EDGE_LOOP('',(#5525));
#5525 = ORIENTED_EDGE('',*,*,#5526,.F.);
#5526 = EDGE_CURVE('',#5527,#5527,#5529,.T.);
#5527 = VERTEX_POINT('',#5528);
#5528 = CARTESIAN_POINT('',(73.1,-65.175,0.71));
#5529 = CIRCLE('',#5530,0.5);
#5530 = AXIS2_PLACEMENT_3D('',#5531,#5532,#5533);
#5531 = CARTESIAN_POINT('',(72.6,-65.175,0.71));
#5532 = DIRECTION('',(0.,0.,1.));
#5533 = DIRECTION('',(1.,0.,-0.));
#5534 = FACE_BOUND('',#5535,.T.);
#5535 = EDGE_LOOP('',(#5536));
#5536 = ORIENTED_EDGE('',*,*,#5537,.F.);
#5537 = EDGE_CURVE('',#5538,#5538,#5540,.T.);
#5538 = VERTEX_POINT('',#5539);
#5539 = CARTESIAN_POINT('',(90.1,-65.175,0.71));
#5540 = CIRCLE('',#5541,0.5);
#5541 = AXIS2_PLACEMENT_3D('',#5542,#5543,#5544);
#5542 = CARTESIAN_POINT('',(89.6,-65.175,0.71));
#5543 = DIRECTION('',(0.,0.,1.));
#5544 = DIRECTION('',(1.,0.,-0.));
#5545 = FACE_BOUND('',#5546,.T.);
#5546 = EDGE_LOOP('',(#5547));
#5547 = ORIENTED_EDGE('',*,*,#5548,.F.);
#5548 = EDGE_CURVE('',#5549,#5549,#5551,.T.);
#5549 = VERTEX_POINT('',#5550);
#5550 = CARTESIAN_POINT('',(107.1,-82.175,0.71));
#5551 = CIRCLE('',#5552,0.5);
#5552 = AXIS2_PLACEMENT_3D('',#5553,#5554,#5555);
#5553 = CARTESIAN_POINT('',(106.6,-82.175,0.71));
#5554 = DIRECTION('',(0.,0.,1.));
#5555 = DIRECTION('',(1.,0.,-0.));
#5556 = FACE_BOUND('',#5557,.T.);
#5557 = EDGE_LOOP('',(#5558));
#5558 = ORIENTED_EDGE('',*,*,#5559,.F.);
#5559 = EDGE_CURVE('',#5560,#5560,#5562,.T.);
#5560 = VERTEX_POINT('',#5561);
#5561 = CARTESIAN_POINT('',(101.8,-76.675,0.71));
#5562 = CIRCLE('',#5563,0.6);
#5563 = AXIS2_PLACEMENT_3D('',#5564,#5565,#5566);
#5564 = CARTESIAN_POINT('',(101.2,-76.675,0.71));
#5565 = DIRECTION('',(0.,0.,1.));
#5566 = DIRECTION('',(1.,0.,-0.));
#5567 = FACE_BOUND('',#5568,.T.);
#5568 = EDGE_LOOP('',(#5569));
#5569 = ORIENTED_EDGE('',*,*,#5570,.F.);
#5570 = EDGE_CURVE('',#5571,#5571,#5573,.T.);
#5571 = VERTEX_POINT('',#5572);
#5572 = CARTESIAN_POINT('',(118.8,-76.675,0.71));
#5573 = CIRCLE('',#5574,0.6);
#5574 = AXIS2_PLACEMENT_3D('',#5575,#5576,#5577);
#5575 = CARTESIAN_POINT('',(118.2,-76.675,0.71));
#5576 = DIRECTION('',(0.,0.,1.));
#5577 = DIRECTION('',(1.,0.,-0.));
#5578 = FACE_BOUND('',#5579,.T.);
#5579 = EDGE_LOOP('',(#5580));
#5580 = ORIENTED_EDGE('',*,*,#5581,.F.);
#5581 = EDGE_CURVE('',#5582,#5582,#5584,.T.);
#5582 = VERTEX_POINT('',#5583);
#5583 = CARTESIAN_POINT('',(107.1,-65.175,0.71));
#5584 = CIRCLE('',#5585,0.5);
#5585 = AXIS2_PLACEMENT_3D('',#5586,#5587,#5588);
#5586 = CARTESIAN_POINT('',(106.6,-65.175,0.71));
#5587 = DIRECTION('',(0.,0.,1.));
#5588 = DIRECTION('',(1.,0.,-0.));
#5589 = FACE_BOUND('',#5590,.T.);
#5590 = EDGE_LOOP('',(#5591));
#5591 = ORIENTED_EDGE('',*,*,#5592,.F.);
#5592 = EDGE_CURVE('',#5593,#5593,#5595,.T.);
#5593 = VERTEX_POINT('',#5594);
#5594 = CARTESIAN_POINT('',(33.8,-59.675,0.71));
#5595 = CIRCLE('',#5596,0.6);
#5596 = AXIS2_PLACEMENT_3D('',#5597,#5598,#5599);
#5597 = CARTESIAN_POINT('',(33.2,-59.675,0.71));
#5598 = DIRECTION('',(0.,0.,1.));
#5599 = DIRECTION('',(1.,0.,-0.));
#5600 = FACE_BOUND('',#5601,.T.);
#5601 = EDGE_LOOP('',(#5602));
#5602 = ORIENTED_EDGE('',*,*,#5603,.F.);
#5603 = EDGE_CURVE('',#5604,#5604,#5606,.T.);
#5604 = VERTEX_POINT('',#5605);
#5605 = CARTESIAN_POINT('',(22.1,-48.175,0.71));
#5606 = CIRCLE('',#5607,0.5);
#5607 = AXIS2_PLACEMENT_3D('',#5608,#5609,#5610);
#5608 = CARTESIAN_POINT('',(21.6,-48.175,0.71));
#5609 = DIRECTION('',(0.,0.,1.));
#5610 = DIRECTION('',(1.,0.,-0.));
#5611 = FACE_BOUND('',#5612,.T.);
#5612 = EDGE_LOOP('',(#5613));
#5613 = ORIENTED_EDGE('',*,*,#5614,.F.);
#5614 = EDGE_CURVE('',#5615,#5615,#5617,.T.);
#5615 = VERTEX_POINT('',#5616);
#5616 = CARTESIAN_POINT('',(39.1,-48.175,0.71));
#5617 = CIRCLE('',#5618,0.5);
#5618 = AXIS2_PLACEMENT_3D('',#5619,#5620,#5621);
#5619 = CARTESIAN_POINT('',(38.6,-48.175,0.71));
#5620 = DIRECTION('',(0.,0.,1.));
#5621 = DIRECTION('',(1.,0.,-0.));
#5622 = FACE_BOUND('',#5623,.T.);
#5623 = EDGE_LOOP('',(#5624));
#5624 = ORIENTED_EDGE('',*,*,#5625,.F.);
#5625 = EDGE_CURVE('',#5626,#5626,#5628,.T.);
#5626 = VERTEX_POINT('',#5627);
#5627 = CARTESIAN_POINT('',(33.8,-42.675,0.71));
#5628 = CIRCLE('',#5629,0.6);
#5629 = AXIS2_PLACEMENT_3D('',#5630,#5631,#5632);
#5630 = CARTESIAN_POINT('',(33.2,-42.675,0.71));
#5631 = DIRECTION('',(0.,0.,1.));
#5632 = DIRECTION('',(1.,0.,-0.));
#5633 = FACE_BOUND('',#5634,.T.);
#5634 = EDGE_LOOP('',(#5635));
#5635 = ORIENTED_EDGE('',*,*,#5636,.F.);
#5636 = EDGE_CURVE('',#5637,#5637,#5639,.T.);
#5637 = VERTEX_POINT('',#5638);
#5638 = CARTESIAN_POINT('',(50.8,-59.675,0.71));
#5639 = CIRCLE('',#5640,0.6);
#5640 = AXIS2_PLACEMENT_3D('',#5641,#5642,#5643);
#5641 = CARTESIAN_POINT('',(50.2,-59.675,0.71));
#5642 = DIRECTION('',(0.,0.,1.));
#5643 = DIRECTION('',(1.,0.,-0.));
#5644 = FACE_BOUND('',#5645,.T.);
#5645 = EDGE_LOOP('',(#5646));
#5646 = ORIENTED_EDGE('',*,*,#5647,.F.);
#5647 = EDGE_CURVE('',#5648,#5648,#5650,.T.);
#5648 = VERTEX_POINT('',#5649);
#5649 = CARTESIAN_POINT('',(67.8,-59.675,0.71));
#5650 = CIRCLE('',#5651,0.6);
#5651 = AXIS2_PLACEMENT_3D('',#5652,#5653,#5654);
#5652 = CARTESIAN_POINT('',(67.2,-59.675,0.71));
#5653 = DIRECTION('',(0.,0.,1.));
#5654 = DIRECTION('',(1.,0.,-0.));
#5655 = FACE_BOUND('',#5656,.T.);
#5656 = EDGE_LOOP('',(#5657));
#5657 = ORIENTED_EDGE('',*,*,#5658,.F.);
#5658 = EDGE_CURVE('',#5659,#5659,#5661,.T.);
#5659 = VERTEX_POINT('',#5660);
#5660 = CARTESIAN_POINT('',(56.1,-48.175,0.71));
#5661 = CIRCLE('',#5662,0.5);
#5662 = AXIS2_PLACEMENT_3D('',#5663,#5664,#5665);
#5663 = CARTESIAN_POINT('',(55.6,-48.175,0.71));
#5664 = DIRECTION('',(0.,0.,1.));
#5665 = DIRECTION('',(1.,0.,-0.));
#5666 = FACE_BOUND('',#5667,.T.);
#5667 = EDGE_LOOP('',(#5668));
#5668 = ORIENTED_EDGE('',*,*,#5669,.F.);
#5669 = EDGE_CURVE('',#5670,#5670,#5672,.T.);
#5670 = VERTEX_POINT('',#5671);
#5671 = CARTESIAN_POINT('',(50.8,-42.675,0.71));
#5672 = CIRCLE('',#5673,0.6);
#5673 = AXIS2_PLACEMENT_3D('',#5674,#5675,#5676);
#5674 = CARTESIAN_POINT('',(50.2,-42.675,0.71));
#5675 = DIRECTION('',(0.,0.,1.));
#5676 = DIRECTION('',(1.,0.,-0.));
#5677 = FACE_BOUND('',#5678,.T.);
#5678 = EDGE_LOOP('',(#5679));
#5679 = ORIENTED_EDGE('',*,*,#5680,.F.);
#5680 = EDGE_CURVE('',#5681,#5681,#5683,.T.);
#5681 = VERTEX_POINT('',#5682);
#5682 = CARTESIAN_POINT('',(67.8,-42.675,0.71));
#5683 = CIRCLE('',#5684,0.6);
#5684 = AXIS2_PLACEMENT_3D('',#5685,#5686,#5687);
#5685 = CARTESIAN_POINT('',(67.2,-42.675,0.71));
#5686 = DIRECTION('',(0.,0.,1.));
#5687 = DIRECTION('',(1.,0.,-0.));
#5688 = FACE_BOUND('',#5689,.T.);
#5689 = EDGE_LOOP('',(#5690,#5700,#5708,#5716,#5724,#5732,#5741,#5750,
    #5758,#5766,#5774,#5783));
#5690 = ORIENTED_EDGE('',*,*,#5691,.F.);
#5691 = EDGE_CURVE('',#5692,#5694,#5696,.T.);
#5692 = VERTEX_POINT('',#5693);
#5693 = CARTESIAN_POINT('',(36.9565,-31.401,0.71));
#5694 = VERTEX_POINT('',#5695);
#5695 = CARTESIAN_POINT('',(36.956101924677,-32.67500026437,0.71));
#5696 = LINE('',#5697,#5698);
#5697 = CARTESIAN_POINT('',(36.9565,-31.401,0.71));
#5698 = VECTOR('',#5699,1.);
#5699 = DIRECTION('',(-3.124609271262E-04,-0.999999951184,0.));
#5700 = ORIENTED_EDGE('',*,*,#5701,.F.);
#5701 = EDGE_CURVE('',#5702,#5692,#5704,.T.);
#5702 = VERTEX_POINT('',#5703);
#5703 = CARTESIAN_POINT('',(37.3375,-31.02,0.71));
#5704 = LINE('',#5705,#5706);
#5705 = CARTESIAN_POINT('',(37.3375,-31.02,0.71));
#5706 = VECTOR('',#5707,1.);
#5707 = DIRECTION('',(-0.707106781187,-0.707106781187,0.));
#5708 = ORIENTED_EDGE('',*,*,#5709,.F.);
#5709 = EDGE_CURVE('',#5710,#5702,#5712,.T.);
#5710 = VERTEX_POINT('',#5711);
#5711 = CARTESIAN_POINT('',(38.9885,-31.02,0.71));
#5712 = LINE('',#5713,#5714);
#5713 = CARTESIAN_POINT('',(38.9885,-31.02,0.71));
#5714 = VECTOR('',#5715,1.);
#5715 = DIRECTION('',(-1.,0.,0.));
#5716 = ORIENTED_EDGE('',*,*,#5717,.F.);
#5717 = EDGE_CURVE('',#5718,#5710,#5720,.T.);
#5718 = VERTEX_POINT('',#5719);
#5719 = CARTESIAN_POINT('',(39.3695,-31.401,0.71));
#5720 = LINE('',#5721,#5722);
#5721 = CARTESIAN_POINT('',(39.3695,-31.401,0.71));
#5722 = VECTOR('',#5723,1.);
#5723 = DIRECTION('',(-0.707106781187,0.707106781187,0.));
#5724 = ORIENTED_EDGE('',*,*,#5725,.F.);
#5725 = EDGE_CURVE('',#5726,#5718,#5728,.T.);
#5726 = VERTEX_POINT('',#5727);
#5727 = CARTESIAN_POINT('',(39.369101887909,-32.67511793562,0.71));
#5728 = LINE('',#5729,#5730);
#5729 = CARTESIAN_POINT('',(39.369,-33.0012,0.71));
#5730 = VECTOR('',#5731,1.);
#5731 = DIRECTION('',(3.124609271306E-04,0.999999951184,0.));
#5732 = ORIENTED_EDGE('',*,*,#5733,.T.);
#5733 = EDGE_CURVE('',#5726,#5734,#5736,.T.);
#5734 = VERTEX_POINT('',#5735);
#5735 = CARTESIAN_POINT('',(39.115,-33.623,0.71));
#5736 = CIRCLE('',#5737,0.508);
#5737 = AXIS2_PLACEMENT_3D('',#5738,#5739,#5740);
#5738 = CARTESIAN_POINT('',(39.115,-33.115,0.71));
#5739 = DIRECTION('',(-0.,0.,-1.));
#5740 = DIRECTION('',(1.398706172756E-14,-1.,-0.));
#5741 = ORIENTED_EDGE('',*,*,#5742,.T.);
#5742 = EDGE_CURVE('',#5734,#5743,#5745,.T.);
#5743 = VERTEX_POINT('',#5744);
#5744 = CARTESIAN_POINT('',(38.83279616806,-33.53740383194,0.71));
#5745 = CIRCLE('',#5746,0.508);
#5746 = AXIS2_PLACEMENT_3D('',#5747,#5748,#5749);
#5747 = CARTESIAN_POINT('',(39.115,-33.115,0.71));
#5748 = DIRECTION('',(-0.,0.,-1.));
#5749 = DIRECTION('',(1.398706172756E-14,-1.,-0.));
#5750 = ORIENTED_EDGE('',*,*,#5751,.F.);
#5751 = EDGE_CURVE('',#5752,#5743,#5754,.T.);
#5752 = VERTEX_POINT('',#5753);
#5753 = CARTESIAN_POINT('',(38.6832,-33.687,0.71));
#5754 = LINE('',#5755,#5756);
#5755 = CARTESIAN_POINT('',(38.6832,-33.687,0.71));
#5756 = VECTOR('',#5757,1.);
#5757 = DIRECTION('',(0.707106781187,0.707106781187,0.));
#5758 = ORIENTED_EDGE('',*,*,#5759,.F.);
#5759 = EDGE_CURVE('',#5760,#5752,#5762,.T.);
#5760 = VERTEX_POINT('',#5761);
#5761 = CARTESIAN_POINT('',(37.6418,-33.687,0.71));
#5762 = LINE('',#5763,#5764);
#5763 = CARTESIAN_POINT('',(37.6418,-33.687,0.71));
#5764 = VECTOR('',#5765,1.);
#5765 = DIRECTION('',(1.,0.,0.));
#5766 = ORIENTED_EDGE('',*,*,#5767,.F.);
#5767 = EDGE_CURVE('',#5768,#5760,#5770,.T.);
#5768 = VERTEX_POINT('',#5769);
#5769 = CARTESIAN_POINT('',(37.492203831941,-33.53740383194,0.71));
#5770 = LINE('',#5771,#5772);
#5771 = CARTESIAN_POINT('',(36.956,-33.0012,0.71));
#5772 = VECTOR('',#5773,1.);
#5773 = DIRECTION('',(0.707106781187,-0.707106781187,0.));
#5774 = ORIENTED_EDGE('',*,*,#5775,.T.);
#5775 = EDGE_CURVE('',#5768,#5776,#5778,.T.);
#5776 = VERTEX_POINT('',#5777);
#5777 = CARTESIAN_POINT('',(37.21,-33.623,0.71));
#5778 = CIRCLE('',#5779,0.508);
#5779 = AXIS2_PLACEMENT_3D('',#5780,#5781,#5782);
#5780 = CARTESIAN_POINT('',(37.21,-33.115,0.71));
#5781 = DIRECTION('',(-0.,0.,-1.));
#5782 = DIRECTION('',(-0.,-1.,0.));
#5783 = ORIENTED_EDGE('',*,*,#5784,.T.);
#5784 = EDGE_CURVE('',#5776,#5694,#5785,.T.);
#5785 = CIRCLE('',#5786,0.508);
#5786 = AXIS2_PLACEMENT_3D('',#5787,#5788,#5789);
#5787 = CARTESIAN_POINT('',(37.21,-33.115,0.71));
#5788 = DIRECTION('',(-0.,0.,-1.));
#5789 = DIRECTION('',(-0.,-1.,0.));
#5790 = FACE_BOUND('',#5791,.T.);
#5791 = EDGE_LOOP('',(#5792));
#5792 = ORIENTED_EDGE('',*,*,#5793,.F.);
#5793 = EDGE_CURVE('',#5794,#5794,#5796,.T.);
#5794 = VERTEX_POINT('',#5795);
#5795 = CARTESIAN_POINT('',(17.4,-15.125,0.71));
#5796 = CIRCLE('',#5797,1.1);
#5797 = AXIS2_PLACEMENT_3D('',#5798,#5799,#5800);
#5798 = CARTESIAN_POINT('',(16.3,-15.125,0.71));
#5799 = DIRECTION('',(0.,0.,1.));
#5800 = DIRECTION('',(1.,0.,-0.));
#5801 = FACE_BOUND('',#5802,.T.);
#5802 = EDGE_LOOP('',(#5803,#5813,#5821,#5830,#5838,#5846,#5854,#5862,
    #5870,#5878,#5887));
#5803 = ORIENTED_EDGE('',*,*,#5804,.F.);
#5804 = EDGE_CURVE('',#5805,#5807,#5809,.T.);
#5805 = VERTEX_POINT('',#5806);
#5806 = CARTESIAN_POINT('',(28.701,-22.4348,0.71));
#5807 = VERTEX_POINT('',#5808);
#5808 = CARTESIAN_POINT('',(28.701,-23.15005909487,0.71));
#5809 = LINE('',#5810,#5811);
#5810 = CARTESIAN_POINT('',(28.701,-22.4348,0.71));
#5811 = VECTOR('',#5812,1.);
#5812 = DIRECTION('',(0.,-1.,0.));
#5813 = ORIENTED_EDGE('',*,*,#5814,.F.);
#5814 = EDGE_CURVE('',#5815,#5805,#5817,.T.);
#5815 = VERTEX_POINT('',#5816);
#5816 = CARTESIAN_POINT('',(28.942943099726,-22.19285690027,0.71));
#5817 = LINE('',#5818,#5819);
#5818 = CARTESIAN_POINT('',(29.3868,-21.749,0.71));
#5819 = VECTOR('',#5820,1.);
#5820 = DIRECTION('',(-0.707106781187,-0.707106781187,0.));
#5821 = ORIENTED_EDGE('',*,*,#5822,.T.);
#5822 = EDGE_CURVE('',#5815,#5823,#5825,.T.);
#5823 = VERTEX_POINT('',#5824);
#5824 = CARTESIAN_POINT('',(29.458952378703,-21.749,0.71));
#5825 = CIRCLE('',#5826,0.508);
#5826 = AXIS2_PLACEMENT_3D('',#5827,#5828,#5829);
#5827 = CARTESIAN_POINT('',(28.955,-21.685,0.71));
#5828 = DIRECTION('',(-0.,0.,-1.));
#5829 = DIRECTION('',(-0.,-1.,0.));
#5830 = ORIENTED_EDGE('',*,*,#5831,.F.);
#5831 = EDGE_CURVE('',#5832,#5823,#5834,.T.);
#5832 = VERTEX_POINT('',#5833);
#5833 = CARTESIAN_POINT('',(30.987,-21.749,0.71));
#5834 = LINE('',#5835,#5836);
#5835 = CARTESIAN_POINT('',(30.987,-21.749,0.71));
#5836 = VECTOR('',#5837,1.);
#5837 = DIRECTION('',(-1.,0.,0.));
#5838 = ORIENTED_EDGE('',*,*,#5839,.F.);
#5839 = EDGE_CURVE('',#5840,#5832,#5842,.T.);
#5840 = VERTEX_POINT('',#5841);
#5841 = CARTESIAN_POINT('',(31.368,-22.13,0.71));
#5842 = LINE('',#5843,#5844);
#5843 = CARTESIAN_POINT('',(31.368,-22.13,0.71));
#5844 = VECTOR('',#5845,1.);
#5845 = DIRECTION('',(-0.707106781187,0.707106781187,0.));
#5846 = ORIENTED_EDGE('',*,*,#5847,.F.);
#5847 = EDGE_CURVE('',#5848,#5840,#5850,.T.);
#5848 = VERTEX_POINT('',#5849);
#5849 = CARTESIAN_POINT('',(31.368,-23.781,0.71));
#5850 = LINE('',#5851,#5852);
#5851 = CARTESIAN_POINT('',(31.368,-23.781,0.71));
#5852 = VECTOR('',#5853,1.);
#5853 = DIRECTION('',(0.,1.,0.));
#5854 = ORIENTED_EDGE('',*,*,#5855,.F.);
#5855 = EDGE_CURVE('',#5856,#5848,#5858,.T.);
#5856 = VERTEX_POINT('',#5857);
#5857 = CARTESIAN_POINT('',(30.987,-24.162,0.71));
#5858 = LINE('',#5859,#5860);
#5859 = CARTESIAN_POINT('',(30.987,-24.162,0.71));
#5860 = VECTOR('',#5861,1.);
#5861 = DIRECTION('',(0.707106781187,0.707106781187,0.));
#5862 = ORIENTED_EDGE('',*,*,#5863,.F.);
#5863 = EDGE_CURVE('',#5864,#5856,#5866,.T.);
#5864 = VERTEX_POINT('',#5865);
#5865 = CARTESIAN_POINT('',(29.3868,-24.162,0.71));
#5866 = LINE('',#5867,#5868);
#5867 = CARTESIAN_POINT('',(29.3868,-24.162,0.71));
#5868 = VECTOR('',#5869,1.);
#5869 = DIRECTION('',(1.,0.,0.));
#5870 = ORIENTED_EDGE('',*,*,#5871,.F.);
#5871 = EDGE_CURVE('',#5872,#5864,#5874,.T.);
#5872 = VERTEX_POINT('',#5873);
#5873 = CARTESIAN_POINT('',(29.237203831941,-24.01240383194,0.71));
#5874 = LINE('',#5875,#5876);
#5875 = CARTESIAN_POINT('',(28.701,-23.4762,0.71));
#5876 = VECTOR('',#5877,1.);
#5877 = DIRECTION('',(0.707106781187,-0.707106781187,0.));
#5878 = ORIENTED_EDGE('',*,*,#5879,.T.);
#5879 = EDGE_CURVE('',#5872,#5880,#5882,.T.);
#5880 = VERTEX_POINT('',#5881);
#5881 = CARTESIAN_POINT('',(28.955,-24.098,0.71));
#5882 = CIRCLE('',#5883,0.508);
#5883 = AXIS2_PLACEMENT_3D('',#5884,#5885,#5886);
#5884 = CARTESIAN_POINT('',(28.955,-23.59,0.71));
#5885 = DIRECTION('',(-0.,0.,-1.));
#5886 = DIRECTION('',(-0.,-1.,0.));
#5887 = ORIENTED_EDGE('',*,*,#5888,.T.);
#5888 = EDGE_CURVE('',#5880,#5807,#5889,.T.);
#5889 = CIRCLE('',#5890,0.508);
#5890 = AXIS2_PLACEMENT_3D('',#5891,#5892,#5893);
#5891 = CARTESIAN_POINT('',(28.955,-23.59,0.71));
#5892 = DIRECTION('',(-0.,0.,-1.));
#5893 = DIRECTION('',(-0.,-1.,0.));
#5894 = FACE_BOUND('',#5895,.T.);
#5895 = EDGE_LOOP('',(#5896,#5906,#5914,#5923,#5931,#5940,#5948,#5956,
    #5965,#5974,#5982,#5990,#5998,#6007));
#5896 = ORIENTED_EDGE('',*,*,#5897,.F.);
#5897 = EDGE_CURVE('',#5898,#5900,#5902,.T.);
#5898 = VERTEX_POINT('',#5899);
#5899 = CARTESIAN_POINT('',(31.876,-16.0848,0.71));
#5900 = VERTEX_POINT('',#5901);
#5901 = CARTESIAN_POINT('',(31.876,-17.43505909487,0.71));
#5902 = LINE('',#5903,#5904);
#5903 = CARTESIAN_POINT('',(31.876,-16.0848,0.71));
#5904 = VECTOR('',#5905,1.);
#5905 = DIRECTION('',(0.,-1.,0.));
#5906 = ORIENTED_EDGE('',*,*,#5907,.F.);
#5907 = EDGE_CURVE('',#5908,#5898,#5910,.T.);
#5908 = VERTEX_POINT('',#5909);
#5909 = CARTESIAN_POINT('',(32.117943099726,-15.84285690027,0.71));
#5910 = LINE('',#5911,#5912);
#5911 = CARTESIAN_POINT('',(32.5618,-15.399,0.71));
#5912 = VECTOR('',#5913,1.);
#5913 = DIRECTION('',(-0.707106781187,-0.707106781187,0.));
#5914 = ORIENTED_EDGE('',*,*,#5915,.T.);
#5915 = EDGE_CURVE('',#5908,#5916,#5918,.T.);
#5916 = VERTEX_POINT('',#5917);
#5917 = CARTESIAN_POINT('',(32.633952378702,-15.399,0.71));
#5918 = CIRCLE('',#5919,0.508);
#5919 = AXIS2_PLACEMENT_3D('',#5920,#5921,#5922);
#5920 = CARTESIAN_POINT('',(32.13,-15.335,0.71));
#5921 = DIRECTION('',(-0.,0.,-1.));
#5922 = DIRECTION('',(1.398706172756E-14,-1.,-0.));
#5923 = ORIENTED_EDGE('',*,*,#5924,.F.);
#5924 = EDGE_CURVE('',#5925,#5916,#5927,.T.);
#5925 = VERTEX_POINT('',#5926);
#5926 = CARTESIAN_POINT('',(34.166047621298,-15.399,0.71));
#5927 = LINE('',#5928,#5929);
#5928 = CARTESIAN_POINT('',(34.2382,-15.399,0.71));
#5929 = VECTOR('',#5930,1.);
#5930 = DIRECTION('',(-1.,0.,0.));
#5931 = ORIENTED_EDGE('',*,*,#5932,.T.);
#5932 = EDGE_CURVE('',#5925,#5933,#5935,.T.);
#5933 = VERTEX_POINT('',#5934);
#5934 = CARTESIAN_POINT('',(34.682056900274,-15.84285690027,0.71));
#5935 = CIRCLE('',#5936,0.508);
#5936 = AXIS2_PLACEMENT_3D('',#5937,#5938,#5939);
#5937 = CARTESIAN_POINT('',(34.67,-15.335,0.71));
#5938 = DIRECTION('',(-0.,0.,-1.));
#5939 = DIRECTION('',(-0.,-1.,0.));
#5940 = ORIENTED_EDGE('',*,*,#5941,.F.);
#5941 = EDGE_CURVE('',#5942,#5933,#5944,.T.);
#5942 = VERTEX_POINT('',#5943);
#5943 = CARTESIAN_POINT('',(34.924,-16.0848,0.71));
#5944 = LINE('',#5945,#5946);
#5945 = CARTESIAN_POINT('',(34.924,-16.0848,0.71));
#5946 = VECTOR('',#5947,1.);
#5947 = DIRECTION('',(-0.707106781187,0.707106781187,0.));
#5948 = ORIENTED_EDGE('',*,*,#5949,.F.);
#5949 = EDGE_CURVE('',#5950,#5942,#5952,.T.);
#5950 = VERTEX_POINT('',#5951);
#5951 = CARTESIAN_POINT('',(34.924,-17.43505909487,0.71));
#5952 = LINE('',#5953,#5954);
#5953 = CARTESIAN_POINT('',(34.924,-17.7612,0.71));
#5954 = VECTOR('',#5955,1.);
#5955 = DIRECTION('',(0.,1.,0.));
#5956 = ORIENTED_EDGE('',*,*,#5957,.T.);
#5957 = EDGE_CURVE('',#5950,#5958,#5960,.T.);
#5958 = VERTEX_POINT('',#5959);
#5959 = CARTESIAN_POINT('',(34.67,-18.383,0.71));
#5960 = CIRCLE('',#5961,0.508);
#5961 = AXIS2_PLACEMENT_3D('',#5962,#5963,#5964);
#5962 = CARTESIAN_POINT('',(34.67,-17.875,0.71));
#5963 = DIRECTION('',(-0.,0.,-1.));
#5964 = DIRECTION('',(-0.,-1.,0.));
#5965 = ORIENTED_EDGE('',*,*,#5966,.T.);
#5966 = EDGE_CURVE('',#5958,#5967,#5969,.T.);
#5967 = VERTEX_POINT('',#5968);
#5968 = CARTESIAN_POINT('',(34.387796168059,-18.29740383194,0.71));
#5969 = CIRCLE('',#5970,0.508);
#5970 = AXIS2_PLACEMENT_3D('',#5971,#5972,#5973);
#5971 = CARTESIAN_POINT('',(34.67,-17.875,0.71));
#5972 = DIRECTION('',(-0.,0.,-1.));
#5973 = DIRECTION('',(-0.,-1.,0.));
#5974 = ORIENTED_EDGE('',*,*,#5975,.F.);
#5975 = EDGE_CURVE('',#5976,#5967,#5978,.T.);
#5976 = VERTEX_POINT('',#5977);
#5977 = CARTESIAN_POINT('',(34.2382,-18.447,0.71));
#5978 = LINE('',#5979,#5980);
#5979 = CARTESIAN_POINT('',(34.2382,-18.447,0.71));
#5980 = VECTOR('',#5981,1.);
#5981 = DIRECTION('',(0.707106781187,0.707106781187,0.));
#5982 = ORIENTED_EDGE('',*,*,#5983,.F.);
#5983 = EDGE_CURVE('',#5984,#5976,#5986,.T.);
#5984 = VERTEX_POINT('',#5985);
#5985 = CARTESIAN_POINT('',(32.5618,-18.447,0.71));
#5986 = LINE('',#5987,#5988);
#5987 = CARTESIAN_POINT('',(32.5618,-18.447,0.71));
#5988 = VECTOR('',#5989,1.);
#5989 = DIRECTION('',(1.,0.,0.));
#5990 = ORIENTED_EDGE('',*,*,#5991,.F.);
#5991 = EDGE_CURVE('',#5992,#5984,#5994,.T.);
#5992 = VERTEX_POINT('',#5993);
#5993 = CARTESIAN_POINT('',(32.412203831941,-18.29740383194,0.71));
#5994 = LINE('',#5995,#5996);
#5995 = CARTESIAN_POINT('',(31.876,-17.7612,0.71));
#5996 = VECTOR('',#5997,1.);
#5997 = DIRECTION('',(0.707106781187,-0.707106781187,0.));
#5998 = ORIENTED_EDGE('',*,*,#5999,.T.);
#5999 = EDGE_CURVE('',#5992,#6000,#6002,.T.);
#6000 = VERTEX_POINT('',#6001);
#6001 = CARTESIAN_POINT('',(32.13,-18.383,0.71));
#6002 = CIRCLE('',#6003,0.508);
#6003 = AXIS2_PLACEMENT_3D('',#6004,#6005,#6006);
#6004 = CARTESIAN_POINT('',(32.13,-17.875,0.71));
#6005 = DIRECTION('',(-0.,0.,-1.));
#6006 = DIRECTION('',(1.398706172756E-14,-1.,-0.));
#6007 = ORIENTED_EDGE('',*,*,#6008,.T.);
#6008 = EDGE_CURVE('',#6000,#5900,#6009,.T.);
#6009 = CIRCLE('',#6010,0.508);
#6010 = AXIS2_PLACEMENT_3D('',#6011,#6012,#6013);
#6011 = CARTESIAN_POINT('',(32.13,-17.875,0.71));
#6012 = DIRECTION('',(-0.,0.,-1.));
#6013 = DIRECTION('',(1.398706172756E-14,-1.,-0.));
#6014 = FACE_BOUND('',#6015,.T.);
#6015 = EDGE_LOOP('',(#6016));
#6016 = ORIENTED_EDGE('',*,*,#6017,.T.);
#6017 = EDGE_CURVE('',#6018,#6018,#6020,.T.);
#6018 = VERTEX_POINT('',#6019);
#6019 = CARTESIAN_POINT('',(50.325,-15.1825,0.71));
#6020 = CIRCLE('',#6021,0.45);
#6021 = AXIS2_PLACEMENT_3D('',#6022,#6023,#6024);
#6022 = CARTESIAN_POINT('',(50.325,-14.7325,0.71));
#6023 = DIRECTION('',(-0.,0.,-1.));
#6024 = DIRECTION('',(-0.,-1.,0.));
#6025 = FACE_BOUND('',#6026,.T.);
#6026 = EDGE_LOOP('',(#6027));
#6027 = ORIENTED_EDGE('',*,*,#6028,.T.);
#6028 = EDGE_CURVE('',#6029,#6029,#6031,.T.);
#6029 = VERTEX_POINT('',#6030);
#6030 = CARTESIAN_POINT('',(53.325,-15.1825,0.71));
#6031 = CIRCLE('',#6032,0.45);
#6032 = AXIS2_PLACEMENT_3D('',#6033,#6034,#6035);
#6033 = CARTESIAN_POINT('',(53.325,-14.7325,0.71));
#6034 = DIRECTION('',(-0.,0.,-1.));
#6035 = DIRECTION('',(-0.,-1.,0.));
#6036 = FACE_BOUND('',#6037,.T.);
#6037 = EDGE_LOOP('',(#6038));
#6038 = ORIENTED_EDGE('',*,*,#6039,.F.);
#6039 = EDGE_CURVE('',#6040,#6040,#6042,.T.);
#6040 = VERTEX_POINT('',#6041);
#6041 = CARTESIAN_POINT('',(84.8,-59.675,0.71));
#6042 = CIRCLE('',#6043,0.6);
#6043 = AXIS2_PLACEMENT_3D('',#6044,#6045,#6046);
#6044 = CARTESIAN_POINT('',(84.2,-59.675,0.71));
#6045 = DIRECTION('',(0.,0.,1.));
#6046 = DIRECTION('',(1.,0.,-0.));
#6047 = FACE_BOUND('',#6048,.T.);
#6048 = EDGE_LOOP('',(#6049));
#6049 = ORIENTED_EDGE('',*,*,#6050,.F.);
#6050 = EDGE_CURVE('',#6051,#6051,#6053,.T.);
#6051 = VERTEX_POINT('',#6052);
#6052 = CARTESIAN_POINT('',(73.1,-48.175,0.71));
#6053 = CIRCLE('',#6054,0.5);
#6054 = AXIS2_PLACEMENT_3D('',#6055,#6056,#6057);
#6055 = CARTESIAN_POINT('',(72.6,-48.175,0.71));
#6056 = DIRECTION('',(0.,0.,1.));
#6057 = DIRECTION('',(1.,0.,-0.));
#6058 = FACE_BOUND('',#6059,.T.);
#6059 = EDGE_LOOP('',(#6060));
#6060 = ORIENTED_EDGE('',*,*,#6061,.F.);
#6061 = EDGE_CURVE('',#6062,#6062,#6064,.T.);
#6062 = VERTEX_POINT('',#6063);
#6063 = CARTESIAN_POINT('',(90.1,-48.175,0.71));
#6064 = CIRCLE('',#6065,0.5);
#6065 = AXIS2_PLACEMENT_3D('',#6066,#6067,#6068);
#6066 = CARTESIAN_POINT('',(89.6,-48.175,0.71));
#6067 = DIRECTION('',(0.,0.,1.));
#6068 = DIRECTION('',(1.,0.,-0.));
#6069 = FACE_BOUND('',#6070,.T.);
#6070 = EDGE_LOOP('',(#6071));
#6071 = ORIENTED_EDGE('',*,*,#6072,.F.);
#6072 = EDGE_CURVE('',#6073,#6073,#6075,.T.);
#6073 = VERTEX_POINT('',#6074);
#6074 = CARTESIAN_POINT('',(84.8,-42.675,0.71));
#6075 = CIRCLE('',#6076,0.6);
#6076 = AXIS2_PLACEMENT_3D('',#6077,#6078,#6079);
#6077 = CARTESIAN_POINT('',(84.2,-42.675,0.71));
#6078 = DIRECTION('',(0.,0.,1.));
#6079 = DIRECTION('',(1.,0.,-0.));
#6080 = FACE_BOUND('',#6081,.T.);
#6081 = EDGE_LOOP('',(#6082));
#6082 = ORIENTED_EDGE('',*,*,#6083,.F.);
#6083 = EDGE_CURVE('',#6084,#6084,#6086,.T.);
#6084 = VERTEX_POINT('',#6085);
#6085 = CARTESIAN_POINT('',(101.8,-59.675,0.71));
#6086 = CIRCLE('',#6087,0.6);
#6087 = AXIS2_PLACEMENT_3D('',#6088,#6089,#6090);
#6088 = CARTESIAN_POINT('',(101.2,-59.675,0.71));
#6089 = DIRECTION('',(0.,0.,1.));
#6090 = DIRECTION('',(1.,0.,-0.));
#6091 = FACE_BOUND('',#6092,.T.);
#6092 = EDGE_LOOP('',(#6093));
#6093 = ORIENTED_EDGE('',*,*,#6094,.F.);
#6094 = EDGE_CURVE('',#6095,#6095,#6097,.T.);
#6095 = VERTEX_POINT('',#6096);
#6096 = CARTESIAN_POINT('',(118.8,-59.675,0.71));
#6097 = CIRCLE('',#6098,0.6);
#6098 = AXIS2_PLACEMENT_3D('',#6099,#6100,#6101);
#6099 = CARTESIAN_POINT('',(118.2,-59.675,0.71));
#6100 = DIRECTION('',(0.,0.,1.));
#6101 = DIRECTION('',(1.,0.,-0.));
#6102 = FACE_BOUND('',#6103,.T.);
#6103 = EDGE_LOOP('',(#6104));
#6104 = ORIENTED_EDGE('',*,*,#6105,.F.);
#6105 = EDGE_CURVE('',#6106,#6106,#6108,.T.);
#6106 = VERTEX_POINT('',#6107);
#6107 = CARTESIAN_POINT('',(107.1,-48.175,0.71));
#6108 = CIRCLE('',#6109,0.5);
#6109 = AXIS2_PLACEMENT_3D('',#6110,#6111,#6112);
#6110 = CARTESIAN_POINT('',(106.6,-48.175,0.71));
#6111 = DIRECTION('',(0.,0.,1.));
#6112 = DIRECTION('',(1.,0.,-0.));
#6113 = FACE_BOUND('',#6114,.T.);
#6114 = EDGE_LOOP('',(#6115));
#6115 = ORIENTED_EDGE('',*,*,#6116,.F.);
#6116 = EDGE_CURVE('',#6117,#6117,#6119,.T.);
#6117 = VERTEX_POINT('',#6118);
#6118 = CARTESIAN_POINT('',(101.8,-42.675,0.71));
#6119 = CIRCLE('',#6120,0.6);
#6120 = AXIS2_PLACEMENT_3D('',#6121,#6122,#6123);
#6121 = CARTESIAN_POINT('',(101.2,-42.675,0.71));
#6122 = DIRECTION('',(0.,0.,1.));
#6123 = DIRECTION('',(1.,0.,-0.));
#6124 = FACE_BOUND('',#6125,.T.);
#6125 = EDGE_LOOP('',(#6126));
#6126 = ORIENTED_EDGE('',*,*,#6127,.F.);
#6127 = EDGE_CURVE('',#6128,#6128,#6130,.T.);
#6128 = VERTEX_POINT('',#6129);
#6129 = CARTESIAN_POINT('',(118.8,-42.675,0.71));
#6130 = CIRCLE('',#6131,0.6);
#6131 = AXIS2_PLACEMENT_3D('',#6132,#6133,#6134);
#6132 = CARTESIAN_POINT('',(118.2,-42.675,0.71));
#6133 = DIRECTION('',(0.,0.,1.));
#6134 = DIRECTION('',(1.,0.,-0.));
#6135 = FACE_BOUND('',#6136,.T.);
#6136 = EDGE_LOOP('',(#6137));
#6137 = ORIENTED_EDGE('',*,*,#6138,.F.);
#6138 = EDGE_CURVE('',#6139,#6139,#6141,.T.);
#6139 = VERTEX_POINT('',#6140);
#6140 = CARTESIAN_POINT('',(124.6,-15.125,0.71));
#6141 = CIRCLE('',#6142,1.1);
#6142 = AXIS2_PLACEMENT_3D('',#6143,#6144,#6145);
#6143 = CARTESIAN_POINT('',(123.5,-15.125,0.71));
#6144 = DIRECTION('',(0.,0.,1.));
#6145 = DIRECTION('',(1.,0.,-0.));
#6146 = PLANE('',#6147);
#6147 = AXIS2_PLACEMENT_3D('',#6148,#6149,#6150);
#6148 = CARTESIAN_POINT('',(0.,0.,0.71));
#6149 = DIRECTION('',(0.,0.,1.));
#6150 = DIRECTION('',(1.,0.,-0.));
#6151 = ADVANCED_FACE('',(#6152),#6163,.T.);
#6152 = FACE_BOUND('',#6153,.T.);
#6153 = EDGE_LOOP('',(#6154,#6160,#6161,#6162));
#6154 = ORIENTED_EDGE('',*,*,#6155,.T.);
#6155 = EDGE_CURVE('',#4236,#5197,#6156,.T.);
#6156 = LINE('',#6157,#6158);
#6157 = CARTESIAN_POINT('',(14.2,-14.025,0.));
#6158 = VECTOR('',#6159,1.);
#6159 = DIRECTION('',(0.,0.,1.));
#6160 = ORIENTED_EDGE('',*,*,#5196,.T.);
#6161 = ORIENTED_EDGE('',*,*,#4171,.F.);
#6162 = ORIENTED_EDGE('',*,*,#4235,.F.);
#6163 = CYLINDRICAL_SURFACE('',#6164,0.999999252925);
#6164 = AXIS2_PLACEMENT_3D('',#6165,#6166,#6167);
#6165 = CARTESIAN_POINT('',(15.199999252925,-14.02499925292,0.));
#6166 = DIRECTION('',(0.,0.,-1.));
#6167 = DIRECTION('',(-1.,-7.47075740283E-07,-0.));
#6168 = ADVANCED_FACE('',(#6169),#6180,.T.);
#6169 = FACE_BOUND('',#6170,.T.);
#6170 = EDGE_LOOP('',(#6171,#6172,#6173,#6179));
#6171 = ORIENTED_EDGE('',*,*,#4211,.T.);
#6172 = ORIENTED_EDGE('',*,*,#5230,.T.);
#6173 = ORIENTED_EDGE('',*,*,#6174,.F.);
#6174 = EDGE_CURVE('',#4262,#5223,#6175,.T.);
#6175 = LINE('',#6176,#6177);
#6176 = CARTESIAN_POINT('',(124.6,-109.625,0.));
#6177 = VECTOR('',#6178,1.);
#6178 = DIRECTION('',(0.,0.,1.));
#6179 = ORIENTED_EDGE('',*,*,#4269,.F.);
#6180 = CYLINDRICAL_SURFACE('',#6181,0.999999252925);
#6181 = AXIS2_PLACEMENT_3D('',#6182,#6183,#6184);
#6182 = CARTESIAN_POINT('',(124.60000074707,-108.625000747,0.));
#6183 = DIRECTION('',(0.,0.,-1.));
#6184 = DIRECTION('',(1.,7.470757491648E-07,0.));
#6185 = ADVANCED_FACE('',(#6186),#6197,.T.);
#6186 = FACE_BOUND('',#6187,.T.);
#6187 = EDGE_LOOP('',(#6188,#6194,#6195,#6196));
#6188 = ORIENTED_EDGE('',*,*,#6189,.T.);
#6189 = EDGE_CURVE('',#4245,#5206,#6190,.T.);
#6190 = LINE('',#6191,#6192);
#6191 = CARTESIAN_POINT('',(14.2,-108.625,0.));
#6192 = VECTOR('',#6193,1.);
#6193 = DIRECTION('',(0.,0.,1.));
#6194 = ORIENTED_EDGE('',*,*,#5205,.T.);
#6195 = ORIENTED_EDGE('',*,*,#6155,.F.);
#6196 = ORIENTED_EDGE('',*,*,#4244,.F.);
#6197 = PLANE('',#6198);
#6198 = AXIS2_PLACEMENT_3D('',#6199,#6200,#6201);
#6199 = CARTESIAN_POINT('',(14.2,-108.625,0.));
#6200 = DIRECTION('',(-1.,0.,0.));
#6201 = DIRECTION('',(0.,1.,0.));
#6202 = ADVANCED_FACE('',(#6203),#6214,.T.);
#6203 = FACE_BOUND('',#6204,.T.);
#6204 = EDGE_LOOP('',(#6205,#6206,#6207,#6213));
#6205 = ORIENTED_EDGE('',*,*,#6174,.T.);
#6206 = ORIENTED_EDGE('',*,*,#5222,.T.);
#6207 = ORIENTED_EDGE('',*,*,#6208,.F.);
#6208 = EDGE_CURVE('',#4253,#5214,#6209,.T.);
#6209 = LINE('',#6210,#6211);
#6210 = CARTESIAN_POINT('',(15.2,-109.625,0.));
#6211 = VECTOR('',#6212,1.);
#6212 = DIRECTION('',(0.,0.,1.));
#6213 = ORIENTED_EDGE('',*,*,#4261,.F.);
#6214 = PLANE('',#6215);
#6215 = AXIS2_PLACEMENT_3D('',#6216,#6217,#6218);
#6216 = CARTESIAN_POINT('',(124.6,-109.625,0.));
#6217 = DIRECTION('',(0.,-1.,0.));
#6218 = DIRECTION('',(-1.,0.,0.));
#6219 = ADVANCED_FACE('',(#6220),#6226,.T.);
#6220 = FACE_BOUND('',#6221,.T.);
#6221 = EDGE_LOOP('',(#6222,#6223,#6224,#6225));
#6222 = ORIENTED_EDGE('',*,*,#6208,.T.);
#6223 = ORIENTED_EDGE('',*,*,#5213,.T.);
#6224 = ORIENTED_EDGE('',*,*,#6189,.F.);
#6225 = ORIENTED_EDGE('',*,*,#4252,.F.);
#6226 = CYLINDRICAL_SURFACE('',#6227,0.999999252925);
#6227 = AXIS2_PLACEMENT_3D('',#6228,#6229,#6230);
#6228 = CARTESIAN_POINT('',(15.199999252925,-108.625000747,0.));
#6229 = DIRECTION('',(0.,0.,-1.));
#6230 = DIRECTION('',(7.470757296248E-07,-1.,0.));
#6231 = ADVANCED_FACE('',(#6232),#6243,.F.);
#6232 = FACE_BOUND('',#6233,.T.);
#6233 = EDGE_LOOP('',(#6234,#6240,#6241,#6242));
#6234 = ORIENTED_EDGE('',*,*,#6235,.T.);
#6235 = EDGE_CURVE('',#4280,#5241,#6236,.T.);
#6236 = LINE('',#6237,#6238);
#6237 = CARTESIAN_POINT('',(17.4,-107.525,0.));
#6238 = VECTOR('',#6239,1.);
#6239 = DIRECTION('',(0.,0.,1.));
#6240 = ORIENTED_EDGE('',*,*,#5240,.T.);
#6241 = ORIENTED_EDGE('',*,*,#6235,.F.);
#6242 = ORIENTED_EDGE('',*,*,#4279,.F.);
#6243 = CYLINDRICAL_SURFACE('',#6244,1.1);
#6244 = AXIS2_PLACEMENT_3D('',#6245,#6246,#6247);
#6245 = CARTESIAN_POINT('',(16.3,-107.525,0.));
#6246 = DIRECTION('',(-0.,-0.,-1.));
#6247 = DIRECTION('',(1.,0.,-0.));
#6248 = ADVANCED_FACE('',(#6249),#6260,.F.);
#6249 = FACE_BOUND('',#6250,.T.);
#6250 = EDGE_LOOP('',(#6251,#6257,#6258,#6259));
#6251 = ORIENTED_EDGE('',*,*,#6252,.T.);
#6252 = EDGE_CURVE('',#4291,#5252,#6253,.T.);
#6253 = LINE('',#6254,#6255);
#6254 = CARTESIAN_POINT('',(22.1,-99.175,0.));
#6255 = VECTOR('',#6256,1.);
#6256 = DIRECTION('',(0.,0.,1.));
#6257 = ORIENTED_EDGE('',*,*,#5251,.T.);
#6258 = ORIENTED_EDGE('',*,*,#6252,.F.);
#6259 = ORIENTED_EDGE('',*,*,#4290,.F.);
#6260 = CYLINDRICAL_SURFACE('',#6261,0.5);
#6261 = AXIS2_PLACEMENT_3D('',#6262,#6263,#6264);
#6262 = CARTESIAN_POINT('',(21.6,-99.175,0.));
#6263 = DIRECTION('',(-0.,-0.,-1.));
#6264 = DIRECTION('',(1.,0.,-0.));
#6265 = ADVANCED_FACE('',(#6266),#6277,.F.);
#6266 = FACE_BOUND('',#6267,.T.);
#6267 = EDGE_LOOP('',(#6268,#6274,#6275,#6276));
#6268 = ORIENTED_EDGE('',*,*,#6269,.T.);
#6269 = EDGE_CURVE('',#4302,#5263,#6270,.T.);
#6270 = LINE('',#6271,#6272);
#6271 = CARTESIAN_POINT('',(39.1,-99.175,0.));
#6272 = VECTOR('',#6273,1.);
#6273 = DIRECTION('',(0.,0.,1.));
#6274 = ORIENTED_EDGE('',*,*,#5262,.T.);
#6275 = ORIENTED_EDGE('',*,*,#6269,.F.);
#6276 = ORIENTED_EDGE('',*,*,#4301,.F.);
#6277 = CYLINDRICAL_SURFACE('',#6278,0.5);
#6278 = AXIS2_PLACEMENT_3D('',#6279,#6280,#6281);
#6279 = CARTESIAN_POINT('',(38.6,-99.175,0.));
#6280 = DIRECTION('',(-0.,-0.,-1.));
#6281 = DIRECTION('',(1.,0.,-0.));
#6282 = ADVANCED_FACE('',(#6283),#6294,.F.);
#6283 = FACE_BOUND('',#6284,.T.);
#6284 = EDGE_LOOP('',(#6285,#6291,#6292,#6293));
#6285 = ORIENTED_EDGE('',*,*,#6286,.T.);
#6286 = EDGE_CURVE('',#4313,#5274,#6287,.T.);
#6287 = LINE('',#6288,#6289);
#6288 = CARTESIAN_POINT('',(33.8,-93.675,0.));
#6289 = VECTOR('',#6290,1.);
#6290 = DIRECTION('',(0.,0.,1.));
#6291 = ORIENTED_EDGE('',*,*,#5273,.T.);
#6292 = ORIENTED_EDGE('',*,*,#6286,.F.);
#6293 = ORIENTED_EDGE('',*,*,#4312,.F.);
#6294 = CYLINDRICAL_SURFACE('',#6295,0.6);
#6295 = AXIS2_PLACEMENT_3D('',#6296,#6297,#6298);
#6296 = CARTESIAN_POINT('',(33.2,-93.675,0.));
#6297 = DIRECTION('',(-0.,-0.,-1.));
#6298 = DIRECTION('',(1.,0.,-0.));
#6299 = ADVANCED_FACE('',(#6300),#6311,.F.);
#6300 = FACE_BOUND('',#6301,.T.);
#6301 = EDGE_LOOP('',(#6302,#6308,#6309,#6310));
#6302 = ORIENTED_EDGE('',*,*,#6303,.T.);
#6303 = EDGE_CURVE('',#4324,#5285,#6304,.T.);
#6304 = LINE('',#6305,#6306);
#6305 = CARTESIAN_POINT('',(56.1,-99.175,0.));
#6306 = VECTOR('',#6307,1.);
#6307 = DIRECTION('',(0.,0.,1.));
#6308 = ORIENTED_EDGE('',*,*,#5284,.T.);
#6309 = ORIENTED_EDGE('',*,*,#6303,.F.);
#6310 = ORIENTED_EDGE('',*,*,#4323,.F.);
#6311 = CYLINDRICAL_SURFACE('',#6312,0.5);
#6312 = AXIS2_PLACEMENT_3D('',#6313,#6314,#6315);
#6313 = CARTESIAN_POINT('',(55.6,-99.175,0.));
#6314 = DIRECTION('',(-0.,-0.,-1.));
#6315 = DIRECTION('',(1.,0.,-0.));
#6316 = ADVANCED_FACE('',(#6317),#6328,.F.);
#6317 = FACE_BOUND('',#6318,.T.);
#6318 = EDGE_LOOP('',(#6319,#6325,#6326,#6327));
#6319 = ORIENTED_EDGE('',*,*,#6320,.T.);
#6320 = EDGE_CURVE('',#4335,#5296,#6321,.T.);
#6321 = LINE('',#6322,#6323);
#6322 = CARTESIAN_POINT('',(50.8,-93.675,0.));
#6323 = VECTOR('',#6324,1.);
#6324 = DIRECTION('',(0.,0.,1.));
#6325 = ORIENTED_EDGE('',*,*,#5295,.T.);
#6326 = ORIENTED_EDGE('',*,*,#6320,.F.);
#6327 = ORIENTED_EDGE('',*,*,#4334,.F.);
#6328 = CYLINDRICAL_SURFACE('',#6329,0.6);
#6329 = AXIS2_PLACEMENT_3D('',#6330,#6331,#6332);
#6330 = CARTESIAN_POINT('',(50.2,-93.675,0.));
#6331 = DIRECTION('',(-0.,-0.,-1.));
#6332 = DIRECTION('',(1.,0.,-0.));
#6333 = ADVANCED_FACE('',(#6334),#6345,.F.);
#6334 = FACE_BOUND('',#6335,.T.);
#6335 = EDGE_LOOP('',(#6336,#6342,#6343,#6344));
#6336 = ORIENTED_EDGE('',*,*,#6337,.T.);
#6337 = EDGE_CURVE('',#4346,#5307,#6338,.T.);
#6338 = LINE('',#6339,#6340);
#6339 = CARTESIAN_POINT('',(67.8,-93.675,0.));
#6340 = VECTOR('',#6341,1.);
#6341 = DIRECTION('',(0.,0.,1.));
#6342 = ORIENTED_EDGE('',*,*,#5306,.T.);
#6343 = ORIENTED_EDGE('',*,*,#6337,.F.);
#6344 = ORIENTED_EDGE('',*,*,#4345,.F.);
#6345 = CYLINDRICAL_SURFACE('',#6346,0.6);
#6346 = AXIS2_PLACEMENT_3D('',#6347,#6348,#6349);
#6347 = CARTESIAN_POINT('',(67.2,-93.675,0.));
#6348 = DIRECTION('',(-0.,-0.,-1.));
#6349 = DIRECTION('',(1.,0.,-0.));
#6350 = ADVANCED_FACE('',(#6351),#6362,.F.);
#6351 = FACE_BOUND('',#6352,.T.);
#6352 = EDGE_LOOP('',(#6353,#6359,#6360,#6361));
#6353 = ORIENTED_EDGE('',*,*,#6354,.T.);
#6354 = EDGE_CURVE('',#4357,#5318,#6355,.T.);
#6355 = LINE('',#6356,#6357);
#6356 = CARTESIAN_POINT('',(22.1,-82.175,0.));
#6357 = VECTOR('',#6358,1.);
#6358 = DIRECTION('',(0.,0.,1.));
#6359 = ORIENTED_EDGE('',*,*,#5317,.T.);
#6360 = ORIENTED_EDGE('',*,*,#6354,.F.);
#6361 = ORIENTED_EDGE('',*,*,#4356,.F.);
#6362 = CYLINDRICAL_SURFACE('',#6363,0.5);
#6363 = AXIS2_PLACEMENT_3D('',#6364,#6365,#6366);
#6364 = CARTESIAN_POINT('',(21.6,-82.175,0.));
#6365 = DIRECTION('',(-0.,-0.,-1.));
#6366 = DIRECTION('',(1.,0.,-0.));
#6367 = ADVANCED_FACE('',(#6368),#6379,.F.);
#6368 = FACE_BOUND('',#6369,.T.);
#6369 = EDGE_LOOP('',(#6370,#6376,#6377,#6378));
#6370 = ORIENTED_EDGE('',*,*,#6371,.T.);
#6371 = EDGE_CURVE('',#4368,#5329,#6372,.T.);
#6372 = LINE('',#6373,#6374);
#6373 = CARTESIAN_POINT('',(39.1,-82.175,0.));
#6374 = VECTOR('',#6375,1.);
#6375 = DIRECTION('',(0.,0.,1.));
#6376 = ORIENTED_EDGE('',*,*,#5328,.T.);
#6377 = ORIENTED_EDGE('',*,*,#6371,.F.);
#6378 = ORIENTED_EDGE('',*,*,#4367,.F.);
#6379 = CYLINDRICAL_SURFACE('',#6380,0.5);
#6380 = AXIS2_PLACEMENT_3D('',#6381,#6382,#6383);
#6381 = CARTESIAN_POINT('',(38.6,-82.175,0.));
#6382 = DIRECTION('',(-0.,-0.,-1.));
#6383 = DIRECTION('',(1.,0.,-0.));
#6384 = ADVANCED_FACE('',(#6385),#6396,.F.);
#6385 = FACE_BOUND('',#6386,.T.);
#6386 = EDGE_LOOP('',(#6387,#6393,#6394,#6395));
#6387 = ORIENTED_EDGE('',*,*,#6388,.T.);
#6388 = EDGE_CURVE('',#4379,#5340,#6389,.T.);
#6389 = LINE('',#6390,#6391);
#6390 = CARTESIAN_POINT('',(33.8,-76.675,0.));
#6391 = VECTOR('',#6392,1.);
#6392 = DIRECTION('',(0.,0.,1.));
#6393 = ORIENTED_EDGE('',*,*,#5339,.T.);
#6394 = ORIENTED_EDGE('',*,*,#6388,.F.);
#6395 = ORIENTED_EDGE('',*,*,#4378,.F.);
#6396 = CYLINDRICAL_SURFACE('',#6397,0.6);
#6397 = AXIS2_PLACEMENT_3D('',#6398,#6399,#6400);
#6398 = CARTESIAN_POINT('',(33.2,-76.675,0.));
#6399 = DIRECTION('',(-0.,-0.,-1.));
#6400 = DIRECTION('',(1.,0.,-0.));
#6401 = ADVANCED_FACE('',(#6402),#6413,.F.);
#6402 = FACE_BOUND('',#6403,.T.);
#6403 = EDGE_LOOP('',(#6404,#6410,#6411,#6412));
#6404 = ORIENTED_EDGE('',*,*,#6405,.T.);
#6405 = EDGE_CURVE('',#4390,#5351,#6406,.T.);
#6406 = LINE('',#6407,#6408);
#6407 = CARTESIAN_POINT('',(22.1,-65.175,0.));
#6408 = VECTOR('',#6409,1.);
#6409 = DIRECTION('',(0.,0.,1.));
#6410 = ORIENTED_EDGE('',*,*,#5350,.T.);
#6411 = ORIENTED_EDGE('',*,*,#6405,.F.);
#6412 = ORIENTED_EDGE('',*,*,#4389,.F.);
#6413 = CYLINDRICAL_SURFACE('',#6414,0.5);
#6414 = AXIS2_PLACEMENT_3D('',#6415,#6416,#6417);
#6415 = CARTESIAN_POINT('',(21.6,-65.175,0.));
#6416 = DIRECTION('',(-0.,-0.,-1.));
#6417 = DIRECTION('',(1.,0.,-0.));
#6418 = ADVANCED_FACE('',(#6419),#6430,.F.);
#6419 = FACE_BOUND('',#6420,.T.);
#6420 = EDGE_LOOP('',(#6421,#6427,#6428,#6429));
#6421 = ORIENTED_EDGE('',*,*,#6422,.T.);
#6422 = EDGE_CURVE('',#4401,#5362,#6423,.T.);
#6423 = LINE('',#6424,#6425);
#6424 = CARTESIAN_POINT('',(39.1,-65.175,0.));
#6425 = VECTOR('',#6426,1.);
#6426 = DIRECTION('',(0.,0.,1.));
#6427 = ORIENTED_EDGE('',*,*,#5361,.T.);
#6428 = ORIENTED_EDGE('',*,*,#6422,.F.);
#6429 = ORIENTED_EDGE('',*,*,#4400,.F.);
#6430 = CYLINDRICAL_SURFACE('',#6431,0.5);
#6431 = AXIS2_PLACEMENT_3D('',#6432,#6433,#6434);
#6432 = CARTESIAN_POINT('',(38.6,-65.175,0.));
#6433 = DIRECTION('',(-0.,-0.,-1.));
#6434 = DIRECTION('',(1.,0.,-0.));
#6435 = ADVANCED_FACE('',(#6436),#6447,.F.);
#6436 = FACE_BOUND('',#6437,.T.);
#6437 = EDGE_LOOP('',(#6438,#6444,#6445,#6446));
#6438 = ORIENTED_EDGE('',*,*,#6439,.T.);
#6439 = EDGE_CURVE('',#4412,#5373,#6440,.T.);
#6440 = LINE('',#6441,#6442);
#6441 = CARTESIAN_POINT('',(56.1,-82.175,0.));
#6442 = VECTOR('',#6443,1.);
#6443 = DIRECTION('',(0.,0.,1.));
#6444 = ORIENTED_EDGE('',*,*,#5372,.T.);
#6445 = ORIENTED_EDGE('',*,*,#6439,.F.);
#6446 = ORIENTED_EDGE('',*,*,#4411,.F.);
#6447 = CYLINDRICAL_SURFACE('',#6448,0.5);
#6448 = AXIS2_PLACEMENT_3D('',#6449,#6450,#6451);
#6449 = CARTESIAN_POINT('',(55.6,-82.175,0.));
#6450 = DIRECTION('',(-0.,-0.,-1.));
#6451 = DIRECTION('',(1.,0.,-0.));
#6452 = ADVANCED_FACE('',(#6453),#6464,.F.);
#6453 = FACE_BOUND('',#6454,.T.);
#6454 = EDGE_LOOP('',(#6455,#6461,#6462,#6463));
#6455 = ORIENTED_EDGE('',*,*,#6456,.T.);
#6456 = EDGE_CURVE('',#4423,#5384,#6457,.T.);
#6457 = LINE('',#6458,#6459);
#6458 = CARTESIAN_POINT('',(50.8,-76.675,0.));
#6459 = VECTOR('',#6460,1.);
#6460 = DIRECTION('',(0.,0.,1.));
#6461 = ORIENTED_EDGE('',*,*,#5383,.T.);
#6462 = ORIENTED_EDGE('',*,*,#6456,.F.);
#6463 = ORIENTED_EDGE('',*,*,#4422,.F.);
#6464 = CYLINDRICAL_SURFACE('',#6465,0.6);
#6465 = AXIS2_PLACEMENT_3D('',#6466,#6467,#6468);
#6466 = CARTESIAN_POINT('',(50.2,-76.675,0.));
#6467 = DIRECTION('',(-0.,-0.,-1.));
#6468 = DIRECTION('',(1.,0.,-0.));
#6469 = ADVANCED_FACE('',(#6470),#6481,.F.);
#6470 = FACE_BOUND('',#6471,.T.);
#6471 = EDGE_LOOP('',(#6472,#6478,#6479,#6480));
#6472 = ORIENTED_EDGE('',*,*,#6473,.T.);
#6473 = EDGE_CURVE('',#4434,#5395,#6474,.T.);
#6474 = LINE('',#6475,#6476);
#6475 = CARTESIAN_POINT('',(67.8,-76.675,0.));
#6476 = VECTOR('',#6477,1.);
#6477 = DIRECTION('',(0.,0.,1.));
#6478 = ORIENTED_EDGE('',*,*,#5394,.T.);
#6479 = ORIENTED_EDGE('',*,*,#6473,.F.);
#6480 = ORIENTED_EDGE('',*,*,#4433,.F.);
#6481 = CYLINDRICAL_SURFACE('',#6482,0.6);
#6482 = AXIS2_PLACEMENT_3D('',#6483,#6484,#6485);
#6483 = CARTESIAN_POINT('',(67.2,-76.675,0.));
#6484 = DIRECTION('',(-0.,-0.,-1.));
#6485 = DIRECTION('',(1.,0.,-0.));
#6486 = ADVANCED_FACE('',(#6487),#6498,.F.);
#6487 = FACE_BOUND('',#6488,.T.);
#6488 = EDGE_LOOP('',(#6489,#6495,#6496,#6497));
#6489 = ORIENTED_EDGE('',*,*,#6490,.T.);
#6490 = EDGE_CURVE('',#4445,#5406,#6491,.T.);
#6491 = LINE('',#6492,#6493);
#6492 = CARTESIAN_POINT('',(56.1,-65.175,0.));
#6493 = VECTOR('',#6494,1.);
#6494 = DIRECTION('',(0.,0.,1.));
#6495 = ORIENTED_EDGE('',*,*,#5405,.T.);
#6496 = ORIENTED_EDGE('',*,*,#6490,.F.);
#6497 = ORIENTED_EDGE('',*,*,#4444,.F.);
#6498 = CYLINDRICAL_SURFACE('',#6499,0.5);
#6499 = AXIS2_PLACEMENT_3D('',#6500,#6501,#6502);
#6500 = CARTESIAN_POINT('',(55.6,-65.175,0.));
#6501 = DIRECTION('',(-0.,-0.,-1.));
#6502 = DIRECTION('',(1.,0.,-0.));
#6503 = ADVANCED_FACE('',(#6504),#6515,.F.);
#6504 = FACE_BOUND('',#6505,.T.);
#6505 = EDGE_LOOP('',(#6506,#6512,#6513,#6514));
#6506 = ORIENTED_EDGE('',*,*,#6507,.T.);
#6507 = EDGE_CURVE('',#4456,#5417,#6508,.T.);
#6508 = LINE('',#6509,#6510);
#6509 = CARTESIAN_POINT('',(73.1,-99.175,0.));
#6510 = VECTOR('',#6511,1.);
#6511 = DIRECTION('',(0.,0.,1.));
#6512 = ORIENTED_EDGE('',*,*,#5416,.T.);
#6513 = ORIENTED_EDGE('',*,*,#6507,.F.);
#6514 = ORIENTED_EDGE('',*,*,#4455,.F.);
#6515 = CYLINDRICAL_SURFACE('',#6516,0.5);
#6516 = AXIS2_PLACEMENT_3D('',#6517,#6518,#6519);
#6517 = CARTESIAN_POINT('',(72.6,-99.175,0.));
#6518 = DIRECTION('',(-0.,-0.,-1.));
#6519 = DIRECTION('',(1.,0.,-0.));
#6520 = ADVANCED_FACE('',(#6521),#6532,.F.);
#6521 = FACE_BOUND('',#6522,.T.);
#6522 = EDGE_LOOP('',(#6523,#6529,#6530,#6531));
#6523 = ORIENTED_EDGE('',*,*,#6524,.T.);
#6524 = EDGE_CURVE('',#4467,#5428,#6525,.T.);
#6525 = LINE('',#6526,#6527);
#6526 = CARTESIAN_POINT('',(90.1,-99.175,0.));
#6527 = VECTOR('',#6528,1.);
#6528 = DIRECTION('',(0.,0.,1.));
#6529 = ORIENTED_EDGE('',*,*,#5427,.T.);
#6530 = ORIENTED_EDGE('',*,*,#6524,.F.);
#6531 = ORIENTED_EDGE('',*,*,#4466,.F.);
#6532 = CYLINDRICAL_SURFACE('',#6533,0.5);
#6533 = AXIS2_PLACEMENT_3D('',#6534,#6535,#6536);
#6534 = CARTESIAN_POINT('',(89.6,-99.175,0.));
#6535 = DIRECTION('',(-0.,-0.,-1.));
#6536 = DIRECTION('',(1.,0.,-0.));
#6537 = ADVANCED_FACE('',(#6538),#6549,.F.);
#6538 = FACE_BOUND('',#6539,.T.);
#6539 = EDGE_LOOP('',(#6540,#6546,#6547,#6548));
#6540 = ORIENTED_EDGE('',*,*,#6541,.T.);
#6541 = EDGE_CURVE('',#4478,#5439,#6542,.T.);
#6542 = LINE('',#6543,#6544);
#6543 = CARTESIAN_POINT('',(84.8,-93.675,0.));
#6544 = VECTOR('',#6545,1.);
#6545 = DIRECTION('',(0.,0.,1.));
#6546 = ORIENTED_EDGE('',*,*,#5438,.T.);
#6547 = ORIENTED_EDGE('',*,*,#6541,.F.);
#6548 = ORIENTED_EDGE('',*,*,#4477,.F.);
#6549 = CYLINDRICAL_SURFACE('',#6550,0.6);
#6550 = AXIS2_PLACEMENT_3D('',#6551,#6552,#6553);
#6551 = CARTESIAN_POINT('',(84.2,-93.675,0.));
#6552 = DIRECTION('',(-0.,-0.,-1.));
#6553 = DIRECTION('',(1.,0.,-0.));
#6554 = ADVANCED_FACE('',(#6555),#6566,.F.);
#6555 = FACE_BOUND('',#6556,.T.);
#6556 = EDGE_LOOP('',(#6557,#6563,#6564,#6565));
#6557 = ORIENTED_EDGE('',*,*,#6558,.T.);
#6558 = EDGE_CURVE('',#4489,#5450,#6559,.T.);
#6559 = LINE('',#6560,#6561);
#6560 = CARTESIAN_POINT('',(107.1,-99.175,0.));
#6561 = VECTOR('',#6562,1.);
#6562 = DIRECTION('',(0.,0.,1.));
#6563 = ORIENTED_EDGE('',*,*,#5449,.T.);
#6564 = ORIENTED_EDGE('',*,*,#6558,.F.);
#6565 = ORIENTED_EDGE('',*,*,#4488,.F.);
#6566 = CYLINDRICAL_SURFACE('',#6567,0.5);
#6567 = AXIS2_PLACEMENT_3D('',#6568,#6569,#6570);
#6568 = CARTESIAN_POINT('',(106.6,-99.175,0.));
#6569 = DIRECTION('',(-0.,-0.,-1.));
#6570 = DIRECTION('',(1.,0.,-0.));
#6571 = ADVANCED_FACE('',(#6572),#6583,.F.);
#6572 = FACE_BOUND('',#6573,.T.);
#6573 = EDGE_LOOP('',(#6574,#6580,#6581,#6582));
#6574 = ORIENTED_EDGE('',*,*,#6575,.T.);
#6575 = EDGE_CURVE('',#4500,#5461,#6576,.T.);
#6576 = LINE('',#6577,#6578);
#6577 = CARTESIAN_POINT('',(124.6,-107.525,0.));
#6578 = VECTOR('',#6579,1.);
#6579 = DIRECTION('',(0.,0.,1.));
#6580 = ORIENTED_EDGE('',*,*,#5460,.T.);
#6581 = ORIENTED_EDGE('',*,*,#6575,.F.);
#6582 = ORIENTED_EDGE('',*,*,#4499,.F.);
#6583 = CYLINDRICAL_SURFACE('',#6584,1.1);
#6584 = AXIS2_PLACEMENT_3D('',#6585,#6586,#6587);
#6585 = CARTESIAN_POINT('',(123.5,-107.525,0.));
#6586 = DIRECTION('',(-0.,-0.,-1.));
#6587 = DIRECTION('',(1.,0.,-0.));
#6588 = ADVANCED_FACE('',(#6589),#6600,.F.);
#6589 = FACE_BOUND('',#6590,.T.);
#6590 = EDGE_LOOP('',(#6591,#6597,#6598,#6599));
#6591 = ORIENTED_EDGE('',*,*,#6592,.T.);
#6592 = EDGE_CURVE('',#4511,#5472,#6593,.T.);
#6593 = LINE('',#6594,#6595);
#6594 = CARTESIAN_POINT('',(101.8,-93.675,0.));
#6595 = VECTOR('',#6596,1.);
#6596 = DIRECTION('',(0.,0.,1.));
#6597 = ORIENTED_EDGE('',*,*,#5471,.T.);
#6598 = ORIENTED_EDGE('',*,*,#6592,.F.);
#6599 = ORIENTED_EDGE('',*,*,#4510,.F.);
#6600 = CYLINDRICAL_SURFACE('',#6601,0.6);
#6601 = AXIS2_PLACEMENT_3D('',#6602,#6603,#6604);
#6602 = CARTESIAN_POINT('',(101.2,-93.675,0.));
#6603 = DIRECTION('',(-0.,-0.,-1.));
#6604 = DIRECTION('',(1.,0.,-0.));
#6605 = ADVANCED_FACE('',(#6606),#6617,.F.);
#6606 = FACE_BOUND('',#6607,.T.);
#6607 = EDGE_LOOP('',(#6608,#6614,#6615,#6616));
#6608 = ORIENTED_EDGE('',*,*,#6609,.T.);
#6609 = EDGE_CURVE('',#4522,#5483,#6610,.T.);
#6610 = LINE('',#6611,#6612);
#6611 = CARTESIAN_POINT('',(118.8,-93.675,0.));
#6612 = VECTOR('',#6613,1.);
#6613 = DIRECTION('',(0.,0.,1.));
#6614 = ORIENTED_EDGE('',*,*,#5482,.T.);
#6615 = ORIENTED_EDGE('',*,*,#6609,.F.);
#6616 = ORIENTED_EDGE('',*,*,#4521,.F.);
#6617 = CYLINDRICAL_SURFACE('',#6618,0.6);
#6618 = AXIS2_PLACEMENT_3D('',#6619,#6620,#6621);
#6619 = CARTESIAN_POINT('',(118.2,-93.675,0.));
#6620 = DIRECTION('',(-0.,-0.,-1.));
#6621 = DIRECTION('',(1.,0.,-0.));
#6622 = ADVANCED_FACE('',(#6623),#6634,.F.);
#6623 = FACE_BOUND('',#6624,.T.);
#6624 = EDGE_LOOP('',(#6625,#6631,#6632,#6633));
#6625 = ORIENTED_EDGE('',*,*,#6626,.T.);
#6626 = EDGE_CURVE('',#4533,#5494,#6627,.T.);
#6627 = LINE('',#6628,#6629);
#6628 = CARTESIAN_POINT('',(73.1,-82.175,0.));
#6629 = VECTOR('',#6630,1.);
#6630 = DIRECTION('',(0.,0.,1.));
#6631 = ORIENTED_EDGE('',*,*,#5493,.T.);
#6632 = ORIENTED_EDGE('',*,*,#6626,.F.);
#6633 = ORIENTED_EDGE('',*,*,#4532,.F.);
#6634 = CYLINDRICAL_SURFACE('',#6635,0.5);
#6635 = AXIS2_PLACEMENT_3D('',#6636,#6637,#6638);
#6636 = CARTESIAN_POINT('',(72.6,-82.175,0.));
#6637 = DIRECTION('',(-0.,-0.,-1.));
#6638 = DIRECTION('',(1.,0.,-0.));
#6639 = ADVANCED_FACE('',(#6640),#6651,.F.);
#6640 = FACE_BOUND('',#6641,.T.);
#6641 = EDGE_LOOP('',(#6642,#6648,#6649,#6650));
#6642 = ORIENTED_EDGE('',*,*,#6643,.T.);
#6643 = EDGE_CURVE('',#4544,#5505,#6644,.T.);
#6644 = LINE('',#6645,#6646);
#6645 = CARTESIAN_POINT('',(90.1,-82.175,0.));
#6646 = VECTOR('',#6647,1.);
#6647 = DIRECTION('',(0.,0.,1.));
#6648 = ORIENTED_EDGE('',*,*,#5504,.T.);
#6649 = ORIENTED_EDGE('',*,*,#6643,.F.);
#6650 = ORIENTED_EDGE('',*,*,#4543,.F.);
#6651 = CYLINDRICAL_SURFACE('',#6652,0.5);
#6652 = AXIS2_PLACEMENT_3D('',#6653,#6654,#6655);
#6653 = CARTESIAN_POINT('',(89.6,-82.175,0.));
#6654 = DIRECTION('',(-0.,-0.,-1.));
#6655 = DIRECTION('',(1.,0.,-0.));
#6656 = ADVANCED_FACE('',(#6657),#6668,.F.);
#6657 = FACE_BOUND('',#6658,.T.);
#6658 = EDGE_LOOP('',(#6659,#6665,#6666,#6667));
#6659 = ORIENTED_EDGE('',*,*,#6660,.T.);
#6660 = EDGE_CURVE('',#4555,#5516,#6661,.T.);
#6661 = LINE('',#6662,#6663);
#6662 = CARTESIAN_POINT('',(84.8,-76.675,0.));
#6663 = VECTOR('',#6664,1.);
#6664 = DIRECTION('',(0.,0.,1.));
#6665 = ORIENTED_EDGE('',*,*,#5515,.T.);
#6666 = ORIENTED_EDGE('',*,*,#6660,.F.);
#6667 = ORIENTED_EDGE('',*,*,#4554,.F.);
#6668 = CYLINDRICAL_SURFACE('',#6669,0.6);
#6669 = AXIS2_PLACEMENT_3D('',#6670,#6671,#6672);
#6670 = CARTESIAN_POINT('',(84.2,-76.675,0.));
#6671 = DIRECTION('',(-0.,-0.,-1.));
#6672 = DIRECTION('',(1.,0.,-0.));
#6673 = ADVANCED_FACE('',(#6674),#6685,.F.);
#6674 = FACE_BOUND('',#6675,.T.);
#6675 = EDGE_LOOP('',(#6676,#6682,#6683,#6684));
#6676 = ORIENTED_EDGE('',*,*,#6677,.T.);
#6677 = EDGE_CURVE('',#4566,#5527,#6678,.T.);
#6678 = LINE('',#6679,#6680);
#6679 = CARTESIAN_POINT('',(73.1,-65.175,0.));
#6680 = VECTOR('',#6681,1.);
#6681 = DIRECTION('',(0.,0.,1.));
#6682 = ORIENTED_EDGE('',*,*,#5526,.T.);
#6683 = ORIENTED_EDGE('',*,*,#6677,.F.);
#6684 = ORIENTED_EDGE('',*,*,#4565,.F.);
#6685 = CYLINDRICAL_SURFACE('',#6686,0.5);
#6686 = AXIS2_PLACEMENT_3D('',#6687,#6688,#6689);
#6687 = CARTESIAN_POINT('',(72.6,-65.175,0.));
#6688 = DIRECTION('',(-0.,-0.,-1.));
#6689 = DIRECTION('',(1.,0.,-0.));
#6690 = ADVANCED_FACE('',(#6691),#6702,.F.);
#6691 = FACE_BOUND('',#6692,.T.);
#6692 = EDGE_LOOP('',(#6693,#6699,#6700,#6701));
#6693 = ORIENTED_EDGE('',*,*,#6694,.T.);
#6694 = EDGE_CURVE('',#4577,#5538,#6695,.T.);
#6695 = LINE('',#6696,#6697);
#6696 = CARTESIAN_POINT('',(90.1,-65.175,0.));
#6697 = VECTOR('',#6698,1.);
#6698 = DIRECTION('',(0.,0.,1.));
#6699 = ORIENTED_EDGE('',*,*,#5537,.T.);
#6700 = ORIENTED_EDGE('',*,*,#6694,.F.);
#6701 = ORIENTED_EDGE('',*,*,#4576,.F.);
#6702 = CYLINDRICAL_SURFACE('',#6703,0.5);
#6703 = AXIS2_PLACEMENT_3D('',#6704,#6705,#6706);
#6704 = CARTESIAN_POINT('',(89.6,-65.175,0.));
#6705 = DIRECTION('',(-0.,-0.,-1.));
#6706 = DIRECTION('',(1.,0.,-0.));
#6707 = ADVANCED_FACE('',(#6708),#6719,.F.);
#6708 = FACE_BOUND('',#6709,.T.);
#6709 = EDGE_LOOP('',(#6710,#6716,#6717,#6718));
#6710 = ORIENTED_EDGE('',*,*,#6711,.T.);
#6711 = EDGE_CURVE('',#4588,#5549,#6712,.T.);
#6712 = LINE('',#6713,#6714);
#6713 = CARTESIAN_POINT('',(107.1,-82.175,0.));
#6714 = VECTOR('',#6715,1.);
#6715 = DIRECTION('',(0.,0.,1.));
#6716 = ORIENTED_EDGE('',*,*,#5548,.T.);
#6717 = ORIENTED_EDGE('',*,*,#6711,.F.);
#6718 = ORIENTED_EDGE('',*,*,#4587,.F.);
#6719 = CYLINDRICAL_SURFACE('',#6720,0.5);
#6720 = AXIS2_PLACEMENT_3D('',#6721,#6722,#6723);
#6721 = CARTESIAN_POINT('',(106.6,-82.175,0.));
#6722 = DIRECTION('',(-0.,-0.,-1.));
#6723 = DIRECTION('',(1.,0.,-0.));
#6724 = ADVANCED_FACE('',(#6725),#6736,.F.);
#6725 = FACE_BOUND('',#6726,.T.);
#6726 = EDGE_LOOP('',(#6727,#6733,#6734,#6735));
#6727 = ORIENTED_EDGE('',*,*,#6728,.T.);
#6728 = EDGE_CURVE('',#4599,#5560,#6729,.T.);
#6729 = LINE('',#6730,#6731);
#6730 = CARTESIAN_POINT('',(101.8,-76.675,0.));
#6731 = VECTOR('',#6732,1.);
#6732 = DIRECTION('',(0.,0.,1.));
#6733 = ORIENTED_EDGE('',*,*,#5559,.T.);
#6734 = ORIENTED_EDGE('',*,*,#6728,.F.);
#6735 = ORIENTED_EDGE('',*,*,#4598,.F.);
#6736 = CYLINDRICAL_SURFACE('',#6737,0.6);
#6737 = AXIS2_PLACEMENT_3D('',#6738,#6739,#6740);
#6738 = CARTESIAN_POINT('',(101.2,-76.675,0.));
#6739 = DIRECTION('',(-0.,-0.,-1.));
#6740 = DIRECTION('',(1.,0.,-0.));
#6741 = ADVANCED_FACE('',(#6742),#6753,.F.);
#6742 = FACE_BOUND('',#6743,.T.);
#6743 = EDGE_LOOP('',(#6744,#6750,#6751,#6752));
#6744 = ORIENTED_EDGE('',*,*,#6745,.T.);
#6745 = EDGE_CURVE('',#4610,#5571,#6746,.T.);
#6746 = LINE('',#6747,#6748);
#6747 = CARTESIAN_POINT('',(118.8,-76.675,0.));
#6748 = VECTOR('',#6749,1.);
#6749 = DIRECTION('',(0.,0.,1.));
#6750 = ORIENTED_EDGE('',*,*,#5570,.T.);
#6751 = ORIENTED_EDGE('',*,*,#6745,.F.);
#6752 = ORIENTED_EDGE('',*,*,#4609,.F.);
#6753 = CYLINDRICAL_SURFACE('',#6754,0.6);
#6754 = AXIS2_PLACEMENT_3D('',#6755,#6756,#6757);
#6755 = CARTESIAN_POINT('',(118.2,-76.675,0.));
#6756 = DIRECTION('',(-0.,-0.,-1.));
#6757 = DIRECTION('',(1.,0.,-0.));
#6758 = ADVANCED_FACE('',(#6759),#6770,.F.);
#6759 = FACE_BOUND('',#6760,.T.);
#6760 = EDGE_LOOP('',(#6761,#6767,#6768,#6769));
#6761 = ORIENTED_EDGE('',*,*,#6762,.T.);
#6762 = EDGE_CURVE('',#4621,#5582,#6763,.T.);
#6763 = LINE('',#6764,#6765);
#6764 = CARTESIAN_POINT('',(107.1,-65.175,0.));
#6765 = VECTOR('',#6766,1.);
#6766 = DIRECTION('',(0.,0.,1.));
#6767 = ORIENTED_EDGE('',*,*,#5581,.T.);
#6768 = ORIENTED_EDGE('',*,*,#6762,.F.);
#6769 = ORIENTED_EDGE('',*,*,#4620,.F.);
#6770 = CYLINDRICAL_SURFACE('',#6771,0.5);
#6771 = AXIS2_PLACEMENT_3D('',#6772,#6773,#6774);
#6772 = CARTESIAN_POINT('',(106.6,-65.175,0.));
#6773 = DIRECTION('',(-0.,-0.,-1.));
#6774 = DIRECTION('',(1.,0.,-0.));
#6775 = ADVANCED_FACE('',(#6776),#6787,.F.);
#6776 = FACE_BOUND('',#6777,.T.);
#6777 = EDGE_LOOP('',(#6778,#6784,#6785,#6786));
#6778 = ORIENTED_EDGE('',*,*,#6779,.T.);
#6779 = EDGE_CURVE('',#4632,#5593,#6780,.T.);
#6780 = LINE('',#6781,#6782);
#6781 = CARTESIAN_POINT('',(33.8,-59.675,0.));
#6782 = VECTOR('',#6783,1.);
#6783 = DIRECTION('',(0.,0.,1.));
#6784 = ORIENTED_EDGE('',*,*,#5592,.T.);
#6785 = ORIENTED_EDGE('',*,*,#6779,.F.);
#6786 = ORIENTED_EDGE('',*,*,#4631,.F.);
#6787 = CYLINDRICAL_SURFACE('',#6788,0.6);
#6788 = AXIS2_PLACEMENT_3D('',#6789,#6790,#6791);
#6789 = CARTESIAN_POINT('',(33.2,-59.675,0.));
#6790 = DIRECTION('',(-0.,-0.,-1.));
#6791 = DIRECTION('',(1.,0.,-0.));
#6792 = ADVANCED_FACE('',(#6793),#6804,.F.);
#6793 = FACE_BOUND('',#6794,.T.);
#6794 = EDGE_LOOP('',(#6795,#6801,#6802,#6803));
#6795 = ORIENTED_EDGE('',*,*,#6796,.T.);
#6796 = EDGE_CURVE('',#4643,#5604,#6797,.T.);
#6797 = LINE('',#6798,#6799);
#6798 = CARTESIAN_POINT('',(22.1,-48.175,0.));
#6799 = VECTOR('',#6800,1.);
#6800 = DIRECTION('',(0.,0.,1.));
#6801 = ORIENTED_EDGE('',*,*,#5603,.T.);
#6802 = ORIENTED_EDGE('',*,*,#6796,.F.);
#6803 = ORIENTED_EDGE('',*,*,#4642,.F.);
#6804 = CYLINDRICAL_SURFACE('',#6805,0.5);
#6805 = AXIS2_PLACEMENT_3D('',#6806,#6807,#6808);
#6806 = CARTESIAN_POINT('',(21.6,-48.175,0.));
#6807 = DIRECTION('',(-0.,-0.,-1.));
#6808 = DIRECTION('',(1.,0.,-0.));
#6809 = ADVANCED_FACE('',(#6810),#6821,.F.);
#6810 = FACE_BOUND('',#6811,.T.);
#6811 = EDGE_LOOP('',(#6812,#6818,#6819,#6820));
#6812 = ORIENTED_EDGE('',*,*,#6813,.T.);
#6813 = EDGE_CURVE('',#4654,#5615,#6814,.T.);
#6814 = LINE('',#6815,#6816);
#6815 = CARTESIAN_POINT('',(39.1,-48.175,0.));
#6816 = VECTOR('',#6817,1.);
#6817 = DIRECTION('',(0.,0.,1.));
#6818 = ORIENTED_EDGE('',*,*,#5614,.T.);
#6819 = ORIENTED_EDGE('',*,*,#6813,.F.);
#6820 = ORIENTED_EDGE('',*,*,#4653,.F.);
#6821 = CYLINDRICAL_SURFACE('',#6822,0.5);
#6822 = AXIS2_PLACEMENT_3D('',#6823,#6824,#6825);
#6823 = CARTESIAN_POINT('',(38.6,-48.175,0.));
#6824 = DIRECTION('',(-0.,-0.,-1.));
#6825 = DIRECTION('',(1.,0.,-0.));
#6826 = ADVANCED_FACE('',(#6827),#6838,.F.);
#6827 = FACE_BOUND('',#6828,.T.);
#6828 = EDGE_LOOP('',(#6829,#6835,#6836,#6837));
#6829 = ORIENTED_EDGE('',*,*,#6830,.T.);
#6830 = EDGE_CURVE('',#4665,#5626,#6831,.T.);
#6831 = LINE('',#6832,#6833);
#6832 = CARTESIAN_POINT('',(33.8,-42.675,0.));
#6833 = VECTOR('',#6834,1.);
#6834 = DIRECTION('',(0.,0.,1.));
#6835 = ORIENTED_EDGE('',*,*,#5625,.T.);
#6836 = ORIENTED_EDGE('',*,*,#6830,.F.);
#6837 = ORIENTED_EDGE('',*,*,#4664,.F.);
#6838 = CYLINDRICAL_SURFACE('',#6839,0.6);
#6839 = AXIS2_PLACEMENT_3D('',#6840,#6841,#6842);
#6840 = CARTESIAN_POINT('',(33.2,-42.675,0.));
#6841 = DIRECTION('',(-0.,-0.,-1.));
#6842 = DIRECTION('',(1.,0.,-0.));
#6843 = ADVANCED_FACE('',(#6844),#6855,.F.);
#6844 = FACE_BOUND('',#6845,.T.);
#6845 = EDGE_LOOP('',(#6846,#6852,#6853,#6854));
#6846 = ORIENTED_EDGE('',*,*,#6847,.T.);
#6847 = EDGE_CURVE('',#4676,#5637,#6848,.T.);
#6848 = LINE('',#6849,#6850);
#6849 = CARTESIAN_POINT('',(50.8,-59.675,0.));
#6850 = VECTOR('',#6851,1.);
#6851 = DIRECTION('',(0.,0.,1.));
#6852 = ORIENTED_EDGE('',*,*,#5636,.T.);
#6853 = ORIENTED_EDGE('',*,*,#6847,.F.);
#6854 = ORIENTED_EDGE('',*,*,#4675,.F.);
#6855 = CYLINDRICAL_SURFACE('',#6856,0.6);
#6856 = AXIS2_PLACEMENT_3D('',#6857,#6858,#6859);
#6857 = CARTESIAN_POINT('',(50.2,-59.675,0.));
#6858 = DIRECTION('',(-0.,-0.,-1.));
#6859 = DIRECTION('',(1.,0.,-0.));
#6860 = ADVANCED_FACE('',(#6861),#6872,.F.);
#6861 = FACE_BOUND('',#6862,.T.);
#6862 = EDGE_LOOP('',(#6863,#6869,#6870,#6871));
#6863 = ORIENTED_EDGE('',*,*,#6864,.T.);
#6864 = EDGE_CURVE('',#4687,#5648,#6865,.T.);
#6865 = LINE('',#6866,#6867);
#6866 = CARTESIAN_POINT('',(67.8,-59.675,0.));
#6867 = VECTOR('',#6868,1.);
#6868 = DIRECTION('',(0.,0.,1.));
#6869 = ORIENTED_EDGE('',*,*,#5647,.T.);
#6870 = ORIENTED_EDGE('',*,*,#6864,.F.);
#6871 = ORIENTED_EDGE('',*,*,#4686,.F.);
#6872 = CYLINDRICAL_SURFACE('',#6873,0.6);
#6873 = AXIS2_PLACEMENT_3D('',#6874,#6875,#6876);
#6874 = CARTESIAN_POINT('',(67.2,-59.675,0.));
#6875 = DIRECTION('',(-0.,-0.,-1.));
#6876 = DIRECTION('',(1.,0.,-0.));
#6877 = ADVANCED_FACE('',(#6878),#6889,.F.);
#6878 = FACE_BOUND('',#6879,.T.);
#6879 = EDGE_LOOP('',(#6880,#6886,#6887,#6888));
#6880 = ORIENTED_EDGE('',*,*,#6881,.T.);
#6881 = EDGE_CURVE('',#4698,#5659,#6882,.T.);
#6882 = LINE('',#6883,#6884);
#6883 = CARTESIAN_POINT('',(56.1,-48.175,0.));
#6884 = VECTOR('',#6885,1.);
#6885 = DIRECTION('',(0.,0.,1.));
#6886 = ORIENTED_EDGE('',*,*,#5658,.T.);
#6887 = ORIENTED_EDGE('',*,*,#6881,.F.);
#6888 = ORIENTED_EDGE('',*,*,#4697,.F.);
#6889 = CYLINDRICAL_SURFACE('',#6890,0.5);
#6890 = AXIS2_PLACEMENT_3D('',#6891,#6892,#6893);
#6891 = CARTESIAN_POINT('',(55.6,-48.175,0.));
#6892 = DIRECTION('',(-0.,-0.,-1.));
#6893 = DIRECTION('',(1.,0.,-0.));
#6894 = ADVANCED_FACE('',(#6895),#6906,.F.);
#6895 = FACE_BOUND('',#6896,.T.);
#6896 = EDGE_LOOP('',(#6897,#6903,#6904,#6905));
#6897 = ORIENTED_EDGE('',*,*,#6898,.T.);
#6898 = EDGE_CURVE('',#4709,#5670,#6899,.T.);
#6899 = LINE('',#6900,#6901);
#6900 = CARTESIAN_POINT('',(50.8,-42.675,0.));
#6901 = VECTOR('',#6902,1.);
#6902 = DIRECTION('',(0.,0.,1.));
#6903 = ORIENTED_EDGE('',*,*,#5669,.T.);
#6904 = ORIENTED_EDGE('',*,*,#6898,.F.);
#6905 = ORIENTED_EDGE('',*,*,#4708,.F.);
#6906 = CYLINDRICAL_SURFACE('',#6907,0.6);
#6907 = AXIS2_PLACEMENT_3D('',#6908,#6909,#6910);
#6908 = CARTESIAN_POINT('',(50.2,-42.675,0.));
#6909 = DIRECTION('',(-0.,-0.,-1.));
#6910 = DIRECTION('',(1.,0.,-0.));
#6911 = ADVANCED_FACE('',(#6912),#6923,.F.);
#6912 = FACE_BOUND('',#6913,.T.);
#6913 = EDGE_LOOP('',(#6914,#6920,#6921,#6922));
#6914 = ORIENTED_EDGE('',*,*,#6915,.T.);
#6915 = EDGE_CURVE('',#4720,#5681,#6916,.T.);
#6916 = LINE('',#6917,#6918);
#6917 = CARTESIAN_POINT('',(67.8,-42.675,0.));
#6918 = VECTOR('',#6919,1.);
#6919 = DIRECTION('',(0.,0.,1.));
#6920 = ORIENTED_EDGE('',*,*,#5680,.T.);
#6921 = ORIENTED_EDGE('',*,*,#6915,.F.);
#6922 = ORIENTED_EDGE('',*,*,#4719,.F.);
#6923 = CYLINDRICAL_SURFACE('',#6924,0.6);
#6924 = AXIS2_PLACEMENT_3D('',#6925,#6926,#6927);
#6925 = CARTESIAN_POINT('',(67.2,-42.675,0.));
#6926 = DIRECTION('',(-0.,-0.,-1.));
#6927 = DIRECTION('',(1.,0.,-0.));
#6928 = ADVANCED_FACE('',(#6929),#6945,.T.);
#6929 = FACE_BOUND('',#6930,.T.);
#6930 = EDGE_LOOP('',(#6931,#6932,#6938,#6939));
#6931 = ORIENTED_EDGE('',*,*,#4730,.F.);
#6932 = ORIENTED_EDGE('',*,*,#6933,.T.);
#6933 = EDGE_CURVE('',#4731,#5692,#6934,.T.);
#6934 = LINE('',#6935,#6936);
#6935 = CARTESIAN_POINT('',(36.9565,-31.401,0.));
#6936 = VECTOR('',#6937,1.);
#6937 = DIRECTION('',(0.,0.,1.));
#6938 = ORIENTED_EDGE('',*,*,#5691,.T.);
#6939 = ORIENTED_EDGE('',*,*,#6940,.T.);
#6940 = EDGE_CURVE('',#5694,#4733,#6941,.T.);
#6941 = LINE('',#6942,#6943);
#6942 = CARTESIAN_POINT('',(36.956101924677,-32.67500026437,-4.6E-02));
#6943 = VECTOR('',#6944,1.);
#6944 = DIRECTION('',(-0.,-0.,-1.));
#6945 = PLANE('',#6946);
#6946 = AXIS2_PLACEMENT_3D('',#6947,#6948,#6949);
#6947 = CARTESIAN_POINT('',(36.9565,-31.401,0.));
#6948 = DIRECTION('',(0.999999951184,-3.124609271262E-04,0.));
#6949 = DIRECTION('',(-3.124609271262E-04,-0.999999951184,0.));
#6950 = ADVANCED_FACE('',(#6951),#6962,.F.);
#6951 = FACE_BOUND('',#6952,.T.);
#6952 = EDGE_LOOP('',(#6953,#6959,#6960,#6961));
#6953 = ORIENTED_EDGE('',*,*,#6954,.F.);
#6954 = EDGE_CURVE('',#4815,#5776,#6955,.T.);
#6955 = LINE('',#6956,#6957);
#6956 = CARTESIAN_POINT('',(37.21,-33.623,-4.6E-02));
#6957 = VECTOR('',#6958,1.);
#6958 = DIRECTION('',(0.,0.,1.));
#6959 = ORIENTED_EDGE('',*,*,#4823,.T.);
#6960 = ORIENTED_EDGE('',*,*,#6940,.F.);
#6961 = ORIENTED_EDGE('',*,*,#5784,.F.);
#6962 = CYLINDRICAL_SURFACE('',#6963,0.508);
#6963 = AXIS2_PLACEMENT_3D('',#6964,#6965,#6966);
#6964 = CARTESIAN_POINT('',(37.21,-33.115,-4.6E-02));
#6965 = DIRECTION('',(-0.,-0.,-1.));
#6966 = DIRECTION('',(-0.,-1.,0.));
#6967 = ADVANCED_FACE('',(#6968),#6979,.F.);
#6968 = FACE_BOUND('',#6969,.T.);
#6969 = EDGE_LOOP('',(#6970,#6971,#6972,#6973));
#6970 = ORIENTED_EDGE('',*,*,#4814,.T.);
#6971 = ORIENTED_EDGE('',*,*,#6954,.T.);
#6972 = ORIENTED_EDGE('',*,*,#5775,.F.);
#6973 = ORIENTED_EDGE('',*,*,#6974,.T.);
#6974 = EDGE_CURVE('',#5768,#4807,#6975,.T.);
#6975 = LINE('',#6976,#6977);
#6976 = CARTESIAN_POINT('',(37.492203831941,-33.53740383194,-4.6E-02));
#6977 = VECTOR('',#6978,1.);
#6978 = DIRECTION('',(-0.,-0.,-1.));
#6979 = CYLINDRICAL_SURFACE('',#6980,0.508);
#6980 = AXIS2_PLACEMENT_3D('',#6981,#6982,#6983);
#6981 = CARTESIAN_POINT('',(37.21,-33.115,-4.6E-02));
#6982 = DIRECTION('',(-0.,-0.,-1.));
#6983 = DIRECTION('',(-0.,-1.,0.));
#6984 = ADVANCED_FACE('',(#6985),#6996,.T.);
#6985 = FACE_BOUND('',#6986,.T.);
#6986 = EDGE_LOOP('',(#6987,#6988,#6989,#6990));
#6987 = ORIENTED_EDGE('',*,*,#4806,.F.);
#6988 = ORIENTED_EDGE('',*,*,#6974,.F.);
#6989 = ORIENTED_EDGE('',*,*,#5767,.T.);
#6990 = ORIENTED_EDGE('',*,*,#6991,.F.);
#6991 = EDGE_CURVE('',#4799,#5760,#6992,.T.);
#6992 = LINE('',#6993,#6994);
#6993 = CARTESIAN_POINT('',(37.6418,-33.687,0.));
#6994 = VECTOR('',#6995,1.);
#6995 = DIRECTION('',(0.,0.,1.));
#6996 = PLANE('',#6997);
#6997 = AXIS2_PLACEMENT_3D('',#6998,#6999,#7000);
#6998 = CARTESIAN_POINT('',(36.956,-33.0012,0.));
#6999 = DIRECTION('',(0.707106781187,0.707106781187,-0.));
#7000 = DIRECTION('',(0.707106781187,-0.707106781187,0.));
#7001 = ADVANCED_FACE('',(#7002),#7013,.T.);
#7002 = FACE_BOUND('',#7003,.T.);
#7003 = EDGE_LOOP('',(#7004,#7005,#7006,#7012));
#7004 = ORIENTED_EDGE('',*,*,#6991,.T.);
#7005 = ORIENTED_EDGE('',*,*,#5759,.T.);
#7006 = ORIENTED_EDGE('',*,*,#7007,.F.);
#7007 = EDGE_CURVE('',#4791,#5752,#7008,.T.);
#7008 = LINE('',#7009,#7010);
#7009 = CARTESIAN_POINT('',(38.6832,-33.687,0.));
#7010 = VECTOR('',#7011,1.);
#7011 = DIRECTION('',(0.,0.,1.));
#7012 = ORIENTED_EDGE('',*,*,#4798,.F.);
#7013 = PLANE('',#7014);
#7014 = AXIS2_PLACEMENT_3D('',#7015,#7016,#7017);
#7015 = CARTESIAN_POINT('',(37.6418,-33.687,0.));
#7016 = DIRECTION('',(0.,1.,0.));
#7017 = DIRECTION('',(1.,0.,0.));
#7018 = ADVANCED_FACE('',(#7019),#7030,.T.);
#7019 = FACE_BOUND('',#7020,.T.);
#7020 = EDGE_LOOP('',(#7021,#7022,#7023,#7024));
#7021 = ORIENTED_EDGE('',*,*,#4790,.F.);
#7022 = ORIENTED_EDGE('',*,*,#7007,.T.);
#7023 = ORIENTED_EDGE('',*,*,#5751,.T.);
#7024 = ORIENTED_EDGE('',*,*,#7025,.T.);
#7025 = EDGE_CURVE('',#5743,#4782,#7026,.T.);
#7026 = LINE('',#7027,#7028);
#7027 = CARTESIAN_POINT('',(38.832796168059,-33.53740383194,-4.6E-02));
#7028 = VECTOR('',#7029,1.);
#7029 = DIRECTION('',(-0.,0.,-1.));
#7030 = PLANE('',#7031);
#7031 = AXIS2_PLACEMENT_3D('',#7032,#7033,#7034);
#7032 = CARTESIAN_POINT('',(38.6832,-33.687,0.));
#7033 = DIRECTION('',(-0.707106781187,0.707106781187,0.));
#7034 = DIRECTION('',(0.707106781187,0.707106781187,0.));
#7035 = ADVANCED_FACE('',(#7036),#7047,.F.);
#7036 = FACE_BOUND('',#7037,.T.);
#7037 = EDGE_LOOP('',(#7038,#7044,#7045,#7046));
#7038 = ORIENTED_EDGE('',*,*,#7039,.F.);
#7039 = EDGE_CURVE('',#4773,#5734,#7040,.T.);
#7040 = LINE('',#7041,#7042);
#7041 = CARTESIAN_POINT('',(39.115,-33.623,-4.6E-02));
#7042 = VECTOR('',#7043,1.);
#7043 = DIRECTION('',(0.,0.,1.));
#7044 = ORIENTED_EDGE('',*,*,#4781,.T.);
#7045 = ORIENTED_EDGE('',*,*,#7025,.F.);
#7046 = ORIENTED_EDGE('',*,*,#5742,.F.);
#7047 = CYLINDRICAL_SURFACE('',#7048,0.508);
#7048 = AXIS2_PLACEMENT_3D('',#7049,#7050,#7051);
#7049 = CARTESIAN_POINT('',(39.115,-33.115,-4.6E-02));
#7050 = DIRECTION('',(-0.,0.,-1.));
#7051 = DIRECTION('',(1.398706172756E-14,-1.,-0.));
#7052 = ADVANCED_FACE('',(#7053),#7064,.F.);
#7053 = FACE_BOUND('',#7054,.T.);
#7054 = EDGE_LOOP('',(#7055,#7056,#7057,#7058));
#7055 = ORIENTED_EDGE('',*,*,#4772,.T.);
#7056 = ORIENTED_EDGE('',*,*,#7039,.T.);
#7057 = ORIENTED_EDGE('',*,*,#5733,.F.);
#7058 = ORIENTED_EDGE('',*,*,#7059,.T.);
#7059 = EDGE_CURVE('',#5726,#4765,#7060,.T.);
#7060 = LINE('',#7061,#7062);
#7061 = CARTESIAN_POINT('',(39.369101887909,-32.67511793562,-4.6E-02));
#7062 = VECTOR('',#7063,1.);
#7063 = DIRECTION('',(-0.,0.,-1.));
#7064 = CYLINDRICAL_SURFACE('',#7065,0.508);
#7065 = AXIS2_PLACEMENT_3D('',#7066,#7067,#7068);
#7066 = CARTESIAN_POINT('',(39.115,-33.115,-4.6E-02));
#7067 = DIRECTION('',(-0.,0.,-1.));
#7068 = DIRECTION('',(1.398706172756E-14,-1.,-0.));
#7069 = ADVANCED_FACE('',(#7070),#7081,.T.);
#7070 = FACE_BOUND('',#7071,.T.);
#7071 = EDGE_LOOP('',(#7072,#7073,#7074,#7075));
#7072 = ORIENTED_EDGE('',*,*,#4764,.F.);
#7073 = ORIENTED_EDGE('',*,*,#7059,.F.);
#7074 = ORIENTED_EDGE('',*,*,#5725,.T.);
#7075 = ORIENTED_EDGE('',*,*,#7076,.F.);
#7076 = EDGE_CURVE('',#4757,#5718,#7077,.T.);
#7077 = LINE('',#7078,#7079);
#7078 = CARTESIAN_POINT('',(39.3695,-31.401,0.));
#7079 = VECTOR('',#7080,1.);
#7080 = DIRECTION('',(0.,0.,1.));
#7081 = PLANE('',#7082);
#7082 = AXIS2_PLACEMENT_3D('',#7083,#7084,#7085);
#7083 = CARTESIAN_POINT('',(39.369,-33.0012,0.));
#7084 = DIRECTION('',(-0.999999951184,3.124609271306E-04,0.));
#7085 = DIRECTION('',(3.124609271306E-04,0.999999951184,0.));
#7086 = ADVANCED_FACE('',(#7087),#7098,.T.);
#7087 = FACE_BOUND('',#7088,.T.);
#7088 = EDGE_LOOP('',(#7089,#7090,#7091,#7097));
#7089 = ORIENTED_EDGE('',*,*,#7076,.T.);
#7090 = ORIENTED_EDGE('',*,*,#5717,.T.);
#7091 = ORIENTED_EDGE('',*,*,#7092,.F.);
#7092 = EDGE_CURVE('',#4749,#5710,#7093,.T.);
#7093 = LINE('',#7094,#7095);
#7094 = CARTESIAN_POINT('',(38.9885,-31.02,0.));
#7095 = VECTOR('',#7096,1.);
#7096 = DIRECTION('',(0.,0.,1.));
#7097 = ORIENTED_EDGE('',*,*,#4756,.F.);
#7098 = PLANE('',#7099);
#7099 = AXIS2_PLACEMENT_3D('',#7100,#7101,#7102);
#7100 = CARTESIAN_POINT('',(39.3695,-31.401,0.));
#7101 = DIRECTION('',(-0.707106781187,-0.707106781187,0.));
#7102 = DIRECTION('',(-0.707106781187,0.707106781187,0.));
#7103 = ADVANCED_FACE('',(#7104),#7115,.T.);
#7104 = FACE_BOUND('',#7105,.T.);
#7105 = EDGE_LOOP('',(#7106,#7107,#7108,#7114));
#7106 = ORIENTED_EDGE('',*,*,#7092,.T.);
#7107 = ORIENTED_EDGE('',*,*,#5709,.T.);
#7108 = ORIENTED_EDGE('',*,*,#7109,.F.);
#7109 = EDGE_CURVE('',#4741,#5702,#7110,.T.);
#7110 = LINE('',#7111,#7112);
#7111 = CARTESIAN_POINT('',(37.3375,-31.02,0.));
#7112 = VECTOR('',#7113,1.);
#7113 = DIRECTION('',(0.,0.,1.));
#7114 = ORIENTED_EDGE('',*,*,#4748,.F.);
#7115 = PLANE('',#7116);
#7116 = AXIS2_PLACEMENT_3D('',#7117,#7118,#7119);
#7117 = CARTESIAN_POINT('',(38.9885,-31.02,0.));
#7118 = DIRECTION('',(0.,-1.,0.));
#7119 = DIRECTION('',(-1.,0.,0.));
#7120 = ADVANCED_FACE('',(#7121),#7127,.T.);
#7121 = FACE_BOUND('',#7122,.T.);
#7122 = EDGE_LOOP('',(#7123,#7124,#7125,#7126));
#7123 = ORIENTED_EDGE('',*,*,#7109,.T.);
#7124 = ORIENTED_EDGE('',*,*,#5701,.T.);
#7125 = ORIENTED_EDGE('',*,*,#6933,.F.);
#7126 = ORIENTED_EDGE('',*,*,#4740,.F.);
#7127 = PLANE('',#7128);
#7128 = AXIS2_PLACEMENT_3D('',#7129,#7130,#7131);
#7129 = CARTESIAN_POINT('',(37.3375,-31.02,0.));
#7130 = DIRECTION('',(0.707106781187,-0.707106781187,0.));
#7131 = DIRECTION('',(-0.707106781187,-0.707106781187,0.));
#7132 = ADVANCED_FACE('',(#7133),#7144,.F.);
#7133 = FACE_BOUND('',#7134,.T.);
#7134 = EDGE_LOOP('',(#7135,#7141,#7142,#7143));
#7135 = ORIENTED_EDGE('',*,*,#7136,.T.);
#7136 = EDGE_CURVE('',#4833,#5794,#7137,.T.);
#7137 = LINE('',#7138,#7139);
#7138 = CARTESIAN_POINT('',(17.4,-15.125,0.));
#7139 = VECTOR('',#7140,1.);
#7140 = DIRECTION('',(0.,0.,1.));
#7141 = ORIENTED_EDGE('',*,*,#5793,.T.);
#7142 = ORIENTED_EDGE('',*,*,#7136,.F.);
#7143 = ORIENTED_EDGE('',*,*,#4832,.F.);
#7144 = CYLINDRICAL_SURFACE('',#7145,1.1);
#7145 = AXIS2_PLACEMENT_3D('',#7146,#7147,#7148);
#7146 = CARTESIAN_POINT('',(16.3,-15.125,0.));
#7147 = DIRECTION('',(-0.,-0.,-1.));
#7148 = DIRECTION('',(1.,0.,-0.));
#7149 = ADVANCED_FACE('',(#7150),#7166,.T.);
#7150 = FACE_BOUND('',#7151,.T.);
#7151 = EDGE_LOOP('',(#7152,#7153,#7159,#7160));
#7152 = ORIENTED_EDGE('',*,*,#4843,.F.);
#7153 = ORIENTED_EDGE('',*,*,#7154,.T.);
#7154 = EDGE_CURVE('',#4844,#5805,#7155,.T.);
#7155 = LINE('',#7156,#7157);
#7156 = CARTESIAN_POINT('',(28.701,-22.4348,0.));
#7157 = VECTOR('',#7158,1.);
#7158 = DIRECTION('',(0.,0.,1.));
#7159 = ORIENTED_EDGE('',*,*,#5804,.T.);
#7160 = ORIENTED_EDGE('',*,*,#7161,.T.);
#7161 = EDGE_CURVE('',#5807,#4846,#7162,.T.);
#7162 = LINE('',#7163,#7164);
#7163 = CARTESIAN_POINT('',(28.701,-23.15005909487,-4.6E-02));
#7164 = VECTOR('',#7165,1.);
#7165 = DIRECTION('',(-0.,-0.,-1.));
#7166 = PLANE('',#7167);
#7167 = AXIS2_PLACEMENT_3D('',#7168,#7169,#7170);
#7168 = CARTESIAN_POINT('',(28.701,-22.4348,0.));
#7169 = DIRECTION('',(1.,0.,-0.));
#7170 = DIRECTION('',(0.,-1.,0.));
#7171 = ADVANCED_FACE('',(#7172),#7183,.F.);
#7172 = FACE_BOUND('',#7173,.T.);
#7173 = EDGE_LOOP('',(#7174,#7180,#7181,#7182));
#7174 = ORIENTED_EDGE('',*,*,#7175,.F.);
#7175 = EDGE_CURVE('',#4919,#5880,#7176,.T.);
#7176 = LINE('',#7177,#7178);
#7177 = CARTESIAN_POINT('',(28.955,-24.098,-4.6E-02));
#7178 = VECTOR('',#7179,1.);
#7179 = DIRECTION('',(0.,0.,1.));
#7180 = ORIENTED_EDGE('',*,*,#4927,.T.);
#7181 = ORIENTED_EDGE('',*,*,#7161,.F.);
#7182 = ORIENTED_EDGE('',*,*,#5888,.F.);
#7183 = CYLINDRICAL_SURFACE('',#7184,0.508);
#7184 = AXIS2_PLACEMENT_3D('',#7185,#7186,#7187);
#7185 = CARTESIAN_POINT('',(28.955,-23.59,-4.6E-02));
#7186 = DIRECTION('',(-0.,-0.,-1.));
#7187 = DIRECTION('',(-0.,-1.,0.));
#7188 = ADVANCED_FACE('',(#7189),#7200,.F.);
#7189 = FACE_BOUND('',#7190,.T.);
#7190 = EDGE_LOOP('',(#7191,#7192,#7193,#7194));
#7191 = ORIENTED_EDGE('',*,*,#4918,.T.);
#7192 = ORIENTED_EDGE('',*,*,#7175,.T.);
#7193 = ORIENTED_EDGE('',*,*,#5879,.F.);
#7194 = ORIENTED_EDGE('',*,*,#7195,.T.);
#7195 = EDGE_CURVE('',#5872,#4911,#7196,.T.);
#7196 = LINE('',#7197,#7198);
#7197 = CARTESIAN_POINT('',(29.237203831941,-24.01240383194,-4.6E-02));
#7198 = VECTOR('',#7199,1.);
#7199 = DIRECTION('',(-0.,-0.,-1.));
#7200 = CYLINDRICAL_SURFACE('',#7201,0.508);
#7201 = AXIS2_PLACEMENT_3D('',#7202,#7203,#7204);
#7202 = CARTESIAN_POINT('',(28.955,-23.59,-4.6E-02));
#7203 = DIRECTION('',(-0.,-0.,-1.));
#7204 = DIRECTION('',(-0.,-1.,0.));
#7205 = ADVANCED_FACE('',(#7206),#7217,.T.);
#7206 = FACE_BOUND('',#7207,.T.);
#7207 = EDGE_LOOP('',(#7208,#7209,#7210,#7211));
#7208 = ORIENTED_EDGE('',*,*,#4910,.F.);
#7209 = ORIENTED_EDGE('',*,*,#7195,.F.);
#7210 = ORIENTED_EDGE('',*,*,#5871,.T.);
#7211 = ORIENTED_EDGE('',*,*,#7212,.F.);
#7212 = EDGE_CURVE('',#4903,#5864,#7213,.T.);
#7213 = LINE('',#7214,#7215);
#7214 = CARTESIAN_POINT('',(29.3868,-24.162,0.));
#7215 = VECTOR('',#7216,1.);
#7216 = DIRECTION('',(0.,0.,1.));
#7217 = PLANE('',#7218);
#7218 = AXIS2_PLACEMENT_3D('',#7219,#7220,#7221);
#7219 = CARTESIAN_POINT('',(28.701,-23.4762,0.));
#7220 = DIRECTION('',(0.707106781187,0.707106781187,-0.));
#7221 = DIRECTION('',(0.707106781187,-0.707106781187,0.));
#7222 = ADVANCED_FACE('',(#7223),#7234,.T.);
#7223 = FACE_BOUND('',#7224,.T.);
#7224 = EDGE_LOOP('',(#7225,#7226,#7227,#7233));
#7225 = ORIENTED_EDGE('',*,*,#7212,.T.);
#7226 = ORIENTED_EDGE('',*,*,#5863,.T.);
#7227 = ORIENTED_EDGE('',*,*,#7228,.F.);
#7228 = EDGE_CURVE('',#4895,#5856,#7229,.T.);
#7229 = LINE('',#7230,#7231);
#7230 = CARTESIAN_POINT('',(30.987,-24.162,0.));
#7231 = VECTOR('',#7232,1.);
#7232 = DIRECTION('',(0.,0.,1.));
#7233 = ORIENTED_EDGE('',*,*,#4902,.F.);
#7234 = PLANE('',#7235);
#7235 = AXIS2_PLACEMENT_3D('',#7236,#7237,#7238);
#7236 = CARTESIAN_POINT('',(29.3868,-24.162,0.));
#7237 = DIRECTION('',(0.,1.,0.));
#7238 = DIRECTION('',(1.,0.,0.));
#7239 = ADVANCED_FACE('',(#7240),#7251,.T.);
#7240 = FACE_BOUND('',#7241,.T.);
#7241 = EDGE_LOOP('',(#7242,#7243,#7244,#7250));
#7242 = ORIENTED_EDGE('',*,*,#7228,.T.);
#7243 = ORIENTED_EDGE('',*,*,#5855,.T.);
#7244 = ORIENTED_EDGE('',*,*,#7245,.F.);
#7245 = EDGE_CURVE('',#4887,#5848,#7246,.T.);
#7246 = LINE('',#7247,#7248);
#7247 = CARTESIAN_POINT('',(31.368,-23.781,0.));
#7248 = VECTOR('',#7249,1.);
#7249 = DIRECTION('',(0.,0.,1.));
#7250 = ORIENTED_EDGE('',*,*,#4894,.F.);
#7251 = PLANE('',#7252);
#7252 = AXIS2_PLACEMENT_3D('',#7253,#7254,#7255);
#7253 = CARTESIAN_POINT('',(30.987,-24.162,0.));
#7254 = DIRECTION('',(-0.707106781187,0.707106781187,0.));
#7255 = DIRECTION('',(0.707106781187,0.707106781187,0.));
#7256 = ADVANCED_FACE('',(#7257),#7268,.T.);
#7257 = FACE_BOUND('',#7258,.T.);
#7258 = EDGE_LOOP('',(#7259,#7260,#7261,#7267));
#7259 = ORIENTED_EDGE('',*,*,#7245,.T.);
#7260 = ORIENTED_EDGE('',*,*,#5847,.T.);
#7261 = ORIENTED_EDGE('',*,*,#7262,.F.);
#7262 = EDGE_CURVE('',#4879,#5840,#7263,.T.);
#7263 = LINE('',#7264,#7265);
#7264 = CARTESIAN_POINT('',(31.368,-22.13,0.));
#7265 = VECTOR('',#7266,1.);
#7266 = DIRECTION('',(0.,0.,1.));
#7267 = ORIENTED_EDGE('',*,*,#4886,.F.);
#7268 = PLANE('',#7269);
#7269 = AXIS2_PLACEMENT_3D('',#7270,#7271,#7272);
#7270 = CARTESIAN_POINT('',(31.368,-23.781,0.));
#7271 = DIRECTION('',(-1.,0.,0.));
#7272 = DIRECTION('',(0.,1.,0.));
#7273 = ADVANCED_FACE('',(#7274),#7285,.T.);
#7274 = FACE_BOUND('',#7275,.T.);
#7275 = EDGE_LOOP('',(#7276,#7277,#7278,#7284));
#7276 = ORIENTED_EDGE('',*,*,#7262,.T.);
#7277 = ORIENTED_EDGE('',*,*,#5839,.T.);
#7278 = ORIENTED_EDGE('',*,*,#7279,.F.);
#7279 = EDGE_CURVE('',#4871,#5832,#7280,.T.);
#7280 = LINE('',#7281,#7282);
#7281 = CARTESIAN_POINT('',(30.987,-21.749,0.));
#7282 = VECTOR('',#7283,1.);
#7283 = DIRECTION('',(0.,0.,1.));
#7284 = ORIENTED_EDGE('',*,*,#4878,.F.);
#7285 = PLANE('',#7286);
#7286 = AXIS2_PLACEMENT_3D('',#7287,#7288,#7289);
#7287 = CARTESIAN_POINT('',(31.368,-22.13,0.));
#7288 = DIRECTION('',(-0.707106781187,-0.707106781187,0.));
#7289 = DIRECTION('',(-0.707106781187,0.707106781187,0.));
#7290 = ADVANCED_FACE('',(#7291),#7302,.T.);
#7291 = FACE_BOUND('',#7292,.T.);
#7292 = EDGE_LOOP('',(#7293,#7294,#7295,#7296));
#7293 = ORIENTED_EDGE('',*,*,#4870,.F.);
#7294 = ORIENTED_EDGE('',*,*,#7279,.T.);
#7295 = ORIENTED_EDGE('',*,*,#5831,.T.);
#7296 = ORIENTED_EDGE('',*,*,#7297,.T.);
#7297 = EDGE_CURVE('',#5823,#4862,#7298,.T.);
#7298 = LINE('',#7299,#7300);
#7299 = CARTESIAN_POINT('',(29.458952378703,-21.749,-4.6E-02));
#7300 = VECTOR('',#7301,1.);
#7301 = DIRECTION('',(-0.,-0.,-1.));
#7302 = PLANE('',#7303);
#7303 = AXIS2_PLACEMENT_3D('',#7304,#7305,#7306);
#7304 = CARTESIAN_POINT('',(30.987,-21.749,0.));
#7305 = DIRECTION('',(0.,-1.,0.));
#7306 = DIRECTION('',(-1.,0.,0.));
#7307 = ADVANCED_FACE('',(#7308),#7319,.F.);
#7308 = FACE_BOUND('',#7309,.T.);
#7309 = EDGE_LOOP('',(#7310,#7311,#7312,#7318));
#7310 = ORIENTED_EDGE('',*,*,#7297,.F.);
#7311 = ORIENTED_EDGE('',*,*,#5822,.F.);
#7312 = ORIENTED_EDGE('',*,*,#7313,.T.);
#7313 = EDGE_CURVE('',#5815,#4854,#7314,.T.);
#7314 = LINE('',#7315,#7316);
#7315 = CARTESIAN_POINT('',(28.942943099726,-22.19285690027,-4.6E-02));
#7316 = VECTOR('',#7317,1.);
#7317 = DIRECTION('',(-0.,-0.,-1.));
#7318 = ORIENTED_EDGE('',*,*,#4861,.T.);
#7319 = CYLINDRICAL_SURFACE('',#7320,0.508);
#7320 = AXIS2_PLACEMENT_3D('',#7321,#7322,#7323);
#7321 = CARTESIAN_POINT('',(28.955,-21.685,-4.6E-02));
#7322 = DIRECTION('',(-0.,-0.,-1.));
#7323 = DIRECTION('',(-0.,-1.,0.));
#7324 = ADVANCED_FACE('',(#7325),#7331,.T.);
#7325 = FACE_BOUND('',#7326,.T.);
#7326 = EDGE_LOOP('',(#7327,#7328,#7329,#7330));
#7327 = ORIENTED_EDGE('',*,*,#4853,.F.);
#7328 = ORIENTED_EDGE('',*,*,#7313,.F.);
#7329 = ORIENTED_EDGE('',*,*,#5814,.T.);
#7330 = ORIENTED_EDGE('',*,*,#7154,.F.);
#7331 = PLANE('',#7332);
#7332 = AXIS2_PLACEMENT_3D('',#7333,#7334,#7335);
#7333 = CARTESIAN_POINT('',(29.3868,-21.749,0.));
#7334 = DIRECTION('',(0.707106781187,-0.707106781187,0.));
#7335 = DIRECTION('',(-0.707106781187,-0.707106781187,0.));
#7336 = ADVANCED_FACE('',(#7337),#7353,.T.);
#7337 = FACE_BOUND('',#7338,.T.);
#7338 = EDGE_LOOP('',(#7339,#7340,#7346,#7347));
#7339 = ORIENTED_EDGE('',*,*,#4936,.F.);
#7340 = ORIENTED_EDGE('',*,*,#7341,.T.);
#7341 = EDGE_CURVE('',#4937,#5898,#7342,.T.);
#7342 = LINE('',#7343,#7344);
#7343 = CARTESIAN_POINT('',(31.876,-16.0848,0.));
#7344 = VECTOR('',#7345,1.);
#7345 = DIRECTION('',(0.,0.,1.));
#7346 = ORIENTED_EDGE('',*,*,#5897,.T.);
#7347 = ORIENTED_EDGE('',*,*,#7348,.T.);
#7348 = EDGE_CURVE('',#5900,#4939,#7349,.T.);
#7349 = LINE('',#7350,#7351);
#7350 = CARTESIAN_POINT('',(31.876,-17.43505909487,-4.6E-02));
#7351 = VECTOR('',#7352,1.);
#7352 = DIRECTION('',(-0.,0.,-1.));
#7353 = PLANE('',#7354);
#7354 = AXIS2_PLACEMENT_3D('',#7355,#7356,#7357);
#7355 = CARTESIAN_POINT('',(31.876,-16.0848,0.));
#7356 = DIRECTION('',(1.,0.,-0.));
#7357 = DIRECTION('',(0.,-1.,0.));
#7358 = ADVANCED_FACE('',(#7359),#7370,.F.);
#7359 = FACE_BOUND('',#7360,.T.);
#7360 = EDGE_LOOP('',(#7361,#7367,#7368,#7369));
#7361 = ORIENTED_EDGE('',*,*,#7362,.F.);
#7362 = EDGE_CURVE('',#5039,#6000,#7363,.T.);
#7363 = LINE('',#7364,#7365);
#7364 = CARTESIAN_POINT('',(32.13,-18.383,-4.6E-02));
#7365 = VECTOR('',#7366,1.);
#7366 = DIRECTION('',(0.,0.,1.));
#7367 = ORIENTED_EDGE('',*,*,#5047,.T.);
#7368 = ORIENTED_EDGE('',*,*,#7348,.F.);
#7369 = ORIENTED_EDGE('',*,*,#6008,.F.);
#7370 = CYLINDRICAL_SURFACE('',#7371,0.508);
#7371 = AXIS2_PLACEMENT_3D('',#7372,#7373,#7374);
#7372 = CARTESIAN_POINT('',(32.13,-17.875,-4.6E-02));
#7373 = DIRECTION('',(-0.,0.,-1.));
#7374 = DIRECTION('',(1.398706172756E-14,-1.,-0.));
#7375 = ADVANCED_FACE('',(#7376),#7387,.F.);
#7376 = FACE_BOUND('',#7377,.T.);
#7377 = EDGE_LOOP('',(#7378,#7379,#7380,#7381));
#7378 = ORIENTED_EDGE('',*,*,#5038,.T.);
#7379 = ORIENTED_EDGE('',*,*,#7362,.T.);
#7380 = ORIENTED_EDGE('',*,*,#5999,.F.);
#7381 = ORIENTED_EDGE('',*,*,#7382,.T.);
#7382 = EDGE_CURVE('',#5992,#5031,#7383,.T.);
#7383 = LINE('',#7384,#7385);
#7384 = CARTESIAN_POINT('',(32.412203831941,-18.29740383194,-4.6E-02));
#7385 = VECTOR('',#7386,1.);
#7386 = DIRECTION('',(-0.,0.,-1.));
#7387 = CYLINDRICAL_SURFACE('',#7388,0.508);
#7388 = AXIS2_PLACEMENT_3D('',#7389,#7390,#7391);
#7389 = CARTESIAN_POINT('',(32.13,-17.875,-4.6E-02));
#7390 = DIRECTION('',(-0.,0.,-1.));
#7391 = DIRECTION('',(1.398706172756E-14,-1.,-0.));
#7392 = ADVANCED_FACE('',(#7393),#7404,.T.);
#7393 = FACE_BOUND('',#7394,.T.);
#7394 = EDGE_LOOP('',(#7395,#7396,#7397,#7398));
#7395 = ORIENTED_EDGE('',*,*,#5030,.F.);
#7396 = ORIENTED_EDGE('',*,*,#7382,.F.);
#7397 = ORIENTED_EDGE('',*,*,#5991,.T.);
#7398 = ORIENTED_EDGE('',*,*,#7399,.F.);
#7399 = EDGE_CURVE('',#5023,#5984,#7400,.T.);
#7400 = LINE('',#7401,#7402);
#7401 = CARTESIAN_POINT('',(32.5618,-18.447,0.));
#7402 = VECTOR('',#7403,1.);
#7403 = DIRECTION('',(0.,0.,1.));
#7404 = PLANE('',#7405);
#7405 = AXIS2_PLACEMENT_3D('',#7406,#7407,#7408);
#7406 = CARTESIAN_POINT('',(31.876,-17.7612,0.));
#7407 = DIRECTION('',(0.707106781187,0.707106781187,-0.));
#7408 = DIRECTION('',(0.707106781187,-0.707106781187,0.));
#7409 = ADVANCED_FACE('',(#7410),#7421,.T.);
#7410 = FACE_BOUND('',#7411,.T.);
#7411 = EDGE_LOOP('',(#7412,#7413,#7414,#7420));
#7412 = ORIENTED_EDGE('',*,*,#7399,.T.);
#7413 = ORIENTED_EDGE('',*,*,#5983,.T.);
#7414 = ORIENTED_EDGE('',*,*,#7415,.F.);
#7415 = EDGE_CURVE('',#5015,#5976,#7416,.T.);
#7416 = LINE('',#7417,#7418);
#7417 = CARTESIAN_POINT('',(34.2382,-18.447,0.));
#7418 = VECTOR('',#7419,1.);
#7419 = DIRECTION('',(0.,0.,1.));
#7420 = ORIENTED_EDGE('',*,*,#5022,.F.);
#7421 = PLANE('',#7422);
#7422 = AXIS2_PLACEMENT_3D('',#7423,#7424,#7425);
#7423 = CARTESIAN_POINT('',(32.5618,-18.447,0.));
#7424 = DIRECTION('',(0.,1.,0.));
#7425 = DIRECTION('',(1.,0.,0.));
#7426 = ADVANCED_FACE('',(#7427),#7438,.T.);
#7427 = FACE_BOUND('',#7428,.T.);
#7428 = EDGE_LOOP('',(#7429,#7430,#7431,#7432));
#7429 = ORIENTED_EDGE('',*,*,#5014,.F.);
#7430 = ORIENTED_EDGE('',*,*,#7415,.T.);
#7431 = ORIENTED_EDGE('',*,*,#5975,.T.);
#7432 = ORIENTED_EDGE('',*,*,#7433,.T.);
#7433 = EDGE_CURVE('',#5967,#5006,#7434,.T.);
#7434 = LINE('',#7435,#7436);
#7435 = CARTESIAN_POINT('',(34.387796168059,-18.29740383194,-4.6E-02));
#7436 = VECTOR('',#7437,1.);
#7437 = DIRECTION('',(-0.,-0.,-1.));
#7438 = PLANE('',#7439);
#7439 = AXIS2_PLACEMENT_3D('',#7440,#7441,#7442);
#7440 = CARTESIAN_POINT('',(34.2382,-18.447,0.));
#7441 = DIRECTION('',(-0.707106781187,0.707106781187,0.));
#7442 = DIRECTION('',(0.707106781187,0.707106781187,0.));
#7443 = ADVANCED_FACE('',(#7444),#7455,.F.);
#7444 = FACE_BOUND('',#7445,.T.);
#7445 = EDGE_LOOP('',(#7446,#7452,#7453,#7454));
#7446 = ORIENTED_EDGE('',*,*,#7447,.F.);
#7447 = EDGE_CURVE('',#4997,#5958,#7448,.T.);
#7448 = LINE('',#7449,#7450);
#7449 = CARTESIAN_POINT('',(34.67,-18.383,-4.6E-02));
#7450 = VECTOR('',#7451,1.);
#7451 = DIRECTION('',(0.,0.,1.));
#7452 = ORIENTED_EDGE('',*,*,#5005,.T.);
#7453 = ORIENTED_EDGE('',*,*,#7433,.F.);
#7454 = ORIENTED_EDGE('',*,*,#5966,.F.);
#7455 = CYLINDRICAL_SURFACE('',#7456,0.508);
#7456 = AXIS2_PLACEMENT_3D('',#7457,#7458,#7459);
#7457 = CARTESIAN_POINT('',(34.67,-17.875,-4.6E-02));
#7458 = DIRECTION('',(-0.,-0.,-1.));
#7459 = DIRECTION('',(-0.,-1.,0.));
#7460 = ADVANCED_FACE('',(#7461),#7472,.F.);
#7461 = FACE_BOUND('',#7462,.T.);
#7462 = EDGE_LOOP('',(#7463,#7464,#7465,#7466));
#7463 = ORIENTED_EDGE('',*,*,#4996,.T.);
#7464 = ORIENTED_EDGE('',*,*,#7447,.T.);
#7465 = ORIENTED_EDGE('',*,*,#5957,.F.);
#7466 = ORIENTED_EDGE('',*,*,#7467,.T.);
#7467 = EDGE_CURVE('',#5950,#4989,#7468,.T.);
#7468 = LINE('',#7469,#7470);
#7469 = CARTESIAN_POINT('',(34.924,-17.43505909487,-4.6E-02));
#7470 = VECTOR('',#7471,1.);
#7471 = DIRECTION('',(-0.,-0.,-1.));
#7472 = CYLINDRICAL_SURFACE('',#7473,0.508);
#7473 = AXIS2_PLACEMENT_3D('',#7474,#7475,#7476);
#7474 = CARTESIAN_POINT('',(34.67,-17.875,-4.6E-02));
#7475 = DIRECTION('',(-0.,-0.,-1.));
#7476 = DIRECTION('',(-0.,-1.,0.));
#7477 = ADVANCED_FACE('',(#7478),#7489,.T.);
#7478 = FACE_BOUND('',#7479,.T.);
#7479 = EDGE_LOOP('',(#7480,#7481,#7482,#7483));
#7480 = ORIENTED_EDGE('',*,*,#4988,.F.);
#7481 = ORIENTED_EDGE('',*,*,#7467,.F.);
#7482 = ORIENTED_EDGE('',*,*,#5949,.T.);
#7483 = ORIENTED_EDGE('',*,*,#7484,.F.);
#7484 = EDGE_CURVE('',#4981,#5942,#7485,.T.);
#7485 = LINE('',#7486,#7487);
#7486 = CARTESIAN_POINT('',(34.924,-16.0848,0.));
#7487 = VECTOR('',#7488,1.);
#7488 = DIRECTION('',(0.,0.,1.));
#7489 = PLANE('',#7490);
#7490 = AXIS2_PLACEMENT_3D('',#7491,#7492,#7493);
#7491 = CARTESIAN_POINT('',(34.924,-17.7612,0.));
#7492 = DIRECTION('',(-1.,0.,0.));
#7493 = DIRECTION('',(0.,1.,0.));
#7494 = ADVANCED_FACE('',(#7495),#7506,.T.);
#7495 = FACE_BOUND('',#7496,.T.);
#7496 = EDGE_LOOP('',(#7497,#7498,#7499,#7500));
#7497 = ORIENTED_EDGE('',*,*,#4980,.F.);
#7498 = ORIENTED_EDGE('',*,*,#7484,.T.);
#7499 = ORIENTED_EDGE('',*,*,#5941,.T.);
#7500 = ORIENTED_EDGE('',*,*,#7501,.T.);
#7501 = EDGE_CURVE('',#5933,#4972,#7502,.T.);
#7502 = LINE('',#7503,#7504);
#7503 = CARTESIAN_POINT('',(34.682056900274,-15.84285690027,-4.6E-02));
#7504 = VECTOR('',#7505,1.);
#7505 = DIRECTION('',(-0.,-0.,-1.));
#7506 = PLANE('',#7507);
#7507 = AXIS2_PLACEMENT_3D('',#7508,#7509,#7510);
#7508 = CARTESIAN_POINT('',(34.924,-16.0848,0.));
#7509 = DIRECTION('',(-0.707106781187,-0.707106781187,0.));
#7510 = DIRECTION('',(-0.707106781187,0.707106781187,0.));
#7511 = ADVANCED_FACE('',(#7512),#7523,.F.);
#7512 = FACE_BOUND('',#7513,.T.);
#7513 = EDGE_LOOP('',(#7514,#7515,#7516,#7522));
#7514 = ORIENTED_EDGE('',*,*,#7501,.F.);
#7515 = ORIENTED_EDGE('',*,*,#5932,.F.);
#7516 = ORIENTED_EDGE('',*,*,#7517,.T.);
#7517 = EDGE_CURVE('',#5925,#4964,#7518,.T.);
#7518 = LINE('',#7519,#7520);
#7519 = CARTESIAN_POINT('',(34.166047621297,-15.399,-4.6E-02));
#7520 = VECTOR('',#7521,1.);
#7521 = DIRECTION('',(-0.,-0.,-1.));
#7522 = ORIENTED_EDGE('',*,*,#4971,.T.);
#7523 = CYLINDRICAL_SURFACE('',#7524,0.508);
#7524 = AXIS2_PLACEMENT_3D('',#7525,#7526,#7527);
#7525 = CARTESIAN_POINT('',(34.67,-15.335,-4.6E-02));
#7526 = DIRECTION('',(-0.,-0.,-1.));
#7527 = DIRECTION('',(-0.,-1.,0.));
#7528 = ADVANCED_FACE('',(#7529),#7540,.T.);
#7529 = FACE_BOUND('',#7530,.T.);
#7530 = EDGE_LOOP('',(#7531,#7532,#7533,#7534));
#7531 = ORIENTED_EDGE('',*,*,#4963,.F.);
#7532 = ORIENTED_EDGE('',*,*,#7517,.F.);
#7533 = ORIENTED_EDGE('',*,*,#5924,.T.);
#7534 = ORIENTED_EDGE('',*,*,#7535,.T.);
#7535 = EDGE_CURVE('',#5916,#4955,#7536,.T.);
#7536 = LINE('',#7537,#7538);
#7537 = CARTESIAN_POINT('',(32.633952378703,-15.399,-4.6E-02));
#7538 = VECTOR('',#7539,1.);
#7539 = DIRECTION('',(-0.,0.,-1.));
#7540 = PLANE('',#7541);
#7541 = AXIS2_PLACEMENT_3D('',#7542,#7543,#7544);
#7542 = CARTESIAN_POINT('',(34.2382,-15.399,0.));
#7543 = DIRECTION('',(0.,-1.,0.));
#7544 = DIRECTION('',(-1.,0.,0.));
#7545 = ADVANCED_FACE('',(#7546),#7557,.F.);
#7546 = FACE_BOUND('',#7547,.T.);
#7547 = EDGE_LOOP('',(#7548,#7549,#7550,#7556));
#7548 = ORIENTED_EDGE('',*,*,#7535,.F.);
#7549 = ORIENTED_EDGE('',*,*,#5915,.F.);
#7550 = ORIENTED_EDGE('',*,*,#7551,.T.);
#7551 = EDGE_CURVE('',#5908,#4947,#7552,.T.);
#7552 = LINE('',#7553,#7554);
#7553 = CARTESIAN_POINT('',(32.117943099726,-15.84285690027,-4.6E-02));
#7554 = VECTOR('',#7555,1.);
#7555 = DIRECTION('',(-0.,0.,-1.));
#7556 = ORIENTED_EDGE('',*,*,#4954,.T.);
#7557 = CYLINDRICAL_SURFACE('',#7558,0.508);
#7558 = AXIS2_PLACEMENT_3D('',#7559,#7560,#7561);
#7559 = CARTESIAN_POINT('',(32.13,-15.335,-4.6E-02));
#7560 = DIRECTION('',(-0.,0.,-1.));
#7561 = DIRECTION('',(1.398706172756E-14,-1.,-0.));
#7562 = ADVANCED_FACE('',(#7563),#7569,.T.);
#7563 = FACE_BOUND('',#7564,.T.);
#7564 = EDGE_LOOP('',(#7565,#7566,#7567,#7568));
#7565 = ORIENTED_EDGE('',*,*,#4946,.F.);
#7566 = ORIENTED_EDGE('',*,*,#7551,.F.);
#7567 = ORIENTED_EDGE('',*,*,#5907,.T.);
#7568 = ORIENTED_EDGE('',*,*,#7341,.F.);
#7569 = PLANE('',#7570);
#7570 = AXIS2_PLACEMENT_3D('',#7571,#7572,#7573);
#7571 = CARTESIAN_POINT('',(32.5618,-15.399,0.));
#7572 = DIRECTION('',(0.707106781187,-0.707106781187,0.));
#7573 = DIRECTION('',(-0.707106781187,-0.707106781187,0.));
#7574 = ADVANCED_FACE('',(#7575),#7586,.F.);
#7575 = FACE_BOUND('',#7576,.T.);
#7576 = EDGE_LOOP('',(#7577,#7578,#7584,#7585));
#7577 = ORIENTED_EDGE('',*,*,#5056,.T.);
#7578 = ORIENTED_EDGE('',*,*,#7579,.T.);
#7579 = EDGE_CURVE('',#5057,#6018,#7580,.T.);
#7580 = LINE('',#7581,#7582);
#7581 = CARTESIAN_POINT('',(50.325,-15.1825,-4.6E-02));
#7582 = VECTOR('',#7583,1.);
#7583 = DIRECTION('',(0.,0.,1.));
#7584 = ORIENTED_EDGE('',*,*,#6017,.F.);
#7585 = ORIENTED_EDGE('',*,*,#7579,.F.);
#7586 = CYLINDRICAL_SURFACE('',#7587,0.45);
#7587 = AXIS2_PLACEMENT_3D('',#7588,#7589,#7590);
#7588 = CARTESIAN_POINT('',(50.325,-14.7325,-4.6E-02));
#7589 = DIRECTION('',(-0.,-0.,-1.));
#7590 = DIRECTION('',(-0.,-1.,0.));
#7591 = ADVANCED_FACE('',(#7592),#7603,.F.);
#7592 = FACE_BOUND('',#7593,.T.);
#7593 = EDGE_LOOP('',(#7594,#7595,#7601,#7602));
#7594 = ORIENTED_EDGE('',*,*,#5067,.T.);
#7595 = ORIENTED_EDGE('',*,*,#7596,.T.);
#7596 = EDGE_CURVE('',#5068,#6029,#7597,.T.);
#7597 = LINE('',#7598,#7599);
#7598 = CARTESIAN_POINT('',(53.325,-15.1825,-4.6E-02));
#7599 = VECTOR('',#7600,1.);
#7600 = DIRECTION('',(0.,0.,1.));
#7601 = ORIENTED_EDGE('',*,*,#6028,.F.);
#7602 = ORIENTED_EDGE('',*,*,#7596,.F.);
#7603 = CYLINDRICAL_SURFACE('',#7604,0.45);
#7604 = AXIS2_PLACEMENT_3D('',#7605,#7606,#7607);
#7605 = CARTESIAN_POINT('',(53.325,-14.7325,-4.6E-02));
#7606 = DIRECTION('',(-0.,-0.,-1.));
#7607 = DIRECTION('',(-0.,-1.,0.));
#7608 = ADVANCED_FACE('',(#7609),#7620,.F.);
#7609 = FACE_BOUND('',#7610,.T.);
#7610 = EDGE_LOOP('',(#7611,#7617,#7618,#7619));
#7611 = ORIENTED_EDGE('',*,*,#7612,.T.);
#7612 = EDGE_CURVE('',#5079,#6040,#7613,.T.);
#7613 = LINE('',#7614,#7615);
#7614 = CARTESIAN_POINT('',(84.8,-59.675,0.));
#7615 = VECTOR('',#7616,1.);
#7616 = DIRECTION('',(0.,0.,1.));
#7617 = ORIENTED_EDGE('',*,*,#6039,.T.);
#7618 = ORIENTED_EDGE('',*,*,#7612,.F.);
#7619 = ORIENTED_EDGE('',*,*,#5078,.F.);
#7620 = CYLINDRICAL_SURFACE('',#7621,0.6);
#7621 = AXIS2_PLACEMENT_3D('',#7622,#7623,#7624);
#7622 = CARTESIAN_POINT('',(84.2,-59.675,0.));
#7623 = DIRECTION('',(-0.,-0.,-1.));
#7624 = DIRECTION('',(1.,0.,-0.));
#7625 = ADVANCED_FACE('',(#7626),#7637,.F.);
#7626 = FACE_BOUND('',#7627,.T.);
#7627 = EDGE_LOOP('',(#7628,#7634,#7635,#7636));
#7628 = ORIENTED_EDGE('',*,*,#7629,.T.);
#7629 = EDGE_CURVE('',#5090,#6051,#7630,.T.);
#7630 = LINE('',#7631,#7632);
#7631 = CARTESIAN_POINT('',(73.1,-48.175,0.));
#7632 = VECTOR('',#7633,1.);
#7633 = DIRECTION('',(0.,0.,1.));
#7634 = ORIENTED_EDGE('',*,*,#6050,.T.);
#7635 = ORIENTED_EDGE('',*,*,#7629,.F.);
#7636 = ORIENTED_EDGE('',*,*,#5089,.F.);
#7637 = CYLINDRICAL_SURFACE('',#7638,0.5);
#7638 = AXIS2_PLACEMENT_3D('',#7639,#7640,#7641);
#7639 = CARTESIAN_POINT('',(72.6,-48.175,0.));
#7640 = DIRECTION('',(-0.,-0.,-1.));
#7641 = DIRECTION('',(1.,0.,-0.));
#7642 = ADVANCED_FACE('',(#7643),#7654,.F.);
#7643 = FACE_BOUND('',#7644,.T.);
#7644 = EDGE_LOOP('',(#7645,#7651,#7652,#7653));
#7645 = ORIENTED_EDGE('',*,*,#7646,.T.);
#7646 = EDGE_CURVE('',#5101,#6062,#7647,.T.);
#7647 = LINE('',#7648,#7649);
#7648 = CARTESIAN_POINT('',(90.1,-48.175,0.));
#7649 = VECTOR('',#7650,1.);
#7650 = DIRECTION('',(0.,0.,1.));
#7651 = ORIENTED_EDGE('',*,*,#6061,.T.);
#7652 = ORIENTED_EDGE('',*,*,#7646,.F.);
#7653 = ORIENTED_EDGE('',*,*,#5100,.F.);
#7654 = CYLINDRICAL_SURFACE('',#7655,0.5);
#7655 = AXIS2_PLACEMENT_3D('',#7656,#7657,#7658);
#7656 = CARTESIAN_POINT('',(89.6,-48.175,0.));
#7657 = DIRECTION('',(-0.,-0.,-1.));
#7658 = DIRECTION('',(1.,0.,-0.));
#7659 = ADVANCED_FACE('',(#7660),#7671,.F.);
#7660 = FACE_BOUND('',#7661,.T.);
#7661 = EDGE_LOOP('',(#7662,#7668,#7669,#7670));
#7662 = ORIENTED_EDGE('',*,*,#7663,.T.);
#7663 = EDGE_CURVE('',#5112,#6073,#7664,.T.);
#7664 = LINE('',#7665,#7666);
#7665 = CARTESIAN_POINT('',(84.8,-42.675,0.));
#7666 = VECTOR('',#7667,1.);
#7667 = DIRECTION('',(0.,0.,1.));
#7668 = ORIENTED_EDGE('',*,*,#6072,.T.);
#7669 = ORIENTED_EDGE('',*,*,#7663,.F.);
#7670 = ORIENTED_EDGE('',*,*,#5111,.F.);
#7671 = CYLINDRICAL_SURFACE('',#7672,0.6);
#7672 = AXIS2_PLACEMENT_3D('',#7673,#7674,#7675);
#7673 = CARTESIAN_POINT('',(84.2,-42.675,0.));
#7674 = DIRECTION('',(-0.,-0.,-1.));
#7675 = DIRECTION('',(1.,0.,-0.));
#7676 = ADVANCED_FACE('',(#7677),#7688,.F.);
#7677 = FACE_BOUND('',#7678,.T.);
#7678 = EDGE_LOOP('',(#7679,#7685,#7686,#7687));
#7679 = ORIENTED_EDGE('',*,*,#7680,.T.);
#7680 = EDGE_CURVE('',#5123,#6084,#7681,.T.);
#7681 = LINE('',#7682,#7683);
#7682 = CARTESIAN_POINT('',(101.8,-59.675,0.));
#7683 = VECTOR('',#7684,1.);
#7684 = DIRECTION('',(0.,0.,1.));
#7685 = ORIENTED_EDGE('',*,*,#6083,.T.);
#7686 = ORIENTED_EDGE('',*,*,#7680,.F.);
#7687 = ORIENTED_EDGE('',*,*,#5122,.F.);
#7688 = CYLINDRICAL_SURFACE('',#7689,0.6);
#7689 = AXIS2_PLACEMENT_3D('',#7690,#7691,#7692);
#7690 = CARTESIAN_POINT('',(101.2,-59.675,0.));
#7691 = DIRECTION('',(-0.,-0.,-1.));
#7692 = DIRECTION('',(1.,0.,-0.));
#7693 = ADVANCED_FACE('',(#7694),#7705,.F.);
#7694 = FACE_BOUND('',#7695,.T.);
#7695 = EDGE_LOOP('',(#7696,#7702,#7703,#7704));
#7696 = ORIENTED_EDGE('',*,*,#7697,.T.);
#7697 = EDGE_CURVE('',#5134,#6095,#7698,.T.);
#7698 = LINE('',#7699,#7700);
#7699 = CARTESIAN_POINT('',(118.8,-59.675,0.));
#7700 = VECTOR('',#7701,1.);
#7701 = DIRECTION('',(0.,0.,1.));
#7702 = ORIENTED_EDGE('',*,*,#6094,.T.);
#7703 = ORIENTED_EDGE('',*,*,#7697,.F.);
#7704 = ORIENTED_EDGE('',*,*,#5133,.F.);
#7705 = CYLINDRICAL_SURFACE('',#7706,0.6);
#7706 = AXIS2_PLACEMENT_3D('',#7707,#7708,#7709);
#7707 = CARTESIAN_POINT('',(118.2,-59.675,0.));
#7708 = DIRECTION('',(-0.,-0.,-1.));
#7709 = DIRECTION('',(1.,0.,-0.));
#7710 = ADVANCED_FACE('',(#7711),#7722,.F.);
#7711 = FACE_BOUND('',#7712,.T.);
#7712 = EDGE_LOOP('',(#7713,#7719,#7720,#7721));
#7713 = ORIENTED_EDGE('',*,*,#7714,.T.);
#7714 = EDGE_CURVE('',#5145,#6106,#7715,.T.);
#7715 = LINE('',#7716,#7717);
#7716 = CARTESIAN_POINT('',(107.1,-48.175,0.));
#7717 = VECTOR('',#7718,1.);
#7718 = DIRECTION('',(0.,0.,1.));
#7719 = ORIENTED_EDGE('',*,*,#6105,.T.);
#7720 = ORIENTED_EDGE('',*,*,#7714,.F.);
#7721 = ORIENTED_EDGE('',*,*,#5144,.F.);
#7722 = CYLINDRICAL_SURFACE('',#7723,0.5);
#7723 = AXIS2_PLACEMENT_3D('',#7724,#7725,#7726);
#7724 = CARTESIAN_POINT('',(106.6,-48.175,0.));
#7725 = DIRECTION('',(-0.,-0.,-1.));
#7726 = DIRECTION('',(1.,0.,-0.));
#7727 = ADVANCED_FACE('',(#7728),#7739,.F.);
#7728 = FACE_BOUND('',#7729,.T.);
#7729 = EDGE_LOOP('',(#7730,#7736,#7737,#7738));
#7730 = ORIENTED_EDGE('',*,*,#7731,.T.);
#7731 = EDGE_CURVE('',#5156,#6117,#7732,.T.);
#7732 = LINE('',#7733,#7734);
#7733 = CARTESIAN_POINT('',(101.8,-42.675,0.));
#7734 = VECTOR('',#7735,1.);
#7735 = DIRECTION('',(0.,0.,1.));
#7736 = ORIENTED_EDGE('',*,*,#6116,.T.);
#7737 = ORIENTED_EDGE('',*,*,#7731,.F.);
#7738 = ORIENTED_EDGE('',*,*,#5155,.F.);
#7739 = CYLINDRICAL_SURFACE('',#7740,0.6);
#7740 = AXIS2_PLACEMENT_3D('',#7741,#7742,#7743);
#7741 = CARTESIAN_POINT('',(101.2,-42.675,0.));
#7742 = DIRECTION('',(-0.,-0.,-1.));
#7743 = DIRECTION('',(1.,0.,-0.));
#7744 = ADVANCED_FACE('',(#7745),#7756,.F.);
#7745 = FACE_BOUND('',#7746,.T.);
#7746 = EDGE_LOOP('',(#7747,#7753,#7754,#7755));
#7747 = ORIENTED_EDGE('',*,*,#7748,.T.);
#7748 = EDGE_CURVE('',#5167,#6128,#7749,.T.);
#7749 = LINE('',#7750,#7751);
#7750 = CARTESIAN_POINT('',(118.8,-42.675,0.));
#7751 = VECTOR('',#7752,1.);
#7752 = DIRECTION('',(0.,0.,1.));
#7753 = ORIENTED_EDGE('',*,*,#6127,.T.);
#7754 = ORIENTED_EDGE('',*,*,#7748,.F.);
#7755 = ORIENTED_EDGE('',*,*,#5166,.F.);
#7756 = CYLINDRICAL_SURFACE('',#7757,0.6);
#7757 = AXIS2_PLACEMENT_3D('',#7758,#7759,#7760);
#7758 = CARTESIAN_POINT('',(118.2,-42.675,0.));
#7759 = DIRECTION('',(-0.,-0.,-1.));
#7760 = DIRECTION('',(1.,0.,-0.));
#7761 = ADVANCED_FACE('',(#7762),#7773,.F.);
#7762 = FACE_BOUND('',#7763,.T.);
#7763 = EDGE_LOOP('',(#7764,#7770,#7771,#7772));
#7764 = ORIENTED_EDGE('',*,*,#7765,.T.);
#7765 = EDGE_CURVE('',#5178,#6139,#7766,.T.);
#7766 = LINE('',#7767,#7768);
#7767 = CARTESIAN_POINT('',(124.6,-15.125,0.));
#7768 = VECTOR('',#7769,1.);
#7769 = DIRECTION('',(0.,0.,1.));
#7770 = ORIENTED_EDGE('',*,*,#6138,.T.);
#7771 = ORIENTED_EDGE('',*,*,#7765,.F.);
#7772 = ORIENTED_EDGE('',*,*,#5177,.F.);
#7773 = CYLINDRICAL_SURFACE('',#7774,1.1);
#7774 = AXIS2_PLACEMENT_3D('',#7775,#7776,#7777);
#7775 = CARTESIAN_POINT('',(123.5,-15.125,0.));
#7776 = DIRECTION('',(-0.,-0.,-1.));
#7777 = DIRECTION('',(1.,0.,-0.));
#7778 = ( GEOMETRIC_REPRESENTATION_CONTEXT(3) 
GLOBAL_UNCERTAINTY_ASSIGNED_CONTEXT((#7782)) 
GLOBAL_UNIT_ASSIGNED_CONTEXT((#7779,#7780,#7781)) REPRESENTATION_CONTEXT
('Context #1','3D Context with UNIT and UNCERTAINTY') );
#7779 = ( LENGTH_UNIT() NAMED_UNIT(*) SI_UNIT(.MILLI.,.METRE.) );
#7780 = ( NAMED_UNIT(*) PLANE_ANGLE_UNIT() SI_UNIT($,.RADIAN.) );
#7781 = ( NAMED_UNIT(*) SI_UNIT($,.STERADIAN.) SOLID_ANGLE_UNIT() );
#7782 = UNCERTAINTY_MEASURE_WITH_UNIT(LENGTH_MEASURE(1.E-07),#7779,
  'distance_accuracy_value','confusion accuracy');
#7783 = CONTEXT_DEPENDENT_SHAPE_REPRESENTATION(#7784,#7786);
#7784 = ( REPRESENTATION_RELATIONSHIP('','',#4122,#10) 
REPRESENTATION_RELATIONSHIP_WITH_TRANSFORMATION(#7785) 
SHAPE_REPRESENTATION_RELATIONSHIP() );
#7785 = ITEM_DEFINED_TRANSFORMATION('','',#11,#23);
#7786 = PRODUCT_DEFINITION_SHAPE('Placement','Placement of an item',
  #7787);
#7787 = NEXT_ASSEMBLY_USAGE_OCCURRENCE('3','=>[0:1:1:3]','',#5,#4117,$);
#7788 = PRODUCT_RELATED_PRODUCT_CATEGORY('part',$,(#4119));
#7789 = SHAPE_DEFINITION_REPRESENTATION(#7790,#7796);
#7790 = PRODUCT_DEFINITION_SHAPE('','',#7791);
#7791 = PRODUCT_DEFINITION('design','',#7792,#7795);
#7792 = PRODUCT_DEFINITION_FORMATION('','',#7793);
#7793 = PRODUCT('main_pcb_PCB_2','main_pcb_PCB_2','',(#7794));
#7794 = PRODUCT_CONTEXT('',#2,'mechanical');
#7795 = PRODUCT_DEFINITION_CONTEXT('part definition',#2,'design');
#7796 = ADVANCED_BREP_SHAPE_REPRESENTATION('',(#11,#7797),#11452);
#7797 = MANIFOLD_SOLID_BREP('',#7798);
#7798 = CLOSED_SHELL('',(#7799,#7841,#7872,#7903,#8864,#9825,#9842,#9859
    ,#9876,#9893,#9905,#9922,#9939,#9956,#9973,#9990,#10007,#10024,
    #10041,#10058,#10075,#10092,#10109,#10126,#10143,#10160,#10177,
    #10194,#10211,#10228,#10245,#10262,#10279,#10296,#10313,#10330,
    #10347,#10364,#10381,#10398,#10415,#10432,#10449,#10466,#10483,
    #10500,#10517,#10534,#10551,#10568,#10585,#10602,#10619,#10636,
    #10653,#10670,#10687,#10704,#10721,#10738,#10755,#10772,#10789,
    #10806,#10828,#10845,#10862,#10879,#10896,#10913,#10930,#10947,
    #10964,#10981,#10998,#11010,#11032,#11049,#11066,#11083,#11100,
    #11117,#11134,#11151,#11168,#11185,#11197,#11219,#11236,#11253,
    #11270,#11287,#11304,#11321,#11338,#11355,#11372,#11389,#11406,
    #11423,#11435));
#7799 = ADVANCED_FACE('',(#7800),#7836,.T.);
#7800 = FACE_BOUND('',#7801,.T.);
#7801 = EDGE_LOOP('',(#7802,#7812,#7821,#7829));
#7802 = ORIENTED_EDGE('',*,*,#7803,.T.);
#7803 = EDGE_CURVE('',#7804,#7806,#7808,.T.);
#7804 = VERTEX_POINT('',#7805);
#7805 = CARTESIAN_POINT('',(281.6,-13.025,0.));
#7806 = VERTEX_POINT('',#7807);
#7807 = CARTESIAN_POINT('',(281.6,-13.025,0.71));
#7808 = LINE('',#7809,#7810);
#7809 = CARTESIAN_POINT('',(281.6,-13.025,0.));
#7810 = VECTOR('',#7811,1.);
#7811 = DIRECTION('',(0.,0.,1.));
#7812 = ORIENTED_EDGE('',*,*,#7813,.T.);
#7813 = EDGE_CURVE('',#7806,#7814,#7816,.T.);
#7814 = VERTEX_POINT('',#7815);
#7815 = CARTESIAN_POINT('',(282.6,-14.025,0.71));
#7816 = CIRCLE('',#7817,0.999999252925);
#7817 = AXIS2_PLACEMENT_3D('',#7818,#7819,#7820);
#7818 = CARTESIAN_POINT('',(281.60000074707,-14.02499925292,0.71));
#7819 = DIRECTION('',(0.,0.,-1.));
#7820 = DIRECTION('',(-7.470756496886E-07,1.,0.));
#7821 = ORIENTED_EDGE('',*,*,#7822,.F.);
#7822 = EDGE_CURVE('',#7823,#7814,#7825,.T.);
#7823 = VERTEX_POINT('',#7824);
#7824 = CARTESIAN_POINT('',(282.6,-14.025,0.));
#7825 = LINE('',#7826,#7827);
#7826 = CARTESIAN_POINT('',(282.6,-14.025,0.));
#7827 = VECTOR('',#7828,1.);
#7828 = DIRECTION('',(0.,0.,1.));
#7829 = ORIENTED_EDGE('',*,*,#7830,.F.);
#7830 = EDGE_CURVE('',#7804,#7823,#7831,.T.);
#7831 = CIRCLE('',#7832,0.999999252925);
#7832 = AXIS2_PLACEMENT_3D('',#7833,#7834,#7835);
#7833 = CARTESIAN_POINT('',(281.60000074707,-14.02499925292,0.));
#7834 = DIRECTION('',(0.,0.,-1.));
#7835 = DIRECTION('',(-7.470756496886E-07,1.,0.));
#7836 = CYLINDRICAL_SURFACE('',#7837,0.999999252925);
#7837 = AXIS2_PLACEMENT_3D('',#7838,#7839,#7840);
#7838 = CARTESIAN_POINT('',(281.60000074707,-14.02499925292,0.));
#7839 = DIRECTION('',(0.,0.,-1.));
#7840 = DIRECTION('',(-7.470756496886E-07,1.,0.));
#7841 = ADVANCED_FACE('',(#7842),#7867,.T.);
#7842 = FACE_BOUND('',#7843,.T.);
#7843 = EDGE_LOOP('',(#7844,#7854,#7860,#7861));
#7844 = ORIENTED_EDGE('',*,*,#7845,.T.);
#7845 = EDGE_CURVE('',#7846,#7848,#7850,.T.);
#7846 = VERTEX_POINT('',#7847);
#7847 = CARTESIAN_POINT('',(172.2,-13.025,0.));
#7848 = VERTEX_POINT('',#7849);
#7849 = CARTESIAN_POINT('',(172.2,-13.025,0.71));
#7850 = LINE('',#7851,#7852);
#7851 = CARTESIAN_POINT('',(172.2,-13.025,0.));
#7852 = VECTOR('',#7853,1.);
#7853 = DIRECTION('',(0.,0.,1.));
#7854 = ORIENTED_EDGE('',*,*,#7855,.T.);
#7855 = EDGE_CURVE('',#7848,#7806,#7856,.T.);
#7856 = LINE('',#7857,#7858);
#7857 = CARTESIAN_POINT('',(172.2,-13.025,0.71));
#7858 = VECTOR('',#7859,1.);
#7859 = DIRECTION('',(1.,0.,0.));
#7860 = ORIENTED_EDGE('',*,*,#7803,.F.);
#7861 = ORIENTED_EDGE('',*,*,#7862,.F.);
#7862 = EDGE_CURVE('',#7846,#7804,#7863,.T.);
#7863 = LINE('',#7864,#7865);
#7864 = CARTESIAN_POINT('',(172.2,-13.025,0.));
#7865 = VECTOR('',#7866,1.);
#7866 = DIRECTION('',(1.,0.,0.));
#7867 = PLANE('',#7868);
#7868 = AXIS2_PLACEMENT_3D('',#7869,#7870,#7871);
#7869 = CARTESIAN_POINT('',(172.2,-13.025,0.));
#7870 = DIRECTION('',(0.,1.,0.));
#7871 = DIRECTION('',(1.,0.,0.));
#7872 = ADVANCED_FACE('',(#7873),#7898,.T.);
#7873 = FACE_BOUND('',#7874,.T.);
#7874 = EDGE_LOOP('',(#7875,#7876,#7884,#7892));
#7875 = ORIENTED_EDGE('',*,*,#7822,.T.);
#7876 = ORIENTED_EDGE('',*,*,#7877,.T.);
#7877 = EDGE_CURVE('',#7814,#7878,#7880,.T.);
#7878 = VERTEX_POINT('',#7879);
#7879 = CARTESIAN_POINT('',(282.6,-108.625,0.71));
#7880 = LINE('',#7881,#7882);
#7881 = CARTESIAN_POINT('',(282.6,-14.025,0.71));
#7882 = VECTOR('',#7883,1.);
#7883 = DIRECTION('',(0.,-1.,0.));
#7884 = ORIENTED_EDGE('',*,*,#7885,.F.);
#7885 = EDGE_CURVE('',#7886,#7878,#7888,.T.);
#7886 = VERTEX_POINT('',#7887);
#7887 = CARTESIAN_POINT('',(282.6,-108.625,0.));
#7888 = LINE('',#7889,#7890);
#7889 = CARTESIAN_POINT('',(282.6,-108.625,0.));
#7890 = VECTOR('',#7891,1.);
#7891 = DIRECTION('',(0.,0.,1.));
#7892 = ORIENTED_EDGE('',*,*,#7893,.F.);
#7893 = EDGE_CURVE('',#7823,#7886,#7894,.T.);
#7894 = LINE('',#7895,#7896);
#7895 = CARTESIAN_POINT('',(282.6,-14.025,0.));
#7896 = VECTOR('',#7897,1.);
#7897 = DIRECTION('',(0.,-1.,0.));
#7898 = PLANE('',#7899);
#7899 = AXIS2_PLACEMENT_3D('',#7900,#7901,#7902);
#7900 = CARTESIAN_POINT('',(282.6,-14.025,0.));
#7901 = DIRECTION('',(1.,0.,-0.));
#7902 = DIRECTION('',(0.,-1.,0.));
#7903 = ADVANCED_FACE('',(#7904,#7950,#7961,#7972,#7983,#7994,#8005,
    #8016,#8027,#8038,#8049,#8060,#8071,#8082,#8093,#8104,#8115,#8126,
    #8137,#8148,#8159,#8170,#8181,#8192,#8203,#8214,#8225,#8236,#8247,
    #8258,#8269,#8280,#8291,#8302,#8313,#8324,#8335,#8346,#8357,#8368,
    #8379,#8390,#8401,#8412,#8423,#8434,#8445,#8456,#8467,#8478,#8489,
    #8500,#8511,#8522,#8533,#8635,#8728,#8848),#8859,.F.);
#7904 = FACE_BOUND('',#7905,.F.);
#7905 = EDGE_LOOP('',(#7906,#7907,#7908,#7917,#7925,#7934,#7942,#7949));
#7906 = ORIENTED_EDGE('',*,*,#7830,.F.);
#7907 = ORIENTED_EDGE('',*,*,#7862,.F.);
#7908 = ORIENTED_EDGE('',*,*,#7909,.F.);
#7909 = EDGE_CURVE('',#7910,#7846,#7912,.T.);
#7910 = VERTEX_POINT('',#7911);
#7911 = CARTESIAN_POINT('',(171.2,-14.025,0.));
#7912 = CIRCLE('',#7913,0.999999252925);
#7913 = AXIS2_PLACEMENT_3D('',#7914,#7915,#7916);
#7914 = CARTESIAN_POINT('',(172.19999925292,-14.02499925292,0.));
#7915 = DIRECTION('',(0.,0.,-1.));
#7916 = DIRECTION('',(-1.,-7.470757065321E-07,-0.));
#7917 = ORIENTED_EDGE('',*,*,#7918,.F.);
#7918 = EDGE_CURVE('',#7919,#7910,#7921,.T.);
#7919 = VERTEX_POINT('',#7920);
#7920 = CARTESIAN_POINT('',(171.2,-108.625,0.));
#7921 = LINE('',#7922,#7923);
#7922 = CARTESIAN_POINT('',(171.2,-108.625,0.));
#7923 = VECTOR('',#7924,1.);
#7924 = DIRECTION('',(0.,1.,0.));
#7925 = ORIENTED_EDGE('',*,*,#7926,.F.);
#7926 = EDGE_CURVE('',#7927,#7919,#7929,.T.);
#7927 = VERTEX_POINT('',#7928);
#7928 = CARTESIAN_POINT('',(172.2,-109.625,0.));
#7929 = CIRCLE('',#7930,0.999999252925);
#7930 = AXIS2_PLACEMENT_3D('',#7931,#7932,#7933);
#7931 = CARTESIAN_POINT('',(172.19999925292,-108.625000747,0.));
#7932 = DIRECTION('',(0.,0.,-1.));
#7933 = DIRECTION('',(7.470756781104E-07,-1.,0.));
#7934 = ORIENTED_EDGE('',*,*,#7935,.F.);
#7935 = EDGE_CURVE('',#7936,#7927,#7938,.T.);
#7936 = VERTEX_POINT('',#7937);
#7937 = CARTESIAN_POINT('',(281.6,-109.625,0.));
#7938 = LINE('',#7939,#7940);
#7939 = CARTESIAN_POINT('',(281.6,-109.625,0.));
#7940 = VECTOR('',#7941,1.);
#7941 = DIRECTION('',(-1.,0.,0.));
#7942 = ORIENTED_EDGE('',*,*,#7943,.F.);
#7943 = EDGE_CURVE('',#7886,#7936,#7944,.T.);
#7944 = CIRCLE('',#7945,0.999999252925);
#7945 = AXIS2_PLACEMENT_3D('',#7946,#7947,#7948);
#7946 = CARTESIAN_POINT('',(281.60000074707,-108.625000747,0.));
#7947 = DIRECTION('',(0.,0.,-1.));
#7948 = DIRECTION('',(1.,7.470756496886E-07,0.));
#7949 = ORIENTED_EDGE('',*,*,#7893,.F.);
#7950 = FACE_BOUND('',#7951,.F.);
#7951 = EDGE_LOOP('',(#7952));
#7952 = ORIENTED_EDGE('',*,*,#7953,.F.);
#7953 = EDGE_CURVE('',#7954,#7954,#7956,.T.);
#7954 = VERTEX_POINT('',#7955);
#7955 = CARTESIAN_POINT('',(174.4,-107.525,0.));
#7956 = CIRCLE('',#7957,1.1);
#7957 = AXIS2_PLACEMENT_3D('',#7958,#7959,#7960);
#7958 = CARTESIAN_POINT('',(173.3,-107.525,0.));
#7959 = DIRECTION('',(0.,0.,1.));
#7960 = DIRECTION('',(1.,0.,-0.));
#7961 = FACE_BOUND('',#7962,.F.);
#7962 = EDGE_LOOP('',(#7963));
#7963 = ORIENTED_EDGE('',*,*,#7964,.F.);
#7964 = EDGE_CURVE('',#7965,#7965,#7967,.T.);
#7965 = VERTEX_POINT('',#7966);
#7966 = CARTESIAN_POINT('',(179.1,-99.175,0.));
#7967 = CIRCLE('',#7968,0.5);
#7968 = AXIS2_PLACEMENT_3D('',#7969,#7970,#7971);
#7969 = CARTESIAN_POINT('',(178.6,-99.175,0.));
#7970 = DIRECTION('',(0.,0.,1.));
#7971 = DIRECTION('',(1.,0.,-0.));
#7972 = FACE_BOUND('',#7973,.F.);
#7973 = EDGE_LOOP('',(#7974));
#7974 = ORIENTED_EDGE('',*,*,#7975,.F.);
#7975 = EDGE_CURVE('',#7976,#7976,#7978,.T.);
#7976 = VERTEX_POINT('',#7977);
#7977 = CARTESIAN_POINT('',(196.1,-99.175,0.));
#7978 = CIRCLE('',#7979,0.5);
#7979 = AXIS2_PLACEMENT_3D('',#7980,#7981,#7982);
#7980 = CARTESIAN_POINT('',(195.6,-99.175,0.));
#7981 = DIRECTION('',(0.,0.,1.));
#7982 = DIRECTION('',(1.,0.,-0.));
#7983 = FACE_BOUND('',#7984,.F.);
#7984 = EDGE_LOOP('',(#7985));
#7985 = ORIENTED_EDGE('',*,*,#7986,.F.);
#7986 = EDGE_CURVE('',#7987,#7987,#7989,.T.);
#7987 = VERTEX_POINT('',#7988);
#7988 = CARTESIAN_POINT('',(190.8,-93.675,0.));
#7989 = CIRCLE('',#7990,0.6);
#7990 = AXIS2_PLACEMENT_3D('',#7991,#7992,#7993);
#7991 = CARTESIAN_POINT('',(190.2,-93.675,0.));
#7992 = DIRECTION('',(0.,0.,1.));
#7993 = DIRECTION('',(1.,0.,-0.));
#7994 = FACE_BOUND('',#7995,.F.);
#7995 = EDGE_LOOP('',(#7996));
#7996 = ORIENTED_EDGE('',*,*,#7997,.F.);
#7997 = EDGE_CURVE('',#7998,#7998,#8000,.T.);
#7998 = VERTEX_POINT('',#7999);
#7999 = CARTESIAN_POINT('',(213.1,-99.175,0.));
#8000 = CIRCLE('',#8001,0.5);
#8001 = AXIS2_PLACEMENT_3D('',#8002,#8003,#8004);
#8002 = CARTESIAN_POINT('',(212.6,-99.175,0.));
#8003 = DIRECTION('',(0.,0.,1.));
#8004 = DIRECTION('',(1.,0.,-0.));
#8005 = FACE_BOUND('',#8006,.F.);
#8006 = EDGE_LOOP('',(#8007));
#8007 = ORIENTED_EDGE('',*,*,#8008,.F.);
#8008 = EDGE_CURVE('',#8009,#8009,#8011,.T.);
#8009 = VERTEX_POINT('',#8010);
#8010 = CARTESIAN_POINT('',(207.8,-93.675,0.));
#8011 = CIRCLE('',#8012,0.6);
#8012 = AXIS2_PLACEMENT_3D('',#8013,#8014,#8015);
#8013 = CARTESIAN_POINT('',(207.2,-93.675,0.));
#8014 = DIRECTION('',(0.,0.,1.));
#8015 = DIRECTION('',(1.,0.,-0.));
#8016 = FACE_BOUND('',#8017,.F.);
#8017 = EDGE_LOOP('',(#8018));
#8018 = ORIENTED_EDGE('',*,*,#8019,.F.);
#8019 = EDGE_CURVE('',#8020,#8020,#8022,.T.);
#8020 = VERTEX_POINT('',#8021);
#8021 = CARTESIAN_POINT('',(224.8,-93.675,0.));
#8022 = CIRCLE('',#8023,0.6);
#8023 = AXIS2_PLACEMENT_3D('',#8024,#8025,#8026);
#8024 = CARTESIAN_POINT('',(224.2,-93.675,0.));
#8025 = DIRECTION('',(0.,0.,1.));
#8026 = DIRECTION('',(1.,0.,-0.));
#8027 = FACE_BOUND('',#8028,.F.);
#8028 = EDGE_LOOP('',(#8029));
#8029 = ORIENTED_EDGE('',*,*,#8030,.F.);
#8030 = EDGE_CURVE('',#8031,#8031,#8033,.T.);
#8031 = VERTEX_POINT('',#8032);
#8032 = CARTESIAN_POINT('',(179.1,-82.175,0.));
#8033 = CIRCLE('',#8034,0.5);
#8034 = AXIS2_PLACEMENT_3D('',#8035,#8036,#8037);
#8035 = CARTESIAN_POINT('',(178.6,-82.175,0.));
#8036 = DIRECTION('',(0.,0.,1.));
#8037 = DIRECTION('',(1.,0.,-0.));
#8038 = FACE_BOUND('',#8039,.F.);
#8039 = EDGE_LOOP('',(#8040));
#8040 = ORIENTED_EDGE('',*,*,#8041,.F.);
#8041 = EDGE_CURVE('',#8042,#8042,#8044,.T.);
#8042 = VERTEX_POINT('',#8043);
#8043 = CARTESIAN_POINT('',(196.1,-82.175,0.));
#8044 = CIRCLE('',#8045,0.5);
#8045 = AXIS2_PLACEMENT_3D('',#8046,#8047,#8048);
#8046 = CARTESIAN_POINT('',(195.6,-82.175,0.));
#8047 = DIRECTION('',(0.,0.,1.));
#8048 = DIRECTION('',(1.,0.,-0.));
#8049 = FACE_BOUND('',#8050,.F.);
#8050 = EDGE_LOOP('',(#8051));
#8051 = ORIENTED_EDGE('',*,*,#8052,.F.);
#8052 = EDGE_CURVE('',#8053,#8053,#8055,.T.);
#8053 = VERTEX_POINT('',#8054);
#8054 = CARTESIAN_POINT('',(190.8,-76.675,0.));
#8055 = CIRCLE('',#8056,0.6);
#8056 = AXIS2_PLACEMENT_3D('',#8057,#8058,#8059);
#8057 = CARTESIAN_POINT('',(190.2,-76.675,0.));
#8058 = DIRECTION('',(0.,0.,1.));
#8059 = DIRECTION('',(1.,0.,-0.));
#8060 = FACE_BOUND('',#8061,.F.);
#8061 = EDGE_LOOP('',(#8062));
#8062 = ORIENTED_EDGE('',*,*,#8063,.F.);
#8063 = EDGE_CURVE('',#8064,#8064,#8066,.T.);
#8064 = VERTEX_POINT('',#8065);
#8065 = CARTESIAN_POINT('',(179.1,-65.175,0.));
#8066 = CIRCLE('',#8067,0.5);
#8067 = AXIS2_PLACEMENT_3D('',#8068,#8069,#8070);
#8068 = CARTESIAN_POINT('',(178.6,-65.175,0.));
#8069 = DIRECTION('',(0.,0.,1.));
#8070 = DIRECTION('',(1.,0.,-0.));
#8071 = FACE_BOUND('',#8072,.F.);
#8072 = EDGE_LOOP('',(#8073));
#8073 = ORIENTED_EDGE('',*,*,#8074,.F.);
#8074 = EDGE_CURVE('',#8075,#8075,#8077,.T.);
#8075 = VERTEX_POINT('',#8076);
#8076 = CARTESIAN_POINT('',(196.1,-65.175,0.));
#8077 = CIRCLE('',#8078,0.5);
#8078 = AXIS2_PLACEMENT_3D('',#8079,#8080,#8081);
#8079 = CARTESIAN_POINT('',(195.6,-65.175,0.));
#8080 = DIRECTION('',(0.,0.,1.));
#8081 = DIRECTION('',(1.,0.,-0.));
#8082 = FACE_BOUND('',#8083,.F.);
#8083 = EDGE_LOOP('',(#8084));
#8084 = ORIENTED_EDGE('',*,*,#8085,.F.);
#8085 = EDGE_CURVE('',#8086,#8086,#8088,.T.);
#8086 = VERTEX_POINT('',#8087);
#8087 = CARTESIAN_POINT('',(213.1,-82.175,0.));
#8088 = CIRCLE('',#8089,0.5);
#8089 = AXIS2_PLACEMENT_3D('',#8090,#8091,#8092);
#8090 = CARTESIAN_POINT('',(212.6,-82.175,0.));
#8091 = DIRECTION('',(0.,0.,1.));
#8092 = DIRECTION('',(1.,0.,-0.));
#8093 = FACE_BOUND('',#8094,.F.);
#8094 = EDGE_LOOP('',(#8095));
#8095 = ORIENTED_EDGE('',*,*,#8096,.F.);
#8096 = EDGE_CURVE('',#8097,#8097,#8099,.T.);
#8097 = VERTEX_POINT('',#8098);
#8098 = CARTESIAN_POINT('',(207.8,-76.675,0.));
#8099 = CIRCLE('',#8100,0.6);
#8100 = AXIS2_PLACEMENT_3D('',#8101,#8102,#8103);
#8101 = CARTESIAN_POINT('',(207.2,-76.675,0.));
#8102 = DIRECTION('',(0.,0.,1.));
#8103 = DIRECTION('',(1.,0.,-0.));
#8104 = FACE_BOUND('',#8105,.F.);
#8105 = EDGE_LOOP('',(#8106));
#8106 = ORIENTED_EDGE('',*,*,#8107,.F.);
#8107 = EDGE_CURVE('',#8108,#8108,#8110,.T.);
#8108 = VERTEX_POINT('',#8109);
#8109 = CARTESIAN_POINT('',(224.8,-76.675,0.));
#8110 = CIRCLE('',#8111,0.6);
#8111 = AXIS2_PLACEMENT_3D('',#8112,#8113,#8114);
#8112 = CARTESIAN_POINT('',(224.2,-76.675,0.));
#8113 = DIRECTION('',(0.,0.,1.));
#8114 = DIRECTION('',(1.,0.,-0.));
#8115 = FACE_BOUND('',#8116,.F.);
#8116 = EDGE_LOOP('',(#8117));
#8117 = ORIENTED_EDGE('',*,*,#8118,.F.);
#8118 = EDGE_CURVE('',#8119,#8119,#8121,.T.);
#8119 = VERTEX_POINT('',#8120);
#8120 = CARTESIAN_POINT('',(213.1,-65.175,0.));
#8121 = CIRCLE('',#8122,0.5);
#8122 = AXIS2_PLACEMENT_3D('',#8123,#8124,#8125);
#8123 = CARTESIAN_POINT('',(212.6,-65.175,0.));
#8124 = DIRECTION('',(0.,0.,1.));
#8125 = DIRECTION('',(1.,0.,-0.));
#8126 = FACE_BOUND('',#8127,.F.);
#8127 = EDGE_LOOP('',(#8128));
#8128 = ORIENTED_EDGE('',*,*,#8129,.F.);
#8129 = EDGE_CURVE('',#8130,#8130,#8132,.T.);
#8130 = VERTEX_POINT('',#8131);
#8131 = CARTESIAN_POINT('',(230.1,-99.175,0.));
#8132 = CIRCLE('',#8133,0.5);
#8133 = AXIS2_PLACEMENT_3D('',#8134,#8135,#8136);
#8134 = CARTESIAN_POINT('',(229.6,-99.175,0.));
#8135 = DIRECTION('',(0.,0.,1.));
#8136 = DIRECTION('',(1.,0.,-0.));
#8137 = FACE_BOUND('',#8138,.F.);
#8138 = EDGE_LOOP('',(#8139));
#8139 = ORIENTED_EDGE('',*,*,#8140,.F.);
#8140 = EDGE_CURVE('',#8141,#8141,#8143,.T.);
#8141 = VERTEX_POINT('',#8142);
#8142 = CARTESIAN_POINT('',(247.1,-99.175,0.));
#8143 = CIRCLE('',#8144,0.5);
#8144 = AXIS2_PLACEMENT_3D('',#8145,#8146,#8147);
#8145 = CARTESIAN_POINT('',(246.6,-99.175,0.));
#8146 = DIRECTION('',(0.,0.,1.));
#8147 = DIRECTION('',(1.,0.,-0.));
#8148 = FACE_BOUND('',#8149,.F.);
#8149 = EDGE_LOOP('',(#8150));
#8150 = ORIENTED_EDGE('',*,*,#8151,.F.);
#8151 = EDGE_CURVE('',#8152,#8152,#8154,.T.);
#8152 = VERTEX_POINT('',#8153);
#8153 = CARTESIAN_POINT('',(241.8,-93.675,0.));
#8154 = CIRCLE('',#8155,0.6);
#8155 = AXIS2_PLACEMENT_3D('',#8156,#8157,#8158);
#8156 = CARTESIAN_POINT('',(241.2,-93.675,0.));
#8157 = DIRECTION('',(0.,0.,1.));
#8158 = DIRECTION('',(1.,0.,-0.));
#8159 = FACE_BOUND('',#8160,.F.);
#8160 = EDGE_LOOP('',(#8161));
#8161 = ORIENTED_EDGE('',*,*,#8162,.F.);
#8162 = EDGE_CURVE('',#8163,#8163,#8165,.T.);
#8163 = VERTEX_POINT('',#8164);
#8164 = CARTESIAN_POINT('',(264.1,-99.175,0.));
#8165 = CIRCLE('',#8166,0.5);
#8166 = AXIS2_PLACEMENT_3D('',#8167,#8168,#8169);
#8167 = CARTESIAN_POINT('',(263.6,-99.175,0.));
#8168 = DIRECTION('',(0.,0.,1.));
#8169 = DIRECTION('',(1.,0.,-0.));
#8170 = FACE_BOUND('',#8171,.F.);
#8171 = EDGE_LOOP('',(#8172));
#8172 = ORIENTED_EDGE('',*,*,#8173,.F.);
#8173 = EDGE_CURVE('',#8174,#8174,#8176,.T.);
#8174 = VERTEX_POINT('',#8175);
#8175 = CARTESIAN_POINT('',(281.6,-107.525,0.));
#8176 = CIRCLE('',#8177,1.1);
#8177 = AXIS2_PLACEMENT_3D('',#8178,#8179,#8180);
#8178 = CARTESIAN_POINT('',(280.5,-107.525,0.));
#8179 = DIRECTION('',(0.,0.,1.));
#8180 = DIRECTION('',(1.,0.,-0.));
#8181 = FACE_BOUND('',#8182,.F.);
#8182 = EDGE_LOOP('',(#8183));
#8183 = ORIENTED_EDGE('',*,*,#8184,.F.);
#8184 = EDGE_CURVE('',#8185,#8185,#8187,.T.);
#8185 = VERTEX_POINT('',#8186);
#8186 = CARTESIAN_POINT('',(258.8,-93.675,0.));
#8187 = CIRCLE('',#8188,0.6);
#8188 = AXIS2_PLACEMENT_3D('',#8189,#8190,#8191);
#8189 = CARTESIAN_POINT('',(258.2,-93.675,0.));
#8190 = DIRECTION('',(0.,0.,1.));
#8191 = DIRECTION('',(1.,0.,-0.));
#8192 = FACE_BOUND('',#8193,.F.);
#8193 = EDGE_LOOP('',(#8194));
#8194 = ORIENTED_EDGE('',*,*,#8195,.F.);
#8195 = EDGE_CURVE('',#8196,#8196,#8198,.T.);
#8196 = VERTEX_POINT('',#8197);
#8197 = CARTESIAN_POINT('',(275.8,-93.675,0.));
#8198 = CIRCLE('',#8199,0.6);
#8199 = AXIS2_PLACEMENT_3D('',#8200,#8201,#8202);
#8200 = CARTESIAN_POINT('',(275.2,-93.675,0.));
#8201 = DIRECTION('',(0.,0.,1.));
#8202 = DIRECTION('',(1.,0.,-0.));
#8203 = FACE_BOUND('',#8204,.F.);
#8204 = EDGE_LOOP('',(#8205));
#8205 = ORIENTED_EDGE('',*,*,#8206,.F.);
#8206 = EDGE_CURVE('',#8207,#8207,#8209,.T.);
#8207 = VERTEX_POINT('',#8208);
#8208 = CARTESIAN_POINT('',(230.1,-82.175,0.));
#8209 = CIRCLE('',#8210,0.5);
#8210 = AXIS2_PLACEMENT_3D('',#8211,#8212,#8213);
#8211 = CARTESIAN_POINT('',(229.6,-82.175,0.));
#8212 = DIRECTION('',(0.,0.,1.));
#8213 = DIRECTION('',(1.,0.,-0.));
#8214 = FACE_BOUND('',#8215,.F.);
#8215 = EDGE_LOOP('',(#8216));
#8216 = ORIENTED_EDGE('',*,*,#8217,.F.);
#8217 = EDGE_CURVE('',#8218,#8218,#8220,.T.);
#8218 = VERTEX_POINT('',#8219);
#8219 = CARTESIAN_POINT('',(247.1,-82.175,0.));
#8220 = CIRCLE('',#8221,0.5);
#8221 = AXIS2_PLACEMENT_3D('',#8222,#8223,#8224);
#8222 = CARTESIAN_POINT('',(246.6,-82.175,0.));
#8223 = DIRECTION('',(0.,0.,1.));
#8224 = DIRECTION('',(1.,0.,-0.));
#8225 = FACE_BOUND('',#8226,.F.);
#8226 = EDGE_LOOP('',(#8227));
#8227 = ORIENTED_EDGE('',*,*,#8228,.F.);
#8228 = EDGE_CURVE('',#8229,#8229,#8231,.T.);
#8229 = VERTEX_POINT('',#8230);
#8230 = CARTESIAN_POINT('',(241.8,-76.675,0.));
#8231 = CIRCLE('',#8232,0.6);
#8232 = AXIS2_PLACEMENT_3D('',#8233,#8234,#8235);
#8233 = CARTESIAN_POINT('',(241.2,-76.675,0.));
#8234 = DIRECTION('',(0.,0.,1.));
#8235 = DIRECTION('',(1.,0.,-0.));
#8236 = FACE_BOUND('',#8237,.F.);
#8237 = EDGE_LOOP('',(#8238));
#8238 = ORIENTED_EDGE('',*,*,#8239,.F.);
#8239 = EDGE_CURVE('',#8240,#8240,#8242,.T.);
#8240 = VERTEX_POINT('',#8241);
#8241 = CARTESIAN_POINT('',(230.1,-65.175,0.));
#8242 = CIRCLE('',#8243,0.5);
#8243 = AXIS2_PLACEMENT_3D('',#8244,#8245,#8246);
#8244 = CARTESIAN_POINT('',(229.6,-65.175,0.));
#8245 = DIRECTION('',(0.,0.,1.));
#8246 = DIRECTION('',(1.,0.,-0.));
#8247 = FACE_BOUND('',#8248,.F.);
#8248 = EDGE_LOOP('',(#8249));
#8249 = ORIENTED_EDGE('',*,*,#8250,.F.);
#8250 = EDGE_CURVE('',#8251,#8251,#8253,.T.);
#8251 = VERTEX_POINT('',#8252);
#8252 = CARTESIAN_POINT('',(247.1,-65.175,0.));
#8253 = CIRCLE('',#8254,0.5);
#8254 = AXIS2_PLACEMENT_3D('',#8255,#8256,#8257);
#8255 = CARTESIAN_POINT('',(246.6,-65.175,0.));
#8256 = DIRECTION('',(0.,0.,1.));
#8257 = DIRECTION('',(1.,0.,-0.));
#8258 = FACE_BOUND('',#8259,.F.);
#8259 = EDGE_LOOP('',(#8260));
#8260 = ORIENTED_EDGE('',*,*,#8261,.F.);
#8261 = EDGE_CURVE('',#8262,#8262,#8264,.T.);
#8262 = VERTEX_POINT('',#8263);
#8263 = CARTESIAN_POINT('',(264.1,-82.175,0.));
#8264 = CIRCLE('',#8265,0.5);
#8265 = AXIS2_PLACEMENT_3D('',#8266,#8267,#8268);
#8266 = CARTESIAN_POINT('',(263.6,-82.175,0.));
#8267 = DIRECTION('',(0.,0.,1.));
#8268 = DIRECTION('',(1.,0.,-0.));
#8269 = FACE_BOUND('',#8270,.F.);
#8270 = EDGE_LOOP('',(#8271));
#8271 = ORIENTED_EDGE('',*,*,#8272,.F.);
#8272 = EDGE_CURVE('',#8273,#8273,#8275,.T.);
#8273 = VERTEX_POINT('',#8274);
#8274 = CARTESIAN_POINT('',(258.8,-76.675,0.));
#8275 = CIRCLE('',#8276,0.6);
#8276 = AXIS2_PLACEMENT_3D('',#8277,#8278,#8279);
#8277 = CARTESIAN_POINT('',(258.2,-76.675,0.));
#8278 = DIRECTION('',(0.,0.,1.));
#8279 = DIRECTION('',(1.,0.,-0.));
#8280 = FACE_BOUND('',#8281,.F.);
#8281 = EDGE_LOOP('',(#8282));
#8282 = ORIENTED_EDGE('',*,*,#8283,.F.);
#8283 = EDGE_CURVE('',#8284,#8284,#8286,.T.);
#8284 = VERTEX_POINT('',#8285);
#8285 = CARTESIAN_POINT('',(275.8,-76.675,0.));
#8286 = CIRCLE('',#8287,0.6);
#8287 = AXIS2_PLACEMENT_3D('',#8288,#8289,#8290);
#8288 = CARTESIAN_POINT('',(275.2,-76.675,0.));
#8289 = DIRECTION('',(0.,0.,1.));
#8290 = DIRECTION('',(1.,0.,-0.));
#8291 = FACE_BOUND('',#8292,.F.);
#8292 = EDGE_LOOP('',(#8293));
#8293 = ORIENTED_EDGE('',*,*,#8294,.F.);
#8294 = EDGE_CURVE('',#8295,#8295,#8297,.T.);
#8295 = VERTEX_POINT('',#8296);
#8296 = CARTESIAN_POINT('',(264.1,-65.175,0.));
#8297 = CIRCLE('',#8298,0.5);
#8298 = AXIS2_PLACEMENT_3D('',#8299,#8300,#8301);
#8299 = CARTESIAN_POINT('',(263.6,-65.175,0.));
#8300 = DIRECTION('',(0.,0.,1.));
#8301 = DIRECTION('',(1.,0.,-0.));
#8302 = FACE_BOUND('',#8303,.F.);
#8303 = EDGE_LOOP('',(#8304));
#8304 = ORIENTED_EDGE('',*,*,#8305,.F.);
#8305 = EDGE_CURVE('',#8306,#8306,#8308,.T.);
#8306 = VERTEX_POINT('',#8307);
#8307 = CARTESIAN_POINT('',(190.8,-59.675,0.));
#8308 = CIRCLE('',#8309,0.6);
#8309 = AXIS2_PLACEMENT_3D('',#8310,#8311,#8312);
#8310 = CARTESIAN_POINT('',(190.2,-59.675,0.));
#8311 = DIRECTION('',(0.,0.,1.));
#8312 = DIRECTION('',(1.,0.,-0.));
#8313 = FACE_BOUND('',#8314,.F.);
#8314 = EDGE_LOOP('',(#8315));
#8315 = ORIENTED_EDGE('',*,*,#8316,.F.);
#8316 = EDGE_CURVE('',#8317,#8317,#8319,.T.);
#8317 = VERTEX_POINT('',#8318);
#8318 = CARTESIAN_POINT('',(179.1,-48.175,0.));
#8319 = CIRCLE('',#8320,0.5);
#8320 = AXIS2_PLACEMENT_3D('',#8321,#8322,#8323);
#8321 = CARTESIAN_POINT('',(178.6,-48.175,0.));
#8322 = DIRECTION('',(0.,0.,1.));
#8323 = DIRECTION('',(1.,0.,-0.));
#8324 = FACE_BOUND('',#8325,.F.);
#8325 = EDGE_LOOP('',(#8326));
#8326 = ORIENTED_EDGE('',*,*,#8327,.F.);
#8327 = EDGE_CURVE('',#8328,#8328,#8330,.T.);
#8328 = VERTEX_POINT('',#8329);
#8329 = CARTESIAN_POINT('',(196.1,-48.175,0.));
#8330 = CIRCLE('',#8331,0.5);
#8331 = AXIS2_PLACEMENT_3D('',#8332,#8333,#8334);
#8332 = CARTESIAN_POINT('',(195.6,-48.175,0.));
#8333 = DIRECTION('',(0.,0.,1.));
#8334 = DIRECTION('',(1.,0.,-0.));
#8335 = FACE_BOUND('',#8336,.F.);
#8336 = EDGE_LOOP('',(#8337));
#8337 = ORIENTED_EDGE('',*,*,#8338,.F.);
#8338 = EDGE_CURVE('',#8339,#8339,#8341,.T.);
#8339 = VERTEX_POINT('',#8340);
#8340 = CARTESIAN_POINT('',(190.8,-42.675,0.));
#8341 = CIRCLE('',#8342,0.6);
#8342 = AXIS2_PLACEMENT_3D('',#8343,#8344,#8345);
#8343 = CARTESIAN_POINT('',(190.2,-42.675,0.));
#8344 = DIRECTION('',(0.,0.,1.));
#8345 = DIRECTION('',(1.,0.,-0.));
#8346 = FACE_BOUND('',#8347,.F.);
#8347 = EDGE_LOOP('',(#8348));
#8348 = ORIENTED_EDGE('',*,*,#8349,.F.);
#8349 = EDGE_CURVE('',#8350,#8350,#8352,.T.);
#8350 = VERTEX_POINT('',#8351);
#8351 = CARTESIAN_POINT('',(207.8,-59.675,0.));
#8352 = CIRCLE('',#8353,0.6);
#8353 = AXIS2_PLACEMENT_3D('',#8354,#8355,#8356);
#8354 = CARTESIAN_POINT('',(207.2,-59.675,0.));
#8355 = DIRECTION('',(0.,0.,1.));
#8356 = DIRECTION('',(1.,0.,-0.));
#8357 = FACE_BOUND('',#8358,.F.);
#8358 = EDGE_LOOP('',(#8359));
#8359 = ORIENTED_EDGE('',*,*,#8360,.F.);
#8360 = EDGE_CURVE('',#8361,#8361,#8363,.T.);
#8361 = VERTEX_POINT('',#8362);
#8362 = CARTESIAN_POINT('',(224.8,-59.675,0.));
#8363 = CIRCLE('',#8364,0.6);
#8364 = AXIS2_PLACEMENT_3D('',#8365,#8366,#8367);
#8365 = CARTESIAN_POINT('',(224.2,-59.675,0.));
#8366 = DIRECTION('',(0.,0.,1.));
#8367 = DIRECTION('',(1.,0.,-0.));
#8368 = FACE_BOUND('',#8369,.F.);
#8369 = EDGE_LOOP('',(#8370));
#8370 = ORIENTED_EDGE('',*,*,#8371,.F.);
#8371 = EDGE_CURVE('',#8372,#8372,#8374,.T.);
#8372 = VERTEX_POINT('',#8373);
#8373 = CARTESIAN_POINT('',(213.1,-48.175,0.));
#8374 = CIRCLE('',#8375,0.5);
#8375 = AXIS2_PLACEMENT_3D('',#8376,#8377,#8378);
#8376 = CARTESIAN_POINT('',(212.6,-48.175,0.));
#8377 = DIRECTION('',(0.,0.,1.));
#8378 = DIRECTION('',(1.,0.,-0.));
#8379 = FACE_BOUND('',#8380,.F.);
#8380 = EDGE_LOOP('',(#8381));
#8381 = ORIENTED_EDGE('',*,*,#8382,.F.);
#8382 = EDGE_CURVE('',#8383,#8383,#8385,.T.);
#8383 = VERTEX_POINT('',#8384);
#8384 = CARTESIAN_POINT('',(207.8,-42.675,0.));
#8385 = CIRCLE('',#8386,0.6);
#8386 = AXIS2_PLACEMENT_3D('',#8387,#8388,#8389);
#8387 = CARTESIAN_POINT('',(207.2,-42.675,0.));
#8388 = DIRECTION('',(0.,0.,1.));
#8389 = DIRECTION('',(1.,0.,-0.));
#8390 = FACE_BOUND('',#8391,.F.);
#8391 = EDGE_LOOP('',(#8392));
#8392 = ORIENTED_EDGE('',*,*,#8393,.F.);
#8393 = EDGE_CURVE('',#8394,#8394,#8396,.T.);
#8394 = VERTEX_POINT('',#8395);
#8395 = CARTESIAN_POINT('',(224.8,-42.675,0.));
#8396 = CIRCLE('',#8397,0.6);
#8397 = AXIS2_PLACEMENT_3D('',#8398,#8399,#8400);
#8398 = CARTESIAN_POINT('',(224.2,-42.675,0.));
#8399 = DIRECTION('',(0.,0.,1.));
#8400 = DIRECTION('',(1.,0.,-0.));
#8401 = FACE_BOUND('',#8402,.F.);
#8402 = EDGE_LOOP('',(#8403));
#8403 = ORIENTED_EDGE('',*,*,#8404,.F.);
#8404 = EDGE_CURVE('',#8405,#8405,#8407,.T.);
#8405 = VERTEX_POINT('',#8406);
#8406 = CARTESIAN_POINT('',(174.4,-15.125,0.));
#8407 = CIRCLE('',#8408,1.1);
#8408 = AXIS2_PLACEMENT_3D('',#8409,#8410,#8411);
#8409 = CARTESIAN_POINT('',(173.3,-15.125,0.));
#8410 = DIRECTION('',(0.,0.,1.));
#8411 = DIRECTION('',(1.,0.,-0.));
#8412 = FACE_BOUND('',#8413,.F.);
#8413 = EDGE_LOOP('',(#8414));
#8414 = ORIENTED_EDGE('',*,*,#8415,.F.);
#8415 = EDGE_CURVE('',#8416,#8416,#8418,.T.);
#8416 = VERTEX_POINT('',#8417);
#8417 = CARTESIAN_POINT('',(241.8,-59.675,0.));
#8418 = CIRCLE('',#8419,0.6);
#8419 = AXIS2_PLACEMENT_3D('',#8420,#8421,#8422);
#8420 = CARTESIAN_POINT('',(241.2,-59.675,0.));
#8421 = DIRECTION('',(0.,0.,1.));
#8422 = DIRECTION('',(1.,0.,-0.));
#8423 = FACE_BOUND('',#8424,.F.);
#8424 = EDGE_LOOP('',(#8425));
#8425 = ORIENTED_EDGE('',*,*,#8426,.F.);
#8426 = EDGE_CURVE('',#8427,#8427,#8429,.T.);
#8427 = VERTEX_POINT('',#8428);
#8428 = CARTESIAN_POINT('',(230.1,-48.175,0.));
#8429 = CIRCLE('',#8430,0.5);
#8430 = AXIS2_PLACEMENT_3D('',#8431,#8432,#8433);
#8431 = CARTESIAN_POINT('',(229.6,-48.175,0.));
#8432 = DIRECTION('',(0.,0.,1.));
#8433 = DIRECTION('',(1.,0.,-0.));
#8434 = FACE_BOUND('',#8435,.F.);
#8435 = EDGE_LOOP('',(#8436));
#8436 = ORIENTED_EDGE('',*,*,#8437,.F.);
#8437 = EDGE_CURVE('',#8438,#8438,#8440,.T.);
#8438 = VERTEX_POINT('',#8439);
#8439 = CARTESIAN_POINT('',(247.1,-48.175,0.));
#8440 = CIRCLE('',#8441,0.5);
#8441 = AXIS2_PLACEMENT_3D('',#8442,#8443,#8444);
#8442 = CARTESIAN_POINT('',(246.6,-48.175,0.));
#8443 = DIRECTION('',(0.,0.,1.));
#8444 = DIRECTION('',(1.,0.,-0.));
#8445 = FACE_BOUND('',#8446,.F.);
#8446 = EDGE_LOOP('',(#8447));
#8447 = ORIENTED_EDGE('',*,*,#8448,.F.);
#8448 = EDGE_CURVE('',#8449,#8449,#8451,.T.);
#8449 = VERTEX_POINT('',#8450);
#8450 = CARTESIAN_POINT('',(241.8,-42.675,0.));
#8451 = CIRCLE('',#8452,0.6);
#8452 = AXIS2_PLACEMENT_3D('',#8453,#8454,#8455);
#8453 = CARTESIAN_POINT('',(241.2,-42.675,0.));
#8454 = DIRECTION('',(0.,0.,1.));
#8455 = DIRECTION('',(1.,0.,-0.));
#8456 = FACE_BOUND('',#8457,.F.);
#8457 = EDGE_LOOP('',(#8458));
#8458 = ORIENTED_EDGE('',*,*,#8459,.F.);
#8459 = EDGE_CURVE('',#8460,#8460,#8462,.T.);
#8460 = VERTEX_POINT('',#8461);
#8461 = CARTESIAN_POINT('',(258.8,-59.675,0.));
#8462 = CIRCLE('',#8463,0.6);
#8463 = AXIS2_PLACEMENT_3D('',#8464,#8465,#8466);
#8464 = CARTESIAN_POINT('',(258.2,-59.675,0.));
#8465 = DIRECTION('',(0.,0.,1.));
#8466 = DIRECTION('',(1.,0.,-0.));
#8467 = FACE_BOUND('',#8468,.F.);
#8468 = EDGE_LOOP('',(#8469));
#8469 = ORIENTED_EDGE('',*,*,#8470,.F.);
#8470 = EDGE_CURVE('',#8471,#8471,#8473,.T.);
#8471 = VERTEX_POINT('',#8472);
#8472 = CARTESIAN_POINT('',(275.8,-59.675,0.));
#8473 = CIRCLE('',#8474,0.6);
#8474 = AXIS2_PLACEMENT_3D('',#8475,#8476,#8477);
#8475 = CARTESIAN_POINT('',(275.2,-59.675,0.));
#8476 = DIRECTION('',(0.,0.,1.));
#8477 = DIRECTION('',(1.,0.,-0.));
#8478 = FACE_BOUND('',#8479,.F.);
#8479 = EDGE_LOOP('',(#8480));
#8480 = ORIENTED_EDGE('',*,*,#8481,.F.);
#8481 = EDGE_CURVE('',#8482,#8482,#8484,.T.);
#8482 = VERTEX_POINT('',#8483);
#8483 = CARTESIAN_POINT('',(264.1,-48.175,0.));
#8484 = CIRCLE('',#8485,0.5);
#8485 = AXIS2_PLACEMENT_3D('',#8486,#8487,#8488);
#8486 = CARTESIAN_POINT('',(263.6,-48.175,0.));
#8487 = DIRECTION('',(0.,0.,1.));
#8488 = DIRECTION('',(1.,0.,-0.));
#8489 = FACE_BOUND('',#8490,.F.);
#8490 = EDGE_LOOP('',(#8491));
#8491 = ORIENTED_EDGE('',*,*,#8492,.F.);
#8492 = EDGE_CURVE('',#8493,#8493,#8495,.T.);
#8493 = VERTEX_POINT('',#8494);
#8494 = CARTESIAN_POINT('',(258.8,-42.675,0.));
#8495 = CIRCLE('',#8496,0.6);
#8496 = AXIS2_PLACEMENT_3D('',#8497,#8498,#8499);
#8497 = CARTESIAN_POINT('',(258.2,-42.675,0.));
#8498 = DIRECTION('',(0.,0.,1.));
#8499 = DIRECTION('',(1.,0.,-0.));
#8500 = FACE_BOUND('',#8501,.F.);
#8501 = EDGE_LOOP('',(#8502));
#8502 = ORIENTED_EDGE('',*,*,#8503,.F.);
#8503 = EDGE_CURVE('',#8504,#8504,#8506,.T.);
#8504 = VERTEX_POINT('',#8505);
#8505 = CARTESIAN_POINT('',(275.8,-42.675,0.));
#8506 = CIRCLE('',#8507,0.6);
#8507 = AXIS2_PLACEMENT_3D('',#8508,#8509,#8510);
#8508 = CARTESIAN_POINT('',(275.2,-42.675,0.));
#8509 = DIRECTION('',(0.,0.,1.));
#8510 = DIRECTION('',(1.,0.,-0.));
#8511 = FACE_BOUND('',#8512,.F.);
#8512 = EDGE_LOOP('',(#8513));
#8513 = ORIENTED_EDGE('',*,*,#8514,.T.);
#8514 = EDGE_CURVE('',#8515,#8515,#8517,.T.);
#8515 = VERTEX_POINT('',#8516);
#8516 = CARTESIAN_POINT('',(243.475,-15.1825,0.));
#8517 = CIRCLE('',#8518,0.45);
#8518 = AXIS2_PLACEMENT_3D('',#8519,#8520,#8521);
#8519 = CARTESIAN_POINT('',(243.475,-14.7325,0.));
#8520 = DIRECTION('',(-0.,0.,-1.));
#8521 = DIRECTION('',(-6.315935428979E-14,-1.,0.));
#8522 = FACE_BOUND('',#8523,.F.);
#8523 = EDGE_LOOP('',(#8524));
#8524 = ORIENTED_EDGE('',*,*,#8525,.T.);
#8525 = EDGE_CURVE('',#8526,#8526,#8528,.T.);
#8526 = VERTEX_POINT('',#8527);
#8527 = CARTESIAN_POINT('',(246.475,-15.1825,0.));
#8528 = CIRCLE('',#8529,0.45);
#8529 = AXIS2_PLACEMENT_3D('',#8530,#8531,#8532);
#8530 = CARTESIAN_POINT('',(246.475,-14.7325,0.));
#8531 = DIRECTION('',(-0.,0.,-1.));
#8532 = DIRECTION('',(-6.315935428979E-14,-1.,0.));
#8533 = FACE_BOUND('',#8534,.F.);
#8534 = EDGE_LOOP('',(#8535,#8545,#8553,#8561,#8569,#8577,#8586,#8595,
    #8603,#8611,#8619,#8628));
#8535 = ORIENTED_EDGE('',*,*,#8536,.F.);
#8536 = EDGE_CURVE('',#8537,#8539,#8541,.T.);
#8537 = VERTEX_POINT('',#8538);
#8538 = CARTESIAN_POINT('',(266.9565,-31.401,0.));
#8539 = VERTEX_POINT('',#8540);
#8540 = CARTESIAN_POINT('',(266.95610192467,-32.6750002644,0.));
#8541 = LINE('',#8542,#8543);
#8542 = CARTESIAN_POINT('',(266.9565,-31.401,0.));
#8543 = VECTOR('',#8544,1.);
#8544 = DIRECTION('',(-3.124609271217E-04,-0.999999951184,0.));
#8545 = ORIENTED_EDGE('',*,*,#8546,.F.);
#8546 = EDGE_CURVE('',#8547,#8537,#8549,.T.);
#8547 = VERTEX_POINT('',#8548);
#8548 = CARTESIAN_POINT('',(267.3375,-31.02,0.));
#8549 = LINE('',#8550,#8551);
#8550 = CARTESIAN_POINT('',(267.3375,-31.02,0.));
#8551 = VECTOR('',#8552,1.);
#8552 = DIRECTION('',(-0.707106781187,-0.707106781187,0.));
#8553 = ORIENTED_EDGE('',*,*,#8554,.F.);
#8554 = EDGE_CURVE('',#8555,#8547,#8557,.T.);
#8555 = VERTEX_POINT('',#8556);
#8556 = CARTESIAN_POINT('',(268.9885,-31.02,0.));
#8557 = LINE('',#8558,#8559);
#8558 = CARTESIAN_POINT('',(268.9885,-31.02,0.));
#8559 = VECTOR('',#8560,1.);
#8560 = DIRECTION('',(-1.,0.,0.));
#8561 = ORIENTED_EDGE('',*,*,#8562,.F.);
#8562 = EDGE_CURVE('',#8563,#8555,#8565,.T.);
#8563 = VERTEX_POINT('',#8564);
#8564 = CARTESIAN_POINT('',(269.3695,-31.401,0.));
#8565 = LINE('',#8566,#8567);
#8566 = CARTESIAN_POINT('',(269.3695,-31.401,0.));
#8567 = VECTOR('',#8568,1.);
#8568 = DIRECTION('',(-0.707106781187,0.707106781187,0.));
#8569 = ORIENTED_EDGE('',*,*,#8570,.F.);
#8570 = EDGE_CURVE('',#8571,#8563,#8573,.T.);
#8571 = VERTEX_POINT('',#8572);
#8572 = CARTESIAN_POINT('',(269.3691018879,-32.67511793563,0.));
#8573 = LINE('',#8574,#8575);
#8574 = CARTESIAN_POINT('',(269.369,-33.0012,0.));
#8575 = VECTOR('',#8576,1.);
#8576 = DIRECTION('',(3.124609271217E-04,0.999999951184,0.));
#8577 = ORIENTED_EDGE('',*,*,#8578,.T.);
#8578 = EDGE_CURVE('',#8571,#8579,#8581,.T.);
#8579 = VERTEX_POINT('',#8580);
#8580 = CARTESIAN_POINT('',(269.115,-33.623,0.));
#8581 = CIRCLE('',#8582,0.508);
#8582 = AXIS2_PLACEMENT_3D('',#8583,#8584,#8585);
#8583 = CARTESIAN_POINT('',(269.115,-33.115,0.));
#8584 = DIRECTION('',(-0.,0.,-1.));
#8585 = DIRECTION('',(-0.,-1.,0.));
#8586 = ORIENTED_EDGE('',*,*,#8587,.T.);
#8587 = EDGE_CURVE('',#8579,#8588,#8590,.T.);
#8588 = VERTEX_POINT('',#8589);
#8589 = CARTESIAN_POINT('',(268.83279616806,-33.53740383193,0.));
#8590 = CIRCLE('',#8591,0.508);
#8591 = AXIS2_PLACEMENT_3D('',#8592,#8593,#8594);
#8592 = CARTESIAN_POINT('',(269.115,-33.115,0.));
#8593 = DIRECTION('',(-0.,0.,-1.));
#8594 = DIRECTION('',(-0.,-1.,0.));
#8595 = ORIENTED_EDGE('',*,*,#8596,.F.);
#8596 = EDGE_CURVE('',#8597,#8588,#8599,.T.);
#8597 = VERTEX_POINT('',#8598);
#8598 = CARTESIAN_POINT('',(268.6832,-33.687,0.));
#8599 = LINE('',#8600,#8601);
#8600 = CARTESIAN_POINT('',(268.6832,-33.687,0.));
#8601 = VECTOR('',#8602,1.);
#8602 = DIRECTION('',(0.707106781187,0.707106781187,0.));
#8603 = ORIENTED_EDGE('',*,*,#8604,.F.);
#8604 = EDGE_CURVE('',#8605,#8597,#8607,.T.);
#8605 = VERTEX_POINT('',#8606);
#8606 = CARTESIAN_POINT('',(267.6418,-33.687,0.));
#8607 = LINE('',#8608,#8609);
#8608 = CARTESIAN_POINT('',(267.6418,-33.687,0.));
#8609 = VECTOR('',#8610,1.);
#8610 = DIRECTION('',(1.,0.,0.));
#8611 = ORIENTED_EDGE('',*,*,#8612,.F.);
#8612 = EDGE_CURVE('',#8613,#8605,#8615,.T.);
#8613 = VERTEX_POINT('',#8614);
#8614 = CARTESIAN_POINT('',(267.49220383195,-33.53740383195,0.));
#8615 = LINE('',#8616,#8617);
#8616 = CARTESIAN_POINT('',(266.956,-33.0012,0.));
#8617 = VECTOR('',#8618,1.);
#8618 = DIRECTION('',(0.707106781187,-0.707106781187,0.));
#8619 = ORIENTED_EDGE('',*,*,#8620,.T.);
#8620 = EDGE_CURVE('',#8613,#8621,#8623,.T.);
#8621 = VERTEX_POINT('',#8622);
#8622 = CARTESIAN_POINT('',(267.21,-33.623,0.));
#8623 = CIRCLE('',#8624,0.508);
#8624 = AXIS2_PLACEMENT_3D('',#8625,#8626,#8627);
#8625 = CARTESIAN_POINT('',(267.21,-33.115,0.));
#8626 = DIRECTION('',(-0.,0.,-1.));
#8627 = DIRECTION('',(-1.118964938205E-13,-1.,0.));
#8628 = ORIENTED_EDGE('',*,*,#8629,.T.);
#8629 = EDGE_CURVE('',#8621,#8539,#8630,.T.);
#8630 = CIRCLE('',#8631,0.508);
#8631 = AXIS2_PLACEMENT_3D('',#8632,#8633,#8634);
#8632 = CARTESIAN_POINT('',(267.21,-33.115,0.));
#8633 = DIRECTION('',(-0.,0.,-1.));
#8634 = DIRECTION('',(-1.118964938205E-13,-1.,0.));
#8635 = FACE_BOUND('',#8636,.F.);
#8636 = EDGE_LOOP('',(#8637,#8647,#8655,#8664,#8672,#8680,#8688,#8696,
    #8704,#8712,#8721));
#8637 = ORIENTED_EDGE('',*,*,#8638,.F.);
#8638 = EDGE_CURVE('',#8639,#8641,#8643,.T.);
#8639 = VERTEX_POINT('',#8640);
#8640 = CARTESIAN_POINT('',(258.701,-22.4348,0.));
#8641 = VERTEX_POINT('',#8642);
#8642 = CARTESIAN_POINT('',(258.701,-23.15005909487,0.));
#8643 = LINE('',#8644,#8645);
#8644 = CARTESIAN_POINT('',(258.701,-22.4348,0.));
#8645 = VECTOR('',#8646,1.);
#8646 = DIRECTION('',(0.,-1.,0.));
#8647 = ORIENTED_EDGE('',*,*,#8648,.F.);
#8648 = EDGE_CURVE('',#8649,#8639,#8651,.T.);
#8649 = VERTEX_POINT('',#8650);
#8650 = CARTESIAN_POINT('',(258.94294309972,-22.19285690027,0.));
#8651 = LINE('',#8652,#8653);
#8652 = CARTESIAN_POINT('',(259.3868,-21.749,0.));
#8653 = VECTOR('',#8654,1.);
#8654 = DIRECTION('',(-0.707106781187,-0.707106781187,0.));
#8655 = ORIENTED_EDGE('',*,*,#8656,.T.);
#8656 = EDGE_CURVE('',#8649,#8657,#8659,.T.);
#8657 = VERTEX_POINT('',#8658);
#8658 = CARTESIAN_POINT('',(259.45895237868,-21.749,0.));
#8659 = CIRCLE('',#8660,0.508);
#8660 = AXIS2_PLACEMENT_3D('',#8661,#8662,#8663);
#8661 = CARTESIAN_POINT('',(258.955,-21.685,0.));
#8662 = DIRECTION('',(-0.,0.,-1.));
#8663 = DIRECTION('',(-1.118964938205E-13,-1.,0.));
#8664 = ORIENTED_EDGE('',*,*,#8665,.F.);
#8665 = EDGE_CURVE('',#8666,#8657,#8668,.T.);
#8666 = VERTEX_POINT('',#8667);
#8667 = CARTESIAN_POINT('',(260.987,-21.749,0.));
#8668 = LINE('',#8669,#8670);
#8669 = CARTESIAN_POINT('',(260.987,-21.749,0.));
#8670 = VECTOR('',#8671,1.);
#8671 = DIRECTION('',(-1.,0.,0.));
#8672 = ORIENTED_EDGE('',*,*,#8673,.F.);
#8673 = EDGE_CURVE('',#8674,#8666,#8676,.T.);
#8674 = VERTEX_POINT('',#8675);
#8675 = CARTESIAN_POINT('',(261.368,-22.13,0.));
#8676 = LINE('',#8677,#8678);
#8677 = CARTESIAN_POINT('',(261.368,-22.13,0.));
#8678 = VECTOR('',#8679,1.);
#8679 = DIRECTION('',(-0.707106781187,0.707106781187,0.));
#8680 = ORIENTED_EDGE('',*,*,#8681,.F.);
#8681 = EDGE_CURVE('',#8682,#8674,#8684,.T.);
#8682 = VERTEX_POINT('',#8683);
#8683 = CARTESIAN_POINT('',(261.368,-23.781,0.));
#8684 = LINE('',#8685,#8686);
#8685 = CARTESIAN_POINT('',(261.368,-23.781,0.));
#8686 = VECTOR('',#8687,1.);
#8687 = DIRECTION('',(0.,1.,0.));
#8688 = ORIENTED_EDGE('',*,*,#8689,.F.);
#8689 = EDGE_CURVE('',#8690,#8682,#8692,.T.);
#8690 = VERTEX_POINT('',#8691);
#8691 = CARTESIAN_POINT('',(260.987,-24.162,0.));
#8692 = LINE('',#8693,#8694);
#8693 = CARTESIAN_POINT('',(260.987,-24.162,0.));
#8694 = VECTOR('',#8695,1.);
#8695 = DIRECTION('',(0.707106781187,0.707106781187,0.));
#8696 = ORIENTED_EDGE('',*,*,#8697,.F.);
#8697 = EDGE_CURVE('',#8698,#8690,#8700,.T.);
#8698 = VERTEX_POINT('',#8699);
#8699 = CARTESIAN_POINT('',(259.3868,-24.162,0.));
#8700 = LINE('',#8701,#8702);
#8701 = CARTESIAN_POINT('',(259.3868,-24.162,0.));
#8702 = VECTOR('',#8703,1.);
#8703 = DIRECTION('',(1.,0.,0.));
#8704 = ORIENTED_EDGE('',*,*,#8705,.F.);
#8705 = EDGE_CURVE('',#8706,#8698,#8708,.T.);
#8706 = VERTEX_POINT('',#8707);
#8707 = CARTESIAN_POINT('',(259.23720383193,-24.01240383193,0.));
#8708 = LINE('',#8709,#8710);
#8709 = CARTESIAN_POINT('',(258.701,-23.4762,0.));
#8710 = VECTOR('',#8711,1.);
#8711 = DIRECTION('',(0.707106781187,-0.707106781187,0.));
#8712 = ORIENTED_EDGE('',*,*,#8713,.T.);
#8713 = EDGE_CURVE('',#8706,#8714,#8716,.T.);
#8714 = VERTEX_POINT('',#8715);
#8715 = CARTESIAN_POINT('',(258.955,-24.098,0.));
#8716 = CIRCLE('',#8717,0.508);
#8717 = AXIS2_PLACEMENT_3D('',#8718,#8719,#8720);
#8718 = CARTESIAN_POINT('',(258.955,-23.59,0.));
#8719 = DIRECTION('',(-0.,0.,-1.));
#8720 = DIRECTION('',(-1.118964938205E-13,-1.,0.));
#8721 = ORIENTED_EDGE('',*,*,#8722,.T.);
#8722 = EDGE_CURVE('',#8714,#8641,#8723,.T.);
#8723 = CIRCLE('',#8724,0.508);
#8724 = AXIS2_PLACEMENT_3D('',#8725,#8726,#8727);
#8725 = CARTESIAN_POINT('',(258.955,-23.59,0.));
#8726 = DIRECTION('',(-0.,0.,-1.));
#8727 = DIRECTION('',(-1.118964938205E-13,-1.,0.));
#8728 = FACE_BOUND('',#8729,.F.);
#8729 = EDGE_LOOP('',(#8730,#8740,#8748,#8757,#8765,#8774,#8782,#8790,
    #8799,#8808,#8816,#8824,#8832,#8841));
#8730 = ORIENTED_EDGE('',*,*,#8731,.F.);
#8731 = EDGE_CURVE('',#8732,#8734,#8736,.T.);
#8732 = VERTEX_POINT('',#8733);
#8733 = CARTESIAN_POINT('',(261.876,-16.0848,0.));
#8734 = VERTEX_POINT('',#8735);
#8735 = CARTESIAN_POINT('',(261.876,-17.43505909486,0.));
#8736 = LINE('',#8737,#8738);
#8737 = CARTESIAN_POINT('',(261.876,-16.0848,0.));
#8738 = VECTOR('',#8739,1.);
#8739 = DIRECTION('',(0.,-1.,0.));
#8740 = ORIENTED_EDGE('',*,*,#8741,.F.);
#8741 = EDGE_CURVE('',#8742,#8732,#8744,.T.);
#8742 = VERTEX_POINT('',#8743);
#8743 = CARTESIAN_POINT('',(262.11794309972,-15.84285690027,0.));
#8744 = LINE('',#8745,#8746);
#8745 = CARTESIAN_POINT('',(262.5618,-15.399,0.));
#8746 = VECTOR('',#8747,1.);
#8747 = DIRECTION('',(-0.707106781187,-0.707106781187,0.));
#8748 = ORIENTED_EDGE('',*,*,#8749,.T.);
#8749 = EDGE_CURVE('',#8742,#8750,#8752,.T.);
#8750 = VERTEX_POINT('',#8751);
#8751 = CARTESIAN_POINT('',(262.63395237868,-15.399,0.));
#8752 = CIRCLE('',#8753,0.508);
#8753 = AXIS2_PLACEMENT_3D('',#8754,#8755,#8756);
#8754 = CARTESIAN_POINT('',(262.13,-15.335,0.));
#8755 = DIRECTION('',(-0.,0.,-1.));
#8756 = DIRECTION('',(-0.,-1.,0.));
#8757 = ORIENTED_EDGE('',*,*,#8758,.F.);
#8758 = EDGE_CURVE('',#8759,#8750,#8761,.T.);
#8759 = VERTEX_POINT('',#8760);
#8760 = CARTESIAN_POINT('',(264.16604762129,-15.399,0.));
#8761 = LINE('',#8762,#8763);
#8762 = CARTESIAN_POINT('',(264.2382,-15.399,0.));
#8763 = VECTOR('',#8764,1.);
#8764 = DIRECTION('',(-1.,0.,0.));
#8765 = ORIENTED_EDGE('',*,*,#8766,.T.);
#8766 = EDGE_CURVE('',#8759,#8767,#8769,.T.);
#8767 = VERTEX_POINT('',#8768);
#8768 = CARTESIAN_POINT('',(264.68205690025,-15.84285690025,0.));
#8769 = CIRCLE('',#8770,0.508);
#8770 = AXIS2_PLACEMENT_3D('',#8771,#8772,#8773);
#8771 = CARTESIAN_POINT('',(264.67,-15.335,0.));
#8772 = DIRECTION('',(-0.,0.,-1.));
#8773 = DIRECTION('',(1.118964938205E-13,-1.,-0.));
#8774 = ORIENTED_EDGE('',*,*,#8775,.F.);
#8775 = EDGE_CURVE('',#8776,#8767,#8778,.T.);
#8776 = VERTEX_POINT('',#8777);
#8777 = CARTESIAN_POINT('',(264.924,-16.0848,0.));
#8778 = LINE('',#8779,#8780);
#8779 = CARTESIAN_POINT('',(264.924,-16.0848,0.));
#8780 = VECTOR('',#8781,1.);
#8781 = DIRECTION('',(-0.707106781187,0.707106781187,0.));
#8782 = ORIENTED_EDGE('',*,*,#8783,.F.);
#8783 = EDGE_CURVE('',#8784,#8776,#8786,.T.);
#8784 = VERTEX_POINT('',#8785);
#8785 = CARTESIAN_POINT('',(264.924,-17.43505909489,0.));
#8786 = LINE('',#8787,#8788);
#8787 = CARTESIAN_POINT('',(264.924,-17.7612,0.));
#8788 = VECTOR('',#8789,1.);
#8789 = DIRECTION('',(0.,1.,0.));
#8790 = ORIENTED_EDGE('',*,*,#8791,.T.);
#8791 = EDGE_CURVE('',#8784,#8792,#8794,.T.);
#8792 = VERTEX_POINT('',#8793);
#8793 = CARTESIAN_POINT('',(264.67,-18.383,0.));
#8794 = CIRCLE('',#8795,0.508);
#8795 = AXIS2_PLACEMENT_3D('',#8796,#8797,#8798);
#8796 = CARTESIAN_POINT('',(264.67,-17.875,0.));
#8797 = DIRECTION('',(-0.,0.,-1.));
#8798 = DIRECTION('',(1.118964938205E-13,-1.,-0.));
#8799 = ORIENTED_EDGE('',*,*,#8800,.T.);
#8800 = EDGE_CURVE('',#8792,#8801,#8803,.T.);
#8801 = VERTEX_POINT('',#8802);
#8802 = CARTESIAN_POINT('',(264.38779616806,-18.29740383193,0.));
#8803 = CIRCLE('',#8804,0.508);
#8804 = AXIS2_PLACEMENT_3D('',#8805,#8806,#8807);
#8805 = CARTESIAN_POINT('',(264.67,-17.875,0.));
#8806 = DIRECTION('',(-0.,0.,-1.));
#8807 = DIRECTION('',(1.118964938205E-13,-1.,-0.));
#8808 = ORIENTED_EDGE('',*,*,#8809,.F.);
#8809 = EDGE_CURVE('',#8810,#8801,#8812,.T.);
#8810 = VERTEX_POINT('',#8811);
#8811 = CARTESIAN_POINT('',(264.2382,-18.447,0.));
#8812 = LINE('',#8813,#8814);
#8813 = CARTESIAN_POINT('',(264.2382,-18.447,0.));
#8814 = VECTOR('',#8815,1.);
#8815 = DIRECTION('',(0.707106781187,0.707106781187,0.));
#8816 = ORIENTED_EDGE('',*,*,#8817,.F.);
#8817 = EDGE_CURVE('',#8818,#8810,#8820,.T.);
#8818 = VERTEX_POINT('',#8819);
#8819 = CARTESIAN_POINT('',(262.5618,-18.447,0.));
#8820 = LINE('',#8821,#8822);
#8821 = CARTESIAN_POINT('',(262.5618,-18.447,0.));
#8822 = VECTOR('',#8823,1.);
#8823 = DIRECTION('',(1.,0.,0.));
#8824 = ORIENTED_EDGE('',*,*,#8825,.F.);
#8825 = EDGE_CURVE('',#8826,#8818,#8828,.T.);
#8826 = VERTEX_POINT('',#8827);
#8827 = CARTESIAN_POINT('',(262.41220383193,-18.29740383193,0.));
#8828 = LINE('',#8829,#8830);
#8829 = CARTESIAN_POINT('',(261.876,-17.7612,0.));
#8830 = VECTOR('',#8831,1.);
#8831 = DIRECTION('',(0.707106781187,-0.707106781187,0.));
#8832 = ORIENTED_EDGE('',*,*,#8833,.T.);
#8833 = EDGE_CURVE('',#8826,#8834,#8836,.T.);
#8834 = VERTEX_POINT('',#8835);
#8835 = CARTESIAN_POINT('',(262.13,-18.383,0.));
#8836 = CIRCLE('',#8837,0.508);
#8837 = AXIS2_PLACEMENT_3D('',#8838,#8839,#8840);
#8838 = CARTESIAN_POINT('',(262.13,-17.875,0.));
#8839 = DIRECTION('',(-0.,0.,-1.));
#8840 = DIRECTION('',(-0.,-1.,0.));
#8841 = ORIENTED_EDGE('',*,*,#8842,.T.);
#8842 = EDGE_CURVE('',#8834,#8734,#8843,.T.);
#8843 = CIRCLE('',#8844,0.508);
#8844 = AXIS2_PLACEMENT_3D('',#8845,#8846,#8847);
#8845 = CARTESIAN_POINT('',(262.13,-17.875,0.));
#8846 = DIRECTION('',(-0.,0.,-1.));
#8847 = DIRECTION('',(-0.,-1.,0.));
#8848 = FACE_BOUND('',#8849,.F.);
#8849 = EDGE_LOOP('',(#8850));
#8850 = ORIENTED_EDGE('',*,*,#8851,.F.);
#8851 = EDGE_CURVE('',#8852,#8852,#8854,.T.);
#8852 = VERTEX_POINT('',#8853);
#8853 = CARTESIAN_POINT('',(281.6,-15.125,0.));
#8854 = CIRCLE('',#8855,1.1);
#8855 = AXIS2_PLACEMENT_3D('',#8856,#8857,#8858);
#8856 = CARTESIAN_POINT('',(280.5,-15.125,0.));
#8857 = DIRECTION('',(0.,0.,1.));
#8858 = DIRECTION('',(1.,0.,-0.));
#8859 = PLANE('',#8860);
#8860 = AXIS2_PLACEMENT_3D('',#8861,#8862,#8863);
#8861 = CARTESIAN_POINT('',(0.,0.,0.));
#8862 = DIRECTION('',(0.,0.,1.));
#8863 = DIRECTION('',(1.,0.,-0.));
#8864 = ADVANCED_FACE('',(#8865,#8911,#8922,#8933,#8944,#8955,#8966,
    #8977,#8988,#8999,#9010,#9021,#9032,#9043,#9054,#9065,#9076,#9087,
    #9098,#9109,#9120,#9131,#9142,#9153,#9164,#9175,#9186,#9197,#9208,
    #9219,#9230,#9241,#9252,#9263,#9274,#9285,#9296,#9307,#9318,#9329,
    #9340,#9351,#9362,#9373,#9384,#9395,#9406,#9417,#9428,#9439,#9450,
    #9461,#9472,#9483,#9494,#9596,#9689,#9809),#9820,.T.);
#8865 = FACE_BOUND('',#8866,.T.);
#8866 = EDGE_LOOP('',(#8867,#8868,#8869,#8878,#8886,#8895,#8903,#8910));
#8867 = ORIENTED_EDGE('',*,*,#7813,.F.);
#8868 = ORIENTED_EDGE('',*,*,#7855,.F.);
#8869 = ORIENTED_EDGE('',*,*,#8870,.F.);
#8870 = EDGE_CURVE('',#8871,#7848,#8873,.T.);
#8871 = VERTEX_POINT('',#8872);
#8872 = CARTESIAN_POINT('',(171.2,-14.025,0.71));
#8873 = CIRCLE('',#8874,0.999999252925);
#8874 = AXIS2_PLACEMENT_3D('',#8875,#8876,#8877);
#8875 = CARTESIAN_POINT('',(172.19999925292,-14.02499925292,0.71));
#8876 = DIRECTION('',(0.,0.,-1.));
#8877 = DIRECTION('',(-1.,-7.470757065321E-07,-0.));
#8878 = ORIENTED_EDGE('',*,*,#8879,.F.);
#8879 = EDGE_CURVE('',#8880,#8871,#8882,.T.);
#8880 = VERTEX_POINT('',#8881);
#8881 = CARTESIAN_POINT('',(171.2,-108.625,0.71));
#8882 = LINE('',#8883,#8884);
#8883 = CARTESIAN_POINT('',(171.2,-108.625,0.71));
#8884 = VECTOR('',#8885,1.);
#8885 = DIRECTION('',(0.,1.,0.));
#8886 = ORIENTED_EDGE('',*,*,#8887,.F.);
#8887 = EDGE_CURVE('',#8888,#8880,#8890,.T.);
#8888 = VERTEX_POINT('',#8889);
#8889 = CARTESIAN_POINT('',(172.2,-109.625,0.71));
#8890 = CIRCLE('',#8891,0.999999252925);
#8891 = AXIS2_PLACEMENT_3D('',#8892,#8893,#8894);
#8892 = CARTESIAN_POINT('',(172.19999925292,-108.625000747,0.71));
#8893 = DIRECTION('',(0.,0.,-1.));
#8894 = DIRECTION('',(7.470756781104E-07,-1.,0.));
#8895 = ORIENTED_EDGE('',*,*,#8896,.F.);
#8896 = EDGE_CURVE('',#8897,#8888,#8899,.T.);
#8897 = VERTEX_POINT('',#8898);
#8898 = CARTESIAN_POINT('',(281.6,-109.625,0.71));
#8899 = LINE('',#8900,#8901);
#8900 = CARTESIAN_POINT('',(281.6,-109.625,0.71));
#8901 = VECTOR('',#8902,1.);
#8902 = DIRECTION('',(-1.,0.,0.));
#8903 = ORIENTED_EDGE('',*,*,#8904,.F.);
#8904 = EDGE_CURVE('',#7878,#8897,#8905,.T.);
#8905 = CIRCLE('',#8906,0.999999252925);
#8906 = AXIS2_PLACEMENT_3D('',#8907,#8908,#8909);
#8907 = CARTESIAN_POINT('',(281.60000074707,-108.625000747,0.71));
#8908 = DIRECTION('',(0.,0.,-1.));
#8909 = DIRECTION('',(1.,7.470756496886E-07,0.));
#8910 = ORIENTED_EDGE('',*,*,#7877,.F.);
#8911 = FACE_BOUND('',#8912,.T.);
#8912 = EDGE_LOOP('',(#8913));
#8913 = ORIENTED_EDGE('',*,*,#8914,.F.);
#8914 = EDGE_CURVE('',#8915,#8915,#8917,.T.);
#8915 = VERTEX_POINT('',#8916);
#8916 = CARTESIAN_POINT('',(174.4,-107.525,0.71));
#8917 = CIRCLE('',#8918,1.1);
#8918 = AXIS2_PLACEMENT_3D('',#8919,#8920,#8921);
#8919 = CARTESIAN_POINT('',(173.3,-107.525,0.71));
#8920 = DIRECTION('',(0.,0.,1.));
#8921 = DIRECTION('',(1.,0.,-0.));
#8922 = FACE_BOUND('',#8923,.T.);
#8923 = EDGE_LOOP('',(#8924));
#8924 = ORIENTED_EDGE('',*,*,#8925,.F.);
#8925 = EDGE_CURVE('',#8926,#8926,#8928,.T.);
#8926 = VERTEX_POINT('',#8927);
#8927 = CARTESIAN_POINT('',(179.1,-99.175,0.71));
#8928 = CIRCLE('',#8929,0.5);
#8929 = AXIS2_PLACEMENT_3D('',#8930,#8931,#8932);
#8930 = CARTESIAN_POINT('',(178.6,-99.175,0.71));
#8931 = DIRECTION('',(0.,0.,1.));
#8932 = DIRECTION('',(1.,0.,-0.));
#8933 = FACE_BOUND('',#8934,.T.);
#8934 = EDGE_LOOP('',(#8935));
#8935 = ORIENTED_EDGE('',*,*,#8936,.F.);
#8936 = EDGE_CURVE('',#8937,#8937,#8939,.T.);
#8937 = VERTEX_POINT('',#8938);
#8938 = CARTESIAN_POINT('',(196.1,-99.175,0.71));
#8939 = CIRCLE('',#8940,0.5);
#8940 = AXIS2_PLACEMENT_3D('',#8941,#8942,#8943);
#8941 = CARTESIAN_POINT('',(195.6,-99.175,0.71));
#8942 = DIRECTION('',(0.,0.,1.));
#8943 = DIRECTION('',(1.,0.,-0.));
#8944 = FACE_BOUND('',#8945,.T.);
#8945 = EDGE_LOOP('',(#8946));
#8946 = ORIENTED_EDGE('',*,*,#8947,.F.);
#8947 = EDGE_CURVE('',#8948,#8948,#8950,.T.);
#8948 = VERTEX_POINT('',#8949);
#8949 = CARTESIAN_POINT('',(190.8,-93.675,0.71));
#8950 = CIRCLE('',#8951,0.6);
#8951 = AXIS2_PLACEMENT_3D('',#8952,#8953,#8954);
#8952 = CARTESIAN_POINT('',(190.2,-93.675,0.71));
#8953 = DIRECTION('',(0.,0.,1.));
#8954 = DIRECTION('',(1.,0.,-0.));
#8955 = FACE_BOUND('',#8956,.T.);
#8956 = EDGE_LOOP('',(#8957));
#8957 = ORIENTED_EDGE('',*,*,#8958,.F.);
#8958 = EDGE_CURVE('',#8959,#8959,#8961,.T.);
#8959 = VERTEX_POINT('',#8960);
#8960 = CARTESIAN_POINT('',(213.1,-99.175,0.71));
#8961 = CIRCLE('',#8962,0.5);
#8962 = AXIS2_PLACEMENT_3D('',#8963,#8964,#8965);
#8963 = CARTESIAN_POINT('',(212.6,-99.175,0.71));
#8964 = DIRECTION('',(0.,0.,1.));
#8965 = DIRECTION('',(1.,0.,-0.));
#8966 = FACE_BOUND('',#8967,.T.);
#8967 = EDGE_LOOP('',(#8968));
#8968 = ORIENTED_EDGE('',*,*,#8969,.F.);
#8969 = EDGE_CURVE('',#8970,#8970,#8972,.T.);
#8970 = VERTEX_POINT('',#8971);
#8971 = CARTESIAN_POINT('',(207.8,-93.675,0.71));
#8972 = CIRCLE('',#8973,0.6);
#8973 = AXIS2_PLACEMENT_3D('',#8974,#8975,#8976);
#8974 = CARTESIAN_POINT('',(207.2,-93.675,0.71));
#8975 = DIRECTION('',(0.,0.,1.));
#8976 = DIRECTION('',(1.,0.,-0.));
#8977 = FACE_BOUND('',#8978,.T.);
#8978 = EDGE_LOOP('',(#8979));
#8979 = ORIENTED_EDGE('',*,*,#8980,.F.);
#8980 = EDGE_CURVE('',#8981,#8981,#8983,.T.);
#8981 = VERTEX_POINT('',#8982);
#8982 = CARTESIAN_POINT('',(224.8,-93.675,0.71));
#8983 = CIRCLE('',#8984,0.6);
#8984 = AXIS2_PLACEMENT_3D('',#8985,#8986,#8987);
#8985 = CARTESIAN_POINT('',(224.2,-93.675,0.71));
#8986 = DIRECTION('',(0.,0.,1.));
#8987 = DIRECTION('',(1.,0.,-0.));
#8988 = FACE_BOUND('',#8989,.T.);
#8989 = EDGE_LOOP('',(#8990));
#8990 = ORIENTED_EDGE('',*,*,#8991,.F.);
#8991 = EDGE_CURVE('',#8992,#8992,#8994,.T.);
#8992 = VERTEX_POINT('',#8993);
#8993 = CARTESIAN_POINT('',(179.1,-82.175,0.71));
#8994 = CIRCLE('',#8995,0.5);
#8995 = AXIS2_PLACEMENT_3D('',#8996,#8997,#8998);
#8996 = CARTESIAN_POINT('',(178.6,-82.175,0.71));
#8997 = DIRECTION('',(0.,0.,1.));
#8998 = DIRECTION('',(1.,0.,-0.));
#8999 = FACE_BOUND('',#9000,.T.);
#9000 = EDGE_LOOP('',(#9001));
#9001 = ORIENTED_EDGE('',*,*,#9002,.F.);
#9002 = EDGE_CURVE('',#9003,#9003,#9005,.T.);
#9003 = VERTEX_POINT('',#9004);
#9004 = CARTESIAN_POINT('',(196.1,-82.175,0.71));
#9005 = CIRCLE('',#9006,0.5);
#9006 = AXIS2_PLACEMENT_3D('',#9007,#9008,#9009);
#9007 = CARTESIAN_POINT('',(195.6,-82.175,0.71));
#9008 = DIRECTION('',(0.,0.,1.));
#9009 = DIRECTION('',(1.,0.,-0.));
#9010 = FACE_BOUND('',#9011,.T.);
#9011 = EDGE_LOOP('',(#9012));
#9012 = ORIENTED_EDGE('',*,*,#9013,.F.);
#9013 = EDGE_CURVE('',#9014,#9014,#9016,.T.);
#9014 = VERTEX_POINT('',#9015);
#9015 = CARTESIAN_POINT('',(190.8,-76.675,0.71));
#9016 = CIRCLE('',#9017,0.6);
#9017 = AXIS2_PLACEMENT_3D('',#9018,#9019,#9020);
#9018 = CARTESIAN_POINT('',(190.2,-76.675,0.71));
#9019 = DIRECTION('',(0.,0.,1.));
#9020 = DIRECTION('',(1.,0.,-0.));
#9021 = FACE_BOUND('',#9022,.T.);
#9022 = EDGE_LOOP('',(#9023));
#9023 = ORIENTED_EDGE('',*,*,#9024,.F.);
#9024 = EDGE_CURVE('',#9025,#9025,#9027,.T.);
#9025 = VERTEX_POINT('',#9026);
#9026 = CARTESIAN_POINT('',(179.1,-65.175,0.71));
#9027 = CIRCLE('',#9028,0.5);
#9028 = AXIS2_PLACEMENT_3D('',#9029,#9030,#9031);
#9029 = CARTESIAN_POINT('',(178.6,-65.175,0.71));
#9030 = DIRECTION('',(0.,0.,1.));
#9031 = DIRECTION('',(1.,0.,-0.));
#9032 = FACE_BOUND('',#9033,.T.);
#9033 = EDGE_LOOP('',(#9034));
#9034 = ORIENTED_EDGE('',*,*,#9035,.F.);
#9035 = EDGE_CURVE('',#9036,#9036,#9038,.T.);
#9036 = VERTEX_POINT('',#9037);
#9037 = CARTESIAN_POINT('',(196.1,-65.175,0.71));
#9038 = CIRCLE('',#9039,0.5);
#9039 = AXIS2_PLACEMENT_3D('',#9040,#9041,#9042);
#9040 = CARTESIAN_POINT('',(195.6,-65.175,0.71));
#9041 = DIRECTION('',(0.,0.,1.));
#9042 = DIRECTION('',(1.,0.,-0.));
#9043 = FACE_BOUND('',#9044,.T.);
#9044 = EDGE_LOOP('',(#9045));
#9045 = ORIENTED_EDGE('',*,*,#9046,.F.);
#9046 = EDGE_CURVE('',#9047,#9047,#9049,.T.);
#9047 = VERTEX_POINT('',#9048);
#9048 = CARTESIAN_POINT('',(213.1,-82.175,0.71));
#9049 = CIRCLE('',#9050,0.5);
#9050 = AXIS2_PLACEMENT_3D('',#9051,#9052,#9053);
#9051 = CARTESIAN_POINT('',(212.6,-82.175,0.71));
#9052 = DIRECTION('',(0.,0.,1.));
#9053 = DIRECTION('',(1.,0.,-0.));
#9054 = FACE_BOUND('',#9055,.T.);
#9055 = EDGE_LOOP('',(#9056));
#9056 = ORIENTED_EDGE('',*,*,#9057,.F.);
#9057 = EDGE_CURVE('',#9058,#9058,#9060,.T.);
#9058 = VERTEX_POINT('',#9059);
#9059 = CARTESIAN_POINT('',(207.8,-76.675,0.71));
#9060 = CIRCLE('',#9061,0.6);
#9061 = AXIS2_PLACEMENT_3D('',#9062,#9063,#9064);
#9062 = CARTESIAN_POINT('',(207.2,-76.675,0.71));
#9063 = DIRECTION('',(0.,0.,1.));
#9064 = DIRECTION('',(1.,0.,-0.));
#9065 = FACE_BOUND('',#9066,.T.);
#9066 = EDGE_LOOP('',(#9067));
#9067 = ORIENTED_EDGE('',*,*,#9068,.F.);
#9068 = EDGE_CURVE('',#9069,#9069,#9071,.T.);
#9069 = VERTEX_POINT('',#9070);
#9070 = CARTESIAN_POINT('',(224.8,-76.675,0.71));
#9071 = CIRCLE('',#9072,0.6);
#9072 = AXIS2_PLACEMENT_3D('',#9073,#9074,#9075);
#9073 = CARTESIAN_POINT('',(224.2,-76.675,0.71));
#9074 = DIRECTION('',(0.,0.,1.));
#9075 = DIRECTION('',(1.,0.,-0.));
#9076 = FACE_BOUND('',#9077,.T.);
#9077 = EDGE_LOOP('',(#9078));
#9078 = ORIENTED_EDGE('',*,*,#9079,.F.);
#9079 = EDGE_CURVE('',#9080,#9080,#9082,.T.);
#9080 = VERTEX_POINT('',#9081);
#9081 = CARTESIAN_POINT('',(213.1,-65.175,0.71));
#9082 = CIRCLE('',#9083,0.5);
#9083 = AXIS2_PLACEMENT_3D('',#9084,#9085,#9086);
#9084 = CARTESIAN_POINT('',(212.6,-65.175,0.71));
#9085 = DIRECTION('',(0.,0.,1.));
#9086 = DIRECTION('',(1.,0.,-0.));
#9087 = FACE_BOUND('',#9088,.T.);
#9088 = EDGE_LOOP('',(#9089));
#9089 = ORIENTED_EDGE('',*,*,#9090,.F.);
#9090 = EDGE_CURVE('',#9091,#9091,#9093,.T.);
#9091 = VERTEX_POINT('',#9092);
#9092 = CARTESIAN_POINT('',(230.1,-99.175,0.71));
#9093 = CIRCLE('',#9094,0.5);
#9094 = AXIS2_PLACEMENT_3D('',#9095,#9096,#9097);
#9095 = CARTESIAN_POINT('',(229.6,-99.175,0.71));
#9096 = DIRECTION('',(0.,0.,1.));
#9097 = DIRECTION('',(1.,0.,-0.));
#9098 = FACE_BOUND('',#9099,.T.);
#9099 = EDGE_LOOP('',(#9100));
#9100 = ORIENTED_EDGE('',*,*,#9101,.F.);
#9101 = EDGE_CURVE('',#9102,#9102,#9104,.T.);
#9102 = VERTEX_POINT('',#9103);
#9103 = CARTESIAN_POINT('',(247.1,-99.175,0.71));
#9104 = CIRCLE('',#9105,0.5);
#9105 = AXIS2_PLACEMENT_3D('',#9106,#9107,#9108);
#9106 = CARTESIAN_POINT('',(246.6,-99.175,0.71));
#9107 = DIRECTION('',(0.,0.,1.));
#9108 = DIRECTION('',(1.,0.,-0.));
#9109 = FACE_BOUND('',#9110,.T.);
#9110 = EDGE_LOOP('',(#9111));
#9111 = ORIENTED_EDGE('',*,*,#9112,.F.);
#9112 = EDGE_CURVE('',#9113,#9113,#9115,.T.);
#9113 = VERTEX_POINT('',#9114);
#9114 = CARTESIAN_POINT('',(241.8,-93.675,0.71));
#9115 = CIRCLE('',#9116,0.6);
#9116 = AXIS2_PLACEMENT_3D('',#9117,#9118,#9119);
#9117 = CARTESIAN_POINT('',(241.2,-93.675,0.71));
#9118 = DIRECTION('',(0.,0.,1.));
#9119 = DIRECTION('',(1.,0.,-0.));
#9120 = FACE_BOUND('',#9121,.T.);
#9121 = EDGE_LOOP('',(#9122));
#9122 = ORIENTED_EDGE('',*,*,#9123,.F.);
#9123 = EDGE_CURVE('',#9124,#9124,#9126,.T.);
#9124 = VERTEX_POINT('',#9125);
#9125 = CARTESIAN_POINT('',(264.1,-99.175,0.71));
#9126 = CIRCLE('',#9127,0.5);
#9127 = AXIS2_PLACEMENT_3D('',#9128,#9129,#9130);
#9128 = CARTESIAN_POINT('',(263.6,-99.175,0.71));
#9129 = DIRECTION('',(0.,0.,1.));
#9130 = DIRECTION('',(1.,0.,-0.));
#9131 = FACE_BOUND('',#9132,.T.);
#9132 = EDGE_LOOP('',(#9133));
#9133 = ORIENTED_EDGE('',*,*,#9134,.F.);
#9134 = EDGE_CURVE('',#9135,#9135,#9137,.T.);
#9135 = VERTEX_POINT('',#9136);
#9136 = CARTESIAN_POINT('',(281.6,-107.525,0.71));
#9137 = CIRCLE('',#9138,1.1);
#9138 = AXIS2_PLACEMENT_3D('',#9139,#9140,#9141);
#9139 = CARTESIAN_POINT('',(280.5,-107.525,0.71));
#9140 = DIRECTION('',(0.,0.,1.));
#9141 = DIRECTION('',(1.,0.,-0.));
#9142 = FACE_BOUND('',#9143,.T.);
#9143 = EDGE_LOOP('',(#9144));
#9144 = ORIENTED_EDGE('',*,*,#9145,.F.);
#9145 = EDGE_CURVE('',#9146,#9146,#9148,.T.);
#9146 = VERTEX_POINT('',#9147);
#9147 = CARTESIAN_POINT('',(258.8,-93.675,0.71));
#9148 = CIRCLE('',#9149,0.6);
#9149 = AXIS2_PLACEMENT_3D('',#9150,#9151,#9152);
#9150 = CARTESIAN_POINT('',(258.2,-93.675,0.71));
#9151 = DIRECTION('',(0.,0.,1.));
#9152 = DIRECTION('',(1.,0.,-0.));
#9153 = FACE_BOUND('',#9154,.T.);
#9154 = EDGE_LOOP('',(#9155));
#9155 = ORIENTED_EDGE('',*,*,#9156,.F.);
#9156 = EDGE_CURVE('',#9157,#9157,#9159,.T.);
#9157 = VERTEX_POINT('',#9158);
#9158 = CARTESIAN_POINT('',(275.8,-93.675,0.71));
#9159 = CIRCLE('',#9160,0.6);
#9160 = AXIS2_PLACEMENT_3D('',#9161,#9162,#9163);
#9161 = CARTESIAN_POINT('',(275.2,-93.675,0.71));
#9162 = DIRECTION('',(0.,0.,1.));
#9163 = DIRECTION('',(1.,0.,-0.));
#9164 = FACE_BOUND('',#9165,.T.);
#9165 = EDGE_LOOP('',(#9166));
#9166 = ORIENTED_EDGE('',*,*,#9167,.F.);
#9167 = EDGE_CURVE('',#9168,#9168,#9170,.T.);
#9168 = VERTEX_POINT('',#9169);
#9169 = CARTESIAN_POINT('',(230.1,-82.175,0.71));
#9170 = CIRCLE('',#9171,0.5);
#9171 = AXIS2_PLACEMENT_3D('',#9172,#9173,#9174);
#9172 = CARTESIAN_POINT('',(229.6,-82.175,0.71));
#9173 = DIRECTION('',(0.,0.,1.));
#9174 = DIRECTION('',(1.,0.,-0.));
#9175 = FACE_BOUND('',#9176,.T.);
#9176 = EDGE_LOOP('',(#9177));
#9177 = ORIENTED_EDGE('',*,*,#9178,.F.);
#9178 = EDGE_CURVE('',#9179,#9179,#9181,.T.);
#9179 = VERTEX_POINT('',#9180);
#9180 = CARTESIAN_POINT('',(247.1,-82.175,0.71));
#9181 = CIRCLE('',#9182,0.5);
#9182 = AXIS2_PLACEMENT_3D('',#9183,#9184,#9185);
#9183 = CARTESIAN_POINT('',(246.6,-82.175,0.71));
#9184 = DIRECTION('',(0.,0.,1.));
#9185 = DIRECTION('',(1.,0.,-0.));
#9186 = FACE_BOUND('',#9187,.T.);
#9187 = EDGE_LOOP('',(#9188));
#9188 = ORIENTED_EDGE('',*,*,#9189,.F.);
#9189 = EDGE_CURVE('',#9190,#9190,#9192,.T.);
#9190 = VERTEX_POINT('',#9191);
#9191 = CARTESIAN_POINT('',(241.8,-76.675,0.71));
#9192 = CIRCLE('',#9193,0.6);
#9193 = AXIS2_PLACEMENT_3D('',#9194,#9195,#9196);
#9194 = CARTESIAN_POINT('',(241.2,-76.675,0.71));
#9195 = DIRECTION('',(0.,0.,1.));
#9196 = DIRECTION('',(1.,0.,-0.));
#9197 = FACE_BOUND('',#9198,.T.);
#9198 = EDGE_LOOP('',(#9199));
#9199 = ORIENTED_EDGE('',*,*,#9200,.F.);
#9200 = EDGE_CURVE('',#9201,#9201,#9203,.T.);
#9201 = VERTEX_POINT('',#9202);
#9202 = CARTESIAN_POINT('',(230.1,-65.175,0.71));
#9203 = CIRCLE('',#9204,0.5);
#9204 = AXIS2_PLACEMENT_3D('',#9205,#9206,#9207);
#9205 = CARTESIAN_POINT('',(229.6,-65.175,0.71));
#9206 = DIRECTION('',(0.,0.,1.));
#9207 = DIRECTION('',(1.,0.,-0.));
#9208 = FACE_BOUND('',#9209,.T.);
#9209 = EDGE_LOOP('',(#9210));
#9210 = ORIENTED_EDGE('',*,*,#9211,.F.);
#9211 = EDGE_CURVE('',#9212,#9212,#9214,.T.);
#9212 = VERTEX_POINT('',#9213);
#9213 = CARTESIAN_POINT('',(247.1,-65.175,0.71));
#9214 = CIRCLE('',#9215,0.5);
#9215 = AXIS2_PLACEMENT_3D('',#9216,#9217,#9218);
#9216 = CARTESIAN_POINT('',(246.6,-65.175,0.71));
#9217 = DIRECTION('',(0.,0.,1.));
#9218 = DIRECTION('',(1.,0.,-0.));
#9219 = FACE_BOUND('',#9220,.T.);
#9220 = EDGE_LOOP('',(#9221));
#9221 = ORIENTED_EDGE('',*,*,#9222,.F.);
#9222 = EDGE_CURVE('',#9223,#9223,#9225,.T.);
#9223 = VERTEX_POINT('',#9224);
#9224 = CARTESIAN_POINT('',(264.1,-82.175,0.71));
#9225 = CIRCLE('',#9226,0.5);
#9226 = AXIS2_PLACEMENT_3D('',#9227,#9228,#9229);
#9227 = CARTESIAN_POINT('',(263.6,-82.175,0.71));
#9228 = DIRECTION('',(0.,0.,1.));
#9229 = DIRECTION('',(1.,0.,-0.));
#9230 = FACE_BOUND('',#9231,.T.);
#9231 = EDGE_LOOP('',(#9232));
#9232 = ORIENTED_EDGE('',*,*,#9233,.F.);
#9233 = EDGE_CURVE('',#9234,#9234,#9236,.T.);
#9234 = VERTEX_POINT('',#9235);
#9235 = CARTESIAN_POINT('',(258.8,-76.675,0.71));
#9236 = CIRCLE('',#9237,0.6);
#9237 = AXIS2_PLACEMENT_3D('',#9238,#9239,#9240);
#9238 = CARTESIAN_POINT('',(258.2,-76.675,0.71));
#9239 = DIRECTION('',(0.,0.,1.));
#9240 = DIRECTION('',(1.,0.,-0.));
#9241 = FACE_BOUND('',#9242,.T.);
#9242 = EDGE_LOOP('',(#9243));
#9243 = ORIENTED_EDGE('',*,*,#9244,.F.);
#9244 = EDGE_CURVE('',#9245,#9245,#9247,.T.);
#9245 = VERTEX_POINT('',#9246);
#9246 = CARTESIAN_POINT('',(275.8,-76.675,0.71));
#9247 = CIRCLE('',#9248,0.6);
#9248 = AXIS2_PLACEMENT_3D('',#9249,#9250,#9251);
#9249 = CARTESIAN_POINT('',(275.2,-76.675,0.71));
#9250 = DIRECTION('',(0.,0.,1.));
#9251 = DIRECTION('',(1.,0.,-0.));
#9252 = FACE_BOUND('',#9253,.T.);
#9253 = EDGE_LOOP('',(#9254));
#9254 = ORIENTED_EDGE('',*,*,#9255,.F.);
#9255 = EDGE_CURVE('',#9256,#9256,#9258,.T.);
#9256 = VERTEX_POINT('',#9257);
#9257 = CARTESIAN_POINT('',(264.1,-65.175,0.71));
#9258 = CIRCLE('',#9259,0.5);
#9259 = AXIS2_PLACEMENT_3D('',#9260,#9261,#9262);
#9260 = CARTESIAN_POINT('',(263.6,-65.175,0.71));
#9261 = DIRECTION('',(0.,0.,1.));
#9262 = DIRECTION('',(1.,0.,-0.));
#9263 = FACE_BOUND('',#9264,.T.);
#9264 = EDGE_LOOP('',(#9265));
#9265 = ORIENTED_EDGE('',*,*,#9266,.F.);
#9266 = EDGE_CURVE('',#9267,#9267,#9269,.T.);
#9267 = VERTEX_POINT('',#9268);
#9268 = CARTESIAN_POINT('',(190.8,-59.675,0.71));
#9269 = CIRCLE('',#9270,0.6);
#9270 = AXIS2_PLACEMENT_3D('',#9271,#9272,#9273);
#9271 = CARTESIAN_POINT('',(190.2,-59.675,0.71));
#9272 = DIRECTION('',(0.,0.,1.));
#9273 = DIRECTION('',(1.,0.,-0.));
#9274 = FACE_BOUND('',#9275,.T.);
#9275 = EDGE_LOOP('',(#9276));
#9276 = ORIENTED_EDGE('',*,*,#9277,.F.);
#9277 = EDGE_CURVE('',#9278,#9278,#9280,.T.);
#9278 = VERTEX_POINT('',#9279);
#9279 = CARTESIAN_POINT('',(179.1,-48.175,0.71));
#9280 = CIRCLE('',#9281,0.5);
#9281 = AXIS2_PLACEMENT_3D('',#9282,#9283,#9284);
#9282 = CARTESIAN_POINT('',(178.6,-48.175,0.71));
#9283 = DIRECTION('',(0.,0.,1.));
#9284 = DIRECTION('',(1.,0.,-0.));
#9285 = FACE_BOUND('',#9286,.T.);
#9286 = EDGE_LOOP('',(#9287));
#9287 = ORIENTED_EDGE('',*,*,#9288,.F.);
#9288 = EDGE_CURVE('',#9289,#9289,#9291,.T.);
#9289 = VERTEX_POINT('',#9290);
#9290 = CARTESIAN_POINT('',(196.1,-48.175,0.71));
#9291 = CIRCLE('',#9292,0.5);
#9292 = AXIS2_PLACEMENT_3D('',#9293,#9294,#9295);
#9293 = CARTESIAN_POINT('',(195.6,-48.175,0.71));
#9294 = DIRECTION('',(0.,0.,1.));
#9295 = DIRECTION('',(1.,0.,-0.));
#9296 = FACE_BOUND('',#9297,.T.);
#9297 = EDGE_LOOP('',(#9298));
#9298 = ORIENTED_EDGE('',*,*,#9299,.F.);
#9299 = EDGE_CURVE('',#9300,#9300,#9302,.T.);
#9300 = VERTEX_POINT('',#9301);
#9301 = CARTESIAN_POINT('',(190.8,-42.675,0.71));
#9302 = CIRCLE('',#9303,0.6);
#9303 = AXIS2_PLACEMENT_3D('',#9304,#9305,#9306);
#9304 = CARTESIAN_POINT('',(190.2,-42.675,0.71));
#9305 = DIRECTION('',(0.,0.,1.));
#9306 = DIRECTION('',(1.,0.,-0.));
#9307 = FACE_BOUND('',#9308,.T.);
#9308 = EDGE_LOOP('',(#9309));
#9309 = ORIENTED_EDGE('',*,*,#9310,.F.);
#9310 = EDGE_CURVE('',#9311,#9311,#9313,.T.);
#9311 = VERTEX_POINT('',#9312);
#9312 = CARTESIAN_POINT('',(207.8,-59.675,0.71));
#9313 = CIRCLE('',#9314,0.6);
#9314 = AXIS2_PLACEMENT_3D('',#9315,#9316,#9317);
#9315 = CARTESIAN_POINT('',(207.2,-59.675,0.71));
#9316 = DIRECTION('',(0.,0.,1.));
#9317 = DIRECTION('',(1.,0.,-0.));
#9318 = FACE_BOUND('',#9319,.T.);
#9319 = EDGE_LOOP('',(#9320));
#9320 = ORIENTED_EDGE('',*,*,#9321,.F.);
#9321 = EDGE_CURVE('',#9322,#9322,#9324,.T.);
#9322 = VERTEX_POINT('',#9323);
#9323 = CARTESIAN_POINT('',(224.8,-59.675,0.71));
#9324 = CIRCLE('',#9325,0.6);
#9325 = AXIS2_PLACEMENT_3D('',#9326,#9327,#9328);
#9326 = CARTESIAN_POINT('',(224.2,-59.675,0.71));
#9327 = DIRECTION('',(0.,0.,1.));
#9328 = DIRECTION('',(1.,0.,-0.));
#9329 = FACE_BOUND('',#9330,.T.);
#9330 = EDGE_LOOP('',(#9331));
#9331 = ORIENTED_EDGE('',*,*,#9332,.F.);
#9332 = EDGE_CURVE('',#9333,#9333,#9335,.T.);
#9333 = VERTEX_POINT('',#9334);
#9334 = CARTESIAN_POINT('',(213.1,-48.175,0.71));
#9335 = CIRCLE('',#9336,0.5);
#9336 = AXIS2_PLACEMENT_3D('',#9337,#9338,#9339);
#9337 = CARTESIAN_POINT('',(212.6,-48.175,0.71));
#9338 = DIRECTION('',(0.,0.,1.));
#9339 = DIRECTION('',(1.,0.,-0.));
#9340 = FACE_BOUND('',#9341,.T.);
#9341 = EDGE_LOOP('',(#9342));
#9342 = ORIENTED_EDGE('',*,*,#9343,.F.);
#9343 = EDGE_CURVE('',#9344,#9344,#9346,.T.);
#9344 = VERTEX_POINT('',#9345);
#9345 = CARTESIAN_POINT('',(207.8,-42.675,0.71));
#9346 = CIRCLE('',#9347,0.6);
#9347 = AXIS2_PLACEMENT_3D('',#9348,#9349,#9350);
#9348 = CARTESIAN_POINT('',(207.2,-42.675,0.71));
#9349 = DIRECTION('',(0.,0.,1.));
#9350 = DIRECTION('',(1.,0.,-0.));
#9351 = FACE_BOUND('',#9352,.T.);
#9352 = EDGE_LOOP('',(#9353));
#9353 = ORIENTED_EDGE('',*,*,#9354,.F.);
#9354 = EDGE_CURVE('',#9355,#9355,#9357,.T.);
#9355 = VERTEX_POINT('',#9356);
#9356 = CARTESIAN_POINT('',(224.8,-42.675,0.71));
#9357 = CIRCLE('',#9358,0.6);
#9358 = AXIS2_PLACEMENT_3D('',#9359,#9360,#9361);
#9359 = CARTESIAN_POINT('',(224.2,-42.675,0.71));
#9360 = DIRECTION('',(0.,0.,1.));
#9361 = DIRECTION('',(1.,0.,-0.));
#9362 = FACE_BOUND('',#9363,.T.);
#9363 = EDGE_LOOP('',(#9364));
#9364 = ORIENTED_EDGE('',*,*,#9365,.F.);
#9365 = EDGE_CURVE('',#9366,#9366,#9368,.T.);
#9366 = VERTEX_POINT('',#9367);
#9367 = CARTESIAN_POINT('',(174.4,-15.125,0.71));
#9368 = CIRCLE('',#9369,1.1);
#9369 = AXIS2_PLACEMENT_3D('',#9370,#9371,#9372);
#9370 = CARTESIAN_POINT('',(173.3,-15.125,0.71));
#9371 = DIRECTION('',(0.,0.,1.));
#9372 = DIRECTION('',(1.,0.,-0.));
#9373 = FACE_BOUND('',#9374,.T.);
#9374 = EDGE_LOOP('',(#9375));
#9375 = ORIENTED_EDGE('',*,*,#9376,.F.);
#9376 = EDGE_CURVE('',#9377,#9377,#9379,.T.);
#9377 = VERTEX_POINT('',#9378);
#9378 = CARTESIAN_POINT('',(241.8,-59.675,0.71));
#9379 = CIRCLE('',#9380,0.6);
#9380 = AXIS2_PLACEMENT_3D('',#9381,#9382,#9383);
#9381 = CARTESIAN_POINT('',(241.2,-59.675,0.71));
#9382 = DIRECTION('',(0.,0.,1.));
#9383 = DIRECTION('',(1.,0.,-0.));
#9384 = FACE_BOUND('',#9385,.T.);
#9385 = EDGE_LOOP('',(#9386));
#9386 = ORIENTED_EDGE('',*,*,#9387,.F.);
#9387 = EDGE_CURVE('',#9388,#9388,#9390,.T.);
#9388 = VERTEX_POINT('',#9389);
#9389 = CARTESIAN_POINT('',(230.1,-48.175,0.71));
#9390 = CIRCLE('',#9391,0.5);
#9391 = AXIS2_PLACEMENT_3D('',#9392,#9393,#9394);
#9392 = CARTESIAN_POINT('',(229.6,-48.175,0.71));
#9393 = DIRECTION('',(0.,0.,1.));
#9394 = DIRECTION('',(1.,0.,-0.));
#9395 = FACE_BOUND('',#9396,.T.);
#9396 = EDGE_LOOP('',(#9397));
#9397 = ORIENTED_EDGE('',*,*,#9398,.F.);
#9398 = EDGE_CURVE('',#9399,#9399,#9401,.T.);
#9399 = VERTEX_POINT('',#9400);
#9400 = CARTESIAN_POINT('',(247.1,-48.175,0.71));
#9401 = CIRCLE('',#9402,0.5);
#9402 = AXIS2_PLACEMENT_3D('',#9403,#9404,#9405);
#9403 = CARTESIAN_POINT('',(246.6,-48.175,0.71));
#9404 = DIRECTION('',(0.,0.,1.));
#9405 = DIRECTION('',(1.,0.,-0.));
#9406 = FACE_BOUND('',#9407,.T.);
#9407 = EDGE_LOOP('',(#9408));
#9408 = ORIENTED_EDGE('',*,*,#9409,.F.);
#9409 = EDGE_CURVE('',#9410,#9410,#9412,.T.);
#9410 = VERTEX_POINT('',#9411);
#9411 = CARTESIAN_POINT('',(241.8,-42.675,0.71));
#9412 = CIRCLE('',#9413,0.6);
#9413 = AXIS2_PLACEMENT_3D('',#9414,#9415,#9416);
#9414 = CARTESIAN_POINT('',(241.2,-42.675,0.71));
#9415 = DIRECTION('',(0.,0.,1.));
#9416 = DIRECTION('',(1.,0.,-0.));
#9417 = FACE_BOUND('',#9418,.T.);
#9418 = EDGE_LOOP('',(#9419));
#9419 = ORIENTED_EDGE('',*,*,#9420,.F.);
#9420 = EDGE_CURVE('',#9421,#9421,#9423,.T.);
#9421 = VERTEX_POINT('',#9422);
#9422 = CARTESIAN_POINT('',(258.8,-59.675,0.71));
#9423 = CIRCLE('',#9424,0.6);
#9424 = AXIS2_PLACEMENT_3D('',#9425,#9426,#9427);
#9425 = CARTESIAN_POINT('',(258.2,-59.675,0.71));
#9426 = DIRECTION('',(0.,0.,1.));
#9427 = DIRECTION('',(1.,0.,-0.));
#9428 = FACE_BOUND('',#9429,.T.);
#9429 = EDGE_LOOP('',(#9430));
#9430 = ORIENTED_EDGE('',*,*,#9431,.F.);
#9431 = EDGE_CURVE('',#9432,#9432,#9434,.T.);
#9432 = VERTEX_POINT('',#9433);
#9433 = CARTESIAN_POINT('',(275.8,-59.675,0.71));
#9434 = CIRCLE('',#9435,0.6);
#9435 = AXIS2_PLACEMENT_3D('',#9436,#9437,#9438);
#9436 = CARTESIAN_POINT('',(275.2,-59.675,0.71));
#9437 = DIRECTION('',(0.,0.,1.));
#9438 = DIRECTION('',(1.,0.,-0.));
#9439 = FACE_BOUND('',#9440,.T.);
#9440 = EDGE_LOOP('',(#9441));
#9441 = ORIENTED_EDGE('',*,*,#9442,.F.);
#9442 = EDGE_CURVE('',#9443,#9443,#9445,.T.);
#9443 = VERTEX_POINT('',#9444);
#9444 = CARTESIAN_POINT('',(264.1,-48.175,0.71));
#9445 = CIRCLE('',#9446,0.5);
#9446 = AXIS2_PLACEMENT_3D('',#9447,#9448,#9449);
#9447 = CARTESIAN_POINT('',(263.6,-48.175,0.71));
#9448 = DIRECTION('',(0.,0.,1.));
#9449 = DIRECTION('',(1.,0.,-0.));
#9450 = FACE_BOUND('',#9451,.T.);
#9451 = EDGE_LOOP('',(#9452));
#9452 = ORIENTED_EDGE('',*,*,#9453,.F.);
#9453 = EDGE_CURVE('',#9454,#9454,#9456,.T.);
#9454 = VERTEX_POINT('',#9455);
#9455 = CARTESIAN_POINT('',(258.8,-42.675,0.71));
#9456 = CIRCLE('',#9457,0.6);
#9457 = AXIS2_PLACEMENT_3D('',#9458,#9459,#9460);
#9458 = CARTESIAN_POINT('',(258.2,-42.675,0.71));
#9459 = DIRECTION('',(0.,0.,1.));
#9460 = DIRECTION('',(1.,0.,-0.));
#9461 = FACE_BOUND('',#9462,.T.);
#9462 = EDGE_LOOP('',(#9463));
#9463 = ORIENTED_EDGE('',*,*,#9464,.F.);
#9464 = EDGE_CURVE('',#9465,#9465,#9467,.T.);
#9465 = VERTEX_POINT('',#9466);
#9466 = CARTESIAN_POINT('',(275.8,-42.675,0.71));
#9467 = CIRCLE('',#9468,0.6);
#9468 = AXIS2_PLACEMENT_3D('',#9469,#9470,#9471);
#9469 = CARTESIAN_POINT('',(275.2,-42.675,0.71));
#9470 = DIRECTION('',(0.,0.,1.));
#9471 = DIRECTION('',(1.,0.,-0.));
#9472 = FACE_BOUND('',#9473,.T.);
#9473 = EDGE_LOOP('',(#9474));
#9474 = ORIENTED_EDGE('',*,*,#9475,.T.);
#9475 = EDGE_CURVE('',#9476,#9476,#9478,.T.);
#9476 = VERTEX_POINT('',#9477);
#9477 = CARTESIAN_POINT('',(243.475,-15.1825,0.71));
#9478 = CIRCLE('',#9479,0.45);
#9479 = AXIS2_PLACEMENT_3D('',#9480,#9481,#9482);
#9480 = CARTESIAN_POINT('',(243.475,-14.7325,0.71));
#9481 = DIRECTION('',(-0.,0.,-1.));
#9482 = DIRECTION('',(-6.315935428979E-14,-1.,0.));
#9483 = FACE_BOUND('',#9484,.T.);
#9484 = EDGE_LOOP('',(#9485));
#9485 = ORIENTED_EDGE('',*,*,#9486,.T.);
#9486 = EDGE_CURVE('',#9487,#9487,#9489,.T.);
#9487 = VERTEX_POINT('',#9488);
#9488 = CARTESIAN_POINT('',(246.475,-15.1825,0.71));
#9489 = CIRCLE('',#9490,0.45);
#9490 = AXIS2_PLACEMENT_3D('',#9491,#9492,#9493);
#9491 = CARTESIAN_POINT('',(246.475,-14.7325,0.71));
#9492 = DIRECTION('',(-0.,0.,-1.));
#9493 = DIRECTION('',(-6.315935428979E-14,-1.,0.));
#9494 = FACE_BOUND('',#9495,.T.);
#9495 = EDGE_LOOP('',(#9496,#9506,#9514,#9522,#9530,#9538,#9547,#9556,
    #9564,#9572,#9580,#9589));
#9496 = ORIENTED_EDGE('',*,*,#9497,.F.);
#9497 = EDGE_CURVE('',#9498,#9500,#9502,.T.);
#9498 = VERTEX_POINT('',#9499);
#9499 = CARTESIAN_POINT('',(266.9565,-31.401,0.71));
#9500 = VERTEX_POINT('',#9501);
#9501 = CARTESIAN_POINT('',(266.95610192467,-32.6750002644,0.71));
#9502 = LINE('',#9503,#9504);
#9503 = CARTESIAN_POINT('',(266.9565,-31.401,0.71));
#9504 = VECTOR('',#9505,1.);
#9505 = DIRECTION('',(-3.124609271217E-04,-0.999999951184,0.));
#9506 = ORIENTED_EDGE('',*,*,#9507,.F.);
#9507 = EDGE_CURVE('',#9508,#9498,#9510,.T.);
#9508 = VERTEX_POINT('',#9509);
#9509 = CARTESIAN_POINT('',(267.3375,-31.02,0.71));
#9510 = LINE('',#9511,#9512);
#9511 = CARTESIAN_POINT('',(267.3375,-31.02,0.71));
#9512 = VECTOR('',#9513,1.);
#9513 = DIRECTION('',(-0.707106781187,-0.707106781187,0.));
#9514 = ORIENTED_EDGE('',*,*,#9515,.F.);
#9515 = EDGE_CURVE('',#9516,#9508,#9518,.T.);
#9516 = VERTEX_POINT('',#9517);
#9517 = CARTESIAN_POINT('',(268.9885,-31.02,0.71));
#9518 = LINE('',#9519,#9520);
#9519 = CARTESIAN_POINT('',(268.9885,-31.02,0.71));
#9520 = VECTOR('',#9521,1.);
#9521 = DIRECTION('',(-1.,0.,0.));
#9522 = ORIENTED_EDGE('',*,*,#9523,.F.);
#9523 = EDGE_CURVE('',#9524,#9516,#9526,.T.);
#9524 = VERTEX_POINT('',#9525);
#9525 = CARTESIAN_POINT('',(269.3695,-31.401,0.71));
#9526 = LINE('',#9527,#9528);
#9527 = CARTESIAN_POINT('',(269.3695,-31.401,0.71));
#9528 = VECTOR('',#9529,1.);
#9529 = DIRECTION('',(-0.707106781187,0.707106781187,0.));
#9530 = ORIENTED_EDGE('',*,*,#9531,.F.);
#9531 = EDGE_CURVE('',#9532,#9524,#9534,.T.);
#9532 = VERTEX_POINT('',#9533);
#9533 = CARTESIAN_POINT('',(269.3691018879,-32.67511793563,0.71));
#9534 = LINE('',#9535,#9536);
#9535 = CARTESIAN_POINT('',(269.369,-33.0012,0.71));
#9536 = VECTOR('',#9537,1.);
#9537 = DIRECTION('',(3.124609271217E-04,0.999999951184,0.));
#9538 = ORIENTED_EDGE('',*,*,#9539,.T.);
#9539 = EDGE_CURVE('',#9532,#9540,#9542,.T.);
#9540 = VERTEX_POINT('',#9541);
#9541 = CARTESIAN_POINT('',(269.115,-33.623,0.71));
#9542 = CIRCLE('',#9543,0.508);
#9543 = AXIS2_PLACEMENT_3D('',#9544,#9545,#9546);
#9544 = CARTESIAN_POINT('',(269.115,-33.115,0.71));
#9545 = DIRECTION('',(-0.,0.,-1.));
#9546 = DIRECTION('',(-0.,-1.,0.));
#9547 = ORIENTED_EDGE('',*,*,#9548,.T.);
#9548 = EDGE_CURVE('',#9540,#9549,#9551,.T.);
#9549 = VERTEX_POINT('',#9550);
#9550 = CARTESIAN_POINT('',(268.83279616806,-33.53740383193,0.71));
#9551 = CIRCLE('',#9552,0.508);
#9552 = AXIS2_PLACEMENT_3D('',#9553,#9554,#9555);
#9553 = CARTESIAN_POINT('',(269.115,-33.115,0.71));
#9554 = DIRECTION('',(-0.,0.,-1.));
#9555 = DIRECTION('',(-0.,-1.,0.));
#9556 = ORIENTED_EDGE('',*,*,#9557,.F.);
#9557 = EDGE_CURVE('',#9558,#9549,#9560,.T.);
#9558 = VERTEX_POINT('',#9559);
#9559 = CARTESIAN_POINT('',(268.6832,-33.687,0.71));
#9560 = LINE('',#9561,#9562);
#9561 = CARTESIAN_POINT('',(268.6832,-33.687,0.71));
#9562 = VECTOR('',#9563,1.);
#9563 = DIRECTION('',(0.707106781187,0.707106781187,0.));
#9564 = ORIENTED_EDGE('',*,*,#9565,.F.);
#9565 = EDGE_CURVE('',#9566,#9558,#9568,.T.);
#9566 = VERTEX_POINT('',#9567);
#9567 = CARTESIAN_POINT('',(267.6418,-33.687,0.71));
#9568 = LINE('',#9569,#9570);
#9569 = CARTESIAN_POINT('',(267.6418,-33.687,0.71));
#9570 = VECTOR('',#9571,1.);
#9571 = DIRECTION('',(1.,0.,0.));
#9572 = ORIENTED_EDGE('',*,*,#9573,.F.);
#9573 = EDGE_CURVE('',#9574,#9566,#9576,.T.);
#9574 = VERTEX_POINT('',#9575);
#9575 = CARTESIAN_POINT('',(267.49220383195,-33.53740383195,0.71));
#9576 = LINE('',#9577,#9578);
#9577 = CARTESIAN_POINT('',(266.956,-33.0012,0.71));
#9578 = VECTOR('',#9579,1.);
#9579 = DIRECTION('',(0.707106781187,-0.707106781187,0.));
#9580 = ORIENTED_EDGE('',*,*,#9581,.T.);
#9581 = EDGE_CURVE('',#9574,#9582,#9584,.T.);
#9582 = VERTEX_POINT('',#9583);
#9583 = CARTESIAN_POINT('',(267.21,-33.623,0.71));
#9584 = CIRCLE('',#9585,0.508);
#9585 = AXIS2_PLACEMENT_3D('',#9586,#9587,#9588);
#9586 = CARTESIAN_POINT('',(267.21,-33.115,0.71));
#9587 = DIRECTION('',(-0.,0.,-1.));
#9588 = DIRECTION('',(-1.118964938205E-13,-1.,0.));
#9589 = ORIENTED_EDGE('',*,*,#9590,.T.);
#9590 = EDGE_CURVE('',#9582,#9500,#9591,.T.);
#9591 = CIRCLE('',#9592,0.508);
#9592 = AXIS2_PLACEMENT_3D('',#9593,#9594,#9595);
#9593 = CARTESIAN_POINT('',(267.21,-33.115,0.71));
#9594 = DIRECTION('',(-0.,0.,-1.));
#9595 = DIRECTION('',(-1.118964938205E-13,-1.,0.));
#9596 = FACE_BOUND('',#9597,.T.);
#9597 = EDGE_LOOP('',(#9598,#9608,#9616,#9625,#9633,#9641,#9649,#9657,
    #9665,#9673,#9682));
#9598 = ORIENTED_EDGE('',*,*,#9599,.F.);
#9599 = EDGE_CURVE('',#9600,#9602,#9604,.T.);
#9600 = VERTEX_POINT('',#9601);
#9601 = CARTESIAN_POINT('',(258.701,-22.4348,0.71));
#9602 = VERTEX_POINT('',#9603);
#9603 = CARTESIAN_POINT('',(258.701,-23.15005909487,0.71));
#9604 = LINE('',#9605,#9606);
#9605 = CARTESIAN_POINT('',(258.701,-22.4348,0.71));
#9606 = VECTOR('',#9607,1.);
#9607 = DIRECTION('',(0.,-1.,0.));
#9608 = ORIENTED_EDGE('',*,*,#9609,.F.);
#9609 = EDGE_CURVE('',#9610,#9600,#9612,.T.);
#9610 = VERTEX_POINT('',#9611);
#9611 = CARTESIAN_POINT('',(258.94294309972,-22.19285690027,0.71));
#9612 = LINE('',#9613,#9614);
#9613 = CARTESIAN_POINT('',(259.3868,-21.749,0.71));
#9614 = VECTOR('',#9615,1.);
#9615 = DIRECTION('',(-0.707106781187,-0.707106781187,0.));
#9616 = ORIENTED_EDGE('',*,*,#9617,.T.);
#9617 = EDGE_CURVE('',#9610,#9618,#9620,.T.);
#9618 = VERTEX_POINT('',#9619);
#9619 = CARTESIAN_POINT('',(259.45895237868,-21.749,0.71));
#9620 = CIRCLE('',#9621,0.508);
#9621 = AXIS2_PLACEMENT_3D('',#9622,#9623,#9624);
#9622 = CARTESIAN_POINT('',(258.955,-21.685,0.71));
#9623 = DIRECTION('',(-0.,0.,-1.));
#9624 = DIRECTION('',(-1.118964938205E-13,-1.,0.));
#9625 = ORIENTED_EDGE('',*,*,#9626,.F.);
#9626 = EDGE_CURVE('',#9627,#9618,#9629,.T.);
#9627 = VERTEX_POINT('',#9628);
#9628 = CARTESIAN_POINT('',(260.987,-21.749,0.71));
#9629 = LINE('',#9630,#9631);
#9630 = CARTESIAN_POINT('',(260.987,-21.749,0.71));
#9631 = VECTOR('',#9632,1.);
#9632 = DIRECTION('',(-1.,0.,0.));
#9633 = ORIENTED_EDGE('',*,*,#9634,.F.);
#9634 = EDGE_CURVE('',#9635,#9627,#9637,.T.);
#9635 = VERTEX_POINT('',#9636);
#9636 = CARTESIAN_POINT('',(261.368,-22.13,0.71));
#9637 = LINE('',#9638,#9639);
#9638 = CARTESIAN_POINT('',(261.368,-22.13,0.71));
#9639 = VECTOR('',#9640,1.);
#9640 = DIRECTION('',(-0.707106781187,0.707106781187,0.));
#9641 = ORIENTED_EDGE('',*,*,#9642,.F.);
#9642 = EDGE_CURVE('',#9643,#9635,#9645,.T.);
#9643 = VERTEX_POINT('',#9644);
#9644 = CARTESIAN_POINT('',(261.368,-23.781,0.71));
#9645 = LINE('',#9646,#9647);
#9646 = CARTESIAN_POINT('',(261.368,-23.781,0.71));
#9647 = VECTOR('',#9648,1.);
#9648 = DIRECTION('',(0.,1.,0.));
#9649 = ORIENTED_EDGE('',*,*,#9650,.F.);
#9650 = EDGE_CURVE('',#9651,#9643,#9653,.T.);
#9651 = VERTEX_POINT('',#9652);
#9652 = CARTESIAN_POINT('',(260.987,-24.162,0.71));
#9653 = LINE('',#9654,#9655);
#9654 = CARTESIAN_POINT('',(260.987,-24.162,0.71));
#9655 = VECTOR('',#9656,1.);
#9656 = DIRECTION('',(0.707106781187,0.707106781187,0.));
#9657 = ORIENTED_EDGE('',*,*,#9658,.F.);
#9658 = EDGE_CURVE('',#9659,#9651,#9661,.T.);
#9659 = VERTEX_POINT('',#9660);
#9660 = CARTESIAN_POINT('',(259.3868,-24.162,0.71));
#9661 = LINE('',#9662,#9663);
#9662 = CARTESIAN_POINT('',(259.3868,-24.162,0.71));
#9663 = VECTOR('',#9664,1.);
#9664 = DIRECTION('',(1.,0.,0.));
#9665 = ORIENTED_EDGE('',*,*,#9666,.F.);
#9666 = EDGE_CURVE('',#9667,#9659,#9669,.T.);
#9667 = VERTEX_POINT('',#9668);
#9668 = CARTESIAN_POINT('',(259.23720383193,-24.01240383193,0.71));
#9669 = LINE('',#9670,#9671);
#9670 = CARTESIAN_POINT('',(258.701,-23.4762,0.71));
#9671 = VECTOR('',#9672,1.);
#9672 = DIRECTION('',(0.707106781187,-0.707106781187,0.));
#9673 = ORIENTED_EDGE('',*,*,#9674,.T.);
#9674 = EDGE_CURVE('',#9667,#9675,#9677,.T.);
#9675 = VERTEX_POINT('',#9676);
#9676 = CARTESIAN_POINT('',(258.955,-24.098,0.71));
#9677 = CIRCLE('',#9678,0.508);
#9678 = AXIS2_PLACEMENT_3D('',#9679,#9680,#9681);
#9679 = CARTESIAN_POINT('',(258.955,-23.59,0.71));
#9680 = DIRECTION('',(-0.,0.,-1.));
#9681 = DIRECTION('',(-1.118964938205E-13,-1.,0.));
#9682 = ORIENTED_EDGE('',*,*,#9683,.T.);
#9683 = EDGE_CURVE('',#9675,#9602,#9684,.T.);
#9684 = CIRCLE('',#9685,0.508);
#9685 = AXIS2_PLACEMENT_3D('',#9686,#9687,#9688);
#9686 = CARTESIAN_POINT('',(258.955,-23.59,0.71));
#9687 = DIRECTION('',(-0.,0.,-1.));
#9688 = DIRECTION('',(-1.118964938205E-13,-1.,0.));
#9689 = FACE_BOUND('',#9690,.T.);
#9690 = EDGE_LOOP('',(#9691,#9701,#9709,#9718,#9726,#9735,#9743,#9751,
    #9760,#9769,#9777,#9785,#9793,#9802));
#9691 = ORIENTED_EDGE('',*,*,#9692,.F.);
#9692 = EDGE_CURVE('',#9693,#9695,#9697,.T.);
#9693 = VERTEX_POINT('',#9694);
#9694 = CARTESIAN_POINT('',(261.876,-16.0848,0.71));
#9695 = VERTEX_POINT('',#9696);
#9696 = CARTESIAN_POINT('',(261.876,-17.43505909486,0.71));
#9697 = LINE('',#9698,#9699);
#9698 = CARTESIAN_POINT('',(261.876,-16.0848,0.71));
#9699 = VECTOR('',#9700,1.);
#9700 = DIRECTION('',(0.,-1.,0.));
#9701 = ORIENTED_EDGE('',*,*,#9702,.F.);
#9702 = EDGE_CURVE('',#9703,#9693,#9705,.T.);
#9703 = VERTEX_POINT('',#9704);
#9704 = CARTESIAN_POINT('',(262.11794309972,-15.84285690027,0.71));
#9705 = LINE('',#9706,#9707);
#9706 = CARTESIAN_POINT('',(262.5618,-15.399,0.71));
#9707 = VECTOR('',#9708,1.);
#9708 = DIRECTION('',(-0.707106781187,-0.707106781187,0.));
#9709 = ORIENTED_EDGE('',*,*,#9710,.T.);
#9710 = EDGE_CURVE('',#9703,#9711,#9713,.T.);
#9711 = VERTEX_POINT('',#9712);
#9712 = CARTESIAN_POINT('',(262.63395237868,-15.399,0.71));
#9713 = CIRCLE('',#9714,0.508);
#9714 = AXIS2_PLACEMENT_3D('',#9715,#9716,#9717);
#9715 = CARTESIAN_POINT('',(262.13,-15.335,0.71));
#9716 = DIRECTION('',(-0.,0.,-1.));
#9717 = DIRECTION('',(-0.,-1.,0.));
#9718 = ORIENTED_EDGE('',*,*,#9719,.F.);
#9719 = EDGE_CURVE('',#9720,#9711,#9722,.T.);
#9720 = VERTEX_POINT('',#9721);
#9721 = CARTESIAN_POINT('',(264.16604762129,-15.399,0.71));
#9722 = LINE('',#9723,#9724);
#9723 = CARTESIAN_POINT('',(264.2382,-15.399,0.71));
#9724 = VECTOR('',#9725,1.);
#9725 = DIRECTION('',(-1.,0.,0.));
#9726 = ORIENTED_EDGE('',*,*,#9727,.T.);
#9727 = EDGE_CURVE('',#9720,#9728,#9730,.T.);
#9728 = VERTEX_POINT('',#9729);
#9729 = CARTESIAN_POINT('',(264.68205690025,-15.84285690025,0.71));
#9730 = CIRCLE('',#9731,0.508);
#9731 = AXIS2_PLACEMENT_3D('',#9732,#9733,#9734);
#9732 = CARTESIAN_POINT('',(264.67,-15.335,0.71));
#9733 = DIRECTION('',(-0.,0.,-1.));
#9734 = DIRECTION('',(1.118964938205E-13,-1.,-0.));
#9735 = ORIENTED_EDGE('',*,*,#9736,.F.);
#9736 = EDGE_CURVE('',#9737,#9728,#9739,.T.);
#9737 = VERTEX_POINT('',#9738);
#9738 = CARTESIAN_POINT('',(264.924,-16.0848,0.71));
#9739 = LINE('',#9740,#9741);
#9740 = CARTESIAN_POINT('',(264.924,-16.0848,0.71));
#9741 = VECTOR('',#9742,1.);
#9742 = DIRECTION('',(-0.707106781187,0.707106781187,0.));
#9743 = ORIENTED_EDGE('',*,*,#9744,.F.);
#9744 = EDGE_CURVE('',#9745,#9737,#9747,.T.);
#9745 = VERTEX_POINT('',#9746);
#9746 = CARTESIAN_POINT('',(264.924,-17.43505909489,0.71));
#9747 = LINE('',#9748,#9749);
#9748 = CARTESIAN_POINT('',(264.924,-17.7612,0.71));
#9749 = VECTOR('',#9750,1.);
#9750 = DIRECTION('',(0.,1.,0.));
#9751 = ORIENTED_EDGE('',*,*,#9752,.T.);
#9752 = EDGE_CURVE('',#9745,#9753,#9755,.T.);
#9753 = VERTEX_POINT('',#9754);
#9754 = CARTESIAN_POINT('',(264.67,-18.383,0.71));
#9755 = CIRCLE('',#9756,0.508);
#9756 = AXIS2_PLACEMENT_3D('',#9757,#9758,#9759);
#9757 = CARTESIAN_POINT('',(264.67,-17.875,0.71));
#9758 = DIRECTION('',(-0.,0.,-1.));
#9759 = DIRECTION('',(1.118964938205E-13,-1.,-0.));
#9760 = ORIENTED_EDGE('',*,*,#9761,.T.);
#9761 = EDGE_CURVE('',#9753,#9762,#9764,.T.);
#9762 = VERTEX_POINT('',#9763);
#9763 = CARTESIAN_POINT('',(264.38779616806,-18.29740383193,0.71));
#9764 = CIRCLE('',#9765,0.508);
#9765 = AXIS2_PLACEMENT_3D('',#9766,#9767,#9768);
#9766 = CARTESIAN_POINT('',(264.67,-17.875,0.71));
#9767 = DIRECTION('',(-0.,0.,-1.));
#9768 = DIRECTION('',(1.118964938205E-13,-1.,-0.));
#9769 = ORIENTED_EDGE('',*,*,#9770,.F.);
#9770 = EDGE_CURVE('',#9771,#9762,#9773,.T.);
#9771 = VERTEX_POINT('',#9772);
#9772 = CARTESIAN_POINT('',(264.2382,-18.447,0.71));
#9773 = LINE('',#9774,#9775);
#9774 = CARTESIAN_POINT('',(264.2382,-18.447,0.71));
#9775 = VECTOR('',#9776,1.);
#9776 = DIRECTION('',(0.707106781187,0.707106781187,0.));
#9777 = ORIENTED_EDGE('',*,*,#9778,.F.);
#9778 = EDGE_CURVE('',#9779,#9771,#9781,.T.);
#9779 = VERTEX_POINT('',#9780);
#9780 = CARTESIAN_POINT('',(262.5618,-18.447,0.71));
#9781 = LINE('',#9782,#9783);
#9782 = CARTESIAN_POINT('',(262.5618,-18.447,0.71));
#9783 = VECTOR('',#9784,1.);
#9784 = DIRECTION('',(1.,0.,0.));
#9785 = ORIENTED_EDGE('',*,*,#9786,.F.);
#9786 = EDGE_CURVE('',#9787,#9779,#9789,.T.);
#9787 = VERTEX_POINT('',#9788);
#9788 = CARTESIAN_POINT('',(262.41220383193,-18.29740383193,0.71));
#9789 = LINE('',#9790,#9791);
#9790 = CARTESIAN_POINT('',(261.876,-17.7612,0.71));
#9791 = VECTOR('',#9792,1.);
#9792 = DIRECTION('',(0.707106781187,-0.707106781187,0.));
#9793 = ORIENTED_EDGE('',*,*,#9794,.T.);
#9794 = EDGE_CURVE('',#9787,#9795,#9797,.T.);
#9795 = VERTEX_POINT('',#9796);
#9796 = CARTESIAN_POINT('',(262.13,-18.383,0.71));
#9797 = CIRCLE('',#9798,0.508);
#9798 = AXIS2_PLACEMENT_3D('',#9799,#9800,#9801);
#9799 = CARTESIAN_POINT('',(262.13,-17.875,0.71));
#9800 = DIRECTION('',(-0.,0.,-1.));
#9801 = DIRECTION('',(-0.,-1.,0.));
#9802 = ORIENTED_EDGE('',*,*,#9803,.T.);
#9803 = EDGE_CURVE('',#9795,#9695,#9804,.T.);
#9804 = CIRCLE('',#9805,0.508);
#9805 = AXIS2_PLACEMENT_3D('',#9806,#9807,#9808);
#9806 = CARTESIAN_POINT('',(262.13,-17.875,0.71));
#9807 = DIRECTION('',(-0.,0.,-1.));
#9808 = DIRECTION('',(-0.,-1.,0.));
#9809 = FACE_BOUND('',#9810,.T.);
#9810 = EDGE_LOOP('',(#9811));
#9811 = ORIENTED_EDGE('',*,*,#9812,.F.);
#9812 = EDGE_CURVE('',#9813,#9813,#9815,.T.);
#9813 = VERTEX_POINT('',#9814);
#9814 = CARTESIAN_POINT('',(281.6,-15.125,0.71));
#9815 = CIRCLE('',#9816,1.1);
#9816 = AXIS2_PLACEMENT_3D('',#9817,#9818,#9819);
#9817 = CARTESIAN_POINT('',(280.5,-15.125,0.71));
#9818 = DIRECTION('',(0.,0.,1.));
#9819 = DIRECTION('',(1.,0.,-0.));
#9820 = PLANE('',#9821);
#9821 = AXIS2_PLACEMENT_3D('',#9822,#9823,#9824);
#9822 = CARTESIAN_POINT('',(0.,0.,0.71));
#9823 = DIRECTION('',(0.,0.,1.));
#9824 = DIRECTION('',(1.,0.,-0.));
#9825 = ADVANCED_FACE('',(#9826),#9837,.T.);
#9826 = FACE_BOUND('',#9827,.T.);
#9827 = EDGE_LOOP('',(#9828,#9834,#9835,#9836));
#9828 = ORIENTED_EDGE('',*,*,#9829,.T.);
#9829 = EDGE_CURVE('',#7910,#8871,#9830,.T.);
#9830 = LINE('',#9831,#9832);
#9831 = CARTESIAN_POINT('',(171.2,-14.025,0.));
#9832 = VECTOR('',#9833,1.);
#9833 = DIRECTION('',(0.,0.,1.));
#9834 = ORIENTED_EDGE('',*,*,#8870,.T.);
#9835 = ORIENTED_EDGE('',*,*,#7845,.F.);
#9836 = ORIENTED_EDGE('',*,*,#7909,.F.);
#9837 = CYLINDRICAL_SURFACE('',#9838,0.999999252925);
#9838 = AXIS2_PLACEMENT_3D('',#9839,#9840,#9841);
#9839 = CARTESIAN_POINT('',(172.19999925292,-14.02499925292,0.));
#9840 = DIRECTION('',(0.,0.,-1.));
#9841 = DIRECTION('',(-1.,-7.470757065321E-07,-0.));
#9842 = ADVANCED_FACE('',(#9843),#9854,.T.);
#9843 = FACE_BOUND('',#9844,.T.);
#9844 = EDGE_LOOP('',(#9845,#9846,#9847,#9853));
#9845 = ORIENTED_EDGE('',*,*,#7885,.T.);
#9846 = ORIENTED_EDGE('',*,*,#8904,.T.);
#9847 = ORIENTED_EDGE('',*,*,#9848,.F.);
#9848 = EDGE_CURVE('',#7936,#8897,#9849,.T.);
#9849 = LINE('',#9850,#9851);
#9850 = CARTESIAN_POINT('',(281.6,-109.625,0.));
#9851 = VECTOR('',#9852,1.);
#9852 = DIRECTION('',(0.,0.,1.));
#9853 = ORIENTED_EDGE('',*,*,#7943,.F.);
#9854 = CYLINDRICAL_SURFACE('',#9855,0.999999252925);
#9855 = AXIS2_PLACEMENT_3D('',#9856,#9857,#9858);
#9856 = CARTESIAN_POINT('',(281.60000074707,-108.625000747,0.));
#9857 = DIRECTION('',(0.,0.,-1.));
#9858 = DIRECTION('',(1.,7.470756496886E-07,0.));
#9859 = ADVANCED_FACE('',(#9860),#9871,.T.);
#9860 = FACE_BOUND('',#9861,.T.);
#9861 = EDGE_LOOP('',(#9862,#9868,#9869,#9870));
#9862 = ORIENTED_EDGE('',*,*,#9863,.T.);
#9863 = EDGE_CURVE('',#7919,#8880,#9864,.T.);
#9864 = LINE('',#9865,#9866);
#9865 = CARTESIAN_POINT('',(171.2,-108.625,0.));
#9866 = VECTOR('',#9867,1.);
#9867 = DIRECTION('',(0.,0.,1.));
#9868 = ORIENTED_EDGE('',*,*,#8879,.T.);
#9869 = ORIENTED_EDGE('',*,*,#9829,.F.);
#9870 = ORIENTED_EDGE('',*,*,#7918,.F.);
#9871 = PLANE('',#9872);
#9872 = AXIS2_PLACEMENT_3D('',#9873,#9874,#9875);
#9873 = CARTESIAN_POINT('',(171.2,-108.625,0.));
#9874 = DIRECTION('',(-1.,0.,0.));
#9875 = DIRECTION('',(0.,1.,0.));
#9876 = ADVANCED_FACE('',(#9877),#9888,.T.);
#9877 = FACE_BOUND('',#9878,.T.);
#9878 = EDGE_LOOP('',(#9879,#9880,#9881,#9887));
#9879 = ORIENTED_EDGE('',*,*,#9848,.T.);
#9880 = ORIENTED_EDGE('',*,*,#8896,.T.);
#9881 = ORIENTED_EDGE('',*,*,#9882,.F.);
#9882 = EDGE_CURVE('',#7927,#8888,#9883,.T.);
#9883 = LINE('',#9884,#9885);
#9884 = CARTESIAN_POINT('',(172.2,-109.625,0.));
#9885 = VECTOR('',#9886,1.);
#9886 = DIRECTION('',(0.,0.,1.));
#9887 = ORIENTED_EDGE('',*,*,#7935,.F.);
#9888 = PLANE('',#9889);
#9889 = AXIS2_PLACEMENT_3D('',#9890,#9891,#9892);
#9890 = CARTESIAN_POINT('',(281.6,-109.625,0.));
#9891 = DIRECTION('',(0.,-1.,0.));
#9892 = DIRECTION('',(-1.,0.,0.));
#9893 = ADVANCED_FACE('',(#9894),#9900,.T.);
#9894 = FACE_BOUND('',#9895,.T.);
#9895 = EDGE_LOOP('',(#9896,#9897,#9898,#9899));
#9896 = ORIENTED_EDGE('',*,*,#9882,.T.);
#9897 = ORIENTED_EDGE('',*,*,#8887,.T.);
#9898 = ORIENTED_EDGE('',*,*,#9863,.F.);
#9899 = ORIENTED_EDGE('',*,*,#7926,.F.);
#9900 = CYLINDRICAL_SURFACE('',#9901,0.999999252925);
#9901 = AXIS2_PLACEMENT_3D('',#9902,#9903,#9904);
#9902 = CARTESIAN_POINT('',(172.19999925292,-108.625000747,0.));
#9903 = DIRECTION('',(0.,0.,-1.));
#9904 = DIRECTION('',(7.470756781104E-07,-1.,0.));
#9905 = ADVANCED_FACE('',(#9906),#9917,.F.);
#9906 = FACE_BOUND('',#9907,.T.);
#9907 = EDGE_LOOP('',(#9908,#9914,#9915,#9916));
#9908 = ORIENTED_EDGE('',*,*,#9909,.T.);
#9909 = EDGE_CURVE('',#7954,#8915,#9910,.T.);
#9910 = LINE('',#9911,#9912);
#9911 = CARTESIAN_POINT('',(174.4,-107.525,0.));
#9912 = VECTOR('',#9913,1.);
#9913 = DIRECTION('',(0.,0.,1.));
#9914 = ORIENTED_EDGE('',*,*,#8914,.T.);
#9915 = ORIENTED_EDGE('',*,*,#9909,.F.);
#9916 = ORIENTED_EDGE('',*,*,#7953,.F.);
#9917 = CYLINDRICAL_SURFACE('',#9918,1.1);
#9918 = AXIS2_PLACEMENT_3D('',#9919,#9920,#9921);
#9919 = CARTESIAN_POINT('',(173.3,-107.525,0.));
#9920 = DIRECTION('',(-0.,-0.,-1.));
#9921 = DIRECTION('',(1.,0.,-0.));
#9922 = ADVANCED_FACE('',(#9923),#9934,.F.);
#9923 = FACE_BOUND('',#9924,.T.);
#9924 = EDGE_LOOP('',(#9925,#9931,#9932,#9933));
#9925 = ORIENTED_EDGE('',*,*,#9926,.T.);
#9926 = EDGE_CURVE('',#7965,#8926,#9927,.T.);
#9927 = LINE('',#9928,#9929);
#9928 = CARTESIAN_POINT('',(179.1,-99.175,0.));
#9929 = VECTOR('',#9930,1.);
#9930 = DIRECTION('',(0.,0.,1.));
#9931 = ORIENTED_EDGE('',*,*,#8925,.T.);
#9932 = ORIENTED_EDGE('',*,*,#9926,.F.);
#9933 = ORIENTED_EDGE('',*,*,#7964,.F.);
#9934 = CYLINDRICAL_SURFACE('',#9935,0.5);
#9935 = AXIS2_PLACEMENT_3D('',#9936,#9937,#9938);
#9936 = CARTESIAN_POINT('',(178.6,-99.175,0.));
#9937 = DIRECTION('',(-0.,-0.,-1.));
#9938 = DIRECTION('',(1.,0.,-0.));
#9939 = ADVANCED_FACE('',(#9940),#9951,.F.);
#9940 = FACE_BOUND('',#9941,.T.);
#9941 = EDGE_LOOP('',(#9942,#9948,#9949,#9950));
#9942 = ORIENTED_EDGE('',*,*,#9943,.T.);
#9943 = EDGE_CURVE('',#7976,#8937,#9944,.T.);
#9944 = LINE('',#9945,#9946);
#9945 = CARTESIAN_POINT('',(196.1,-99.175,0.));
#9946 = VECTOR('',#9947,1.);
#9947 = DIRECTION('',(0.,0.,1.));
#9948 = ORIENTED_EDGE('',*,*,#8936,.T.);
#9949 = ORIENTED_EDGE('',*,*,#9943,.F.);
#9950 = ORIENTED_EDGE('',*,*,#7975,.F.);
#9951 = CYLINDRICAL_SURFACE('',#9952,0.5);
#9952 = AXIS2_PLACEMENT_3D('',#9953,#9954,#9955);
#9953 = CARTESIAN_POINT('',(195.6,-99.175,0.));
#9954 = DIRECTION('',(-0.,-0.,-1.));
#9955 = DIRECTION('',(1.,0.,-0.));
#9956 = ADVANCED_FACE('',(#9957),#9968,.F.);
#9957 = FACE_BOUND('',#9958,.T.);
#9958 = EDGE_LOOP('',(#9959,#9965,#9966,#9967));
#9959 = ORIENTED_EDGE('',*,*,#9960,.T.);
#9960 = EDGE_CURVE('',#7987,#8948,#9961,.T.);
#9961 = LINE('',#9962,#9963);
#9962 = CARTESIAN_POINT('',(190.8,-93.675,0.));
#9963 = VECTOR('',#9964,1.);
#9964 = DIRECTION('',(0.,0.,1.));
#9965 = ORIENTED_EDGE('',*,*,#8947,.T.);
#9966 = ORIENTED_EDGE('',*,*,#9960,.F.);
#9967 = ORIENTED_EDGE('',*,*,#7986,.F.);
#9968 = CYLINDRICAL_SURFACE('',#9969,0.6);
#9969 = AXIS2_PLACEMENT_3D('',#9970,#9971,#9972);
#9970 = CARTESIAN_POINT('',(190.2,-93.675,0.));
#9971 = DIRECTION('',(-0.,-0.,-1.));
#9972 = DIRECTION('',(1.,0.,-0.));
#9973 = ADVANCED_FACE('',(#9974),#9985,.F.);
#9974 = FACE_BOUND('',#9975,.T.);
#9975 = EDGE_LOOP('',(#9976,#9982,#9983,#9984));
#9976 = ORIENTED_EDGE('',*,*,#9977,.T.);
#9977 = EDGE_CURVE('',#7998,#8959,#9978,.T.);
#9978 = LINE('',#9979,#9980);
#9979 = CARTESIAN_POINT('',(213.1,-99.175,0.));
#9980 = VECTOR('',#9981,1.);
#9981 = DIRECTION('',(0.,0.,1.));
#9982 = ORIENTED_EDGE('',*,*,#8958,.T.);
#9983 = ORIENTED_EDGE('',*,*,#9977,.F.);
#9984 = ORIENTED_EDGE('',*,*,#7997,.F.);
#9985 = CYLINDRICAL_SURFACE('',#9986,0.5);
#9986 = AXIS2_PLACEMENT_3D('',#9987,#9988,#9989);
#9987 = CARTESIAN_POINT('',(212.6,-99.175,0.));
#9988 = DIRECTION('',(-0.,-0.,-1.));
#9989 = DIRECTION('',(1.,0.,-0.));
#9990 = ADVANCED_FACE('',(#9991),#10002,.F.);
#9991 = FACE_BOUND('',#9992,.T.);
#9992 = EDGE_LOOP('',(#9993,#9999,#10000,#10001));
#9993 = ORIENTED_EDGE('',*,*,#9994,.T.);
#9994 = EDGE_CURVE('',#8009,#8970,#9995,.T.);
#9995 = LINE('',#9996,#9997);
#9996 = CARTESIAN_POINT('',(207.8,-93.675,0.));
#9997 = VECTOR('',#9998,1.);
#9998 = DIRECTION('',(0.,0.,1.));
#9999 = ORIENTED_EDGE('',*,*,#8969,.T.);
#10000 = ORIENTED_EDGE('',*,*,#9994,.F.);
#10001 = ORIENTED_EDGE('',*,*,#8008,.F.);
#10002 = CYLINDRICAL_SURFACE('',#10003,0.6);
#10003 = AXIS2_PLACEMENT_3D('',#10004,#10005,#10006);
#10004 = CARTESIAN_POINT('',(207.2,-93.675,0.));
#10005 = DIRECTION('',(-0.,-0.,-1.));
#10006 = DIRECTION('',(1.,0.,-0.));
#10007 = ADVANCED_FACE('',(#10008),#10019,.F.);
#10008 = FACE_BOUND('',#10009,.T.);
#10009 = EDGE_LOOP('',(#10010,#10016,#10017,#10018));
#10010 = ORIENTED_EDGE('',*,*,#10011,.T.);
#10011 = EDGE_CURVE('',#8020,#8981,#10012,.T.);
#10012 = LINE('',#10013,#10014);
#10013 = CARTESIAN_POINT('',(224.8,-93.675,0.));
#10014 = VECTOR('',#10015,1.);
#10015 = DIRECTION('',(0.,0.,1.));
#10016 = ORIENTED_EDGE('',*,*,#8980,.T.);
#10017 = ORIENTED_EDGE('',*,*,#10011,.F.);
#10018 = ORIENTED_EDGE('',*,*,#8019,.F.);
#10019 = CYLINDRICAL_SURFACE('',#10020,0.6);
#10020 = AXIS2_PLACEMENT_3D('',#10021,#10022,#10023);
#10021 = CARTESIAN_POINT('',(224.2,-93.675,0.));
#10022 = DIRECTION('',(-0.,-0.,-1.));
#10023 = DIRECTION('',(1.,0.,-0.));
#10024 = ADVANCED_FACE('',(#10025),#10036,.F.);
#10025 = FACE_BOUND('',#10026,.T.);
#10026 = EDGE_LOOP('',(#10027,#10033,#10034,#10035));
#10027 = ORIENTED_EDGE('',*,*,#10028,.T.);
#10028 = EDGE_CURVE('',#8031,#8992,#10029,.T.);
#10029 = LINE('',#10030,#10031);
#10030 = CARTESIAN_POINT('',(179.1,-82.175,0.));
#10031 = VECTOR('',#10032,1.);
#10032 = DIRECTION('',(0.,0.,1.));
#10033 = ORIENTED_EDGE('',*,*,#8991,.T.);
#10034 = ORIENTED_EDGE('',*,*,#10028,.F.);
#10035 = ORIENTED_EDGE('',*,*,#8030,.F.);
#10036 = CYLINDRICAL_SURFACE('',#10037,0.5);
#10037 = AXIS2_PLACEMENT_3D('',#10038,#10039,#10040);
#10038 = CARTESIAN_POINT('',(178.6,-82.175,0.));
#10039 = DIRECTION('',(-0.,-0.,-1.));
#10040 = DIRECTION('',(1.,0.,-0.));
#10041 = ADVANCED_FACE('',(#10042),#10053,.F.);
#10042 = FACE_BOUND('',#10043,.T.);
#10043 = EDGE_LOOP('',(#10044,#10050,#10051,#10052));
#10044 = ORIENTED_EDGE('',*,*,#10045,.T.);
#10045 = EDGE_CURVE('',#8042,#9003,#10046,.T.);
#10046 = LINE('',#10047,#10048);
#10047 = CARTESIAN_POINT('',(196.1,-82.175,0.));
#10048 = VECTOR('',#10049,1.);
#10049 = DIRECTION('',(0.,0.,1.));
#10050 = ORIENTED_EDGE('',*,*,#9002,.T.);
#10051 = ORIENTED_EDGE('',*,*,#10045,.F.);
#10052 = ORIENTED_EDGE('',*,*,#8041,.F.);
#10053 = CYLINDRICAL_SURFACE('',#10054,0.5);
#10054 = AXIS2_PLACEMENT_3D('',#10055,#10056,#10057);
#10055 = CARTESIAN_POINT('',(195.6,-82.175,0.));
#10056 = DIRECTION('',(-0.,-0.,-1.));
#10057 = DIRECTION('',(1.,0.,-0.));
#10058 = ADVANCED_FACE('',(#10059),#10070,.F.);
#10059 = FACE_BOUND('',#10060,.T.);
#10060 = EDGE_LOOP('',(#10061,#10067,#10068,#10069));
#10061 = ORIENTED_EDGE('',*,*,#10062,.T.);
#10062 = EDGE_CURVE('',#8053,#9014,#10063,.T.);
#10063 = LINE('',#10064,#10065);
#10064 = CARTESIAN_POINT('',(190.8,-76.675,0.));
#10065 = VECTOR('',#10066,1.);
#10066 = DIRECTION('',(0.,0.,1.));
#10067 = ORIENTED_EDGE('',*,*,#9013,.T.);
#10068 = ORIENTED_EDGE('',*,*,#10062,.F.);
#10069 = ORIENTED_EDGE('',*,*,#8052,.F.);
#10070 = CYLINDRICAL_SURFACE('',#10071,0.6);
#10071 = AXIS2_PLACEMENT_3D('',#10072,#10073,#10074);
#10072 = CARTESIAN_POINT('',(190.2,-76.675,0.));
#10073 = DIRECTION('',(-0.,-0.,-1.));
#10074 = DIRECTION('',(1.,0.,-0.));
#10075 = ADVANCED_FACE('',(#10076),#10087,.F.);
#10076 = FACE_BOUND('',#10077,.T.);
#10077 = EDGE_LOOP('',(#10078,#10084,#10085,#10086));
#10078 = ORIENTED_EDGE('',*,*,#10079,.T.);
#10079 = EDGE_CURVE('',#8064,#9025,#10080,.T.);
#10080 = LINE('',#10081,#10082);
#10081 = CARTESIAN_POINT('',(179.1,-65.175,0.));
#10082 = VECTOR('',#10083,1.);
#10083 = DIRECTION('',(0.,0.,1.));
#10084 = ORIENTED_EDGE('',*,*,#9024,.T.);
#10085 = ORIENTED_EDGE('',*,*,#10079,.F.);
#10086 = ORIENTED_EDGE('',*,*,#8063,.F.);
#10087 = CYLINDRICAL_SURFACE('',#10088,0.5);
#10088 = AXIS2_PLACEMENT_3D('',#10089,#10090,#10091);
#10089 = CARTESIAN_POINT('',(178.6,-65.175,0.));
#10090 = DIRECTION('',(-0.,-0.,-1.));
#10091 = DIRECTION('',(1.,0.,-0.));
#10092 = ADVANCED_FACE('',(#10093),#10104,.F.);
#10093 = FACE_BOUND('',#10094,.T.);
#10094 = EDGE_LOOP('',(#10095,#10101,#10102,#10103));
#10095 = ORIENTED_EDGE('',*,*,#10096,.T.);
#10096 = EDGE_CURVE('',#8075,#9036,#10097,.T.);
#10097 = LINE('',#10098,#10099);
#10098 = CARTESIAN_POINT('',(196.1,-65.175,0.));
#10099 = VECTOR('',#10100,1.);
#10100 = DIRECTION('',(0.,0.,1.));
#10101 = ORIENTED_EDGE('',*,*,#9035,.T.);
#10102 = ORIENTED_EDGE('',*,*,#10096,.F.);
#10103 = ORIENTED_EDGE('',*,*,#8074,.F.);
#10104 = CYLINDRICAL_SURFACE('',#10105,0.5);
#10105 = AXIS2_PLACEMENT_3D('',#10106,#10107,#10108);
#10106 = CARTESIAN_POINT('',(195.6,-65.175,0.));
#10107 = DIRECTION('',(-0.,-0.,-1.));
#10108 = DIRECTION('',(1.,0.,-0.));
#10109 = ADVANCED_FACE('',(#10110),#10121,.F.);
#10110 = FACE_BOUND('',#10111,.T.);
#10111 = EDGE_LOOP('',(#10112,#10118,#10119,#10120));
#10112 = ORIENTED_EDGE('',*,*,#10113,.T.);
#10113 = EDGE_CURVE('',#8086,#9047,#10114,.T.);
#10114 = LINE('',#10115,#10116);
#10115 = CARTESIAN_POINT('',(213.1,-82.175,0.));
#10116 = VECTOR('',#10117,1.);
#10117 = DIRECTION('',(0.,0.,1.));
#10118 = ORIENTED_EDGE('',*,*,#9046,.T.);
#10119 = ORIENTED_EDGE('',*,*,#10113,.F.);
#10120 = ORIENTED_EDGE('',*,*,#8085,.F.);
#10121 = CYLINDRICAL_SURFACE('',#10122,0.5);
#10122 = AXIS2_PLACEMENT_3D('',#10123,#10124,#10125);
#10123 = CARTESIAN_POINT('',(212.6,-82.175,0.));
#10124 = DIRECTION('',(-0.,-0.,-1.));
#10125 = DIRECTION('',(1.,0.,-0.));
#10126 = ADVANCED_FACE('',(#10127),#10138,.F.);
#10127 = FACE_BOUND('',#10128,.T.);
#10128 = EDGE_LOOP('',(#10129,#10135,#10136,#10137));
#10129 = ORIENTED_EDGE('',*,*,#10130,.T.);
#10130 = EDGE_CURVE('',#8097,#9058,#10131,.T.);
#10131 = LINE('',#10132,#10133);
#10132 = CARTESIAN_POINT('',(207.8,-76.675,0.));
#10133 = VECTOR('',#10134,1.);
#10134 = DIRECTION('',(0.,0.,1.));
#10135 = ORIENTED_EDGE('',*,*,#9057,.T.);
#10136 = ORIENTED_EDGE('',*,*,#10130,.F.);
#10137 = ORIENTED_EDGE('',*,*,#8096,.F.);
#10138 = CYLINDRICAL_SURFACE('',#10139,0.6);
#10139 = AXIS2_PLACEMENT_3D('',#10140,#10141,#10142);
#10140 = CARTESIAN_POINT('',(207.2,-76.675,0.));
#10141 = DIRECTION('',(-0.,-0.,-1.));
#10142 = DIRECTION('',(1.,0.,-0.));
#10143 = ADVANCED_FACE('',(#10144),#10155,.F.);
#10144 = FACE_BOUND('',#10145,.T.);
#10145 = EDGE_LOOP('',(#10146,#10152,#10153,#10154));
#10146 = ORIENTED_EDGE('',*,*,#10147,.T.);
#10147 = EDGE_CURVE('',#8108,#9069,#10148,.T.);
#10148 = LINE('',#10149,#10150);
#10149 = CARTESIAN_POINT('',(224.8,-76.675,0.));
#10150 = VECTOR('',#10151,1.);
#10151 = DIRECTION('',(0.,0.,1.));
#10152 = ORIENTED_EDGE('',*,*,#9068,.T.);
#10153 = ORIENTED_EDGE('',*,*,#10147,.F.);
#10154 = ORIENTED_EDGE('',*,*,#8107,.F.);
#10155 = CYLINDRICAL_SURFACE('',#10156,0.6);
#10156 = AXIS2_PLACEMENT_3D('',#10157,#10158,#10159);
#10157 = CARTESIAN_POINT('',(224.2,-76.675,0.));
#10158 = DIRECTION('',(-0.,-0.,-1.));
#10159 = DIRECTION('',(1.,0.,-0.));
#10160 = ADVANCED_FACE('',(#10161),#10172,.F.);
#10161 = FACE_BOUND('',#10162,.T.);
#10162 = EDGE_LOOP('',(#10163,#10169,#10170,#10171));
#10163 = ORIENTED_EDGE('',*,*,#10164,.T.);
#10164 = EDGE_CURVE('',#8119,#9080,#10165,.T.);
#10165 = LINE('',#10166,#10167);
#10166 = CARTESIAN_POINT('',(213.1,-65.175,0.));
#10167 = VECTOR('',#10168,1.);
#10168 = DIRECTION('',(0.,0.,1.));
#10169 = ORIENTED_EDGE('',*,*,#9079,.T.);
#10170 = ORIENTED_EDGE('',*,*,#10164,.F.);
#10171 = ORIENTED_EDGE('',*,*,#8118,.F.);
#10172 = CYLINDRICAL_SURFACE('',#10173,0.5);
#10173 = AXIS2_PLACEMENT_3D('',#10174,#10175,#10176);
#10174 = CARTESIAN_POINT('',(212.6,-65.175,0.));
#10175 = DIRECTION('',(-0.,-0.,-1.));
#10176 = DIRECTION('',(1.,0.,-0.));
#10177 = ADVANCED_FACE('',(#10178),#10189,.F.);
#10178 = FACE_BOUND('',#10179,.T.);
#10179 = EDGE_LOOP('',(#10180,#10186,#10187,#10188));
#10180 = ORIENTED_EDGE('',*,*,#10181,.T.);
#10181 = EDGE_CURVE('',#8130,#9091,#10182,.T.);
#10182 = LINE('',#10183,#10184);
#10183 = CARTESIAN_POINT('',(230.1,-99.175,0.));
#10184 = VECTOR('',#10185,1.);
#10185 = DIRECTION('',(0.,0.,1.));
#10186 = ORIENTED_EDGE('',*,*,#9090,.T.);
#10187 = ORIENTED_EDGE('',*,*,#10181,.F.);
#10188 = ORIENTED_EDGE('',*,*,#8129,.F.);
#10189 = CYLINDRICAL_SURFACE('',#10190,0.5);
#10190 = AXIS2_PLACEMENT_3D('',#10191,#10192,#10193);
#10191 = CARTESIAN_POINT('',(229.6,-99.175,0.));
#10192 = DIRECTION('',(-0.,-0.,-1.));
#10193 = DIRECTION('',(1.,0.,-0.));
#10194 = ADVANCED_FACE('',(#10195),#10206,.F.);
#10195 = FACE_BOUND('',#10196,.T.);
#10196 = EDGE_LOOP('',(#10197,#10203,#10204,#10205));
#10197 = ORIENTED_EDGE('',*,*,#10198,.T.);
#10198 = EDGE_CURVE('',#8141,#9102,#10199,.T.);
#10199 = LINE('',#10200,#10201);
#10200 = CARTESIAN_POINT('',(247.1,-99.175,0.));
#10201 = VECTOR('',#10202,1.);
#10202 = DIRECTION('',(0.,0.,1.));
#10203 = ORIENTED_EDGE('',*,*,#9101,.T.);
#10204 = ORIENTED_EDGE('',*,*,#10198,.F.);
#10205 = ORIENTED_EDGE('',*,*,#8140,.F.);
#10206 = CYLINDRICAL_SURFACE('',#10207,0.5);
#10207 = AXIS2_PLACEMENT_3D('',#10208,#10209,#10210);
#10208 = CARTESIAN_POINT('',(246.6,-99.175,0.));
#10209 = DIRECTION('',(-0.,-0.,-1.));
#10210 = DIRECTION('',(1.,0.,-0.));
#10211 = ADVANCED_FACE('',(#10212),#10223,.F.);
#10212 = FACE_BOUND('',#10213,.T.);
#10213 = EDGE_LOOP('',(#10214,#10220,#10221,#10222));
#10214 = ORIENTED_EDGE('',*,*,#10215,.T.);
#10215 = EDGE_CURVE('',#8152,#9113,#10216,.T.);
#10216 = LINE('',#10217,#10218);
#10217 = CARTESIAN_POINT('',(241.8,-93.675,0.));
#10218 = VECTOR('',#10219,1.);
#10219 = DIRECTION('',(0.,0.,1.));
#10220 = ORIENTED_EDGE('',*,*,#9112,.T.);
#10221 = ORIENTED_EDGE('',*,*,#10215,.F.);
#10222 = ORIENTED_EDGE('',*,*,#8151,.F.);
#10223 = CYLINDRICAL_SURFACE('',#10224,0.6);
#10224 = AXIS2_PLACEMENT_3D('',#10225,#10226,#10227);
#10225 = CARTESIAN_POINT('',(241.2,-93.675,0.));
#10226 = DIRECTION('',(-0.,-0.,-1.));
#10227 = DIRECTION('',(1.,0.,-0.));
#10228 = ADVANCED_FACE('',(#10229),#10240,.F.);
#10229 = FACE_BOUND('',#10230,.T.);
#10230 = EDGE_LOOP('',(#10231,#10237,#10238,#10239));
#10231 = ORIENTED_EDGE('',*,*,#10232,.T.);
#10232 = EDGE_CURVE('',#8163,#9124,#10233,.T.);
#10233 = LINE('',#10234,#10235);
#10234 = CARTESIAN_POINT('',(264.1,-99.175,0.));
#10235 = VECTOR('',#10236,1.);
#10236 = DIRECTION('',(0.,0.,1.));
#10237 = ORIENTED_EDGE('',*,*,#9123,.T.);
#10238 = ORIENTED_EDGE('',*,*,#10232,.F.);
#10239 = ORIENTED_EDGE('',*,*,#8162,.F.);
#10240 = CYLINDRICAL_SURFACE('',#10241,0.5);
#10241 = AXIS2_PLACEMENT_3D('',#10242,#10243,#10244);
#10242 = CARTESIAN_POINT('',(263.6,-99.175,0.));
#10243 = DIRECTION('',(-0.,-0.,-1.));
#10244 = DIRECTION('',(1.,0.,-0.));
#10245 = ADVANCED_FACE('',(#10246),#10257,.F.);
#10246 = FACE_BOUND('',#10247,.T.);
#10247 = EDGE_LOOP('',(#10248,#10254,#10255,#10256));
#10248 = ORIENTED_EDGE('',*,*,#10249,.T.);
#10249 = EDGE_CURVE('',#8174,#9135,#10250,.T.);
#10250 = LINE('',#10251,#10252);
#10251 = CARTESIAN_POINT('',(281.6,-107.525,0.));
#10252 = VECTOR('',#10253,1.);
#10253 = DIRECTION('',(0.,0.,1.));
#10254 = ORIENTED_EDGE('',*,*,#9134,.T.);
#10255 = ORIENTED_EDGE('',*,*,#10249,.F.);
#10256 = ORIENTED_EDGE('',*,*,#8173,.F.);
#10257 = CYLINDRICAL_SURFACE('',#10258,1.1);
#10258 = AXIS2_PLACEMENT_3D('',#10259,#10260,#10261);
#10259 = CARTESIAN_POINT('',(280.5,-107.525,0.));
#10260 = DIRECTION('',(-0.,-0.,-1.));
#10261 = DIRECTION('',(1.,0.,-0.));
#10262 = ADVANCED_FACE('',(#10263),#10274,.F.);
#10263 = FACE_BOUND('',#10264,.T.);
#10264 = EDGE_LOOP('',(#10265,#10271,#10272,#10273));
#10265 = ORIENTED_EDGE('',*,*,#10266,.T.);
#10266 = EDGE_CURVE('',#8185,#9146,#10267,.T.);
#10267 = LINE('',#10268,#10269);
#10268 = CARTESIAN_POINT('',(258.8,-93.675,0.));
#10269 = VECTOR('',#10270,1.);
#10270 = DIRECTION('',(0.,0.,1.));
#10271 = ORIENTED_EDGE('',*,*,#9145,.T.);
#10272 = ORIENTED_EDGE('',*,*,#10266,.F.);
#10273 = ORIENTED_EDGE('',*,*,#8184,.F.);
#10274 = CYLINDRICAL_SURFACE('',#10275,0.6);
#10275 = AXIS2_PLACEMENT_3D('',#10276,#10277,#10278);
#10276 = CARTESIAN_POINT('',(258.2,-93.675,0.));
#10277 = DIRECTION('',(-0.,-0.,-1.));
#10278 = DIRECTION('',(1.,0.,-0.));
#10279 = ADVANCED_FACE('',(#10280),#10291,.F.);
#10280 = FACE_BOUND('',#10281,.T.);
#10281 = EDGE_LOOP('',(#10282,#10288,#10289,#10290));
#10282 = ORIENTED_EDGE('',*,*,#10283,.T.);
#10283 = EDGE_CURVE('',#8196,#9157,#10284,.T.);
#10284 = LINE('',#10285,#10286);
#10285 = CARTESIAN_POINT('',(275.8,-93.675,0.));
#10286 = VECTOR('',#10287,1.);
#10287 = DIRECTION('',(0.,0.,1.));
#10288 = ORIENTED_EDGE('',*,*,#9156,.T.);
#10289 = ORIENTED_EDGE('',*,*,#10283,.F.);
#10290 = ORIENTED_EDGE('',*,*,#8195,.F.);
#10291 = CYLINDRICAL_SURFACE('',#10292,0.6);
#10292 = AXIS2_PLACEMENT_3D('',#10293,#10294,#10295);
#10293 = CARTESIAN_POINT('',(275.2,-93.675,0.));
#10294 = DIRECTION('',(-0.,-0.,-1.));
#10295 = DIRECTION('',(1.,0.,-0.));
#10296 = ADVANCED_FACE('',(#10297),#10308,.F.);
#10297 = FACE_BOUND('',#10298,.T.);
#10298 = EDGE_LOOP('',(#10299,#10305,#10306,#10307));
#10299 = ORIENTED_EDGE('',*,*,#10300,.T.);
#10300 = EDGE_CURVE('',#8207,#9168,#10301,.T.);
#10301 = LINE('',#10302,#10303);
#10302 = CARTESIAN_POINT('',(230.1,-82.175,0.));
#10303 = VECTOR('',#10304,1.);
#10304 = DIRECTION('',(0.,0.,1.));
#10305 = ORIENTED_EDGE('',*,*,#9167,.T.);
#10306 = ORIENTED_EDGE('',*,*,#10300,.F.);
#10307 = ORIENTED_EDGE('',*,*,#8206,.F.);
#10308 = CYLINDRICAL_SURFACE('',#10309,0.5);
#10309 = AXIS2_PLACEMENT_3D('',#10310,#10311,#10312);
#10310 = CARTESIAN_POINT('',(229.6,-82.175,0.));
#10311 = DIRECTION('',(-0.,-0.,-1.));
#10312 = DIRECTION('',(1.,0.,-0.));
#10313 = ADVANCED_FACE('',(#10314),#10325,.F.);
#10314 = FACE_BOUND('',#10315,.T.);
#10315 = EDGE_LOOP('',(#10316,#10322,#10323,#10324));
#10316 = ORIENTED_EDGE('',*,*,#10317,.T.);
#10317 = EDGE_CURVE('',#8218,#9179,#10318,.T.);
#10318 = LINE('',#10319,#10320);
#10319 = CARTESIAN_POINT('',(247.1,-82.175,0.));
#10320 = VECTOR('',#10321,1.);
#10321 = DIRECTION('',(0.,0.,1.));
#10322 = ORIENTED_EDGE('',*,*,#9178,.T.);
#10323 = ORIENTED_EDGE('',*,*,#10317,.F.);
#10324 = ORIENTED_EDGE('',*,*,#8217,.F.);
#10325 = CYLINDRICAL_SURFACE('',#10326,0.5);
#10326 = AXIS2_PLACEMENT_3D('',#10327,#10328,#10329);
#10327 = CARTESIAN_POINT('',(246.6,-82.175,0.));
#10328 = DIRECTION('',(-0.,-0.,-1.));
#10329 = DIRECTION('',(1.,0.,-0.));
#10330 = ADVANCED_FACE('',(#10331),#10342,.F.);
#10331 = FACE_BOUND('',#10332,.T.);
#10332 = EDGE_LOOP('',(#10333,#10339,#10340,#10341));
#10333 = ORIENTED_EDGE('',*,*,#10334,.T.);
#10334 = EDGE_CURVE('',#8229,#9190,#10335,.T.);
#10335 = LINE('',#10336,#10337);
#10336 = CARTESIAN_POINT('',(241.8,-76.675,0.));
#10337 = VECTOR('',#10338,1.);
#10338 = DIRECTION('',(0.,0.,1.));
#10339 = ORIENTED_EDGE('',*,*,#9189,.T.);
#10340 = ORIENTED_EDGE('',*,*,#10334,.F.);
#10341 = ORIENTED_EDGE('',*,*,#8228,.F.);
#10342 = CYLINDRICAL_SURFACE('',#10343,0.6);
#10343 = AXIS2_PLACEMENT_3D('',#10344,#10345,#10346);
#10344 = CARTESIAN_POINT('',(241.2,-76.675,0.));
#10345 = DIRECTION('',(-0.,-0.,-1.));
#10346 = DIRECTION('',(1.,0.,-0.));
#10347 = ADVANCED_FACE('',(#10348),#10359,.F.);
#10348 = FACE_BOUND('',#10349,.T.);
#10349 = EDGE_LOOP('',(#10350,#10356,#10357,#10358));
#10350 = ORIENTED_EDGE('',*,*,#10351,.T.);
#10351 = EDGE_CURVE('',#8240,#9201,#10352,.T.);
#10352 = LINE('',#10353,#10354);
#10353 = CARTESIAN_POINT('',(230.1,-65.175,0.));
#10354 = VECTOR('',#10355,1.);
#10355 = DIRECTION('',(0.,0.,1.));
#10356 = ORIENTED_EDGE('',*,*,#9200,.T.);
#10357 = ORIENTED_EDGE('',*,*,#10351,.F.);
#10358 = ORIENTED_EDGE('',*,*,#8239,.F.);
#10359 = CYLINDRICAL_SURFACE('',#10360,0.5);
#10360 = AXIS2_PLACEMENT_3D('',#10361,#10362,#10363);
#10361 = CARTESIAN_POINT('',(229.6,-65.175,0.));
#10362 = DIRECTION('',(-0.,-0.,-1.));
#10363 = DIRECTION('',(1.,0.,-0.));
#10364 = ADVANCED_FACE('',(#10365),#10376,.F.);
#10365 = FACE_BOUND('',#10366,.T.);
#10366 = EDGE_LOOP('',(#10367,#10373,#10374,#10375));
#10367 = ORIENTED_EDGE('',*,*,#10368,.T.);
#10368 = EDGE_CURVE('',#8251,#9212,#10369,.T.);
#10369 = LINE('',#10370,#10371);
#10370 = CARTESIAN_POINT('',(247.1,-65.175,0.));
#10371 = VECTOR('',#10372,1.);
#10372 = DIRECTION('',(0.,0.,1.));
#10373 = ORIENTED_EDGE('',*,*,#9211,.T.);
#10374 = ORIENTED_EDGE('',*,*,#10368,.F.);
#10375 = ORIENTED_EDGE('',*,*,#8250,.F.);
#10376 = CYLINDRICAL_SURFACE('',#10377,0.5);
#10377 = AXIS2_PLACEMENT_3D('',#10378,#10379,#10380);
#10378 = CARTESIAN_POINT('',(246.6,-65.175,0.));
#10379 = DIRECTION('',(-0.,-0.,-1.));
#10380 = DIRECTION('',(1.,0.,-0.));
#10381 = ADVANCED_FACE('',(#10382),#10393,.F.);
#10382 = FACE_BOUND('',#10383,.T.);
#10383 = EDGE_LOOP('',(#10384,#10390,#10391,#10392));
#10384 = ORIENTED_EDGE('',*,*,#10385,.T.);
#10385 = EDGE_CURVE('',#8262,#9223,#10386,.T.);
#10386 = LINE('',#10387,#10388);
#10387 = CARTESIAN_POINT('',(264.1,-82.175,0.));
#10388 = VECTOR('',#10389,1.);
#10389 = DIRECTION('',(0.,0.,1.));
#10390 = ORIENTED_EDGE('',*,*,#9222,.T.);
#10391 = ORIENTED_EDGE('',*,*,#10385,.F.);
#10392 = ORIENTED_EDGE('',*,*,#8261,.F.);
#10393 = CYLINDRICAL_SURFACE('',#10394,0.5);
#10394 = AXIS2_PLACEMENT_3D('',#10395,#10396,#10397);
#10395 = CARTESIAN_POINT('',(263.6,-82.175,0.));
#10396 = DIRECTION('',(-0.,-0.,-1.));
#10397 = DIRECTION('',(1.,0.,-0.));
#10398 = ADVANCED_FACE('',(#10399),#10410,.F.);
#10399 = FACE_BOUND('',#10400,.T.);
#10400 = EDGE_LOOP('',(#10401,#10407,#10408,#10409));
#10401 = ORIENTED_EDGE('',*,*,#10402,.T.);
#10402 = EDGE_CURVE('',#8273,#9234,#10403,.T.);
#10403 = LINE('',#10404,#10405);
#10404 = CARTESIAN_POINT('',(258.8,-76.675,0.));
#10405 = VECTOR('',#10406,1.);
#10406 = DIRECTION('',(0.,0.,1.));
#10407 = ORIENTED_EDGE('',*,*,#9233,.T.);
#10408 = ORIENTED_EDGE('',*,*,#10402,.F.);
#10409 = ORIENTED_EDGE('',*,*,#8272,.F.);
#10410 = CYLINDRICAL_SURFACE('',#10411,0.6);
#10411 = AXIS2_PLACEMENT_3D('',#10412,#10413,#10414);
#10412 = CARTESIAN_POINT('',(258.2,-76.675,0.));
#10413 = DIRECTION('',(-0.,-0.,-1.));
#10414 = DIRECTION('',(1.,0.,-0.));
#10415 = ADVANCED_FACE('',(#10416),#10427,.F.);
#10416 = FACE_BOUND('',#10417,.T.);
#10417 = EDGE_LOOP('',(#10418,#10424,#10425,#10426));
#10418 = ORIENTED_EDGE('',*,*,#10419,.T.);
#10419 = EDGE_CURVE('',#8284,#9245,#10420,.T.);
#10420 = LINE('',#10421,#10422);
#10421 = CARTESIAN_POINT('',(275.8,-76.675,0.));
#10422 = VECTOR('',#10423,1.);
#10423 = DIRECTION('',(0.,0.,1.));
#10424 = ORIENTED_EDGE('',*,*,#9244,.T.);
#10425 = ORIENTED_EDGE('',*,*,#10419,.F.);
#10426 = ORIENTED_EDGE('',*,*,#8283,.F.);
#10427 = CYLINDRICAL_SURFACE('',#10428,0.6);
#10428 = AXIS2_PLACEMENT_3D('',#10429,#10430,#10431);
#10429 = CARTESIAN_POINT('',(275.2,-76.675,0.));
#10430 = DIRECTION('',(-0.,-0.,-1.));
#10431 = DIRECTION('',(1.,0.,-0.));
#10432 = ADVANCED_FACE('',(#10433),#10444,.F.);
#10433 = FACE_BOUND('',#10434,.T.);
#10434 = EDGE_LOOP('',(#10435,#10441,#10442,#10443));
#10435 = ORIENTED_EDGE('',*,*,#10436,.T.);
#10436 = EDGE_CURVE('',#8295,#9256,#10437,.T.);
#10437 = LINE('',#10438,#10439);
#10438 = CARTESIAN_POINT('',(264.1,-65.175,0.));
#10439 = VECTOR('',#10440,1.);
#10440 = DIRECTION('',(0.,0.,1.));
#10441 = ORIENTED_EDGE('',*,*,#9255,.T.);
#10442 = ORIENTED_EDGE('',*,*,#10436,.F.);
#10443 = ORIENTED_EDGE('',*,*,#8294,.F.);
#10444 = CYLINDRICAL_SURFACE('',#10445,0.5);
#10445 = AXIS2_PLACEMENT_3D('',#10446,#10447,#10448);
#10446 = CARTESIAN_POINT('',(263.6,-65.175,0.));
#10447 = DIRECTION('',(-0.,-0.,-1.));
#10448 = DIRECTION('',(1.,0.,-0.));
#10449 = ADVANCED_FACE('',(#10450),#10461,.F.);
#10450 = FACE_BOUND('',#10451,.T.);
#10451 = EDGE_LOOP('',(#10452,#10458,#10459,#10460));
#10452 = ORIENTED_EDGE('',*,*,#10453,.T.);
#10453 = EDGE_CURVE('',#8306,#9267,#10454,.T.);
#10454 = LINE('',#10455,#10456);
#10455 = CARTESIAN_POINT('',(190.8,-59.675,0.));
#10456 = VECTOR('',#10457,1.);
#10457 = DIRECTION('',(0.,0.,1.));
#10458 = ORIENTED_EDGE('',*,*,#9266,.T.);
#10459 = ORIENTED_EDGE('',*,*,#10453,.F.);
#10460 = ORIENTED_EDGE('',*,*,#8305,.F.);
#10461 = CYLINDRICAL_SURFACE('',#10462,0.6);
#10462 = AXIS2_PLACEMENT_3D('',#10463,#10464,#10465);
#10463 = CARTESIAN_POINT('',(190.2,-59.675,0.));
#10464 = DIRECTION('',(-0.,-0.,-1.));
#10465 = DIRECTION('',(1.,0.,-0.));
#10466 = ADVANCED_FACE('',(#10467),#10478,.F.);
#10467 = FACE_BOUND('',#10468,.T.);
#10468 = EDGE_LOOP('',(#10469,#10475,#10476,#10477));
#10469 = ORIENTED_EDGE('',*,*,#10470,.T.);
#10470 = EDGE_CURVE('',#8317,#9278,#10471,.T.);
#10471 = LINE('',#10472,#10473);
#10472 = CARTESIAN_POINT('',(179.1,-48.175,0.));
#10473 = VECTOR('',#10474,1.);
#10474 = DIRECTION('',(0.,0.,1.));
#10475 = ORIENTED_EDGE('',*,*,#9277,.T.);
#10476 = ORIENTED_EDGE('',*,*,#10470,.F.);
#10477 = ORIENTED_EDGE('',*,*,#8316,.F.);
#10478 = CYLINDRICAL_SURFACE('',#10479,0.5);
#10479 = AXIS2_PLACEMENT_3D('',#10480,#10481,#10482);
#10480 = CARTESIAN_POINT('',(178.6,-48.175,0.));
#10481 = DIRECTION('',(-0.,-0.,-1.));
#10482 = DIRECTION('',(1.,0.,-0.));
#10483 = ADVANCED_FACE('',(#10484),#10495,.F.);
#10484 = FACE_BOUND('',#10485,.T.);
#10485 = EDGE_LOOP('',(#10486,#10492,#10493,#10494));
#10486 = ORIENTED_EDGE('',*,*,#10487,.T.);
#10487 = EDGE_CURVE('',#8328,#9289,#10488,.T.);
#10488 = LINE('',#10489,#10490);
#10489 = CARTESIAN_POINT('',(196.1,-48.175,0.));
#10490 = VECTOR('',#10491,1.);
#10491 = DIRECTION('',(0.,0.,1.));
#10492 = ORIENTED_EDGE('',*,*,#9288,.T.);
#10493 = ORIENTED_EDGE('',*,*,#10487,.F.);
#10494 = ORIENTED_EDGE('',*,*,#8327,.F.);
#10495 = CYLINDRICAL_SURFACE('',#10496,0.5);
#10496 = AXIS2_PLACEMENT_3D('',#10497,#10498,#10499);
#10497 = CARTESIAN_POINT('',(195.6,-48.175,0.));
#10498 = DIRECTION('',(-0.,-0.,-1.));
#10499 = DIRECTION('',(1.,0.,-0.));
#10500 = ADVANCED_FACE('',(#10501),#10512,.F.);
#10501 = FACE_BOUND('',#10502,.T.);
#10502 = EDGE_LOOP('',(#10503,#10509,#10510,#10511));
#10503 = ORIENTED_EDGE('',*,*,#10504,.T.);
#10504 = EDGE_CURVE('',#8339,#9300,#10505,.T.);
#10505 = LINE('',#10506,#10507);
#10506 = CARTESIAN_POINT('',(190.8,-42.675,0.));
#10507 = VECTOR('',#10508,1.);
#10508 = DIRECTION('',(0.,0.,1.));
#10509 = ORIENTED_EDGE('',*,*,#9299,.T.);
#10510 = ORIENTED_EDGE('',*,*,#10504,.F.);
#10511 = ORIENTED_EDGE('',*,*,#8338,.F.);
#10512 = CYLINDRICAL_SURFACE('',#10513,0.6);
#10513 = AXIS2_PLACEMENT_3D('',#10514,#10515,#10516);
#10514 = CARTESIAN_POINT('',(190.2,-42.675,0.));
#10515 = DIRECTION('',(-0.,-0.,-1.));
#10516 = DIRECTION('',(1.,0.,-0.));
#10517 = ADVANCED_FACE('',(#10518),#10529,.F.);
#10518 = FACE_BOUND('',#10519,.T.);
#10519 = EDGE_LOOP('',(#10520,#10526,#10527,#10528));
#10520 = ORIENTED_EDGE('',*,*,#10521,.T.);
#10521 = EDGE_CURVE('',#8350,#9311,#10522,.T.);
#10522 = LINE('',#10523,#10524);
#10523 = CARTESIAN_POINT('',(207.8,-59.675,0.));
#10524 = VECTOR('',#10525,1.);
#10525 = DIRECTION('',(0.,0.,1.));
#10526 = ORIENTED_EDGE('',*,*,#9310,.T.);
#10527 = ORIENTED_EDGE('',*,*,#10521,.F.);
#10528 = ORIENTED_EDGE('',*,*,#8349,.F.);
#10529 = CYLINDRICAL_SURFACE('',#10530,0.6);
#10530 = AXIS2_PLACEMENT_3D('',#10531,#10532,#10533);
#10531 = CARTESIAN_POINT('',(207.2,-59.675,0.));
#10532 = DIRECTION('',(-0.,-0.,-1.));
#10533 = DIRECTION('',(1.,0.,-0.));
#10534 = ADVANCED_FACE('',(#10535),#10546,.F.);
#10535 = FACE_BOUND('',#10536,.T.);
#10536 = EDGE_LOOP('',(#10537,#10543,#10544,#10545));
#10537 = ORIENTED_EDGE('',*,*,#10538,.T.);
#10538 = EDGE_CURVE('',#8361,#9322,#10539,.T.);
#10539 = LINE('',#10540,#10541);
#10540 = CARTESIAN_POINT('',(224.8,-59.675,0.));
#10541 = VECTOR('',#10542,1.);
#10542 = DIRECTION('',(0.,0.,1.));
#10543 = ORIENTED_EDGE('',*,*,#9321,.T.);
#10544 = ORIENTED_EDGE('',*,*,#10538,.F.);
#10545 = ORIENTED_EDGE('',*,*,#8360,.F.);
#10546 = CYLINDRICAL_SURFACE('',#10547,0.6);
#10547 = AXIS2_PLACEMENT_3D('',#10548,#10549,#10550);
#10548 = CARTESIAN_POINT('',(224.2,-59.675,0.));
#10549 = DIRECTION('',(-0.,-0.,-1.));
#10550 = DIRECTION('',(1.,0.,-0.));
#10551 = ADVANCED_FACE('',(#10552),#10563,.F.);
#10552 = FACE_BOUND('',#10553,.T.);
#10553 = EDGE_LOOP('',(#10554,#10560,#10561,#10562));
#10554 = ORIENTED_EDGE('',*,*,#10555,.T.);
#10555 = EDGE_CURVE('',#8372,#9333,#10556,.T.);
#10556 = LINE('',#10557,#10558);
#10557 = CARTESIAN_POINT('',(213.1,-48.175,0.));
#10558 = VECTOR('',#10559,1.);
#10559 = DIRECTION('',(0.,0.,1.));
#10560 = ORIENTED_EDGE('',*,*,#9332,.T.);
#10561 = ORIENTED_EDGE('',*,*,#10555,.F.);
#10562 = ORIENTED_EDGE('',*,*,#8371,.F.);
#10563 = CYLINDRICAL_SURFACE('',#10564,0.5);
#10564 = AXIS2_PLACEMENT_3D('',#10565,#10566,#10567);
#10565 = CARTESIAN_POINT('',(212.6,-48.175,0.));
#10566 = DIRECTION('',(-0.,-0.,-1.));
#10567 = DIRECTION('',(1.,0.,-0.));
#10568 = ADVANCED_FACE('',(#10569),#10580,.F.);
#10569 = FACE_BOUND('',#10570,.T.);
#10570 = EDGE_LOOP('',(#10571,#10577,#10578,#10579));
#10571 = ORIENTED_EDGE('',*,*,#10572,.T.);
#10572 = EDGE_CURVE('',#8383,#9344,#10573,.T.);
#10573 = LINE('',#10574,#10575);
#10574 = CARTESIAN_POINT('',(207.8,-42.675,0.));
#10575 = VECTOR('',#10576,1.);
#10576 = DIRECTION('',(0.,0.,1.));
#10577 = ORIENTED_EDGE('',*,*,#9343,.T.);
#10578 = ORIENTED_EDGE('',*,*,#10572,.F.);
#10579 = ORIENTED_EDGE('',*,*,#8382,.F.);
#10580 = CYLINDRICAL_SURFACE('',#10581,0.6);
#10581 = AXIS2_PLACEMENT_3D('',#10582,#10583,#10584);
#10582 = CARTESIAN_POINT('',(207.2,-42.675,0.));
#10583 = DIRECTION('',(-0.,-0.,-1.));
#10584 = DIRECTION('',(1.,0.,-0.));
#10585 = ADVANCED_FACE('',(#10586),#10597,.F.);
#10586 = FACE_BOUND('',#10587,.T.);
#10587 = EDGE_LOOP('',(#10588,#10594,#10595,#10596));
#10588 = ORIENTED_EDGE('',*,*,#10589,.T.);
#10589 = EDGE_CURVE('',#8394,#9355,#10590,.T.);
#10590 = LINE('',#10591,#10592);
#10591 = CARTESIAN_POINT('',(224.8,-42.675,0.));
#10592 = VECTOR('',#10593,1.);
#10593 = DIRECTION('',(0.,0.,1.));
#10594 = ORIENTED_EDGE('',*,*,#9354,.T.);
#10595 = ORIENTED_EDGE('',*,*,#10589,.F.);
#10596 = ORIENTED_EDGE('',*,*,#8393,.F.);
#10597 = CYLINDRICAL_SURFACE('',#10598,0.6);
#10598 = AXIS2_PLACEMENT_3D('',#10599,#10600,#10601);
#10599 = CARTESIAN_POINT('',(224.2,-42.675,0.));
#10600 = DIRECTION('',(-0.,-0.,-1.));
#10601 = DIRECTION('',(1.,0.,-0.));
#10602 = ADVANCED_FACE('',(#10603),#10614,.F.);
#10603 = FACE_BOUND('',#10604,.T.);
#10604 = EDGE_LOOP('',(#10605,#10611,#10612,#10613));
#10605 = ORIENTED_EDGE('',*,*,#10606,.T.);
#10606 = EDGE_CURVE('',#8405,#9366,#10607,.T.);
#10607 = LINE('',#10608,#10609);
#10608 = CARTESIAN_POINT('',(174.4,-15.125,0.));
#10609 = VECTOR('',#10610,1.);
#10610 = DIRECTION('',(0.,0.,1.));
#10611 = ORIENTED_EDGE('',*,*,#9365,.T.);
#10612 = ORIENTED_EDGE('',*,*,#10606,.F.);
#10613 = ORIENTED_EDGE('',*,*,#8404,.F.);
#10614 = CYLINDRICAL_SURFACE('',#10615,1.1);
#10615 = AXIS2_PLACEMENT_3D('',#10616,#10617,#10618);
#10616 = CARTESIAN_POINT('',(173.3,-15.125,0.));
#10617 = DIRECTION('',(-0.,-0.,-1.));
#10618 = DIRECTION('',(1.,0.,-0.));
#10619 = ADVANCED_FACE('',(#10620),#10631,.F.);
#10620 = FACE_BOUND('',#10621,.T.);
#10621 = EDGE_LOOP('',(#10622,#10628,#10629,#10630));
#10622 = ORIENTED_EDGE('',*,*,#10623,.T.);
#10623 = EDGE_CURVE('',#8416,#9377,#10624,.T.);
#10624 = LINE('',#10625,#10626);
#10625 = CARTESIAN_POINT('',(241.8,-59.675,0.));
#10626 = VECTOR('',#10627,1.);
#10627 = DIRECTION('',(0.,0.,1.));
#10628 = ORIENTED_EDGE('',*,*,#9376,.T.);
#10629 = ORIENTED_EDGE('',*,*,#10623,.F.);
#10630 = ORIENTED_EDGE('',*,*,#8415,.F.);
#10631 = CYLINDRICAL_SURFACE('',#10632,0.6);
#10632 = AXIS2_PLACEMENT_3D('',#10633,#10634,#10635);
#10633 = CARTESIAN_POINT('',(241.2,-59.675,0.));
#10634 = DIRECTION('',(-0.,-0.,-1.));
#10635 = DIRECTION('',(1.,0.,-0.));
#10636 = ADVANCED_FACE('',(#10637),#10648,.F.);
#10637 = FACE_BOUND('',#10638,.T.);
#10638 = EDGE_LOOP('',(#10639,#10645,#10646,#10647));
#10639 = ORIENTED_EDGE('',*,*,#10640,.T.);
#10640 = EDGE_CURVE('',#8427,#9388,#10641,.T.);
#10641 = LINE('',#10642,#10643);
#10642 = CARTESIAN_POINT('',(230.1,-48.175,0.));
#10643 = VECTOR('',#10644,1.);
#10644 = DIRECTION('',(0.,0.,1.));
#10645 = ORIENTED_EDGE('',*,*,#9387,.T.);
#10646 = ORIENTED_EDGE('',*,*,#10640,.F.);
#10647 = ORIENTED_EDGE('',*,*,#8426,.F.);
#10648 = CYLINDRICAL_SURFACE('',#10649,0.5);
#10649 = AXIS2_PLACEMENT_3D('',#10650,#10651,#10652);
#10650 = CARTESIAN_POINT('',(229.6,-48.175,0.));
#10651 = DIRECTION('',(-0.,-0.,-1.));
#10652 = DIRECTION('',(1.,0.,-0.));
#10653 = ADVANCED_FACE('',(#10654),#10665,.F.);
#10654 = FACE_BOUND('',#10655,.T.);
#10655 = EDGE_LOOP('',(#10656,#10662,#10663,#10664));
#10656 = ORIENTED_EDGE('',*,*,#10657,.T.);
#10657 = EDGE_CURVE('',#8438,#9399,#10658,.T.);
#10658 = LINE('',#10659,#10660);
#10659 = CARTESIAN_POINT('',(247.1,-48.175,0.));
#10660 = VECTOR('',#10661,1.);
#10661 = DIRECTION('',(0.,0.,1.));
#10662 = ORIENTED_EDGE('',*,*,#9398,.T.);
#10663 = ORIENTED_EDGE('',*,*,#10657,.F.);
#10664 = ORIENTED_EDGE('',*,*,#8437,.F.);
#10665 = CYLINDRICAL_SURFACE('',#10666,0.5);
#10666 = AXIS2_PLACEMENT_3D('',#10667,#10668,#10669);
#10667 = CARTESIAN_POINT('',(246.6,-48.175,0.));
#10668 = DIRECTION('',(-0.,-0.,-1.));
#10669 = DIRECTION('',(1.,0.,-0.));
#10670 = ADVANCED_FACE('',(#10671),#10682,.F.);
#10671 = FACE_BOUND('',#10672,.T.);
#10672 = EDGE_LOOP('',(#10673,#10679,#10680,#10681));
#10673 = ORIENTED_EDGE('',*,*,#10674,.T.);
#10674 = EDGE_CURVE('',#8449,#9410,#10675,.T.);
#10675 = LINE('',#10676,#10677);
#10676 = CARTESIAN_POINT('',(241.8,-42.675,0.));
#10677 = VECTOR('',#10678,1.);
#10678 = DIRECTION('',(0.,0.,1.));
#10679 = ORIENTED_EDGE('',*,*,#9409,.T.);
#10680 = ORIENTED_EDGE('',*,*,#10674,.F.);
#10681 = ORIENTED_EDGE('',*,*,#8448,.F.);
#10682 = CYLINDRICAL_SURFACE('',#10683,0.6);
#10683 = AXIS2_PLACEMENT_3D('',#10684,#10685,#10686);
#10684 = CARTESIAN_POINT('',(241.2,-42.675,0.));
#10685 = DIRECTION('',(-0.,-0.,-1.));
#10686 = DIRECTION('',(1.,0.,-0.));
#10687 = ADVANCED_FACE('',(#10688),#10699,.F.);
#10688 = FACE_BOUND('',#10689,.T.);
#10689 = EDGE_LOOP('',(#10690,#10696,#10697,#10698));
#10690 = ORIENTED_EDGE('',*,*,#10691,.T.);
#10691 = EDGE_CURVE('',#8460,#9421,#10692,.T.);
#10692 = LINE('',#10693,#10694);
#10693 = CARTESIAN_POINT('',(258.8,-59.675,0.));
#10694 = VECTOR('',#10695,1.);
#10695 = DIRECTION('',(0.,0.,1.));
#10696 = ORIENTED_EDGE('',*,*,#9420,.T.);
#10697 = ORIENTED_EDGE('',*,*,#10691,.F.);
#10698 = ORIENTED_EDGE('',*,*,#8459,.F.);
#10699 = CYLINDRICAL_SURFACE('',#10700,0.6);
#10700 = AXIS2_PLACEMENT_3D('',#10701,#10702,#10703);
#10701 = CARTESIAN_POINT('',(258.2,-59.675,0.));
#10702 = DIRECTION('',(-0.,-0.,-1.));
#10703 = DIRECTION('',(1.,0.,-0.));
#10704 = ADVANCED_FACE('',(#10705),#10716,.F.);
#10705 = FACE_BOUND('',#10706,.T.);
#10706 = EDGE_LOOP('',(#10707,#10713,#10714,#10715));
#10707 = ORIENTED_EDGE('',*,*,#10708,.T.);
#10708 = EDGE_CURVE('',#8471,#9432,#10709,.T.);
#10709 = LINE('',#10710,#10711);
#10710 = CARTESIAN_POINT('',(275.8,-59.675,0.));
#10711 = VECTOR('',#10712,1.);
#10712 = DIRECTION('',(0.,0.,1.));
#10713 = ORIENTED_EDGE('',*,*,#9431,.T.);
#10714 = ORIENTED_EDGE('',*,*,#10708,.F.);
#10715 = ORIENTED_EDGE('',*,*,#8470,.F.);
#10716 = CYLINDRICAL_SURFACE('',#10717,0.6);
#10717 = AXIS2_PLACEMENT_3D('',#10718,#10719,#10720);
#10718 = CARTESIAN_POINT('',(275.2,-59.675,0.));
#10719 = DIRECTION('',(-0.,-0.,-1.));
#10720 = DIRECTION('',(1.,0.,-0.));
#10721 = ADVANCED_FACE('',(#10722),#10733,.F.);
#10722 = FACE_BOUND('',#10723,.T.);
#10723 = EDGE_LOOP('',(#10724,#10730,#10731,#10732));
#10724 = ORIENTED_EDGE('',*,*,#10725,.T.);
#10725 = EDGE_CURVE('',#8482,#9443,#10726,.T.);
#10726 = LINE('',#10727,#10728);
#10727 = CARTESIAN_POINT('',(264.1,-48.175,0.));
#10728 = VECTOR('',#10729,1.);
#10729 = DIRECTION('',(0.,0.,1.));
#10730 = ORIENTED_EDGE('',*,*,#9442,.T.);
#10731 = ORIENTED_EDGE('',*,*,#10725,.F.);
#10732 = ORIENTED_EDGE('',*,*,#8481,.F.);
#10733 = CYLINDRICAL_SURFACE('',#10734,0.5);
#10734 = AXIS2_PLACEMENT_3D('',#10735,#10736,#10737);
#10735 = CARTESIAN_POINT('',(263.6,-48.175,0.));
#10736 = DIRECTION('',(-0.,-0.,-1.));
#10737 = DIRECTION('',(1.,0.,-0.));
#10738 = ADVANCED_FACE('',(#10739),#10750,.F.);
#10739 = FACE_BOUND('',#10740,.T.);
#10740 = EDGE_LOOP('',(#10741,#10747,#10748,#10749));
#10741 = ORIENTED_EDGE('',*,*,#10742,.T.);
#10742 = EDGE_CURVE('',#8493,#9454,#10743,.T.);
#10743 = LINE('',#10744,#10745);
#10744 = CARTESIAN_POINT('',(258.8,-42.675,0.));
#10745 = VECTOR('',#10746,1.);
#10746 = DIRECTION('',(0.,0.,1.));
#10747 = ORIENTED_EDGE('',*,*,#9453,.T.);
#10748 = ORIENTED_EDGE('',*,*,#10742,.F.);
#10749 = ORIENTED_EDGE('',*,*,#8492,.F.);
#10750 = CYLINDRICAL_SURFACE('',#10751,0.6);
#10751 = AXIS2_PLACEMENT_3D('',#10752,#10753,#10754);
#10752 = CARTESIAN_POINT('',(258.2,-42.675,0.));
#10753 = DIRECTION('',(-0.,-0.,-1.));
#10754 = DIRECTION('',(1.,0.,-0.));
#10755 = ADVANCED_FACE('',(#10756),#10767,.F.);
#10756 = FACE_BOUND('',#10757,.T.);
#10757 = EDGE_LOOP('',(#10758,#10764,#10765,#10766));
#10758 = ORIENTED_EDGE('',*,*,#10759,.T.);
#10759 = EDGE_CURVE('',#8504,#9465,#10760,.T.);
#10760 = LINE('',#10761,#10762);
#10761 = CARTESIAN_POINT('',(275.8,-42.675,0.));
#10762 = VECTOR('',#10763,1.);
#10763 = DIRECTION('',(0.,0.,1.));
#10764 = ORIENTED_EDGE('',*,*,#9464,.T.);
#10765 = ORIENTED_EDGE('',*,*,#10759,.F.);
#10766 = ORIENTED_EDGE('',*,*,#8503,.F.);
#10767 = CYLINDRICAL_SURFACE('',#10768,0.6);
#10768 = AXIS2_PLACEMENT_3D('',#10769,#10770,#10771);
#10769 = CARTESIAN_POINT('',(275.2,-42.675,0.));
#10770 = DIRECTION('',(-0.,-0.,-1.));
#10771 = DIRECTION('',(1.,0.,-0.));
#10772 = ADVANCED_FACE('',(#10773),#10784,.F.);
#10773 = FACE_BOUND('',#10774,.T.);
#10774 = EDGE_LOOP('',(#10775,#10776,#10782,#10783));
#10775 = ORIENTED_EDGE('',*,*,#8514,.T.);
#10776 = ORIENTED_EDGE('',*,*,#10777,.T.);
#10777 = EDGE_CURVE('',#8515,#9476,#10778,.T.);
#10778 = LINE('',#10779,#10780);
#10779 = CARTESIAN_POINT('',(243.475,-15.1825,-4.6E-02));
#10780 = VECTOR('',#10781,1.);
#10781 = DIRECTION('',(0.,0.,1.));
#10782 = ORIENTED_EDGE('',*,*,#9475,.F.);
#10783 = ORIENTED_EDGE('',*,*,#10777,.F.);
#10784 = CYLINDRICAL_SURFACE('',#10785,0.45);
#10785 = AXIS2_PLACEMENT_3D('',#10786,#10787,#10788);
#10786 = CARTESIAN_POINT('',(243.475,-14.7325,-4.6E-02));
#10787 = DIRECTION('',(-0.,-0.,-1.));
#10788 = DIRECTION('',(-6.315935428979E-14,-1.,0.));
#10789 = ADVANCED_FACE('',(#10790),#10801,.F.);
#10790 = FACE_BOUND('',#10791,.T.);
#10791 = EDGE_LOOP('',(#10792,#10793,#10799,#10800));
#10792 = ORIENTED_EDGE('',*,*,#8525,.T.);
#10793 = ORIENTED_EDGE('',*,*,#10794,.T.);
#10794 = EDGE_CURVE('',#8526,#9487,#10795,.T.);
#10795 = LINE('',#10796,#10797);
#10796 = CARTESIAN_POINT('',(246.475,-15.1825,-4.6E-02));
#10797 = VECTOR('',#10798,1.);
#10798 = DIRECTION('',(0.,0.,1.));
#10799 = ORIENTED_EDGE('',*,*,#9486,.F.);
#10800 = ORIENTED_EDGE('',*,*,#10794,.F.);
#10801 = CYLINDRICAL_SURFACE('',#10802,0.45);
#10802 = AXIS2_PLACEMENT_3D('',#10803,#10804,#10805);
#10803 = CARTESIAN_POINT('',(246.475,-14.7325,-4.6E-02));
#10804 = DIRECTION('',(-0.,-0.,-1.));
#10805 = DIRECTION('',(-6.315935428979E-14,-1.,0.));
#10806 = ADVANCED_FACE('',(#10807),#10823,.T.);
#10807 = FACE_BOUND('',#10808,.T.);
#10808 = EDGE_LOOP('',(#10809,#10810,#10816,#10817));
#10809 = ORIENTED_EDGE('',*,*,#8536,.F.);
#10810 = ORIENTED_EDGE('',*,*,#10811,.T.);
#10811 = EDGE_CURVE('',#8537,#9498,#10812,.T.);
#10812 = LINE('',#10813,#10814);
#10813 = CARTESIAN_POINT('',(266.9565,-31.401,0.));
#10814 = VECTOR('',#10815,1.);
#10815 = DIRECTION('',(0.,0.,1.));
#10816 = ORIENTED_EDGE('',*,*,#9497,.T.);
#10817 = ORIENTED_EDGE('',*,*,#10818,.T.);
#10818 = EDGE_CURVE('',#9500,#8539,#10819,.T.);
#10819 = LINE('',#10820,#10821);
#10820 = CARTESIAN_POINT('',(266.95610192467,-32.67500026437,-4.6E-02));
#10821 = VECTOR('',#10822,1.);
#10822 = DIRECTION('',(-0.,-0.,-1.));
#10823 = PLANE('',#10824);
#10824 = AXIS2_PLACEMENT_3D('',#10825,#10826,#10827);
#10825 = CARTESIAN_POINT('',(266.9565,-31.401,0.));
#10826 = DIRECTION('',(0.999999951184,-3.124609271217E-04,0.));
#10827 = DIRECTION('',(-3.124609271217E-04,-0.999999951184,0.));
#10828 = ADVANCED_FACE('',(#10829),#10840,.F.);
#10829 = FACE_BOUND('',#10830,.T.);
#10830 = EDGE_LOOP('',(#10831,#10837,#10838,#10839));
#10831 = ORIENTED_EDGE('',*,*,#10832,.F.);
#10832 = EDGE_CURVE('',#8621,#9582,#10833,.T.);
#10833 = LINE('',#10834,#10835);
#10834 = CARTESIAN_POINT('',(267.21,-33.623,-4.6E-02));
#10835 = VECTOR('',#10836,1.);
#10836 = DIRECTION('',(0.,0.,1.));
#10837 = ORIENTED_EDGE('',*,*,#8629,.T.);
#10838 = ORIENTED_EDGE('',*,*,#10818,.F.);
#10839 = ORIENTED_EDGE('',*,*,#9590,.F.);
#10840 = CYLINDRICAL_SURFACE('',#10841,0.508);
#10841 = AXIS2_PLACEMENT_3D('',#10842,#10843,#10844);
#10842 = CARTESIAN_POINT('',(267.21,-33.115,-4.6E-02));
#10843 = DIRECTION('',(-0.,-0.,-1.));
#10844 = DIRECTION('',(-1.118964938205E-13,-1.,0.));
#10845 = ADVANCED_FACE('',(#10846),#10857,.F.);
#10846 = FACE_BOUND('',#10847,.T.);
#10847 = EDGE_LOOP('',(#10848,#10849,#10850,#10851));
#10848 = ORIENTED_EDGE('',*,*,#8620,.T.);
#10849 = ORIENTED_EDGE('',*,*,#10832,.T.);
#10850 = ORIENTED_EDGE('',*,*,#9581,.F.);
#10851 = ORIENTED_EDGE('',*,*,#10852,.T.);
#10852 = EDGE_CURVE('',#9574,#8613,#10853,.T.);
#10853 = LINE('',#10854,#10855);
#10854 = CARTESIAN_POINT('',(267.49220383194,-33.53740383194,-4.6E-02));
#10855 = VECTOR('',#10856,1.);
#10856 = DIRECTION('',(-0.,-0.,-1.));
#10857 = CYLINDRICAL_SURFACE('',#10858,0.508);
#10858 = AXIS2_PLACEMENT_3D('',#10859,#10860,#10861);
#10859 = CARTESIAN_POINT('',(267.21,-33.115,-4.6E-02));
#10860 = DIRECTION('',(-0.,-0.,-1.));
#10861 = DIRECTION('',(-1.118964938205E-13,-1.,0.));
#10862 = ADVANCED_FACE('',(#10863),#10874,.T.);
#10863 = FACE_BOUND('',#10864,.T.);
#10864 = EDGE_LOOP('',(#10865,#10866,#10867,#10868));
#10865 = ORIENTED_EDGE('',*,*,#8612,.F.);
#10866 = ORIENTED_EDGE('',*,*,#10852,.F.);
#10867 = ORIENTED_EDGE('',*,*,#9573,.T.);
#10868 = ORIENTED_EDGE('',*,*,#10869,.F.);
#10869 = EDGE_CURVE('',#8605,#9566,#10870,.T.);
#10870 = LINE('',#10871,#10872);
#10871 = CARTESIAN_POINT('',(267.6418,-33.687,0.));
#10872 = VECTOR('',#10873,1.);
#10873 = DIRECTION('',(0.,0.,1.));
#10874 = PLANE('',#10875);
#10875 = AXIS2_PLACEMENT_3D('',#10876,#10877,#10878);
#10876 = CARTESIAN_POINT('',(266.956,-33.0012,0.));
#10877 = DIRECTION('',(0.707106781187,0.707106781187,-0.));
#10878 = DIRECTION('',(0.707106781187,-0.707106781187,0.));
#10879 = ADVANCED_FACE('',(#10880),#10891,.T.);
#10880 = FACE_BOUND('',#10881,.T.);
#10881 = EDGE_LOOP('',(#10882,#10883,#10884,#10890));
#10882 = ORIENTED_EDGE('',*,*,#10869,.T.);
#10883 = ORIENTED_EDGE('',*,*,#9565,.T.);
#10884 = ORIENTED_EDGE('',*,*,#10885,.F.);
#10885 = EDGE_CURVE('',#8597,#9558,#10886,.T.);
#10886 = LINE('',#10887,#10888);
#10887 = CARTESIAN_POINT('',(268.6832,-33.687,0.));
#10888 = VECTOR('',#10889,1.);
#10889 = DIRECTION('',(0.,0.,1.));
#10890 = ORIENTED_EDGE('',*,*,#8604,.F.);
#10891 = PLANE('',#10892);
#10892 = AXIS2_PLACEMENT_3D('',#10893,#10894,#10895);
#10893 = CARTESIAN_POINT('',(267.6418,-33.687,0.));
#10894 = DIRECTION('',(0.,1.,0.));
#10895 = DIRECTION('',(1.,0.,0.));
#10896 = ADVANCED_FACE('',(#10897),#10908,.T.);
#10897 = FACE_BOUND('',#10898,.T.);
#10898 = EDGE_LOOP('',(#10899,#10900,#10901,#10902));
#10899 = ORIENTED_EDGE('',*,*,#8596,.F.);
#10900 = ORIENTED_EDGE('',*,*,#10885,.T.);
#10901 = ORIENTED_EDGE('',*,*,#9557,.T.);
#10902 = ORIENTED_EDGE('',*,*,#10903,.T.);
#10903 = EDGE_CURVE('',#9549,#8588,#10904,.T.);
#10904 = LINE('',#10905,#10906);
#10905 = CARTESIAN_POINT('',(268.83279616805,-33.53740383194,-4.6E-02));
#10906 = VECTOR('',#10907,1.);
#10907 = DIRECTION('',(-0.,-0.,-1.));
#10908 = PLANE('',#10909);
#10909 = AXIS2_PLACEMENT_3D('',#10910,#10911,#10912);
#10910 = CARTESIAN_POINT('',(268.6832,-33.687,0.));
#10911 = DIRECTION('',(-0.707106781187,0.707106781187,0.));
#10912 = DIRECTION('',(0.707106781187,0.707106781187,0.));
#10913 = ADVANCED_FACE('',(#10914),#10925,.F.);
#10914 = FACE_BOUND('',#10915,.T.);
#10915 = EDGE_LOOP('',(#10916,#10922,#10923,#10924));
#10916 = ORIENTED_EDGE('',*,*,#10917,.F.);
#10917 = EDGE_CURVE('',#8579,#9540,#10918,.T.);
#10918 = LINE('',#10919,#10920);
#10919 = CARTESIAN_POINT('',(269.115,-33.623,-4.6E-02));
#10920 = VECTOR('',#10921,1.);
#10921 = DIRECTION('',(0.,0.,1.));
#10922 = ORIENTED_EDGE('',*,*,#8587,.T.);
#10923 = ORIENTED_EDGE('',*,*,#10903,.F.);
#10924 = ORIENTED_EDGE('',*,*,#9548,.F.);
#10925 = CYLINDRICAL_SURFACE('',#10926,0.508);
#10926 = AXIS2_PLACEMENT_3D('',#10927,#10928,#10929);
#10927 = CARTESIAN_POINT('',(269.115,-33.115,-4.6E-02));
#10928 = DIRECTION('',(-0.,-0.,-1.));
#10929 = DIRECTION('',(-0.,-1.,0.));
#10930 = ADVANCED_FACE('',(#10931),#10942,.F.);
#10931 = FACE_BOUND('',#10932,.T.);
#10932 = EDGE_LOOP('',(#10933,#10934,#10935,#10936));
#10933 = ORIENTED_EDGE('',*,*,#8578,.T.);
#10934 = ORIENTED_EDGE('',*,*,#10917,.T.);
#10935 = ORIENTED_EDGE('',*,*,#9539,.F.);
#10936 = ORIENTED_EDGE('',*,*,#10937,.T.);
#10937 = EDGE_CURVE('',#9532,#8571,#10938,.T.);
#10938 = LINE('',#10939,#10940);
#10939 = CARTESIAN_POINT('',(269.3691018879,-32.67511793562,-4.6E-02));
#10940 = VECTOR('',#10941,1.);
#10941 = DIRECTION('',(-0.,-0.,-1.));
#10942 = CYLINDRICAL_SURFACE('',#10943,0.508);
#10943 = AXIS2_PLACEMENT_3D('',#10944,#10945,#10946);
#10944 = CARTESIAN_POINT('',(269.115,-33.115,-4.6E-02));
#10945 = DIRECTION('',(-0.,-0.,-1.));
#10946 = DIRECTION('',(-0.,-1.,0.));
#10947 = ADVANCED_FACE('',(#10948),#10959,.T.);
#10948 = FACE_BOUND('',#10949,.T.);
#10949 = EDGE_LOOP('',(#10950,#10951,#10952,#10953));
#10950 = ORIENTED_EDGE('',*,*,#8570,.F.);
#10951 = ORIENTED_EDGE('',*,*,#10937,.F.);
#10952 = ORIENTED_EDGE('',*,*,#9531,.T.);
#10953 = ORIENTED_EDGE('',*,*,#10954,.F.);
#10954 = EDGE_CURVE('',#8563,#9524,#10955,.T.);
#10955 = LINE('',#10956,#10957);
#10956 = CARTESIAN_POINT('',(269.3695,-31.401,0.));
#10957 = VECTOR('',#10958,1.);
#10958 = DIRECTION('',(0.,0.,1.));
#10959 = PLANE('',#10960);
#10960 = AXIS2_PLACEMENT_3D('',#10961,#10962,#10963);
#10961 = CARTESIAN_POINT('',(269.369,-33.0012,0.));
#10962 = DIRECTION('',(-0.999999951184,3.124609271217E-04,0.));
#10963 = DIRECTION('',(3.124609271217E-04,0.999999951184,0.));
#10964 = ADVANCED_FACE('',(#10965),#10976,.T.);
#10965 = FACE_BOUND('',#10966,.T.);
#10966 = EDGE_LOOP('',(#10967,#10968,#10969,#10975));
#10967 = ORIENTED_EDGE('',*,*,#10954,.T.);
#10968 = ORIENTED_EDGE('',*,*,#9523,.T.);
#10969 = ORIENTED_EDGE('',*,*,#10970,.F.);
#10970 = EDGE_CURVE('',#8555,#9516,#10971,.T.);
#10971 = LINE('',#10972,#10973);
#10972 = CARTESIAN_POINT('',(268.9885,-31.02,0.));
#10973 = VECTOR('',#10974,1.);
#10974 = DIRECTION('',(0.,0.,1.));
#10975 = ORIENTED_EDGE('',*,*,#8562,.F.);
#10976 = PLANE('',#10977);
#10977 = AXIS2_PLACEMENT_3D('',#10978,#10979,#10980);
#10978 = CARTESIAN_POINT('',(269.3695,-31.401,0.));
#10979 = DIRECTION('',(-0.707106781187,-0.707106781187,0.));
#10980 = DIRECTION('',(-0.707106781187,0.707106781187,0.));
#10981 = ADVANCED_FACE('',(#10982),#10993,.T.);
#10982 = FACE_BOUND('',#10983,.T.);
#10983 = EDGE_LOOP('',(#10984,#10985,#10986,#10992));
#10984 = ORIENTED_EDGE('',*,*,#10970,.T.);
#10985 = ORIENTED_EDGE('',*,*,#9515,.T.);
#10986 = ORIENTED_EDGE('',*,*,#10987,.F.);
#10987 = EDGE_CURVE('',#8547,#9508,#10988,.T.);
#10988 = LINE('',#10989,#10990);
#10989 = CARTESIAN_POINT('',(267.3375,-31.02,0.));
#10990 = VECTOR('',#10991,1.);
#10991 = DIRECTION('',(0.,0.,1.));
#10992 = ORIENTED_EDGE('',*,*,#8554,.F.);
#10993 = PLANE('',#10994);
#10994 = AXIS2_PLACEMENT_3D('',#10995,#10996,#10997);
#10995 = CARTESIAN_POINT('',(268.9885,-31.02,0.));
#10996 = DIRECTION('',(0.,-1.,0.));
#10997 = DIRECTION('',(-1.,0.,0.));
#10998 = ADVANCED_FACE('',(#10999),#11005,.T.);
#10999 = FACE_BOUND('',#11000,.T.);
#11000 = EDGE_LOOP('',(#11001,#11002,#11003,#11004));
#11001 = ORIENTED_EDGE('',*,*,#10987,.T.);
#11002 = ORIENTED_EDGE('',*,*,#9507,.T.);
#11003 = ORIENTED_EDGE('',*,*,#10811,.F.);
#11004 = ORIENTED_EDGE('',*,*,#8546,.F.);
#11005 = PLANE('',#11006);
#11006 = AXIS2_PLACEMENT_3D('',#11007,#11008,#11009);
#11007 = CARTESIAN_POINT('',(267.3375,-31.02,0.));
#11008 = DIRECTION('',(0.707106781187,-0.707106781187,0.));
#11009 = DIRECTION('',(-0.707106781187,-0.707106781187,0.));
#11010 = ADVANCED_FACE('',(#11011),#11027,.T.);
#11011 = FACE_BOUND('',#11012,.T.);
#11012 = EDGE_LOOP('',(#11013,#11014,#11020,#11021));
#11013 = ORIENTED_EDGE('',*,*,#8638,.F.);
#11014 = ORIENTED_EDGE('',*,*,#11015,.T.);
#11015 = EDGE_CURVE('',#8639,#9600,#11016,.T.);
#11016 = LINE('',#11017,#11018);
#11017 = CARTESIAN_POINT('',(258.701,-22.4348,0.));
#11018 = VECTOR('',#11019,1.);
#11019 = DIRECTION('',(0.,0.,1.));
#11020 = ORIENTED_EDGE('',*,*,#9599,.T.);
#11021 = ORIENTED_EDGE('',*,*,#11022,.T.);
#11022 = EDGE_CURVE('',#9602,#8641,#11023,.T.);
#11023 = LINE('',#11024,#11025);
#11024 = CARTESIAN_POINT('',(258.701,-23.15005909487,-4.6E-02));
#11025 = VECTOR('',#11026,1.);
#11026 = DIRECTION('',(-0.,-0.,-1.));
#11027 = PLANE('',#11028);
#11028 = AXIS2_PLACEMENT_3D('',#11029,#11030,#11031);
#11029 = CARTESIAN_POINT('',(258.701,-22.4348,0.));
#11030 = DIRECTION('',(1.,0.,-0.));
#11031 = DIRECTION('',(0.,-1.,0.));
#11032 = ADVANCED_FACE('',(#11033),#11044,.F.);
#11033 = FACE_BOUND('',#11034,.T.);
#11034 = EDGE_LOOP('',(#11035,#11041,#11042,#11043));
#11035 = ORIENTED_EDGE('',*,*,#11036,.F.);
#11036 = EDGE_CURVE('',#8714,#9675,#11037,.T.);
#11037 = LINE('',#11038,#11039);
#11038 = CARTESIAN_POINT('',(258.955,-24.098,-4.6E-02));
#11039 = VECTOR('',#11040,1.);
#11040 = DIRECTION('',(0.,0.,1.));
#11041 = ORIENTED_EDGE('',*,*,#8722,.T.);
#11042 = ORIENTED_EDGE('',*,*,#11022,.F.);
#11043 = ORIENTED_EDGE('',*,*,#9683,.F.);
#11044 = CYLINDRICAL_SURFACE('',#11045,0.508);
#11045 = AXIS2_PLACEMENT_3D('',#11046,#11047,#11048);
#11046 = CARTESIAN_POINT('',(258.955,-23.59,-4.6E-02));
#11047 = DIRECTION('',(-0.,-0.,-1.));
#11048 = DIRECTION('',(-1.118964938205E-13,-1.,0.));
#11049 = ADVANCED_FACE('',(#11050),#11061,.F.);
#11050 = FACE_BOUND('',#11051,.T.);
#11051 = EDGE_LOOP('',(#11052,#11053,#11054,#11055));
#11052 = ORIENTED_EDGE('',*,*,#8713,.T.);
#11053 = ORIENTED_EDGE('',*,*,#11036,.T.);
#11054 = ORIENTED_EDGE('',*,*,#9674,.F.);
#11055 = ORIENTED_EDGE('',*,*,#11056,.T.);
#11056 = EDGE_CURVE('',#9667,#8706,#11057,.T.);
#11057 = LINE('',#11058,#11059);
#11058 = CARTESIAN_POINT('',(259.23720383194,-24.01240383194,-4.6E-02));
#11059 = VECTOR('',#11060,1.);
#11060 = DIRECTION('',(-0.,-0.,-1.));
#11061 = CYLINDRICAL_SURFACE('',#11062,0.508);
#11062 = AXIS2_PLACEMENT_3D('',#11063,#11064,#11065);
#11063 = CARTESIAN_POINT('',(258.955,-23.59,-4.6E-02));
#11064 = DIRECTION('',(-0.,-0.,-1.));
#11065 = DIRECTION('',(-1.118964938205E-13,-1.,0.));
#11066 = ADVANCED_FACE('',(#11067),#11078,.T.);
#11067 = FACE_BOUND('',#11068,.T.);
#11068 = EDGE_LOOP('',(#11069,#11070,#11071,#11072));
#11069 = ORIENTED_EDGE('',*,*,#8705,.F.);
#11070 = ORIENTED_EDGE('',*,*,#11056,.F.);
#11071 = ORIENTED_EDGE('',*,*,#9666,.T.);
#11072 = ORIENTED_EDGE('',*,*,#11073,.F.);
#11073 = EDGE_CURVE('',#8698,#9659,#11074,.T.);
#11074 = LINE('',#11075,#11076);
#11075 = CARTESIAN_POINT('',(259.3868,-24.162,0.));
#11076 = VECTOR('',#11077,1.);
#11077 = DIRECTION('',(0.,0.,1.));
#11078 = PLANE('',#11079);
#11079 = AXIS2_PLACEMENT_3D('',#11080,#11081,#11082);
#11080 = CARTESIAN_POINT('',(258.701,-23.4762,0.));
#11081 = DIRECTION('',(0.707106781187,0.707106781187,-0.));
#11082 = DIRECTION('',(0.707106781187,-0.707106781187,0.));
#11083 = ADVANCED_FACE('',(#11084),#11095,.T.);
#11084 = FACE_BOUND('',#11085,.T.);
#11085 = EDGE_LOOP('',(#11086,#11087,#11088,#11094));
#11086 = ORIENTED_EDGE('',*,*,#11073,.T.);
#11087 = ORIENTED_EDGE('',*,*,#9658,.T.);
#11088 = ORIENTED_EDGE('',*,*,#11089,.F.);
#11089 = EDGE_CURVE('',#8690,#9651,#11090,.T.);
#11090 = LINE('',#11091,#11092);
#11091 = CARTESIAN_POINT('',(260.987,-24.162,0.));
#11092 = VECTOR('',#11093,1.);
#11093 = DIRECTION('',(0.,0.,1.));
#11094 = ORIENTED_EDGE('',*,*,#8697,.F.);
#11095 = PLANE('',#11096);
#11096 = AXIS2_PLACEMENT_3D('',#11097,#11098,#11099);
#11097 = CARTESIAN_POINT('',(259.3868,-24.162,0.));
#11098 = DIRECTION('',(0.,1.,0.));
#11099 = DIRECTION('',(1.,0.,0.));
#11100 = ADVANCED_FACE('',(#11101),#11112,.T.);
#11101 = FACE_BOUND('',#11102,.T.);
#11102 = EDGE_LOOP('',(#11103,#11104,#11105,#11111));
#11103 = ORIENTED_EDGE('',*,*,#11089,.T.);
#11104 = ORIENTED_EDGE('',*,*,#9650,.T.);
#11105 = ORIENTED_EDGE('',*,*,#11106,.F.);
#11106 = EDGE_CURVE('',#8682,#9643,#11107,.T.);
#11107 = LINE('',#11108,#11109);
#11108 = CARTESIAN_POINT('',(261.368,-23.781,0.));
#11109 = VECTOR('',#11110,1.);
#11110 = DIRECTION('',(0.,0.,1.));
#11111 = ORIENTED_EDGE('',*,*,#8689,.F.);
#11112 = PLANE('',#11113);
#11113 = AXIS2_PLACEMENT_3D('',#11114,#11115,#11116);
#11114 = CARTESIAN_POINT('',(260.987,-24.162,0.));
#11115 = DIRECTION('',(-0.707106781187,0.707106781187,0.));
#11116 = DIRECTION('',(0.707106781187,0.707106781187,0.));
#11117 = ADVANCED_FACE('',(#11118),#11129,.T.);
#11118 = FACE_BOUND('',#11119,.T.);
#11119 = EDGE_LOOP('',(#11120,#11121,#11122,#11128));
#11120 = ORIENTED_EDGE('',*,*,#11106,.T.);
#11121 = ORIENTED_EDGE('',*,*,#9642,.T.);
#11122 = ORIENTED_EDGE('',*,*,#11123,.F.);
#11123 = EDGE_CURVE('',#8674,#9635,#11124,.T.);
#11124 = LINE('',#11125,#11126);
#11125 = CARTESIAN_POINT('',(261.368,-22.13,0.));
#11126 = VECTOR('',#11127,1.);
#11127 = DIRECTION('',(0.,0.,1.));
#11128 = ORIENTED_EDGE('',*,*,#8681,.F.);
#11129 = PLANE('',#11130);
#11130 = AXIS2_PLACEMENT_3D('',#11131,#11132,#11133);
#11131 = CARTESIAN_POINT('',(261.368,-23.781,0.));
#11132 = DIRECTION('',(-1.,0.,0.));
#11133 = DIRECTION('',(0.,1.,0.));
#11134 = ADVANCED_FACE('',(#11135),#11146,.T.);
#11135 = FACE_BOUND('',#11136,.T.);
#11136 = EDGE_LOOP('',(#11137,#11138,#11139,#11145));
#11137 = ORIENTED_EDGE('',*,*,#11123,.T.);
#11138 = ORIENTED_EDGE('',*,*,#9634,.T.);
#11139 = ORIENTED_EDGE('',*,*,#11140,.F.);
#11140 = EDGE_CURVE('',#8666,#9627,#11141,.T.);
#11141 = LINE('',#11142,#11143);
#11142 = CARTESIAN_POINT('',(260.987,-21.749,0.));
#11143 = VECTOR('',#11144,1.);
#11144 = DIRECTION('',(0.,0.,1.));
#11145 = ORIENTED_EDGE('',*,*,#8673,.F.);
#11146 = PLANE('',#11147);
#11147 = AXIS2_PLACEMENT_3D('',#11148,#11149,#11150);
#11148 = CARTESIAN_POINT('',(261.368,-22.13,0.));
#11149 = DIRECTION('',(-0.707106781187,-0.707106781187,0.));
#11150 = DIRECTION('',(-0.707106781187,0.707106781187,0.));
#11151 = ADVANCED_FACE('',(#11152),#11163,.T.);
#11152 = FACE_BOUND('',#11153,.T.);
#11153 = EDGE_LOOP('',(#11154,#11155,#11156,#11157));
#11154 = ORIENTED_EDGE('',*,*,#8665,.F.);
#11155 = ORIENTED_EDGE('',*,*,#11140,.T.);
#11156 = ORIENTED_EDGE('',*,*,#9626,.T.);
#11157 = ORIENTED_EDGE('',*,*,#11158,.T.);
#11158 = EDGE_CURVE('',#9618,#8657,#11159,.T.);
#11159 = LINE('',#11160,#11161);
#11160 = CARTESIAN_POINT('',(259.4589523787,-21.749,-4.6E-02));
#11161 = VECTOR('',#11162,1.);
#11162 = DIRECTION('',(-0.,-0.,-1.));
#11163 = PLANE('',#11164);
#11164 = AXIS2_PLACEMENT_3D('',#11165,#11166,#11167);
#11165 = CARTESIAN_POINT('',(260.987,-21.749,0.));
#11166 = DIRECTION('',(0.,-1.,0.));
#11167 = DIRECTION('',(-1.,0.,0.));
#11168 = ADVANCED_FACE('',(#11169),#11180,.F.);
#11169 = FACE_BOUND('',#11170,.T.);
#11170 = EDGE_LOOP('',(#11171,#11172,#11173,#11179));
#11171 = ORIENTED_EDGE('',*,*,#11158,.F.);
#11172 = ORIENTED_EDGE('',*,*,#9617,.F.);
#11173 = ORIENTED_EDGE('',*,*,#11174,.T.);
#11174 = EDGE_CURVE('',#9610,#8649,#11175,.T.);
#11175 = LINE('',#11176,#11177);
#11176 = CARTESIAN_POINT('',(258.94294309972,-22.19285690027,-4.6E-02));
#11177 = VECTOR('',#11178,1.);
#11178 = DIRECTION('',(-0.,-0.,-1.));
#11179 = ORIENTED_EDGE('',*,*,#8656,.T.);
#11180 = CYLINDRICAL_SURFACE('',#11181,0.508);
#11181 = AXIS2_PLACEMENT_3D('',#11182,#11183,#11184);
#11182 = CARTESIAN_POINT('',(258.955,-21.685,-4.6E-02));
#11183 = DIRECTION('',(-0.,-0.,-1.));
#11184 = DIRECTION('',(-1.118964938205E-13,-1.,0.));
#11185 = ADVANCED_FACE('',(#11186),#11192,.T.);
#11186 = FACE_BOUND('',#11187,.T.);
#11187 = EDGE_LOOP('',(#11188,#11189,#11190,#11191));
#11188 = ORIENTED_EDGE('',*,*,#8648,.F.);
#11189 = ORIENTED_EDGE('',*,*,#11174,.F.);
#11190 = ORIENTED_EDGE('',*,*,#9609,.T.);
#11191 = ORIENTED_EDGE('',*,*,#11015,.F.);
#11192 = PLANE('',#11193);
#11193 = AXIS2_PLACEMENT_3D('',#11194,#11195,#11196);
#11194 = CARTESIAN_POINT('',(259.3868,-21.749,0.));
#11195 = DIRECTION('',(0.707106781187,-0.707106781187,0.));
#11196 = DIRECTION('',(-0.707106781187,-0.707106781187,0.));
#11197 = ADVANCED_FACE('',(#11198),#11214,.T.);
#11198 = FACE_BOUND('',#11199,.T.);
#11199 = EDGE_LOOP('',(#11200,#11201,#11207,#11208));
#11200 = ORIENTED_EDGE('',*,*,#8731,.F.);
#11201 = ORIENTED_EDGE('',*,*,#11202,.T.);
#11202 = EDGE_CURVE('',#8732,#9693,#11203,.T.);
#11203 = LINE('',#11204,#11205);
#11204 = CARTESIAN_POINT('',(261.876,-16.0848,0.));
#11205 = VECTOR('',#11206,1.);
#11206 = DIRECTION('',(0.,0.,1.));
#11207 = ORIENTED_EDGE('',*,*,#9692,.T.);
#11208 = ORIENTED_EDGE('',*,*,#11209,.T.);
#11209 = EDGE_CURVE('',#9695,#8734,#11210,.T.);
#11210 = LINE('',#11211,#11212);
#11211 = CARTESIAN_POINT('',(261.876,-17.43505909487,-4.6E-02));
#11212 = VECTOR('',#11213,1.);
#11213 = DIRECTION('',(-0.,-0.,-1.));
#11214 = PLANE('',#11215);
#11215 = AXIS2_PLACEMENT_3D('',#11216,#11217,#11218);
#11216 = CARTESIAN_POINT('',(261.876,-16.0848,0.));
#11217 = DIRECTION('',(1.,0.,-0.));
#11218 = DIRECTION('',(0.,-1.,0.));
#11219 = ADVANCED_FACE('',(#11220),#11231,.F.);
#11220 = FACE_BOUND('',#11221,.T.);
#11221 = EDGE_LOOP('',(#11222,#11228,#11229,#11230));
#11222 = ORIENTED_EDGE('',*,*,#11223,.F.);
#11223 = EDGE_CURVE('',#8834,#9795,#11224,.T.);
#11224 = LINE('',#11225,#11226);
#11225 = CARTESIAN_POINT('',(262.13,-18.383,-4.6E-02));
#11226 = VECTOR('',#11227,1.);
#11227 = DIRECTION('',(0.,0.,1.));
#11228 = ORIENTED_EDGE('',*,*,#8842,.T.);
#11229 = ORIENTED_EDGE('',*,*,#11209,.F.);
#11230 = ORIENTED_EDGE('',*,*,#9803,.F.);
#11231 = CYLINDRICAL_SURFACE('',#11232,0.508);
#11232 = AXIS2_PLACEMENT_3D('',#11233,#11234,#11235);
#11233 = CARTESIAN_POINT('',(262.13,-17.875,-4.6E-02));
#11234 = DIRECTION('',(-0.,-0.,-1.));
#11235 = DIRECTION('',(-0.,-1.,0.));
#11236 = ADVANCED_FACE('',(#11237),#11248,.F.);
#11237 = FACE_BOUND('',#11238,.T.);
#11238 = EDGE_LOOP('',(#11239,#11240,#11241,#11242));
#11239 = ORIENTED_EDGE('',*,*,#8833,.T.);
#11240 = ORIENTED_EDGE('',*,*,#11223,.T.);
#11241 = ORIENTED_EDGE('',*,*,#9794,.F.);
#11242 = ORIENTED_EDGE('',*,*,#11243,.T.);
#11243 = EDGE_CURVE('',#9787,#8826,#11244,.T.);
#11244 = LINE('',#11245,#11246);
#11245 = CARTESIAN_POINT('',(262.41220383194,-18.29740383194,-4.6E-02));
#11246 = VECTOR('',#11247,1.);
#11247 = DIRECTION('',(-0.,-0.,-1.));
#11248 = CYLINDRICAL_SURFACE('',#11249,0.508);
#11249 = AXIS2_PLACEMENT_3D('',#11250,#11251,#11252);
#11250 = CARTESIAN_POINT('',(262.13,-17.875,-4.6E-02));
#11251 = DIRECTION('',(-0.,-0.,-1.));
#11252 = DIRECTION('',(-0.,-1.,0.));
#11253 = ADVANCED_FACE('',(#11254),#11265,.T.);
#11254 = FACE_BOUND('',#11255,.T.);
#11255 = EDGE_LOOP('',(#11256,#11257,#11258,#11259));
#11256 = ORIENTED_EDGE('',*,*,#8825,.F.);
#11257 = ORIENTED_EDGE('',*,*,#11243,.F.);
#11258 = ORIENTED_EDGE('',*,*,#9786,.T.);
#11259 = ORIENTED_EDGE('',*,*,#11260,.F.);
#11260 = EDGE_CURVE('',#8818,#9779,#11261,.T.);
#11261 = LINE('',#11262,#11263);
#11262 = CARTESIAN_POINT('',(262.5618,-18.447,0.));
#11263 = VECTOR('',#11264,1.);
#11264 = DIRECTION('',(0.,0.,1.));
#11265 = PLANE('',#11266);
#11266 = AXIS2_PLACEMENT_3D('',#11267,#11268,#11269);
#11267 = CARTESIAN_POINT('',(261.876,-17.7612,0.));
#11268 = DIRECTION('',(0.707106781187,0.707106781187,-0.));
#11269 = DIRECTION('',(0.707106781187,-0.707106781187,0.));
#11270 = ADVANCED_FACE('',(#11271),#11282,.T.);
#11271 = FACE_BOUND('',#11272,.T.);
#11272 = EDGE_LOOP('',(#11273,#11274,#11275,#11281));
#11273 = ORIENTED_EDGE('',*,*,#11260,.T.);
#11274 = ORIENTED_EDGE('',*,*,#9778,.T.);
#11275 = ORIENTED_EDGE('',*,*,#11276,.F.);
#11276 = EDGE_CURVE('',#8810,#9771,#11277,.T.);
#11277 = LINE('',#11278,#11279);
#11278 = CARTESIAN_POINT('',(264.2382,-18.447,0.));
#11279 = VECTOR('',#11280,1.);
#11280 = DIRECTION('',(0.,0.,1.));
#11281 = ORIENTED_EDGE('',*,*,#8817,.F.);
#11282 = PLANE('',#11283);
#11283 = AXIS2_PLACEMENT_3D('',#11284,#11285,#11286);
#11284 = CARTESIAN_POINT('',(262.5618,-18.447,0.));
#11285 = DIRECTION('',(0.,1.,0.));
#11286 = DIRECTION('',(1.,0.,0.));
#11287 = ADVANCED_FACE('',(#11288),#11299,.T.);
#11288 = FACE_BOUND('',#11289,.T.);
#11289 = EDGE_LOOP('',(#11290,#11291,#11292,#11293));
#11290 = ORIENTED_EDGE('',*,*,#8809,.F.);
#11291 = ORIENTED_EDGE('',*,*,#11276,.T.);
#11292 = ORIENTED_EDGE('',*,*,#9770,.T.);
#11293 = ORIENTED_EDGE('',*,*,#11294,.T.);
#11294 = EDGE_CURVE('',#9762,#8801,#11295,.T.);
#11295 = LINE('',#11296,#11297);
#11296 = CARTESIAN_POINT('',(264.38779616805,-18.29740383194,-4.6E-02));
#11297 = VECTOR('',#11298,1.);
#11298 = DIRECTION('',(-0.,0.,-1.));
#11299 = PLANE('',#11300);
#11300 = AXIS2_PLACEMENT_3D('',#11301,#11302,#11303);
#11301 = CARTESIAN_POINT('',(264.2382,-18.447,0.));
#11302 = DIRECTION('',(-0.707106781187,0.707106781187,0.));
#11303 = DIRECTION('',(0.707106781187,0.707106781187,0.));
#11304 = ADVANCED_FACE('',(#11305),#11316,.F.);
#11305 = FACE_BOUND('',#11306,.T.);
#11306 = EDGE_LOOP('',(#11307,#11313,#11314,#11315));
#11307 = ORIENTED_EDGE('',*,*,#11308,.F.);
#11308 = EDGE_CURVE('',#8792,#9753,#11309,.T.);
#11309 = LINE('',#11310,#11311);
#11310 = CARTESIAN_POINT('',(264.67,-18.383,-4.6E-02));
#11311 = VECTOR('',#11312,1.);
#11312 = DIRECTION('',(0.,0.,1.));
#11313 = ORIENTED_EDGE('',*,*,#8800,.T.);
#11314 = ORIENTED_EDGE('',*,*,#11294,.F.);
#11315 = ORIENTED_EDGE('',*,*,#9761,.F.);
#11316 = CYLINDRICAL_SURFACE('',#11317,0.508);
#11317 = AXIS2_PLACEMENT_3D('',#11318,#11319,#11320);
#11318 = CARTESIAN_POINT('',(264.67,-17.875,-4.6E-02));
#11319 = DIRECTION('',(-0.,0.,-1.));
#11320 = DIRECTION('',(1.118964938205E-13,-1.,-0.));
#11321 = ADVANCED_FACE('',(#11322),#11333,.F.);
#11322 = FACE_BOUND('',#11323,.T.);
#11323 = EDGE_LOOP('',(#11324,#11325,#11326,#11327));
#11324 = ORIENTED_EDGE('',*,*,#8791,.T.);
#11325 = ORIENTED_EDGE('',*,*,#11308,.T.);
#11326 = ORIENTED_EDGE('',*,*,#9752,.F.);
#11327 = ORIENTED_EDGE('',*,*,#11328,.T.);
#11328 = EDGE_CURVE('',#9745,#8784,#11329,.T.);
#11329 = LINE('',#11330,#11331);
#11330 = CARTESIAN_POINT('',(264.924,-17.43505909487,-4.6E-02));
#11331 = VECTOR('',#11332,1.);
#11332 = DIRECTION('',(-0.,0.,-1.));
#11333 = CYLINDRICAL_SURFACE('',#11334,0.508);
#11334 = AXIS2_PLACEMENT_3D('',#11335,#11336,#11337);
#11335 = CARTESIAN_POINT('',(264.67,-17.875,-4.6E-02));
#11336 = DIRECTION('',(-0.,0.,-1.));
#11337 = DIRECTION('',(1.118964938205E-13,-1.,-0.));
#11338 = ADVANCED_FACE('',(#11339),#11350,.T.);
#11339 = FACE_BOUND('',#11340,.T.);
#11340 = EDGE_LOOP('',(#11341,#11342,#11343,#11344));
#11341 = ORIENTED_EDGE('',*,*,#8783,.F.);
#11342 = ORIENTED_EDGE('',*,*,#11328,.F.);
#11343 = ORIENTED_EDGE('',*,*,#9744,.T.);
#11344 = ORIENTED_EDGE('',*,*,#11345,.F.);
#11345 = EDGE_CURVE('',#8776,#9737,#11346,.T.);
#11346 = LINE('',#11347,#11348);
#11347 = CARTESIAN_POINT('',(264.924,-16.0848,0.));
#11348 = VECTOR('',#11349,1.);
#11349 = DIRECTION('',(0.,0.,1.));
#11350 = PLANE('',#11351);
#11351 = AXIS2_PLACEMENT_3D('',#11352,#11353,#11354);
#11352 = CARTESIAN_POINT('',(264.924,-17.7612,0.));
#11353 = DIRECTION('',(-1.,0.,0.));
#11354 = DIRECTION('',(0.,1.,0.));
#11355 = ADVANCED_FACE('',(#11356),#11367,.T.);
#11356 = FACE_BOUND('',#11357,.T.);
#11357 = EDGE_LOOP('',(#11358,#11359,#11360,#11361));
#11358 = ORIENTED_EDGE('',*,*,#8775,.F.);
#11359 = ORIENTED_EDGE('',*,*,#11345,.T.);
#11360 = ORIENTED_EDGE('',*,*,#9736,.T.);
#11361 = ORIENTED_EDGE('',*,*,#11362,.T.);
#11362 = EDGE_CURVE('',#9728,#8767,#11363,.T.);
#11363 = LINE('',#11364,#11365);
#11364 = CARTESIAN_POINT('',(264.68205690027,-15.84285690027,-4.6E-02));
#11365 = VECTOR('',#11366,1.);
#11366 = DIRECTION('',(-0.,0.,-1.));
#11367 = PLANE('',#11368);
#11368 = AXIS2_PLACEMENT_3D('',#11369,#11370,#11371);
#11369 = CARTESIAN_POINT('',(264.924,-16.0848,0.));
#11370 = DIRECTION('',(-0.707106781187,-0.707106781187,0.));
#11371 = DIRECTION('',(-0.707106781187,0.707106781187,0.));
#11372 = ADVANCED_FACE('',(#11373),#11384,.F.);
#11373 = FACE_BOUND('',#11374,.T.);
#11374 = EDGE_LOOP('',(#11375,#11376,#11377,#11383));
#11375 = ORIENTED_EDGE('',*,*,#11362,.F.);
#11376 = ORIENTED_EDGE('',*,*,#9727,.F.);
#11377 = ORIENTED_EDGE('',*,*,#11378,.T.);
#11378 = EDGE_CURVE('',#9720,#8759,#11379,.T.);
#11379 = LINE('',#11380,#11381);
#11380 = CARTESIAN_POINT('',(264.16604762129,-15.399,-4.6E-02));
#11381 = VECTOR('',#11382,1.);
#11382 = DIRECTION('',(-0.,0.,-1.));
#11383 = ORIENTED_EDGE('',*,*,#8766,.T.);
#11384 = CYLINDRICAL_SURFACE('',#11385,0.508);
#11385 = AXIS2_PLACEMENT_3D('',#11386,#11387,#11388);
#11386 = CARTESIAN_POINT('',(264.67,-15.335,-4.6E-02));
#11387 = DIRECTION('',(-0.,0.,-1.));
#11388 = DIRECTION('',(1.118964938205E-13,-1.,-0.));
#11389 = ADVANCED_FACE('',(#11390),#11401,.T.);
#11390 = FACE_BOUND('',#11391,.T.);
#11391 = EDGE_LOOP('',(#11392,#11393,#11394,#11395));
#11392 = ORIENTED_EDGE('',*,*,#8758,.F.);
#11393 = ORIENTED_EDGE('',*,*,#11378,.F.);
#11394 = ORIENTED_EDGE('',*,*,#9719,.T.);
#11395 = ORIENTED_EDGE('',*,*,#11396,.T.);
#11396 = EDGE_CURVE('',#9711,#8750,#11397,.T.);
#11397 = LINE('',#11398,#11399);
#11398 = CARTESIAN_POINT('',(262.6339523787,-15.399,-4.6E-02));
#11399 = VECTOR('',#11400,1.);
#11400 = DIRECTION('',(-0.,-0.,-1.));
#11401 = PLANE('',#11402);
#11402 = AXIS2_PLACEMENT_3D('',#11403,#11404,#11405);
#11403 = CARTESIAN_POINT('',(264.2382,-15.399,0.));
#11404 = DIRECTION('',(0.,-1.,0.));
#11405 = DIRECTION('',(-1.,0.,0.));
#11406 = ADVANCED_FACE('',(#11407),#11418,.F.);
#11407 = FACE_BOUND('',#11408,.T.);
#11408 = EDGE_LOOP('',(#11409,#11410,#11411,#11417));
#11409 = ORIENTED_EDGE('',*,*,#11396,.F.);
#11410 = ORIENTED_EDGE('',*,*,#9710,.F.);
#11411 = ORIENTED_EDGE('',*,*,#11412,.T.);
#11412 = EDGE_CURVE('',#9703,#8742,#11413,.T.);
#11413 = LINE('',#11414,#11415);
#11414 = CARTESIAN_POINT('',(262.11794309972,-15.84285690027,-4.6E-02));
#11415 = VECTOR('',#11416,1.);
#11416 = DIRECTION('',(-0.,-0.,-1.));
#11417 = ORIENTED_EDGE('',*,*,#8749,.T.);
#11418 = CYLINDRICAL_SURFACE('',#11419,0.508);
#11419 = AXIS2_PLACEMENT_3D('',#11420,#11421,#11422);
#11420 = CARTESIAN_POINT('',(262.13,-15.335,-4.6E-02));
#11421 = DIRECTION('',(-0.,-0.,-1.));
#11422 = DIRECTION('',(-0.,-1.,0.));
#11423 = ADVANCED_FACE('',(#11424),#11430,.T.);
#11424 = FACE_BOUND('',#11425,.T.);
#11425 = EDGE_LOOP('',(#11426,#11427,#11428,#11429));
#11426 = ORIENTED_EDGE('',*,*,#8741,.F.);
#11427 = ORIENTED_EDGE('',*,*,#11412,.F.);
#11428 = ORIENTED_EDGE('',*,*,#9702,.T.);
#11429 = ORIENTED_EDGE('',*,*,#11202,.F.);
#11430 = PLANE('',#11431);
#11431 = AXIS2_PLACEMENT_3D('',#11432,#11433,#11434);
#11432 = CARTESIAN_POINT('',(262.5618,-15.399,0.));
#11433 = DIRECTION('',(0.707106781187,-0.707106781187,0.));
#11434 = DIRECTION('',(-0.707106781187,-0.707106781187,0.));
#11435 = ADVANCED_FACE('',(#11436),#11447,.F.);
#11436 = FACE_BOUND('',#11437,.T.);
#11437 = EDGE_LOOP('',(#11438,#11444,#11445,#11446));
#11438 = ORIENTED_EDGE('',*,*,#11439,.T.);
#11439 = EDGE_CURVE('',#8852,#9813,#11440,.T.);
#11440 = LINE('',#11441,#11442);
#11441 = CARTESIAN_POINT('',(281.6,-15.125,0.));
#11442 = VECTOR('',#11443,1.);
#11443 = DIRECTION('',(0.,0.,1.));
#11444 = ORIENTED_EDGE('',*,*,#9812,.T.);
#11445 = ORIENTED_EDGE('',*,*,#11439,.F.);
#11446 = ORIENTED_EDGE('',*,*,#8851,.F.);
#11447 = CYLINDRICAL_SURFACE('',#11448,1.1);
#11448 = AXIS2_PLACEMENT_3D('',#11449,#11450,#11451);
#11449 = CARTESIAN_POINT('',(280.5,-15.125,0.));
#11450 = DIRECTION('',(-0.,-0.,-1.));
#11451 = DIRECTION('',(1.,0.,-0.));
#11452 = ( GEOMETRIC_REPRESENTATION_CONTEXT(3) 
GLOBAL_UNCERTAINTY_ASSIGNED_CONTEXT((#11456)) 
GLOBAL_UNIT_ASSIGNED_CONTEXT((#11453,#11454,#11455)) 
REPRESENTATION_CONTEXT('Context #1',
  '3D Context with UNIT and UNCERTAINTY') );
#11453 = ( LENGTH_UNIT() NAMED_UNIT(*) SI_UNIT(.MILLI.,.METRE.) );
#11454 = ( NAMED_UNIT(*) PLANE_ANGLE_UNIT() SI_UNIT($,.RADIAN.) );
#11455 = ( NAMED_UNIT(*) SI_UNIT($,.STERADIAN.) SOLID_ANGLE_UNIT() );
#11456 = UNCERTAINTY_MEASURE_WITH_UNIT(LENGTH_MEASURE(1.E-07),#11453,
  'distance_accuracy_value','confusion accuracy');
#11457 = CONTEXT_DEPENDENT_SHAPE_REPRESENTATION(#11458,#11460);
#11458 = ( REPRESENTATION_RELATIONSHIP('','',#7796,#10) 
REPRESENTATION_RELATIONSHIP_WITH_TRANSFORMATION(#11459) 
SHAPE_REPRESENTATION_RELATIONSHIP() );
#11459 = ITEM_DEFINED_TRANSFORMATION('','',#11,#27);
#11460 = PRODUCT_DEFINITION_SHAPE('Placement','Placement of an item',
  #11461);
#11461 = NEXT_ASSEMBLY_USAGE_OCCURRENCE('4','=>[0:1:1:4]','',#5,#7791,$
  );
#11462 = PRODUCT_RELATED_PRODUCT_CATEGORY('part',$,(#7793));
#11463 = MECHANICAL_DESIGN_GEOMETRIC_PRESENTATION_REPRESENTATION('',(
    #11464),#7778);
#11464 = STYLED_ITEM('color',(#11465),#4123);
#11465 = PRESENTATION_STYLE_ASSIGNMENT((#11466));
#11466 = SURFACE_STYLE_USAGE(.BOTH.,#11467);
#11467 = SURFACE_SIDE_STYLE('',(#11468));
#11468 = SURFACE_STYLE_FILL_AREA(#11469);
#11469 = FILL_AREA_STYLE('',(#11470));
#11470 = FILL_AREA_STYLE_COLOUR('',#11471);
#11471 = COLOUR_RGB('',0.313304153717,0.484529207832,0.410020903123);
#11472 = MECHANICAL_DESIGN_GEOMETRIC_PRESENTATION_REPRESENTATION('',(
    #11473,#11481,#11488,#11495,#11502,#11509,#11516,#11523,#11530,
    #11537,#11544,#11552,#11559,#11566,#11573,#11580,#11587,#11594,
    #11601,#11608,#11615,#11622,#11629,#11636,#11643,#11650,#11657,
    #11664,#11671,#11678,#11685,#11692,#11699,#11706,#11713,#11720,
    #11727,#11734,#11741,#11748,#11755,#11762,#11769,#11776,#11783,
    #11790,#11797,#11804,#11811,#11818,#11825,#11832,#11839,#11846,
    #11853,#11860,#11867,#11874,#11881,#11888,#11895,#11902,#11909,
    #11916,#11923,#11930,#11937,#11944,#11951,#11958,#11965,#11972,
    #11979,#11986,#11993,#12000,#12007,#12014,#12021,#12028,#12035,
    #12042,#12049,#12056,#12063,#12070,#12077,#12085,#12092,#12099,
    #12106,#12113,#12120,#12127,#12134,#12141,#12148,#12155,#12162,
    #12169,#12176,#12183,#12190,#12197,#12204,#12211,#12218,#12225,
    #12232,#12239,#12246,#12253,#12260,#12267,#12274,#12281,#12288,
    #12295,#12302,#12309,#12316,#12323,#12330,#12337,#12344,#12351,
    #12358,#12365,#12372,#12379,#12386,#12393,#12400,#12407,#12414,
    #12421,#12428,#12435,#12442,#12449,#12456),#4099);
#11473 = STYLED_ITEM('color',(#11474),#47);
#11474 = PRESENTATION_STYLE_ASSIGNMENT((#11475));
#11475 = SURFACE_STYLE_USAGE(.BOTH.,#11476);
#11476 = SURFACE_SIDE_STYLE('',(#11477));
#11477 = SURFACE_STYLE_FILL_AREA(#11478);
#11478 = FILL_AREA_STYLE('',(#11479));
#11479 = FILL_AREA_STYLE_COLOUR('',#11480);
#11480 = COLOUR_RGB('',0.823999987314,0.819999987296,0.781000009244);
#11481 = STYLED_ITEM('color',(#11482),#87);
#11482 = PRESENTATION_STYLE_ASSIGNMENT((#11483));
#11483 = SURFACE_STYLE_USAGE(.BOTH.,#11484);
#11484 = SURFACE_SIDE_STYLE('',(#11485));
#11485 = SURFACE_STYLE_FILL_AREA(#11486);
#11486 = FILL_AREA_STYLE('',(#11487));
#11487 = FILL_AREA_STYLE_COLOUR('',#11480);
#11488 = STYLED_ITEM('color',(#11489),#118);
#11489 = PRESENTATION_STYLE_ASSIGNMENT((#11490));
#11490 = SURFACE_STYLE_USAGE(.BOTH.,#11491);
#11491 = SURFACE_SIDE_STYLE('',(#11492));
#11492 = SURFACE_STYLE_FILL_AREA(#11493);
#11493 = FILL_AREA_STYLE('',(#11494));
#11494 = FILL_AREA_STYLE_COLOUR('',#11480);
#11495 = STYLED_ITEM('color',(#11496),#142);
#11496 = PRESENTATION_STYLE_ASSIGNMENT((#11497));
#11497 = SURFACE_STYLE_USAGE(.BOTH.,#11498);
#11498 = SURFACE_SIDE_STYLE('',(#11499));
#11499 = SURFACE_STYLE_FILL_AREA(#11500);
#11500 = FILL_AREA_STYLE('',(#11501));
#11501 = FILL_AREA_STYLE_COLOUR('',#11480);
#11502 = STYLED_ITEM('color',(#11503),#166);
#11503 = PRESENTATION_STYLE_ASSIGNMENT((#11504));
#11504 = SURFACE_STYLE_USAGE(.BOTH.,#11505);
#11505 = SURFACE_SIDE_STYLE('',(#11506));
#11506 = SURFACE_STYLE_FILL_AREA(#11507);
#11507 = FILL_AREA_STYLE('',(#11508));
#11508 = FILL_AREA_STYLE_COLOUR('',#11480);
#11509 = STYLED_ITEM('color',(#11510),#183);
#11510 = PRESENTATION_STYLE_ASSIGNMENT((#11511));
#11511 = SURFACE_STYLE_USAGE(.BOTH.,#11512);
#11512 = SURFACE_SIDE_STYLE('',(#11513));
#11513 = SURFACE_STYLE_FILL_AREA(#11514);
#11514 = FILL_AREA_STYLE('',(#11515));
#11515 = FILL_AREA_STYLE_COLOUR('',#11480);
#11516 = STYLED_ITEM('color',(#11517),#328);
#11517 = PRESENTATION_STYLE_ASSIGNMENT((#11518));
#11518 = SURFACE_STYLE_USAGE(.BOTH.,#11519);
#11519 = SURFACE_SIDE_STYLE('',(#11520));
#11520 = SURFACE_STYLE_FILL_AREA(#11521);
#11521 = FILL_AREA_STYLE('',(#11522));
#11522 = FILL_AREA_STYLE_COLOUR('',#11480);
#11523 = STYLED_ITEM('color',(#11524),#393);
#11524 = PRESENTATION_STYLE_ASSIGNMENT((#11525));
#11525 = SURFACE_STYLE_USAGE(.BOTH.,#11526);
#11526 = SURFACE_SIDE_STYLE('',(#11527));
#11527 = SURFACE_STYLE_FILL_AREA(#11528);
#11528 = FILL_AREA_STYLE('',(#11529));
#11529 = FILL_AREA_STYLE_COLOUR('',#11480);
#11530 = STYLED_ITEM('color',(#11531),#560);
#11531 = PRESENTATION_STYLE_ASSIGNMENT((#11532));
#11532 = SURFACE_STYLE_USAGE(.BOTH.,#11533);
#11533 = SURFACE_SIDE_STYLE('',(#11534));
#11534 = SURFACE_STYLE_FILL_AREA(#11535);
#11535 = FILL_AREA_STYLE('',(#11536));
#11536 = FILL_AREA_STYLE_COLOUR('',#11480);
#11537 = STYLED_ITEM('color',(#11538),#591);
#11538 = PRESENTATION_STYLE_ASSIGNMENT((#11539));
#11539 = SURFACE_STYLE_USAGE(.BOTH.,#11540);
#11540 = SURFACE_SIDE_STYLE('',(#11541));
#11541 = SURFACE_STYLE_FILL_AREA(#11542);
#11542 = FILL_AREA_STYLE('',(#11543));
#11543 = FILL_AREA_STYLE_COLOUR('',#11480);
#11544 = STYLED_ITEM('color',(#11545),#661);
#11545 = PRESENTATION_STYLE_ASSIGNMENT((#11546));
#11546 = SURFACE_STYLE_USAGE(.BOTH.,#11547);
#11547 = SURFACE_SIDE_STYLE('',(#11548));
#11548 = SURFACE_STYLE_FILL_AREA(#11549);
#11549 = FILL_AREA_STYLE('',(#11550));
#11550 = FILL_AREA_STYLE_COLOUR('',#11551);
#11551 = COLOUR_RGB('',0.147999998088,0.144999993226,0.144999993226);
#11552 = STYLED_ITEM('color',(#11553),#692);
#11553 = PRESENTATION_STYLE_ASSIGNMENT((#11554));
#11554 = SURFACE_STYLE_USAGE(.BOTH.,#11555);
#11555 = SURFACE_SIDE_STYLE('',(#11556));
#11556 = SURFACE_STYLE_FILL_AREA(#11557);
#11557 = FILL_AREA_STYLE('',(#11558));
#11558 = FILL_AREA_STYLE_COLOUR('',#11551);
#11559 = STYLED_ITEM('color',(#11560),#732);
#11560 = PRESENTATION_STYLE_ASSIGNMENT((#11561));
#11561 = SURFACE_STYLE_USAGE(.BOTH.,#11562);
#11562 = SURFACE_SIDE_STYLE('',(#11563));
#11563 = SURFACE_STYLE_FILL_AREA(#11564);
#11564 = FILL_AREA_STYLE('',(#11565));
#11565 = FILL_AREA_STYLE_COLOUR('',#11480);
#11566 = STYLED_ITEM('color',(#11567),#888);
#11567 = PRESENTATION_STYLE_ASSIGNMENT((#11568));
#11568 = SURFACE_STYLE_USAGE(.BOTH.,#11569);
#11569 = SURFACE_SIDE_STYLE('',(#11570));
#11570 = SURFACE_STYLE_FILL_AREA(#11571);
#11571 = FILL_AREA_STYLE('',(#11572));
#11572 = FILL_AREA_STYLE_COLOUR('',#11551);
#11573 = STYLED_ITEM('color',(#11574),#928);
#11574 = PRESENTATION_STYLE_ASSIGNMENT((#11575));
#11575 = SURFACE_STYLE_USAGE(.BOTH.,#11576);
#11576 = SURFACE_SIDE_STYLE('',(#11577));
#11577 = SURFACE_STYLE_FILL_AREA(#11578);
#11578 = FILL_AREA_STYLE('',(#11579));
#11579 = FILL_AREA_STYLE_COLOUR('',#11551);
#11580 = STYLED_ITEM('color',(#11581),#952);
#11581 = PRESENTATION_STYLE_ASSIGNMENT((#11582));
#11582 = SURFACE_STYLE_USAGE(.BOTH.,#11583);
#11583 = SURFACE_SIDE_STYLE('',(#11584));
#11584 = SURFACE_STYLE_FILL_AREA(#11585);
#11585 = FILL_AREA_STYLE('',(#11586));
#11586 = FILL_AREA_STYLE_COLOUR('',#11480);
#11587 = STYLED_ITEM('color',(#11588),#1006);
#11588 = PRESENTATION_STYLE_ASSIGNMENT((#11589));
#11589 = SURFACE_STYLE_USAGE(.BOTH.,#11590);
#11590 = SURFACE_SIDE_STYLE('',(#11591));
#11591 = SURFACE_STYLE_FILL_AREA(#11592);
#11592 = FILL_AREA_STYLE('',(#11593));
#11593 = FILL_AREA_STYLE_COLOUR('',#11480);
#11594 = STYLED_ITEM('color',(#11595),#1030);
#11595 = PRESENTATION_STYLE_ASSIGNMENT((#11596));
#11596 = SURFACE_STYLE_USAGE(.BOTH.,#11597);
#11597 = SURFACE_SIDE_STYLE('',(#11598));
#11598 = SURFACE_STYLE_FILL_AREA(#11599);
#11599 = FILL_AREA_STYLE('',(#11600));
#11600 = FILL_AREA_STYLE_COLOUR('',#11551);
#11601 = STYLED_ITEM('color',(#11602),#1061);
#11602 = PRESENTATION_STYLE_ASSIGNMENT((#11603));
#11603 = SURFACE_STYLE_USAGE(.BOTH.,#11604);
#11604 = SURFACE_SIDE_STYLE('',(#11605));
#11605 = SURFACE_STYLE_FILL_AREA(#11606);
#11606 = FILL_AREA_STYLE('',(#11607));
#11607 = FILL_AREA_STYLE_COLOUR('',#11480);
#11608 = STYLED_ITEM('color',(#11609),#1108);
#11609 = PRESENTATION_STYLE_ASSIGNMENT((#11610));
#11610 = SURFACE_STYLE_USAGE(.BOTH.,#11611);
#11611 = SURFACE_SIDE_STYLE('',(#11612));
#11612 = SURFACE_STYLE_FILL_AREA(#11613);
#11613 = FILL_AREA_STYLE('',(#11614));
#11614 = FILL_AREA_STYLE_COLOUR('',#11551);
#11615 = STYLED_ITEM('color',(#11616),#1139);
#11616 = PRESENTATION_STYLE_ASSIGNMENT((#11617));
#11617 = SURFACE_STYLE_USAGE(.BOTH.,#11618);
#11618 = SURFACE_SIDE_STYLE('',(#11619));
#11619 = SURFACE_STYLE_FILL_AREA(#11620);
#11620 = FILL_AREA_STYLE('',(#11621));
#11621 = FILL_AREA_STYLE_COLOUR('',#11480);
#11622 = STYLED_ITEM('color',(#11623),#1156);
#11623 = PRESENTATION_STYLE_ASSIGNMENT((#11624));
#11624 = SURFACE_STYLE_USAGE(.BOTH.,#11625);
#11625 = SURFACE_SIDE_STYLE('',(#11626));
#11626 = SURFACE_STYLE_FILL_AREA(#11627);
#11627 = FILL_AREA_STYLE('',(#11628));
#11628 = FILL_AREA_STYLE_COLOUR('',#11480);
#11629 = STYLED_ITEM('color',(#11630),#1187);
#11630 = PRESENTATION_STYLE_ASSIGNMENT((#11631));
#11631 = SURFACE_STYLE_USAGE(.BOTH.,#11632);
#11632 = SURFACE_SIDE_STYLE('',(#11633));
#11633 = SURFACE_STYLE_FILL_AREA(#11634);
#11634 = FILL_AREA_STYLE('',(#11635));
#11635 = FILL_AREA_STYLE_COLOUR('',#11480);
#11636 = STYLED_ITEM('color',(#11637),#1211);
#11637 = PRESENTATION_STYLE_ASSIGNMENT((#11638));
#11638 = SURFACE_STYLE_USAGE(.BOTH.,#11639);
#11639 = SURFACE_SIDE_STYLE('',(#11640));
#11640 = SURFACE_STYLE_FILL_AREA(#11641);
#11641 = FILL_AREA_STYLE('',(#11642));
#11642 = FILL_AREA_STYLE_COLOUR('',#11551);
#11643 = STYLED_ITEM('color',(#11644),#1243);
#11644 = PRESENTATION_STYLE_ASSIGNMENT((#11645));
#11645 = SURFACE_STYLE_USAGE(.BOTH.,#11646);
#11646 = SURFACE_SIDE_STYLE('',(#11647));
#11647 = SURFACE_STYLE_FILL_AREA(#11648);
#11648 = FILL_AREA_STYLE('',(#11649));
#11649 = FILL_AREA_STYLE_COLOUR('',#11480);
#11650 = STYLED_ITEM('color',(#11651),#1265);
#11651 = PRESENTATION_STYLE_ASSIGNMENT((#11652));
#11652 = SURFACE_STYLE_USAGE(.BOTH.,#11653);
#11653 = SURFACE_SIDE_STYLE('',(#11654));
#11654 = SURFACE_STYLE_FILL_AREA(#11655);
#11655 = FILL_AREA_STYLE('',(#11656));
#11656 = FILL_AREA_STYLE_COLOUR('',#11551);
#11657 = STYLED_ITEM('color',(#11658),#1304);
#11658 = PRESENTATION_STYLE_ASSIGNMENT((#11659));
#11659 = SURFACE_STYLE_USAGE(.BOTH.,#11660);
#11660 = SURFACE_SIDE_STYLE('',(#11661));
#11661 = SURFACE_STYLE_FILL_AREA(#11662);
#11662 = FILL_AREA_STYLE('',(#11663));
#11663 = FILL_AREA_STYLE_COLOUR('',#11480);
#11664 = STYLED_ITEM('color',(#11665),#1425);
#11665 = PRESENTATION_STYLE_ASSIGNMENT((#11666));
#11666 = SURFACE_STYLE_USAGE(.BOTH.,#11667);
#11667 = SURFACE_SIDE_STYLE('',(#11668));
#11668 = SURFACE_STYLE_FILL_AREA(#11669);
#11669 = FILL_AREA_STYLE('',(#11670));
#11670 = FILL_AREA_STYLE_COLOUR('',#11480);
#11671 = STYLED_ITEM('color',(#11672),#1456);
#11672 = PRESENTATION_STYLE_ASSIGNMENT((#11673));
#11673 = SURFACE_STYLE_USAGE(.BOTH.,#11674);
#11674 = SURFACE_SIDE_STYLE('',(#11675));
#11675 = SURFACE_STYLE_FILL_AREA(#11676);
#11676 = FILL_AREA_STYLE('',(#11677));
#11677 = FILL_AREA_STYLE_COLOUR('',#11480);
#11678 = STYLED_ITEM('color',(#11679),#1480);
#11679 = PRESENTATION_STYLE_ASSIGNMENT((#11680));
#11680 = SURFACE_STYLE_USAGE(.BOTH.,#11681);
#11681 = SURFACE_SIDE_STYLE('',(#11682));
#11682 = SURFACE_STYLE_FILL_AREA(#11683);
#11683 = FILL_AREA_STYLE('',(#11684));
#11684 = FILL_AREA_STYLE_COLOUR('',#11480);
#11685 = STYLED_ITEM('color',(#11686),#1504);
#11686 = PRESENTATION_STYLE_ASSIGNMENT((#11687));
#11687 = SURFACE_STYLE_USAGE(.BOTH.,#11688);
#11688 = SURFACE_SIDE_STYLE('',(#11689));
#11689 = SURFACE_STYLE_FILL_AREA(#11690);
#11690 = FILL_AREA_STYLE('',(#11691));
#11691 = FILL_AREA_STYLE_COLOUR('',#11480);
#11692 = STYLED_ITEM('color',(#11693),#1537);
#11693 = PRESENTATION_STYLE_ASSIGNMENT((#11694));
#11694 = SURFACE_STYLE_USAGE(.BOTH.,#11695);
#11695 = SURFACE_SIDE_STYLE('',(#11696));
#11696 = SURFACE_STYLE_FILL_AREA(#11697);
#11697 = FILL_AREA_STYLE('',(#11698));
#11698 = FILL_AREA_STYLE_COLOUR('',#11480);
#11699 = STYLED_ITEM('color',(#11700),#1570);
#11700 = PRESENTATION_STYLE_ASSIGNMENT((#11701));
#11701 = SURFACE_STYLE_USAGE(.BOTH.,#11702);
#11702 = SURFACE_SIDE_STYLE('',(#11703));
#11703 = SURFACE_STYLE_FILL_AREA(#11704);
#11704 = FILL_AREA_STYLE('',(#11705));
#11705 = FILL_AREA_STYLE_COLOUR('',#11480);
#11706 = STYLED_ITEM('color',(#11707),#1603);
#11707 = PRESENTATION_STYLE_ASSIGNMENT((#11708));
#11708 = SURFACE_STYLE_USAGE(.BOTH.,#11709);
#11709 = SURFACE_SIDE_STYLE('',(#11710));
#11710 = SURFACE_STYLE_FILL_AREA(#11711);
#11711 = FILL_AREA_STYLE('',(#11712));
#11712 = FILL_AREA_STYLE_COLOUR('',#11551);
#11713 = STYLED_ITEM('color',(#11714),#1628);
#11714 = PRESENTATION_STYLE_ASSIGNMENT((#11715));
#11715 = SURFACE_STYLE_USAGE(.BOTH.,#11716);
#11716 = SURFACE_SIDE_STYLE('',(#11717));
#11717 = SURFACE_STYLE_FILL_AREA(#11718);
#11718 = FILL_AREA_STYLE('',(#11719));
#11719 = FILL_AREA_STYLE_COLOUR('',#11551);
#11720 = STYLED_ITEM('color',(#11721),#1653);
#11721 = PRESENTATION_STYLE_ASSIGNMENT((#11722));
#11722 = SURFACE_STYLE_USAGE(.BOTH.,#11723);
#11723 = SURFACE_SIDE_STYLE('',(#11724));
#11724 = SURFACE_STYLE_FILL_AREA(#11725);
#11725 = FILL_AREA_STYLE('',(#11726));
#11726 = FILL_AREA_STYLE_COLOUR('',#11480);
#11727 = STYLED_ITEM('color',(#11728),#1677);
#11728 = PRESENTATION_STYLE_ASSIGNMENT((#11729));
#11729 = SURFACE_STYLE_USAGE(.BOTH.,#11730);
#11730 = SURFACE_SIDE_STYLE('',(#11731));
#11731 = SURFACE_STYLE_FILL_AREA(#11732);
#11732 = FILL_AREA_STYLE('',(#11733));
#11733 = FILL_AREA_STYLE_COLOUR('',#11480);
#11734 = STYLED_ITEM('color',(#11735),#1694);
#11735 = PRESENTATION_STYLE_ASSIGNMENT((#11736));
#11736 = SURFACE_STYLE_USAGE(.BOTH.,#11737);
#11737 = SURFACE_SIDE_STYLE('',(#11738));
#11738 = SURFACE_STYLE_FILL_AREA(#11739);
#11739 = FILL_AREA_STYLE('',(#11740));
#11740 = FILL_AREA_STYLE_COLOUR('',#11480);
#11741 = STYLED_ITEM('color',(#11742),#1706);
#11742 = PRESENTATION_STYLE_ASSIGNMENT((#11743));
#11743 = SURFACE_STYLE_USAGE(.BOTH.,#11744);
#11744 = SURFACE_SIDE_STYLE('',(#11745));
#11745 = SURFACE_STYLE_FILL_AREA(#11746);
#11746 = FILL_AREA_STYLE('',(#11747));
#11747 = FILL_AREA_STYLE_COLOUR('',#11480);
#11748 = STYLED_ITEM('color',(#11749),#1730);
#11749 = PRESENTATION_STYLE_ASSIGNMENT((#11750));
#11750 = SURFACE_STYLE_USAGE(.BOTH.,#11751);
#11751 = SURFACE_SIDE_STYLE('',(#11752));
#11752 = SURFACE_STYLE_FILL_AREA(#11753);
#11753 = FILL_AREA_STYLE('',(#11754));
#11754 = FILL_AREA_STYLE_COLOUR('',#11480);
#11755 = STYLED_ITEM('color',(#11756),#1754);
#11756 = PRESENTATION_STYLE_ASSIGNMENT((#11757));
#11757 = SURFACE_STYLE_USAGE(.BOTH.,#11758);
#11758 = SURFACE_SIDE_STYLE('',(#11759));
#11759 = SURFACE_STYLE_FILL_AREA(#11760);
#11760 = FILL_AREA_STYLE('',(#11761));
#11761 = FILL_AREA_STYLE_COLOUR('',#11551);
#11762 = STYLED_ITEM('color',(#11763),#1793);
#11763 = PRESENTATION_STYLE_ASSIGNMENT((#11764));
#11764 = SURFACE_STYLE_USAGE(.BOTH.,#11765);
#11765 = SURFACE_SIDE_STYLE('',(#11766));
#11766 = SURFACE_STYLE_FILL_AREA(#11767);
#11767 = FILL_AREA_STYLE('',(#11768));
#11768 = FILL_AREA_STYLE_COLOUR('',#11480);
#11769 = STYLED_ITEM('color',(#11770),#1815);
#11770 = PRESENTATION_STYLE_ASSIGNMENT((#11771));
#11771 = SURFACE_STYLE_USAGE(.BOTH.,#11772);
#11772 = SURFACE_SIDE_STYLE('',(#11773));
#11773 = SURFACE_STYLE_FILL_AREA(#11774);
#11774 = FILL_AREA_STYLE('',(#11775));
#11775 = FILL_AREA_STYLE_COLOUR('',#11551);
#11776 = STYLED_ITEM('color',(#11777),#1847);
#11777 = PRESENTATION_STYLE_ASSIGNMENT((#11778));
#11778 = SURFACE_STYLE_USAGE(.BOTH.,#11779);
#11779 = SURFACE_SIDE_STYLE('',(#11780));
#11780 = SURFACE_STYLE_FILL_AREA(#11781);
#11781 = FILL_AREA_STYLE('',(#11782));
#11782 = FILL_AREA_STYLE_COLOUR('',#11551);
#11783 = STYLED_ITEM('color',(#11784),#1872);
#11784 = PRESENTATION_STYLE_ASSIGNMENT((#11785));
#11785 = SURFACE_STYLE_USAGE(.BOTH.,#11786);
#11786 = SURFACE_SIDE_STYLE('',(#11787));
#11787 = SURFACE_STYLE_FILL_AREA(#11788);
#11788 = FILL_AREA_STYLE('',(#11789));
#11789 = FILL_AREA_STYLE_COLOUR('',#11551);
#11790 = STYLED_ITEM('color',(#11791),#1898);
#11791 = PRESENTATION_STYLE_ASSIGNMENT((#11792));
#11792 = SURFACE_STYLE_USAGE(.BOTH.,#11793);
#11793 = SURFACE_SIDE_STYLE('',(#11794));
#11794 = SURFACE_STYLE_FILL_AREA(#11795);
#11795 = FILL_AREA_STYLE('',(#11796));
#11796 = FILL_AREA_STYLE_COLOUR('',#11551);
#11797 = STYLED_ITEM('color',(#11798),#1915);
#11798 = PRESENTATION_STYLE_ASSIGNMENT((#11799));
#11799 = SURFACE_STYLE_USAGE(.BOTH.,#11800);
#11800 = SURFACE_SIDE_STYLE('',(#11801));
#11801 = SURFACE_STYLE_FILL_AREA(#11802);
#11802 = FILL_AREA_STYLE('',(#11803));
#11803 = FILL_AREA_STYLE_COLOUR('',#11551);
#11804 = STYLED_ITEM('color',(#11805),#1955);
#11805 = PRESENTATION_STYLE_ASSIGNMENT((#11806));
#11806 = SURFACE_STYLE_USAGE(.BOTH.,#11807);
#11807 = SURFACE_SIDE_STYLE('',(#11808));
#11808 = SURFACE_STYLE_FILL_AREA(#11809);
#11809 = FILL_AREA_STYLE('',(#11810));
#11810 = FILL_AREA_STYLE_COLOUR('',#11551);
#11811 = STYLED_ITEM('color',(#11812),#1981);
#11812 = PRESENTATION_STYLE_ASSIGNMENT((#11813));
#11813 = SURFACE_STYLE_USAGE(.BOTH.,#11814);
#11814 = SURFACE_SIDE_STYLE('',(#11815));
#11815 = SURFACE_STYLE_FILL_AREA(#11816);
#11816 = FILL_AREA_STYLE('',(#11817));
#11817 = FILL_AREA_STYLE_COLOUR('',#11551);
#11818 = STYLED_ITEM('color',(#11819),#2007);
#11819 = PRESENTATION_STYLE_ASSIGNMENT((#11820));
#11820 = SURFACE_STYLE_USAGE(.BOTH.,#11821);
#11821 = SURFACE_SIDE_STYLE('',(#11822));
#11822 = SURFACE_STYLE_FILL_AREA(#11823);
#11823 = FILL_AREA_STYLE('',(#11824));
#11824 = FILL_AREA_STYLE_COLOUR('',#11551);
#11825 = STYLED_ITEM('color',(#11826),#2040);
#11826 = PRESENTATION_STYLE_ASSIGNMENT((#11827));
#11827 = SURFACE_STYLE_USAGE(.BOTH.,#11828);
#11828 = SURFACE_SIDE_STYLE('',(#11829));
#11829 = SURFACE_STYLE_FILL_AREA(#11830);
#11830 = FILL_AREA_STYLE('',(#11831));
#11831 = FILL_AREA_STYLE_COLOUR('',#11551);
#11832 = STYLED_ITEM('color',(#11833),#2073);
#11833 = PRESENTATION_STYLE_ASSIGNMENT((#11834));
#11834 = SURFACE_STYLE_USAGE(.BOTH.,#11835);
#11835 = SURFACE_SIDE_STYLE('',(#11836));
#11836 = SURFACE_STYLE_FILL_AREA(#11837);
#11837 = FILL_AREA_STYLE('',(#11838));
#11838 = FILL_AREA_STYLE_COLOUR('',#11480);
#11839 = STYLED_ITEM('color',(#11840),#2104);
#11840 = PRESENTATION_STYLE_ASSIGNMENT((#11841));
#11841 = SURFACE_STYLE_USAGE(.BOTH.,#11842);
#11842 = SURFACE_SIDE_STYLE('',(#11843));
#11843 = SURFACE_STYLE_FILL_AREA(#11844);
#11844 = FILL_AREA_STYLE('',(#11845));
#11845 = FILL_AREA_STYLE_COLOUR('',#11480);
#11846 = STYLED_ITEM('color',(#11847),#2128);
#11847 = PRESENTATION_STYLE_ASSIGNMENT((#11848));
#11848 = SURFACE_STYLE_USAGE(.BOTH.,#11849);
#11849 = SURFACE_SIDE_STYLE('',(#11850));
#11850 = SURFACE_STYLE_FILL_AREA(#11851);
#11851 = FILL_AREA_STYLE('',(#11852));
#11852 = FILL_AREA_STYLE_COLOUR('',#11480);
#11853 = STYLED_ITEM('color',(#11854),#2152);
#11854 = PRESENTATION_STYLE_ASSIGNMENT((#11855));
#11855 = SURFACE_STYLE_USAGE(.BOTH.,#11856);
#11856 = SURFACE_SIDE_STYLE('',(#11857));
#11857 = SURFACE_STYLE_FILL_AREA(#11858);
#11858 = FILL_AREA_STYLE('',(#11859));
#11859 = FILL_AREA_STYLE_COLOUR('',#11480);
#11860 = STYLED_ITEM('color',(#11861),#2169);
#11861 = PRESENTATION_STYLE_ASSIGNMENT((#11862));
#11862 = SURFACE_STYLE_USAGE(.BOTH.,#11863);
#11863 = SURFACE_SIDE_STYLE('',(#11864));
#11864 = SURFACE_STYLE_FILL_AREA(#11865);
#11865 = FILL_AREA_STYLE('',(#11866));
#11866 = FILL_AREA_STYLE_COLOUR('',#11480);
#11867 = STYLED_ITEM('color',(#11868),#2200);
#11868 = PRESENTATION_STYLE_ASSIGNMENT((#11869));
#11869 = SURFACE_STYLE_USAGE(.BOTH.,#11870);
#11870 = SURFACE_SIDE_STYLE('',(#11871));
#11871 = SURFACE_STYLE_FILL_AREA(#11872);
#11872 = FILL_AREA_STYLE('',(#11873));
#11873 = FILL_AREA_STYLE_COLOUR('',#11480);
#11874 = STYLED_ITEM('color',(#11875),#2224);
#11875 = PRESENTATION_STYLE_ASSIGNMENT((#11876));
#11876 = SURFACE_STYLE_USAGE(.BOTH.,#11877);
#11877 = SURFACE_SIDE_STYLE('',(#11878));
#11878 = SURFACE_STYLE_FILL_AREA(#11879);
#11879 = FILL_AREA_STYLE('',(#11880));
#11880 = FILL_AREA_STYLE_COLOUR('',#11480);
#11881 = STYLED_ITEM('color',(#11882),#2248);
#11882 = PRESENTATION_STYLE_ASSIGNMENT((#11883));
#11883 = SURFACE_STYLE_USAGE(.BOTH.,#11884);
#11884 = SURFACE_SIDE_STYLE('',(#11885));
#11885 = SURFACE_STYLE_FILL_AREA(#11886);
#11886 = FILL_AREA_STYLE('',(#11887));
#11887 = FILL_AREA_STYLE_COLOUR('',#11480);
#11888 = STYLED_ITEM('color',(#11889),#2265);
#11889 = PRESENTATION_STYLE_ASSIGNMENT((#11890));
#11890 = SURFACE_STYLE_USAGE(.BOTH.,#11891);
#11891 = SURFACE_SIDE_STYLE('',(#11892));
#11892 = SURFACE_STYLE_FILL_AREA(#11893);
#11893 = FILL_AREA_STYLE('',(#11894));
#11894 = FILL_AREA_STYLE_COLOUR('',#11551);
#11895 = STYLED_ITEM('color',(#11896),#2289);
#11896 = PRESENTATION_STYLE_ASSIGNMENT((#11897));
#11897 = SURFACE_STYLE_USAGE(.BOTH.,#11898);
#11898 = SURFACE_SIDE_STYLE('',(#11899));
#11899 = SURFACE_STYLE_FILL_AREA(#11900);
#11900 = FILL_AREA_STYLE('',(#11901));
#11901 = FILL_AREA_STYLE_COLOUR('',#11551);
#11902 = STYLED_ITEM('color',(#11903),#2307);
#11903 = PRESENTATION_STYLE_ASSIGNMENT((#11904));
#11904 = SURFACE_STYLE_USAGE(.BOTH.,#11905);
#11905 = SURFACE_SIDE_STYLE('',(#11906));
#11906 = SURFACE_STYLE_FILL_AREA(#11907);
#11907 = FILL_AREA_STYLE('',(#11908));
#11908 = FILL_AREA_STYLE_COLOUR('',#11480);
#11909 = STYLED_ITEM('color',(#11910),#2319);
#11910 = PRESENTATION_STYLE_ASSIGNMENT((#11911));
#11911 = SURFACE_STYLE_USAGE(.BOTH.,#11912);
#11912 = SURFACE_SIDE_STYLE('',(#11913));
#11913 = SURFACE_STYLE_FILL_AREA(#11914);
#11914 = FILL_AREA_STYLE('',(#11915));
#11915 = FILL_AREA_STYLE_COLOUR('',#11551);
#11916 = STYLED_ITEM('color',(#11917),#2343);
#11917 = PRESENTATION_STYLE_ASSIGNMENT((#11918));
#11918 = SURFACE_STYLE_USAGE(.BOTH.,#11919);
#11919 = SURFACE_SIDE_STYLE('',(#11920));
#11920 = SURFACE_STYLE_FILL_AREA(#11921);
#11921 = FILL_AREA_STYLE('',(#11922));
#11922 = FILL_AREA_STYLE_COLOUR('',#11551);
#11923 = STYLED_ITEM('color',(#11924),#2360);
#11924 = PRESENTATION_STYLE_ASSIGNMENT((#11925));
#11925 = SURFACE_STYLE_USAGE(.BOTH.,#11926);
#11926 = SURFACE_SIDE_STYLE('',(#11927));
#11927 = SURFACE_STYLE_FILL_AREA(#11928);
#11928 = FILL_AREA_STYLE('',(#11929));
#11929 = FILL_AREA_STYLE_COLOUR('',#11551);
#11930 = STYLED_ITEM('color',(#11931),#2379);
#11931 = PRESENTATION_STYLE_ASSIGNMENT((#11932));
#11932 = SURFACE_STYLE_USAGE(.BOTH.,#11933);
#11933 = SURFACE_SIDE_STYLE('',(#11934));
#11934 = SURFACE_STYLE_FILL_AREA(#11935);
#11935 = FILL_AREA_STYLE('',(#11936));
#11936 = FILL_AREA_STYLE_COLOUR('',#11551);
#11937 = STYLED_ITEM('color',(#11938),#2410);
#11938 = PRESENTATION_STYLE_ASSIGNMENT((#11939));
#11939 = SURFACE_STYLE_USAGE(.BOTH.,#11940);
#11940 = SURFACE_SIDE_STYLE('',(#11941));
#11941 = SURFACE_STYLE_FILL_AREA(#11942);
#11942 = FILL_AREA_STYLE('',(#11943));
#11943 = FILL_AREA_STYLE_COLOUR('',#11551);
#11944 = STYLED_ITEM('color',(#11945),#2441);
#11945 = PRESENTATION_STYLE_ASSIGNMENT((#11946));
#11946 = SURFACE_STYLE_USAGE(.BOTH.,#11947);
#11947 = SURFACE_SIDE_STYLE('',(#11948));
#11948 = SURFACE_STYLE_FILL_AREA(#11949);
#11949 = FILL_AREA_STYLE('',(#11950));
#11950 = FILL_AREA_STYLE_COLOUR('',#11480);
#11951 = STYLED_ITEM('color',(#11952),#2458);
#11952 = PRESENTATION_STYLE_ASSIGNMENT((#11953));
#11953 = SURFACE_STYLE_USAGE(.BOTH.,#11954);
#11954 = SURFACE_SIDE_STYLE('',(#11955));
#11955 = SURFACE_STYLE_FILL_AREA(#11956);
#11956 = FILL_AREA_STYLE('',(#11957));
#11957 = FILL_AREA_STYLE_COLOUR('',#11480);
#11958 = STYLED_ITEM('color',(#11959),#2470);
#11959 = PRESENTATION_STYLE_ASSIGNMENT((#11960));
#11960 = SURFACE_STYLE_USAGE(.BOTH.,#11961);
#11961 = SURFACE_SIDE_STYLE('',(#11962));
#11962 = SURFACE_STYLE_FILL_AREA(#11963);
#11963 = FILL_AREA_STYLE('',(#11964));
#11964 = FILL_AREA_STYLE_COLOUR('',#11551);
#11965 = STYLED_ITEM('color',(#11966),#2482);
#11966 = PRESENTATION_STYLE_ASSIGNMENT((#11967));
#11967 = SURFACE_STYLE_USAGE(.BOTH.,#11968);
#11968 = SURFACE_SIDE_STYLE('',(#11969));
#11969 = SURFACE_STYLE_FILL_AREA(#11970);
#11970 = FILL_AREA_STYLE('',(#11971));
#11971 = FILL_AREA_STYLE_COLOUR('',#11551);
#11972 = STYLED_ITEM('color',(#11973),#2506);
#11973 = PRESENTATION_STYLE_ASSIGNMENT((#11974));
#11974 = SURFACE_STYLE_USAGE(.BOTH.,#11975);
#11975 = SURFACE_SIDE_STYLE('',(#11976));
#11976 = SURFACE_STYLE_FILL_AREA(#11977);
#11977 = FILL_AREA_STYLE('',(#11978));
#11978 = FILL_AREA_STYLE_COLOUR('',#11551);
#11979 = STYLED_ITEM('color',(#11980),#2529);
#11980 = PRESENTATION_STYLE_ASSIGNMENT((#11981));
#11981 = SURFACE_STYLE_USAGE(.BOTH.,#11982);
#11982 = SURFACE_SIDE_STYLE('',(#11983));
#11983 = SURFACE_STYLE_FILL_AREA(#11984);
#11984 = FILL_AREA_STYLE('',(#11985));
#11985 = FILL_AREA_STYLE_COLOUR('',#11551);
#11986 = STYLED_ITEM('color',(#11987),#2541);
#11987 = PRESENTATION_STYLE_ASSIGNMENT((#11988));
#11988 = SURFACE_STYLE_USAGE(.BOTH.,#11989);
#11989 = SURFACE_SIDE_STYLE('',(#11990));
#11990 = SURFACE_STYLE_FILL_AREA(#11991);
#11991 = FILL_AREA_STYLE('',(#11992));
#11992 = FILL_AREA_STYLE_COLOUR('',#11551);
#11993 = STYLED_ITEM('color',(#11994),#2572);
#11994 = PRESENTATION_STYLE_ASSIGNMENT((#11995));
#11995 = SURFACE_STYLE_USAGE(.BOTH.,#11996);
#11996 = SURFACE_SIDE_STYLE('',(#11997));
#11997 = SURFACE_STYLE_FILL_AREA(#11998);
#11998 = FILL_AREA_STYLE('',(#11999));
#11999 = FILL_AREA_STYLE_COLOUR('',#11551);
#12000 = STYLED_ITEM('color',(#12001),#2596);
#12001 = PRESENTATION_STYLE_ASSIGNMENT((#12002));
#12002 = SURFACE_STYLE_USAGE(.BOTH.,#12003);
#12003 = SURFACE_SIDE_STYLE('',(#12004));
#12004 = SURFACE_STYLE_FILL_AREA(#12005);
#12005 = FILL_AREA_STYLE('',(#12006));
#12006 = FILL_AREA_STYLE_COLOUR('',#11551);
#12007 = STYLED_ITEM('color',(#12008),#2620);
#12008 = PRESENTATION_STYLE_ASSIGNMENT((#12009));
#12009 = SURFACE_STYLE_USAGE(.BOTH.,#12010);
#12010 = SURFACE_SIDE_STYLE('',(#12011));
#12011 = SURFACE_STYLE_FILL_AREA(#12012);
#12012 = FILL_AREA_STYLE('',(#12013));
#12013 = FILL_AREA_STYLE_COLOUR('',#11551);
#12014 = STYLED_ITEM('color',(#12015),#2651);
#12015 = PRESENTATION_STYLE_ASSIGNMENT((#12016));
#12016 = SURFACE_STYLE_USAGE(.BOTH.,#12017);
#12017 = SURFACE_SIDE_STYLE('',(#12018));
#12018 = SURFACE_STYLE_FILL_AREA(#12019);
#12019 = FILL_AREA_STYLE('',(#12020));
#12020 = FILL_AREA_STYLE_COLOUR('',#11551);
#12021 = STYLED_ITEM('color',(#12022),#2675);
#12022 = PRESENTATION_STYLE_ASSIGNMENT((#12023));
#12023 = SURFACE_STYLE_USAGE(.BOTH.,#12024);
#12024 = SURFACE_SIDE_STYLE('',(#12025));
#12025 = SURFACE_STYLE_FILL_AREA(#12026);
#12026 = FILL_AREA_STYLE('',(#12027));
#12027 = FILL_AREA_STYLE_COLOUR('',#11551);
#12028 = STYLED_ITEM('color',(#12029),#2699);
#12029 = PRESENTATION_STYLE_ASSIGNMENT((#12030));
#12030 = SURFACE_STYLE_USAGE(.BOTH.,#12031);
#12031 = SURFACE_SIDE_STYLE('',(#12032));
#12032 = SURFACE_STYLE_FILL_AREA(#12033);
#12033 = FILL_AREA_STYLE('',(#12034));
#12034 = FILL_AREA_STYLE_COLOUR('',#11551);
#12035 = STYLED_ITEM('color',(#12036),#2730);
#12036 = PRESENTATION_STYLE_ASSIGNMENT((#12037));
#12037 = SURFACE_STYLE_USAGE(.BOTH.,#12038);
#12038 = SURFACE_SIDE_STYLE('',(#12039));
#12039 = SURFACE_STYLE_FILL_AREA(#12040);
#12040 = FILL_AREA_STYLE('',(#12041));
#12041 = FILL_AREA_STYLE_COLOUR('',#11551);
#12042 = STYLED_ITEM('color',(#12043),#2754);
#12043 = PRESENTATION_STYLE_ASSIGNMENT((#12044));
#12044 = SURFACE_STYLE_USAGE(.BOTH.,#12045);
#12045 = SURFACE_SIDE_STYLE('',(#12046));
#12046 = SURFACE_STYLE_FILL_AREA(#12047);
#12047 = FILL_AREA_STYLE('',(#12048));
#12048 = FILL_AREA_STYLE_COLOUR('',#11551);
#12049 = STYLED_ITEM('color',(#12050),#2778);
#12050 = PRESENTATION_STYLE_ASSIGNMENT((#12051));
#12051 = SURFACE_STYLE_USAGE(.BOTH.,#12052);
#12052 = SURFACE_SIDE_STYLE('',(#12053));
#12053 = SURFACE_STYLE_FILL_AREA(#12054);
#12054 = FILL_AREA_STYLE('',(#12055));
#12055 = FILL_AREA_STYLE_COLOUR('',#11551);
#12056 = STYLED_ITEM('color',(#12057),#2795);
#12057 = PRESENTATION_STYLE_ASSIGNMENT((#12058));
#12058 = SURFACE_STYLE_USAGE(.BOTH.,#12059);
#12059 = SURFACE_SIDE_STYLE('',(#12060));
#12060 = SURFACE_STYLE_FILL_AREA(#12061);
#12061 = FILL_AREA_STYLE('',(#12062));
#12062 = FILL_AREA_STYLE_COLOUR('',#11480);
#12063 = STYLED_ITEM('color',(#12064),#2812);
#12064 = PRESENTATION_STYLE_ASSIGNMENT((#12065));
#12065 = SURFACE_STYLE_USAGE(.BOTH.,#12066);
#12066 = SURFACE_SIDE_STYLE('',(#12067));
#12067 = SURFACE_STYLE_FILL_AREA(#12068);
#12068 = FILL_AREA_STYLE('',(#12069));
#12069 = FILL_AREA_STYLE_COLOUR('',#11480);
#12070 = STYLED_ITEM('color',(#12071),#2824);
#12071 = PRESENTATION_STYLE_ASSIGNMENT((#12072));
#12072 = SURFACE_STYLE_USAGE(.BOTH.,#12073);
#12073 = SURFACE_SIDE_STYLE('',(#12074));
#12074 = SURFACE_STYLE_FILL_AREA(#12075);
#12075 = FILL_AREA_STYLE('',(#12076));
#12076 = FILL_AREA_STYLE_COLOUR('',#11551);
#12077 = STYLED_ITEM('color',(#12078),#2848);
#12078 = PRESENTATION_STYLE_ASSIGNMENT((#12079));
#12079 = SURFACE_STYLE_USAGE(.BOTH.,#12080);
#12080 = SURFACE_SIDE_STYLE('',(#12081));
#12081 = SURFACE_STYLE_FILL_AREA(#12082);
#12082 = FILL_AREA_STYLE('',(#12083));
#12083 = FILL_AREA_STYLE_COLOUR('',#12084);
#12084 = COLOUR_RGB('',0.372321987396,0.371574020205,0.373173001298);
#12085 = STYLED_ITEM('color',(#12086),#2872);
#12086 = PRESENTATION_STYLE_ASSIGNMENT((#12087));
#12087 = SURFACE_STYLE_USAGE(.BOTH.,#12088);
#12088 = SURFACE_SIDE_STYLE('',(#12089));
#12089 = SURFACE_STYLE_FILL_AREA(#12090);
#12090 = FILL_AREA_STYLE('',(#12091));
#12091 = FILL_AREA_STYLE_COLOUR('',#11551);
#12092 = STYLED_ITEM('color',(#12093),#2889);
#12093 = PRESENTATION_STYLE_ASSIGNMENT((#12094));
#12094 = SURFACE_STYLE_USAGE(.BOTH.,#12095);
#12095 = SURFACE_SIDE_STYLE('',(#12096));
#12096 = SURFACE_STYLE_FILL_AREA(#12097);
#12097 = FILL_AREA_STYLE('',(#12098));
#12098 = FILL_AREA_STYLE_COLOUR('',#11551);
#12099 = STYLED_ITEM('color',(#12100),#2913);
#12100 = PRESENTATION_STYLE_ASSIGNMENT((#12101));
#12101 = SURFACE_STYLE_USAGE(.BOTH.,#12102);
#12102 = SURFACE_SIDE_STYLE('',(#12103));
#12103 = SURFACE_STYLE_FILL_AREA(#12104);
#12104 = FILL_AREA_STYLE('',(#12105));
#12105 = FILL_AREA_STYLE_COLOUR('',#12084);
#12106 = STYLED_ITEM('color',(#12107),#2937);
#12107 = PRESENTATION_STYLE_ASSIGNMENT((#12108));
#12108 = SURFACE_STYLE_USAGE(.BOTH.,#12109);
#12109 = SURFACE_SIDE_STYLE('',(#12110));
#12110 = SURFACE_STYLE_FILL_AREA(#12111);
#12111 = FILL_AREA_STYLE('',(#12112));
#12112 = FILL_AREA_STYLE_COLOUR('',#11551);
#12113 = STYLED_ITEM('color',(#12114),#2954);
#12114 = PRESENTATION_STYLE_ASSIGNMENT((#12115));
#12115 = SURFACE_STYLE_USAGE(.BOTH.,#12116);
#12116 = SURFACE_SIDE_STYLE('',(#12117));
#12117 = SURFACE_STYLE_FILL_AREA(#12118);
#12118 = FILL_AREA_STYLE('',(#12119));
#12119 = FILL_AREA_STYLE_COLOUR('',#11551);
#12120 = STYLED_ITEM('color',(#12121),#2978);
#12121 = PRESENTATION_STYLE_ASSIGNMENT((#12122));
#12122 = SURFACE_STYLE_USAGE(.BOTH.,#12123);
#12123 = SURFACE_SIDE_STYLE('',(#12124));
#12124 = SURFACE_STYLE_FILL_AREA(#12125);
#12125 = FILL_AREA_STYLE('',(#12126));
#12126 = FILL_AREA_STYLE_COLOUR('',#12084);
#12127 = STYLED_ITEM('color',(#12128),#3002);
#12128 = PRESENTATION_STYLE_ASSIGNMENT((#12129));
#12129 = SURFACE_STYLE_USAGE(.BOTH.,#12130);
#12130 = SURFACE_SIDE_STYLE('',(#12131));
#12131 = SURFACE_STYLE_FILL_AREA(#12132);
#12132 = FILL_AREA_STYLE('',(#12133));
#12133 = FILL_AREA_STYLE_COLOUR('',#11551);
#12134 = STYLED_ITEM('color',(#12135),#3019);
#12135 = PRESENTATION_STYLE_ASSIGNMENT((#12136));
#12136 = SURFACE_STYLE_USAGE(.BOTH.,#12137);
#12137 = SURFACE_SIDE_STYLE('',(#12138));
#12138 = SURFACE_STYLE_FILL_AREA(#12139);
#12139 = FILL_AREA_STYLE('',(#12140));
#12140 = FILL_AREA_STYLE_COLOUR('',#11551);
#12141 = STYLED_ITEM('color',(#12142),#3044);
#12142 = PRESENTATION_STYLE_ASSIGNMENT((#12143));
#12143 = SURFACE_STYLE_USAGE(.BOTH.,#12144);
#12144 = SURFACE_SIDE_STYLE('',(#12145));
#12145 = SURFACE_STYLE_FILL_AREA(#12146);
#12146 = FILL_AREA_STYLE('',(#12147));
#12147 = FILL_AREA_STYLE_COLOUR('',#11551);
#12148 = STYLED_ITEM('color',(#12149),#3069);
#12149 = PRESENTATION_STYLE_ASSIGNMENT((#12150));
#12150 = SURFACE_STYLE_USAGE(.BOTH.,#12151);
#12151 = SURFACE_SIDE_STYLE('',(#12152));
#12152 = SURFACE_STYLE_FILL_AREA(#12153);
#12153 = FILL_AREA_STYLE('',(#12154));
#12154 = FILL_AREA_STYLE_COLOUR('',#11551);
#12155 = STYLED_ITEM('color',(#12156),#3094);
#12156 = PRESENTATION_STYLE_ASSIGNMENT((#12157));
#12157 = SURFACE_STYLE_USAGE(.BOTH.,#12158);
#12158 = SURFACE_SIDE_STYLE('',(#12159));
#12159 = SURFACE_STYLE_FILL_AREA(#12160);
#12160 = FILL_AREA_STYLE('',(#12161));
#12161 = FILL_AREA_STYLE_COLOUR('',#11551);
#12162 = STYLED_ITEM('color',(#12163),#3111);
#12163 = PRESENTATION_STYLE_ASSIGNMENT((#12164));
#12164 = SURFACE_STYLE_USAGE(.BOTH.,#12165);
#12165 = SURFACE_SIDE_STYLE('',(#12166));
#12166 = SURFACE_STYLE_FILL_AREA(#12167);
#12167 = FILL_AREA_STYLE('',(#12168));
#12168 = FILL_AREA_STYLE_COLOUR('',#11551);
#12169 = STYLED_ITEM('color',(#12170),#3123);
#12170 = PRESENTATION_STYLE_ASSIGNMENT((#12171));
#12171 = SURFACE_STYLE_USAGE(.BOTH.,#12172);
#12172 = SURFACE_SIDE_STYLE('',(#12173));
#12173 = SURFACE_STYLE_FILL_AREA(#12174);
#12174 = FILL_AREA_STYLE('',(#12175));
#12175 = FILL_AREA_STYLE_COLOUR('',#11551);
#12176 = STYLED_ITEM('color',(#12177),#3135);
#12177 = PRESENTATION_STYLE_ASSIGNMENT((#12178));
#12178 = SURFACE_STYLE_USAGE(.BOTH.,#12179);
#12179 = SURFACE_SIDE_STYLE('',(#12180));
#12180 = SURFACE_STYLE_FILL_AREA(#12181);
#12181 = FILL_AREA_STYLE('',(#12182));
#12182 = FILL_AREA_STYLE_COLOUR('',#11551);
#12183 = STYLED_ITEM('color',(#12184),#3147);
#12184 = PRESENTATION_STYLE_ASSIGNMENT((#12185));
#12185 = SURFACE_STYLE_USAGE(.BOTH.,#12186);
#12186 = SURFACE_SIDE_STYLE('',(#12187));
#12187 = SURFACE_STYLE_FILL_AREA(#12188);
#12188 = FILL_AREA_STYLE('',(#12189));
#12189 = FILL_AREA_STYLE_COLOUR('',#11480);
#12190 = STYLED_ITEM('color',(#12191),#3159);
#12191 = PRESENTATION_STYLE_ASSIGNMENT((#12192));
#12192 = SURFACE_STYLE_USAGE(.BOTH.,#12193);
#12193 = SURFACE_SIDE_STYLE('',(#12194));
#12194 = SURFACE_STYLE_FILL_AREA(#12195);
#12195 = FILL_AREA_STYLE('',(#12196));
#12196 = FILL_AREA_STYLE_COLOUR('',#11480);
#12197 = STYLED_ITEM('color',(#12198),#3171);
#12198 = PRESENTATION_STYLE_ASSIGNMENT((#12199));
#12199 = SURFACE_STYLE_USAGE(.BOTH.,#12200);
#12200 = SURFACE_SIDE_STYLE('',(#12201));
#12201 = SURFACE_STYLE_FILL_AREA(#12202);
#12202 = FILL_AREA_STYLE('',(#12203));
#12203 = FILL_AREA_STYLE_COLOUR('',#11551);
#12204 = STYLED_ITEM('color',(#12205),#3195);
#12205 = PRESENTATION_STYLE_ASSIGNMENT((#12206));
#12206 = SURFACE_STYLE_USAGE(.BOTH.,#12207);
#12207 = SURFACE_SIDE_STYLE('',(#12208));
#12208 = SURFACE_STYLE_FILL_AREA(#12209);
#12209 = FILL_AREA_STYLE('',(#12210));
#12210 = FILL_AREA_STYLE_COLOUR('',#11551);
#12211 = STYLED_ITEM('color',(#12212),#3219);
#12212 = PRESENTATION_STYLE_ASSIGNMENT((#12213));
#12213 = SURFACE_STYLE_USAGE(.BOTH.,#12214);
#12214 = SURFACE_SIDE_STYLE('',(#12215));
#12215 = SURFACE_STYLE_FILL_AREA(#12216);
#12216 = FILL_AREA_STYLE('',(#12217));
#12217 = FILL_AREA_STYLE_COLOUR('',#11551);
#12218 = STYLED_ITEM('color',(#12219),#3252);
#12219 = PRESENTATION_STYLE_ASSIGNMENT((#12220));
#12220 = SURFACE_STYLE_USAGE(.BOTH.,#12221);
#12221 = SURFACE_SIDE_STYLE('',(#12222));
#12222 = SURFACE_STYLE_FILL_AREA(#12223);
#12223 = FILL_AREA_STYLE('',(#12224));
#12224 = FILL_AREA_STYLE_COLOUR('',#11551);
#12225 = STYLED_ITEM('color',(#12226),#3285);
#12226 = PRESENTATION_STYLE_ASSIGNMENT((#12227));
#12227 = SURFACE_STYLE_USAGE(.BOTH.,#12228);
#12228 = SURFACE_SIDE_STYLE('',(#12229));
#12229 = SURFACE_STYLE_FILL_AREA(#12230);
#12230 = FILL_AREA_STYLE('',(#12231));
#12231 = FILL_AREA_STYLE_COLOUR('',#11551);
#12232 = STYLED_ITEM('color',(#12233),#3318);
#12233 = PRESENTATION_STYLE_ASSIGNMENT((#12234));
#12234 = SURFACE_STYLE_USAGE(.BOTH.,#12235);
#12235 = SURFACE_SIDE_STYLE('',(#12236));
#12236 = SURFACE_STYLE_FILL_AREA(#12237);
#12237 = FILL_AREA_STYLE('',(#12238));
#12238 = FILL_AREA_STYLE_COLOUR('',#11551);
#12239 = STYLED_ITEM('color',(#12240),#3351);
#12240 = PRESENTATION_STYLE_ASSIGNMENT((#12241));
#12241 = SURFACE_STYLE_USAGE(.BOTH.,#12242);
#12242 = SURFACE_SIDE_STYLE('',(#12243));
#12243 = SURFACE_STYLE_FILL_AREA(#12244);
#12244 = FILL_AREA_STYLE('',(#12245));
#12245 = FILL_AREA_STYLE_COLOUR('',#11551);
#12246 = STYLED_ITEM('color',(#12247),#3404);
#12247 = PRESENTATION_STYLE_ASSIGNMENT((#12248));
#12248 = SURFACE_STYLE_USAGE(.BOTH.,#12249);
#12249 = SURFACE_SIDE_STYLE('',(#12250));
#12250 = SURFACE_STYLE_FILL_AREA(#12251);
#12251 = FILL_AREA_STYLE('',(#12252));
#12252 = FILL_AREA_STYLE_COLOUR('',#11551);
#12253 = STYLED_ITEM('color',(#12254),#3457);
#12254 = PRESENTATION_STYLE_ASSIGNMENT((#12255));
#12255 = SURFACE_STYLE_USAGE(.BOTH.,#12256);
#12256 = SURFACE_SIDE_STYLE('',(#12257));
#12257 = SURFACE_STYLE_FILL_AREA(#12258);
#12258 = FILL_AREA_STYLE('',(#12259));
#12259 = FILL_AREA_STYLE_COLOUR('',#11551);
#12260 = STYLED_ITEM('color',(#12261),#3510);
#12261 = PRESENTATION_STYLE_ASSIGNMENT((#12262));
#12262 = SURFACE_STYLE_USAGE(.BOTH.,#12263);
#12263 = SURFACE_SIDE_STYLE('',(#12264));
#12264 = SURFACE_STYLE_FILL_AREA(#12265);
#12265 = FILL_AREA_STYLE('',(#12266));
#12266 = FILL_AREA_STYLE_COLOUR('',#12084);
#12267 = STYLED_ITEM('color',(#12268),#3541);
#12268 = PRESENTATION_STYLE_ASSIGNMENT((#12269));
#12269 = SURFACE_STYLE_USAGE(.BOTH.,#12270);
#12270 = SURFACE_SIDE_STYLE('',(#12271));
#12271 = SURFACE_STYLE_FILL_AREA(#12272);
#12272 = FILL_AREA_STYLE('',(#12273));
#12273 = FILL_AREA_STYLE_COLOUR('',#12084);
#12274 = STYLED_ITEM('color',(#12275),#3572);
#12275 = PRESENTATION_STYLE_ASSIGNMENT((#12276));
#12276 = SURFACE_STYLE_USAGE(.BOTH.,#12277);
#12277 = SURFACE_SIDE_STYLE('',(#12278));
#12278 = SURFACE_STYLE_FILL_AREA(#12279);
#12279 = FILL_AREA_STYLE('',(#12280));
#12280 = FILL_AREA_STYLE_COLOUR('',#12084);
#12281 = STYLED_ITEM('color',(#12282),#3603);
#12282 = PRESENTATION_STYLE_ASSIGNMENT((#12283));
#12283 = SURFACE_STYLE_USAGE(.BOTH.,#12284);
#12284 = SURFACE_SIDE_STYLE('',(#12285));
#12285 = SURFACE_STYLE_FILL_AREA(#12286);
#12286 = FILL_AREA_STYLE('',(#12287));
#12287 = FILL_AREA_STYLE_COLOUR('',#11551);
#12288 = STYLED_ITEM('color',(#12289),#3612);
#12289 = PRESENTATION_STYLE_ASSIGNMENT((#12290));
#12290 = SURFACE_STYLE_USAGE(.BOTH.,#12291);
#12291 = SURFACE_SIDE_STYLE('',(#12292));
#12292 = SURFACE_STYLE_FILL_AREA(#12293);
#12293 = FILL_AREA_STYLE('',(#12294));
#12294 = FILL_AREA_STYLE_COLOUR('',#11551);
#12295 = STYLED_ITEM('color',(#12296),#3621);
#12296 = PRESENTATION_STYLE_ASSIGNMENT((#12297));
#12297 = SURFACE_STYLE_USAGE(.BOTH.,#12298);
#12298 = SURFACE_SIDE_STYLE('',(#12299));
#12299 = SURFACE_STYLE_FILL_AREA(#12300);
#12300 = FILL_AREA_STYLE('',(#12301));
#12301 = FILL_AREA_STYLE_COLOUR('',#11551);
#12302 = STYLED_ITEM('color',(#12303),#3638);
#12303 = PRESENTATION_STYLE_ASSIGNMENT((#12304));
#12304 = SURFACE_STYLE_USAGE(.BOTH.,#12305);
#12305 = SURFACE_SIDE_STYLE('',(#12306));
#12306 = SURFACE_STYLE_FILL_AREA(#12307);
#12307 = FILL_AREA_STYLE('',(#12308));
#12308 = FILL_AREA_STYLE_COLOUR('',#11551);
#12309 = STYLED_ITEM('color',(#12310),#3655);
#12310 = PRESENTATION_STYLE_ASSIGNMENT((#12311));
#12311 = SURFACE_STYLE_USAGE(.BOTH.,#12312);
#12312 = SURFACE_SIDE_STYLE('',(#12313));
#12313 = SURFACE_STYLE_FILL_AREA(#12314);
#12314 = FILL_AREA_STYLE('',(#12315));
#12315 = FILL_AREA_STYLE_COLOUR('',#11551);
#12316 = STYLED_ITEM('color',(#12317),#3667);
#12317 = PRESENTATION_STYLE_ASSIGNMENT((#12318));
#12318 = SURFACE_STYLE_USAGE(.BOTH.,#12319);
#12319 = SURFACE_SIDE_STYLE('',(#12320));
#12320 = SURFACE_STYLE_FILL_AREA(#12321);
#12321 = FILL_AREA_STYLE('',(#12322));
#12322 = FILL_AREA_STYLE_COLOUR('',#12084);
#12323 = STYLED_ITEM('color',(#12324),#3691);
#12324 = PRESENTATION_STYLE_ASSIGNMENT((#12325));
#12325 = SURFACE_STYLE_USAGE(.BOTH.,#12326);
#12326 = SURFACE_SIDE_STYLE('',(#12327));
#12327 = SURFACE_STYLE_FILL_AREA(#12328);
#12328 = FILL_AREA_STYLE('',(#12329));
#12329 = FILL_AREA_STYLE_COLOUR('',#12084);
#12330 = STYLED_ITEM('color',(#12331),#3716);
#12331 = PRESENTATION_STYLE_ASSIGNMENT((#12332));
#12332 = SURFACE_STYLE_USAGE(.BOTH.,#12333);
#12333 = SURFACE_SIDE_STYLE('',(#12334));
#12334 = SURFACE_STYLE_FILL_AREA(#12335);
#12335 = FILL_AREA_STYLE('',(#12336));
#12336 = FILL_AREA_STYLE_COLOUR('',#12084);
#12337 = STYLED_ITEM('color',(#12338),#3740);
#12338 = PRESENTATION_STYLE_ASSIGNMENT((#12339));
#12339 = SURFACE_STYLE_USAGE(.BOTH.,#12340);
#12340 = SURFACE_SIDE_STYLE('',(#12341));
#12341 = SURFACE_STYLE_FILL_AREA(#12342);
#12342 = FILL_AREA_STYLE('',(#12343));
#12343 = FILL_AREA_STYLE_COLOUR('',#12084);
#12344 = STYLED_ITEM('color',(#12345),#3765);
#12345 = PRESENTATION_STYLE_ASSIGNMENT((#12346));
#12346 = SURFACE_STYLE_USAGE(.BOTH.,#12347);
#12347 = SURFACE_SIDE_STYLE('',(#12348));
#12348 = SURFACE_STYLE_FILL_AREA(#12349);
#12349 = FILL_AREA_STYLE('',(#12350));
#12350 = FILL_AREA_STYLE_COLOUR('',#12084);
#12351 = STYLED_ITEM('color',(#12352),#3782);
#12352 = PRESENTATION_STYLE_ASSIGNMENT((#12353));
#12353 = SURFACE_STYLE_USAGE(.BOTH.,#12354);
#12354 = SURFACE_SIDE_STYLE('',(#12355));
#12355 = SURFACE_STYLE_FILL_AREA(#12356);
#12356 = FILL_AREA_STYLE('',(#12357));
#12357 = FILL_AREA_STYLE_COLOUR('',#12084);
#12358 = STYLED_ITEM('color',(#12359),#3806);
#12359 = PRESENTATION_STYLE_ASSIGNMENT((#12360));
#12360 = SURFACE_STYLE_USAGE(.BOTH.,#12361);
#12361 = SURFACE_SIDE_STYLE('',(#12362));
#12362 = SURFACE_STYLE_FILL_AREA(#12363);
#12363 = FILL_AREA_STYLE('',(#12364));
#12364 = FILL_AREA_STYLE_COLOUR('',#12084);
#12365 = STYLED_ITEM('color',(#12366),#3831);
#12366 = PRESENTATION_STYLE_ASSIGNMENT((#12367));
#12367 = SURFACE_STYLE_USAGE(.BOTH.,#12368);
#12368 = SURFACE_SIDE_STYLE('',(#12369));
#12369 = SURFACE_STYLE_FILL_AREA(#12370);
#12370 = FILL_AREA_STYLE('',(#12371));
#12371 = FILL_AREA_STYLE_COLOUR('',#12084);
#12372 = STYLED_ITEM('color',(#12373),#3855);
#12373 = PRESENTATION_STYLE_ASSIGNMENT((#12374));
#12374 = SURFACE_STYLE_USAGE(.BOTH.,#12375);
#12375 = SURFACE_SIDE_STYLE('',(#12376));
#12376 = SURFACE_STYLE_FILL_AREA(#12377);
#12377 = FILL_AREA_STYLE('',(#12378));
#12378 = FILL_AREA_STYLE_COLOUR('',#12084);
#12379 = STYLED_ITEM('color',(#12380),#3880);
#12380 = PRESENTATION_STYLE_ASSIGNMENT((#12381));
#12381 = SURFACE_STYLE_USAGE(.BOTH.,#12382);
#12382 = SURFACE_SIDE_STYLE('',(#12383));
#12383 = SURFACE_STYLE_FILL_AREA(#12384);
#12384 = FILL_AREA_STYLE('',(#12385));
#12385 = FILL_AREA_STYLE_COLOUR('',#12084);
#12386 = STYLED_ITEM('color',(#12387),#3897);
#12387 = PRESENTATION_STYLE_ASSIGNMENT((#12388));
#12388 = SURFACE_STYLE_USAGE(.BOTH.,#12389);
#12389 = SURFACE_SIDE_STYLE('',(#12390));
#12390 = SURFACE_STYLE_FILL_AREA(#12391);
#12391 = FILL_AREA_STYLE('',(#12392));
#12392 = FILL_AREA_STYLE_COLOUR('',#12084);
#12393 = STYLED_ITEM('color',(#12394),#3921);
#12394 = PRESENTATION_STYLE_ASSIGNMENT((#12395));
#12395 = SURFACE_STYLE_USAGE(.BOTH.,#12396);
#12396 = SURFACE_SIDE_STYLE('',(#12397));
#12397 = SURFACE_STYLE_FILL_AREA(#12398);
#12398 = FILL_AREA_STYLE('',(#12399));
#12399 = FILL_AREA_STYLE_COLOUR('',#12084);
#12400 = STYLED_ITEM('color',(#12401),#3946);
#12401 = PRESENTATION_STYLE_ASSIGNMENT((#12402));
#12402 = SURFACE_STYLE_USAGE(.BOTH.,#12403);
#12403 = SURFACE_SIDE_STYLE('',(#12404));
#12404 = SURFACE_STYLE_FILL_AREA(#12405);
#12405 = FILL_AREA_STYLE('',(#12406));
#12406 = FILL_AREA_STYLE_COLOUR('',#12084);
#12407 = STYLED_ITEM('color',(#12408),#3970);
#12408 = PRESENTATION_STYLE_ASSIGNMENT((#12409));
#12409 = SURFACE_STYLE_USAGE(.BOTH.,#12410);
#12410 = SURFACE_SIDE_STYLE('',(#12411));
#12411 = SURFACE_STYLE_FILL_AREA(#12412);
#12412 = FILL_AREA_STYLE('',(#12413));
#12413 = FILL_AREA_STYLE_COLOUR('',#12084);
#12414 = STYLED_ITEM('color',(#12415),#3995);
#12415 = PRESENTATION_STYLE_ASSIGNMENT((#12416));
#12416 = SURFACE_STYLE_USAGE(.BOTH.,#12417);
#12417 = SURFACE_SIDE_STYLE('',(#12418));
#12418 = SURFACE_STYLE_FILL_AREA(#12419);
#12419 = FILL_AREA_STYLE('',(#12420));
#12420 = FILL_AREA_STYLE_COLOUR('',#12084);
#12421 = STYLED_ITEM('color',(#12422),#4012);
#12422 = PRESENTATION_STYLE_ASSIGNMENT((#12423));
#12423 = SURFACE_STYLE_USAGE(.BOTH.,#12424);
#12424 = SURFACE_SIDE_STYLE('',(#12425));
#12425 = SURFACE_STYLE_FILL_AREA(#12426);
#12426 = FILL_AREA_STYLE('',(#12427));
#12427 = FILL_AREA_STYLE_COLOUR('',#12084);
#12428 = STYLED_ITEM('color',(#12429),#4029);
#12429 = PRESENTATION_STYLE_ASSIGNMENT((#12430));
#12430 = SURFACE_STYLE_USAGE(.BOTH.,#12431);
#12431 = SURFACE_SIDE_STYLE('',(#12432));
#12432 = SURFACE_STYLE_FILL_AREA(#12433);
#12433 = FILL_AREA_STYLE('',(#12434));
#12434 = FILL_AREA_STYLE_COLOUR('',#12084);
#12435 = STYLED_ITEM('color',(#12436),#4046);
#12436 = PRESENTATION_STYLE_ASSIGNMENT((#12437));
#12437 = SURFACE_STYLE_USAGE(.BOTH.,#12438);
#12438 = SURFACE_SIDE_STYLE('',(#12439));
#12439 = SURFACE_STYLE_FILL_AREA(#12440);
#12440 = FILL_AREA_STYLE('',(#12441));
#12441 = FILL_AREA_STYLE_COLOUR('',#12084);
#12442 = STYLED_ITEM('color',(#12443),#4063);
#12443 = PRESENTATION_STYLE_ASSIGNMENT((#12444));
#12444 = SURFACE_STYLE_USAGE(.BOTH.,#12445);
#12445 = SURFACE_SIDE_STYLE('',(#12446));
#12446 = SURFACE_STYLE_FILL_AREA(#12447);
#12447 = FILL_AREA_STYLE('',(#12448));
#12448 = FILL_AREA_STYLE_COLOUR('',#12084);
#12449 = STYLED_ITEM('color',(#12450),#4075);
#12450 = PRESENTATION_STYLE_ASSIGNMENT((#12451));
#12451 = SURFACE_STYLE_USAGE(.BOTH.,#12452);
#12452 = SURFACE_SIDE_STYLE('',(#12453));
#12453 = SURFACE_STYLE_FILL_AREA(#12454);
#12454 = FILL_AREA_STYLE('',(#12455));
#12455 = FILL_AREA_STYLE_COLOUR('',#12084);
#12456 = STYLED_ITEM('color',(#12457),#4087);
#12457 = PRESENTATION_STYLE_ASSIGNMENT((#12458));
#12458 = SURFACE_STYLE_USAGE(.BOTH.,#12459);
#12459 = SURFACE_SIDE_STYLE('',(#12460));
#12460 = SURFACE_STYLE_FILL_AREA(#12461);
#12461 = FILL_AREA_STYLE('',(#12462));
#12462 = FILL_AREA_STYLE_COLOUR('',#12084);
#12463 = MECHANICAL_DESIGN_GEOMETRIC_PRESENTATION_REPRESENTATION('',(
    #12464),#11452);
#12464 = STYLED_ITEM('color',(#12465),#7797);
#12465 = PRESENTATION_STYLE_ASSIGNMENT((#12466));
#12466 = SURFACE_STYLE_USAGE(.BOTH.,#12467);
#12467 = SURFACE_SIDE_STYLE('',(#12468));
#12468 = SURFACE_STYLE_FILL_AREA(#12469);
#12469 = FILL_AREA_STYLE('',(#12470));
#12470 = FILL_AREA_STYLE_COLOUR('',#11471);
ENDSEC;
END-ISO-10303-21;
