ISO-10303-21;
HEADER;
FILE_DESCRIPTION(('FreeCAD Model'),'2;1');
FILE_NAME('Open CASCADE Shape Model','2025-03-14T00:00:47',(''),(''),
  'Open CASCADE STEP processor 7.8','FreeCAD','Unknown');
FILE_SCHEMA(('AUTOMOTIVE_DESIGN { 1 0 10303 214 1 1 1 1 }'));
ENDSEC;
DATA;
#1 = APPLICATION_PROTOCOL_DEFINITION('international standard',
  'automotive_design',2000,#2);
#2 = APPLICATION_CONTEXT(
  'core data for automotive mechanical design processes');
#3 = SHAPE_DEFINITION_REPRESENTATION(#4,#10);
#4 = PRODUCT_DEFINITION_SHAPE('','',#5);
#5 = PRODUCT_DEFINITION('design','',#6,#9);
#6 = PRODUCT_DEFINITION_FORMATION('','',#7);
#7 = PRODUCT('Body','Body','',(#8));
#8 = PRODUCT_CONTEXT('',#2,'mechanical');
#9 = PRODUCT_DEFINITION_CONTEXT('part definition',#2,'design');
#10 = ADVANCED_BREP_SHAPE_REPRESENTATION('',(#11,#15),#17710);
#11 = AXIS2_PLACEMENT_3D('',#12,#13,#14);
#12 = CARTESIAN_POINT('',(0.,0.,0.));
#13 = DIRECTION('',(0.,0.,1.));
#14 = DIRECTION('',(1.,0.,-0.));
#15 = BREP_WITH_VOIDS('',#16,(#17443,#17593));
#16 = CLOSED_SHELL('',(#17,#57,#90,#123,#504,#529,#553,#579,#605,#656,
    #680,#705,#729,#747,#780,#805,#830,#847,#948,#1013,#1099,#1123,#1148
    ,#1242,#1274,#1298,#1377,#1408,#1539,#1563,#1687,#1718,#1849,#1873,
    #1997,#2028,#2143,#2167,#2275,#2306,#2421,#2445,#2553,#2586,#2611,
    #2636,#2653,#2686,#2711,#2736,#2753,#2771,#2789,#2807,#2825,#2837,
    #2849,#2881,#2905,#2943,#2960,#2972,#2997,#3014,#3032,#3050,#3068,
    #3085,#3102,#3119,#3136,#3148,#3172,#3197,#3221,#3239,#3257,#3274,
    #3291,#3308,#3325,#3337,#3408,#3425,#3442,#3459,#3476,#3493,#3510,
    #3537,#3563,#3574,#3902,#3927,#4247,#4264,#4275,#4346,#4674,#4699,
    #5019,#5036,#5053,#5070,#5087,#5104,#5121,#5148,#5174,#5185,#5202,
    #5213,#5230,#5265,#5282,#5299,#5316,#5333,#5350,#5367,#5379,#5396,
    #5413,#5448,#5465,#5482,#5499,#5516,#5533,#5550,#5562,#5579,#5591,
    #5603,#5617,#5664,#5689,#5728,#5745,#5762,#5779,#5796,#5808,#5820,
    #5837,#5854,#5871,#5888,#5907,#5924,#5941,#5958,#5975,#5992,#6009,
    #6026,#6043,#6060,#6072,#6089,#6106,#6123,#6140,#6152,#6470,#6484,
    #6524,#6549,#6581,#6598,#6615,#6632,#6649,#6661,#6673,#6690,#6707,
    #6724,#6741,#6760,#6777,#6794,#6811,#6828,#6845,#6862,#6879,#6896,
    #6913,#6925,#6942,#6959,#6976,#6993,#7005,#7040,#7482,#7501,#7518,
    #7535,#7552,#7569,#7586,#7603,#7620,#7634,#7651,#7668,#7685,#7699,
    #7860,#7884,#7923,#7940,#7957,#7974,#7991,#8008,#8039,#8071,#8095,
    #8246,#8263,#8280,#8297,#8314,#8326,#8350,#8505,#8529,#8585,#8609,
    #8753,#8770,#8811,#8851,#8875,#8899,#8938,#8970,#9002,#9026,#9066,
    #9090,#9123,#9157,#9191,#9223,#9254,#9308,#9332,#9374,#9391,#9517,
    #9583,#9631,#9656,#9916,#9940,#9964,#9989,#10013,#10046,#10058,
    #10097,#10153,#10200,#10233,#10250,#10267,#10316,#10340,#10357,
    #10374,#10405,#10454,#10471,#10488,#10519,#10551,#10591,#10615,
    #10640,#10664,#10681,#10712,#10755,#10812,#10829,#10841,#10858,
    #10870,#10895,#10920,#10983,#11030,#11062,#11086,#11128,#11159,
    #11183,#11200,#11224,#11316,#11328,#11368,#11400,#11465,#11482,
    #11515,#11563,#11582,#11614,#11632,#11664,#11682,#11768,#11793,
    #11826,#11843,#11868,#11892,#11910,#11922,#11944,#11956,#11990,
    #12014,#12041,#12063,#12080,#12092,#12108,#12125,#12142,#12155,
    #12166,#12183,#12200,#12224,#12248,#12340,#12364,#12454,#12478,
    #12558,#12575,#12592,#12605,#12692,#12716,#12806,#12830,#12922,
    #12946,#12968,#12985,#12997,#13041,#13052,#13086,#13214,#13239,
    #13359,#13376,#13388,#13405,#13438,#13470,#13487,#13546,#13570,
    #13595,#13674,#13690,#13729,#13745,#13756,#13884,#13908,#14029,
    #14041,#14058,#14092,#14158,#14183,#14200,#14255,#14312,#14336,
    #14353,#14370,#14382,#14422,#14446,#14500,#14517,#14531,#14541,
    #14551,#14583,#14594,#14633,#14685,#14702,#14714,#14745,#14769,
    #14793,#14810,#14833,#14850,#14862,#14894,#14918,#14948,#14966,
    #14983,#14995,#15026,#15050,#15074,#15091,#15114,#15131,#15143,
    #15174,#15198,#15222,#15239,#15270,#15300,#15318,#15335,#15347,
    #15372,#15403,#15427,#15451,#15468,#15508,#15540,#15574,#15616,
    #15646,#15658,#15680,#15697,#15714,#15731,#15748,#15765,#15782,
    #15794,#15806,#15838,#15849,#15860,#15892,#15917,#15961,#16001,
    #16013,#16054,#16071,#16093,#16110,#16127,#16144,#16161,#16178,
    #16195,#16207,#16234,#16252,#16263,#16280,#16304,#16322,#16334,
    #16347,#16373,#16406,#16439,#16551,#16577,#16589,#16601,#16613,
    #16625,#16637,#16649,#16665,#16698,#16731,#16764,#16869,#16974,
    #16991,#17013,#17030,#17047,#17064,#17081,#17098,#17115,#17127,
    #17144,#17156,#17261,#17278,#17295,#17317,#17334,#17351,#17368,
    #17385,#17402,#17419,#17431));
#17 = ADVANCED_FACE('',(#18),#52,.T.);
#18 = FACE_BOUND('',#19,.T.);
#19 = EDGE_LOOP('',(#20,#30,#38,#46));
#20 = ORIENTED_EDGE('',*,*,#21,.F.);
#21 = EDGE_CURVE('',#22,#24,#26,.T.);
#22 = VERTEX_POINT('',#23);
#23 = CARTESIAN_POINT('',(-3.240309100808,-0.729655025829,
    13.768880879132));
#24 = VERTEX_POINT('',#25);
#25 = CARTESIAN_POINT('',(-3.240309100809,-0.729655025829,12.16888087913
    ));
#26 = LINE('',#27,#28);
#27 = CARTESIAN_POINT('',(-3.240309100807,-0.729655025829,
    14.268880879132));
#28 = VECTOR('',#29,1.);
#29 = DIRECTION('',(-9.30499770627E-13,-0.,-1.));
#30 = ORIENTED_EDGE('',*,*,#31,.F.);
#31 = EDGE_CURVE('',#32,#22,#34,.T.);
#32 = VERTEX_POINT('',#33);
#33 = CARTESIAN_POINT('',(-3.240309100808,13.270344974171,
    13.768880879132));
#34 = LINE('',#35,#36);
#35 = CARTESIAN_POINT('',(-3.240309100808,13.270344974171,
    13.768880879132));
#36 = VECTOR('',#37,1.);
#37 = DIRECTION('',(0.,-1.,0.));
#38 = ORIENTED_EDGE('',*,*,#39,.T.);
#39 = EDGE_CURVE('',#32,#40,#42,.T.);
#40 = VERTEX_POINT('',#41);
#41 = CARTESIAN_POINT('',(-3.240309100809,13.270344974171,12.16888087913
    ));
#42 = LINE('',#43,#44);
#43 = CARTESIAN_POINT('',(-3.240309100807,13.270344974171,
    14.268880879132));
#44 = VECTOR('',#45,1.);
#45 = DIRECTION('',(-9.30499770627E-13,-0.,-1.));
#46 = ORIENTED_EDGE('',*,*,#47,.F.);
#47 = EDGE_CURVE('',#24,#40,#48,.T.);
#48 = LINE('',#49,#50);
#49 = CARTESIAN_POINT('',(-3.240309100809,6.018614700475,12.16888087913)
  );
#50 = VECTOR('',#51,1.);
#51 = DIRECTION('',(-2.066124541248E-28,1.,-2.22044605111E-16));
#52 = PLANE('',#53);
#53 = AXIS2_PLACEMENT_3D('',#54,#55,#56);
#54 = CARTESIAN_POINT('',(-3.240309100807,13.270344974171,
    14.268880879132));
#55 = DIRECTION('',(-1.,0.,9.30499770627E-13));
#56 = DIRECTION('',(0.,-1.,0.));
#57 = ADVANCED_FACE('',(#58),#85,.T.);
#58 = FACE_BOUND('',#59,.T.);
#59 = EDGE_LOOP('',(#60,#70,#77,#78));
#60 = ORIENTED_EDGE('',*,*,#61,.F.);
#61 = EDGE_CURVE('',#62,#64,#66,.T.);
#62 = VERTEX_POINT('',#63);
#63 = CARTESIAN_POINT('',(-2.240309100808,-1.729655025829,
    13.768880879131));
#64 = VERTEX_POINT('',#65);
#65 = CARTESIAN_POINT('',(-2.240309100809,-1.729655025829,12.16888087913
    ));
#66 = LINE('',#67,#68);
#67 = CARTESIAN_POINT('',(-2.240309100807,-1.729655025829,
    14.268880879131));
#68 = VECTOR('',#69,1.);
#69 = DIRECTION('',(-9.30499770627E-13,-0.,-1.));
#70 = ORIENTED_EDGE('',*,*,#71,.F.);
#71 = EDGE_CURVE('',#22,#62,#72,.T.);
#72 = CIRCLE('',#73,1.);
#73 = AXIS2_PLACEMENT_3D('',#74,#75,#76);
#74 = CARTESIAN_POINT('',(-2.240309100808,-0.729655025829,
    13.768880879131));
#75 = DIRECTION('',(9.305106424129E-13,1.036165872331E-45,1.));
#76 = DIRECTION('',(-1.,-2.22044604925E-16,9.305106424129E-13));
#77 = ORIENTED_EDGE('',*,*,#21,.T.);
#78 = ORIENTED_EDGE('',*,*,#79,.T.);
#79 = EDGE_CURVE('',#24,#64,#80,.T.);
#80 = CIRCLE('',#81,1.);
#81 = AXIS2_PLACEMENT_3D('',#82,#83,#84);
#82 = CARTESIAN_POINT('',(-2.240309100809,-0.729655025829,12.16888087913
    ));
#83 = DIRECTION('',(9.30499770627E-13,-0.,1.));
#84 = DIRECTION('',(1.,0.,-9.30499770627E-13));
#85 = CYLINDRICAL_SURFACE('',#86,1.);
#86 = AXIS2_PLACEMENT_3D('',#87,#88,#89);
#87 = CARTESIAN_POINT('',(-2.240309100807,-0.729655025829,
    14.268880879131));
#88 = DIRECTION('',(9.30499770627E-13,0.,1.));
#89 = DIRECTION('',(1.,0.,-9.30499770627E-13));
#90 = ADVANCED_FACE('',(#91),#118,.T.);
#91 = FACE_BOUND('',#92,.F.);
#92 = EDGE_LOOP('',(#93,#102,#110,#117));
#93 = ORIENTED_EDGE('',*,*,#94,.T.);
#94 = EDGE_CURVE('',#32,#95,#97,.T.);
#95 = VERTEX_POINT('',#96);
#96 = CARTESIAN_POINT('',(-2.740309100807,13.270344974171,
    14.268880879132));
#97 = CIRCLE('',#98,0.5);
#98 = AXIS2_PLACEMENT_3D('',#99,#100,#101);
#99 = CARTESIAN_POINT('',(-2.740309100808,13.270344974171,
    13.768880879132));
#100 = DIRECTION('',(2.114030563936E-16,1.,-1.967127938129E-28));
#101 = DIRECTION('',(-1.,2.114030563936E-16,9.305106424129E-13));
#102 = ORIENTED_EDGE('',*,*,#103,.T.);
#103 = EDGE_CURVE('',#95,#104,#106,.T.);
#104 = VERTEX_POINT('',#105);
#105 = CARTESIAN_POINT('',(-2.740309100807,-0.729655025829,
    14.268880879132));
#106 = LINE('',#107,#108);
#107 = CARTESIAN_POINT('',(-2.740309100807,13.270344974171,
    14.268880879132));
#108 = VECTOR('',#109,1.);
#109 = DIRECTION('',(0.,-1.,0.));
#110 = ORIENTED_EDGE('',*,*,#111,.F.);
#111 = EDGE_CURVE('',#22,#104,#112,.T.);
#112 = CIRCLE('',#113,0.5);
#113 = AXIS2_PLACEMENT_3D('',#114,#115,#116);
#114 = CARTESIAN_POINT('',(-2.740309100808,-0.729655025829,
    13.768880879132));
#115 = DIRECTION('',(0.,1.,-0.));
#116 = DIRECTION('',(-1.,0.,9.30499770627E-13));
#117 = ORIENTED_EDGE('',*,*,#31,.F.);
#118 = CYLINDRICAL_SURFACE('',#119,0.5);
#119 = AXIS2_PLACEMENT_3D('',#120,#121,#122);
#120 = CARTESIAN_POINT('',(-2.740309100808,13.270344974171,
    13.768880879132));
#121 = DIRECTION('',(0.,-1.,0.));
#122 = DIRECTION('',(-1.,0.,9.30499770627E-13));
#123 = ADVANCED_FACE('',(#124,#177,#211,#253,#295,#329,#363,#397,#431,
    #465),#499,.F.);
#124 = FACE_BOUND('',#125,.T.);
#125 = EDGE_LOOP('',(#126,#127,#136,#144,#153,#161,#170,#176));
#126 = ORIENTED_EDGE('',*,*,#47,.T.);
#127 = ORIENTED_EDGE('',*,*,#128,.F.);
#128 = EDGE_CURVE('',#129,#40,#131,.T.);
#129 = VERTEX_POINT('',#130);
#130 = CARTESIAN_POINT('',(-2.240309100809,14.270344974171,
    12.16888087913));
#131 = CIRCLE('',#132,1.);
#132 = AXIS2_PLACEMENT_3D('',#133,#134,#135);
#133 = CARTESIAN_POINT('',(-2.240309100809,13.270344974171,
    12.16888087913));
#134 = DIRECTION('',(9.30499770627E-13,-0.,1.));
#135 = DIRECTION('',(1.,0.,-9.30499770627E-13));
#136 = ORIENTED_EDGE('',*,*,#137,.T.);
#137 = EDGE_CURVE('',#129,#138,#140,.T.);
#138 = VERTEX_POINT('',#139);
#139 = CARTESIAN_POINT('',(11.759690899191,14.270344974171,
    12.168880879119));
#140 = LINE('',#141,#142);
#141 = CARTESIAN_POINT('',(5.658046790836,14.270344974171,
    12.168880879124));
#142 = VECTOR('',#143,1.);
#143 = DIRECTION('',(1.,0.,-7.374319713456E-13));
#144 = ORIENTED_EDGE('',*,*,#145,.F.);
#145 = EDGE_CURVE('',#146,#138,#148,.T.);
#146 = VERTEX_POINT('',#147);
#147 = CARTESIAN_POINT('',(12.759690899191,13.270344974171,
    12.168880879118));
#148 = CIRCLE('',#149,1.);
#149 = AXIS2_PLACEMENT_3D('',#150,#151,#152);
#150 = CARTESIAN_POINT('',(11.759690899191,13.270344974171,
    12.168880879119));
#151 = DIRECTION('',(9.30499770627E-13,-0.,1.));
#152 = DIRECTION('',(1.,0.,-9.30499770627E-13));
#153 = ORIENTED_EDGE('',*,*,#154,.T.);
#154 = EDGE_CURVE('',#146,#155,#157,.T.);
#155 = VERTEX_POINT('',#156);
#156 = CARTESIAN_POINT('',(12.759690899191,-0.729655025829,
    12.168880879118));
#157 = LINE('',#158,#159);
#158 = CARTESIAN_POINT('',(12.759690899191,-0.981385299525,
    12.168880879118));
#159 = VECTOR('',#160,1.);
#160 = DIRECTION('',(2.066124541248E-28,-1.,2.22044605111E-16));
#161 = ORIENTED_EDGE('',*,*,#162,.F.);
#162 = EDGE_CURVE('',#163,#155,#165,.T.);
#163 = VERTEX_POINT('',#164);
#164 = CARTESIAN_POINT('',(11.759690899191,-1.729655025829,
    12.168880879119));
#165 = CIRCLE('',#166,1.);
#166 = AXIS2_PLACEMENT_3D('',#167,#168,#169);
#167 = CARTESIAN_POINT('',(11.759690899191,-0.729655025829,
    12.168880879119));
#168 = DIRECTION('',(9.30499770627E-13,-0.,1.));
#169 = DIRECTION('',(1.,0.,-9.30499770627E-13));
#170 = ORIENTED_EDGE('',*,*,#171,.T.);
#171 = EDGE_CURVE('',#163,#64,#172,.T.);
#172 = LINE('',#173,#174);
#173 = CARTESIAN_POINT('',(-1.341953209164,-1.729655025829,
    12.168880879129));
#174 = VECTOR('',#175,1.);
#175 = DIRECTION('',(-1.,0.,7.374319713456E-13));
#176 = ORIENTED_EDGE('',*,*,#79,.F.);
#177 = FACE_BOUND('',#178,.F.);
#178 = EDGE_LOOP('',(#179,#189,#197,#205));
#179 = ORIENTED_EDGE('',*,*,#180,.T.);
#180 = EDGE_CURVE('',#181,#183,#185,.T.);
#181 = VERTEX_POINT('',#182);
#182 = CARTESIAN_POINT('',(8.212563738133,5.681538027974,12.168880879122
    ));
#183 = VERTEX_POINT('',#184);
#184 = CARTESIAN_POINT('',(1.312563738139,5.681538027966,12.168880879127
    ));
#185 = LINE('',#186,#187);
#186 = CARTESIAN_POINT('',(0.71256373814,5.681538027966,12.168880879127)
  );
#187 = VECTOR('',#188,1.);
#188 = DIRECTION('',(-1.,-9.635897949577E-13,6.436075505079E-14));
#189 = ORIENTED_EDGE('',*,*,#190,.F.);
#190 = EDGE_CURVE('',#191,#183,#193,.T.);
#191 = VERTEX_POINT('',#192);
#192 = CARTESIAN_POINT('',(1.312563738138,6.852230825596,12.168880879127
    ));
#193 = LINE('',#194,#195);
#194 = CARTESIAN_POINT('',(1.312563738142,2.216884426781,12.168880879127
    ));
#195 = VECTOR('',#196,1.);
#196 = DIRECTION('',(9.635897949577E-13,-1.,2.220446044005E-16));
#197 = ORIENTED_EDGE('',*,*,#198,.T.);
#198 = EDGE_CURVE('',#191,#199,#201,.T.);
#199 = VERTEX_POINT('',#200);
#200 = CARTESIAN_POINT('',(8.212563738132,6.852230825602,12.168880879122
    ));
#201 = LINE('',#202,#203);
#202 = CARTESIAN_POINT('',(8.212563738132,6.852230825602,12.168880879122
    ));
#203 = VECTOR('',#204,1.);
#204 = DIRECTION('',(1.,9.635897949577E-13,-6.436075505079E-14));
#205 = ORIENTED_EDGE('',*,*,#206,.F.);
#206 = EDGE_CURVE('',#181,#199,#207,.T.);
#207 = LINE('',#208,#209);
#208 = CARTESIAN_POINT('',(8.212563738136,2.216884426788,12.168880879122
    ));
#209 = VECTOR('',#210,1.);
#210 = DIRECTION('',(-9.635897949577E-13,1.,-2.220446044005E-16));
#211 = FACE_BOUND('',#212,.F.);
#212 = EDGE_LOOP('',(#213,#223,#231,#239,#247));
#213 = ORIENTED_EDGE('',*,*,#214,.T.);
#214 = EDGE_CURVE('',#215,#217,#219,.T.);
#215 = VERTEX_POINT('',#216);
#216 = CARTESIAN_POINT('',(1.016971012996,2.366884426791,12.168880879127
    ));
#217 = VERTEX_POINT('',#218);
#218 = CARTESIAN_POINT('',(5.717805208292,2.366884426791,12.168880879124
    ));
#219 = LINE('',#220,#221);
#220 = CARTESIAN_POINT('',(3.871243461436,2.366884426791,12.168880879125
    ));
#221 = VECTOR('',#222,1.);
#222 = DIRECTION('',(1.,-1.090933291192E-13,-7.374319713456E-13));
#223 = ORIENTED_EDGE('',*,*,#224,.F.);
#224 = EDGE_CURVE('',#225,#217,#227,.T.);
#225 = VERTEX_POINT('',#226);
#226 = CARTESIAN_POINT('',(5.717805208292,1.916884426791,12.168880879124
    ));
#227 = LINE('',#228,#229);
#228 = CARTESIAN_POINT('',(5.717805208291,1.191884426785,12.168880879124
    ));
#229 = VECTOR('',#230,1.);
#230 = DIRECTION('',(1.107816926272E-13,1.,-2.220446051927E-16));
#231 = ORIENTED_EDGE('',*,*,#232,.F.);
#232 = EDGE_CURVE('',#233,#225,#235,.T.);
#233 = VERTEX_POINT('',#234);
#234 = CARTESIAN_POINT('',(0.830251429257,1.916884426791,12.168880879127
    ));
#235 = LINE('',#236,#237);
#236 = CARTESIAN_POINT('',(4.217837285496,1.916884426791,12.168880879125
    ));
#237 = VECTOR('',#238,1.);
#238 = DIRECTION('',(1.,-1.090933291192E-13,-7.374319713456E-13));
#239 = ORIENTED_EDGE('',*,*,#240,.F.);
#240 = EDGE_CURVE('',#241,#233,#243,.T.);
#241 = VERTEX_POINT('',#242);
#242 = CARTESIAN_POINT('',(0.830251429257,2.265189652886,12.168880879127
    ));
#243 = LINE('',#244,#245);
#244 = CARTESIAN_POINT('',(0.830251429257,0.962395209957,12.168880879127
    ));
#245 = VECTOR('',#246,1.);
#246 = DIRECTION('',(-1.090599810255E-13,-1.,2.220446051915E-16));
#247 = ORIENTED_EDGE('',*,*,#248,.T.);
#248 = EDGE_CURVE('',#241,#215,#249,.T.);
#249 = LINE('',#250,#251);
#250 = CARTESIAN_POINT('',(0.101334466705,1.868193021796,12.168880879128
    ));
#251 = VECTOR('',#252,1.);
#252 = DIRECTION('',(0.87819646802,0.478300076895,-6.477163565921E-13));
#253 = FACE_BOUND('',#254,.F.);
#254 = EDGE_LOOP('',(#255,#265,#273,#281,#289));
#255 = ORIENTED_EDGE('',*,*,#256,.T.);
#256 = EDGE_CURVE('',#257,#259,#261,.T.);
#257 = VERTEX_POINT('',#258);
#258 = CARTESIAN_POINT('',(5.717805208292,4.866884426791,12.168880879124
    ));
#259 = VERTEX_POINT('',#260);
#260 = CARTESIAN_POINT('',(1.016971012996,4.866884426791,12.168880879127
    ));
#261 = LINE('',#262,#263);
#262 = CARTESIAN_POINT('',(3.871243461437,4.866884426791,12.168880879125
    ));
#263 = VECTOR('',#264,1.);
#264 = DIRECTION('',(-1.,1.090933291192E-13,7.374319713456E-13));
#265 = ORIENTED_EDGE('',*,*,#266,.T.);
#266 = EDGE_CURVE('',#259,#267,#269,.T.);
#267 = VERTEX_POINT('',#268);
#268 = CARTESIAN_POINT('',(0.830251429257,4.968579200697,12.168880879127
    ));
#269 = LINE('',#270,#271);
#270 = CARTESIAN_POINT('',(2.138535441898,4.256036658528,12.168880879126
    ));
#271 = VECTOR('',#272,1.);
#272 = DIRECTION('',(-0.87819646802,0.478300076895,6.475039486887E-13));
#273 = ORIENTED_EDGE('',*,*,#274,.F.);
#274 = EDGE_CURVE('',#275,#267,#277,.T.);
#275 = VERTEX_POINT('',#276);
#276 = CARTESIAN_POINT('',(0.830251429258,5.316884426791,12.168880879127
    ));
#277 = LINE('',#278,#279);
#278 = CARTESIAN_POINT('',(0.830251429257,1.421373643613,12.168880879127
    ));
#279 = VECTOR('',#280,1.);
#280 = DIRECTION('',(-1.090599810255E-13,-1.,2.220446051915E-16));
#281 = ORIENTED_EDGE('',*,*,#282,.F.);
#282 = EDGE_CURVE('',#283,#275,#285,.T.);
#283 = VERTEX_POINT('',#284);
#284 = CARTESIAN_POINT('',(5.717805208292,5.316884426791,12.168880879124
    ));
#285 = LINE('',#286,#287);
#286 = CARTESIAN_POINT('',(4.217837285496,5.316884426791,12.168880879125
    ));
#287 = VECTOR('',#288,1.);
#288 = DIRECTION('',(-1.,1.090933291192E-13,7.374319713456E-13));
#289 = ORIENTED_EDGE('',*,*,#290,.F.);
#290 = EDGE_CURVE('',#257,#283,#291,.T.);
#291 = LINE('',#292,#293);
#292 = CARTESIAN_POINT('',(5.717805208291,1.191884426785,12.168880879124
    ));
#293 = VECTOR('',#294,1.);
#294 = DIRECTION('',(1.107816926272E-13,1.,-2.220446051927E-16));
#295 = FACE_BOUND('',#296,.F.);
#296 = EDGE_LOOP('',(#297,#307,#315,#323));
#297 = ORIENTED_EDGE('',*,*,#298,.T.);
#298 = EDGE_CURVE('',#299,#301,#303,.T.);
#299 = VERTEX_POINT('',#300);
#300 = CARTESIAN_POINT('',(8.648768464647,10.866884426782,
    12.168880879122));
#301 = VERTEX_POINT('',#302);
#302 = CARTESIAN_POINT('',(8.114875032137,10.866884426782,
    12.168880879122));
#303 = LINE('',#304,#305);
#304 = CARTESIAN_POINT('',(2.609534782046,10.866884426776,
    12.168880879126));
#305 = VECTOR('',#306,1.);
#306 = DIRECTION('',(-1.,-9.635730082629E-13,7.374319713456E-13));
#307 = ORIENTED_EDGE('',*,*,#308,.F.);
#308 = EDGE_CURVE('',#309,#301,#311,.T.);
#309 = VERTEX_POINT('',#310);
#310 = CARTESIAN_POINT('',(8.114875032135,12.366884426782,
    12.168880879122));
#311 = LINE('',#312,#313);
#312 = CARTESIAN_POINT('',(8.114875032142,5.566884426784,12.168880879122
    ));
#313 = VECTOR('',#314,1.);
#314 = DIRECTION('',(9.637533495694E-13,-1.,2.220446044003E-16));
#315 = ORIENTED_EDGE('',*,*,#316,.T.);
#316 = EDGE_CURVE('',#309,#317,#319,.T.);
#317 = VERTEX_POINT('',#318);
#318 = CARTESIAN_POINT('',(8.648768464645,12.366884426782,
    12.168880879122));
#319 = LINE('',#320,#321);
#320 = CARTESIAN_POINT('',(5.130199947613,12.366884426779,
    12.168880879124));
#321 = VECTOR('',#322,1.);
#322 = DIRECTION('',(1.,9.635730082629E-13,-7.374319713456E-13));
#323 = ORIENTED_EDGE('',*,*,#324,.F.);
#324 = EDGE_CURVE('',#299,#317,#325,.T.);
#325 = LINE('',#326,#327);
#326 = CARTESIAN_POINT('',(8.648768464652,5.566884426785,12.168880879122
    ));
#327 = VECTOR('',#328,1.);
#328 = DIRECTION('',(-9.637533495694E-13,1.,-2.220446044003E-16));
#329 = FACE_BOUND('',#330,.F.);
#330 = EDGE_LOOP('',(#331,#341,#349,#357));
#331 = ORIENTED_EDGE('',*,*,#332,.T.);
#332 = EDGE_CURVE('',#333,#335,#337,.T.);
#333 = VERTEX_POINT('',#334);
#334 = CARTESIAN_POINT('',(0.863692238956,1.216884426785,12.168880879127
    ));
#335 = VERTEX_POINT('',#336);
#336 = CARTESIAN_POINT('',(1.397585671468,1.216884426785,12.168880879127
    ));
#337 = LINE('',#338,#339);
#338 = CARTESIAN_POINT('',(1.833136744807,1.216884426784,12.168880879127
    ));
#339 = VECTOR('',#340,1.);
#340 = DIRECTION('',(1.,-9.635484230053E-13,-7.374319713456E-13));
#341 = ORIENTED_EDGE('',*,*,#342,.F.);
#342 = EDGE_CURVE('',#343,#335,#345,.T.);
#343 = VERTEX_POINT('',#344);
#344 = CARTESIAN_POINT('',(1.397585671467,0.166884426785,12.168880879127
    ));
#345 = LINE('',#346,#347);
#346 = CARTESIAN_POINT('',(1.397585671466,-0.533115573219,
    12.168880879127));
#347 = VECTOR('',#348,1.);
#348 = DIRECTION('',(9.637533495729E-13,1.,-2.220446058217E-16));
#349 = ORIENTED_EDGE('',*,*,#350,.T.);
#350 = EDGE_CURVE('',#343,#351,#353,.T.);
#351 = VERTEX_POINT('',#352);
#352 = CARTESIAN_POINT('',(0.863692238955,0.166884426785,12.168880879127
    ));
#353 = LINE('',#354,#355);
#354 = CARTESIAN_POINT('',(-0.817566913331,0.166884426787,
    12.168880879128));
#355 = VECTOR('',#356,1.);
#356 = DIRECTION('',(-1.,9.635484230053E-13,7.374319713456E-13));
#357 = ORIENTED_EDGE('',*,*,#358,.F.);
#358 = EDGE_CURVE('',#333,#351,#359,.T.);
#359 = LINE('',#360,#361);
#360 = CARTESIAN_POINT('',(0.863692238955,-0.533115573219,
    12.168880879127));
#361 = VECTOR('',#362,1.);
#362 = DIRECTION('',(-9.637533495729E-13,-1.,2.220446058217E-16));
#363 = FACE_BOUND('',#364,.F.);
#364 = EDGE_LOOP('',(#365,#375,#383,#391));
#365 = ORIENTED_EDGE('',*,*,#366,.F.);
#366 = EDGE_CURVE('',#367,#369,#371,.T.);
#367 = VERTEX_POINT('',#368);
#368 = CARTESIAN_POINT('',(1.397585671479,12.366884426785,
    12.168880879127));
#369 = VERTEX_POINT('',#370);
#370 = CARTESIAN_POINT('',(0.863692238967,12.366884426785,
    12.168880879127));
#371 = LINE('',#372,#373);
#372 = CARTESIAN_POINT('',(-0.817566913319,12.366884426787,
    12.168880879128));
#373 = VECTOR('',#374,1.);
#374 = DIRECTION('',(-1.,9.635484230053E-13,7.374319713456E-13));
#375 = ORIENTED_EDGE('',*,*,#376,.F.);
#376 = EDGE_CURVE('',#377,#367,#379,.T.);
#377 = VERTEX_POINT('',#378);
#378 = CARTESIAN_POINT('',(1.397585671478,11.316884426785,
    12.168880879127));
#379 = LINE('',#380,#381);
#380 = CARTESIAN_POINT('',(1.397585671466,-0.533115573219,
    12.168880879127));
#381 = VECTOR('',#382,1.);
#382 = DIRECTION('',(9.637533495729E-13,1.,-2.220446058217E-16));
#383 = ORIENTED_EDGE('',*,*,#384,.T.);
#384 = EDGE_CURVE('',#377,#385,#387,.T.);
#385 = VERTEX_POINT('',#386);
#386 = CARTESIAN_POINT('',(0.863692238966,11.316884426785,
    12.168880879127));
#387 = LINE('',#388,#389);
#388 = CARTESIAN_POINT('',(1.833136744816,11.316884426784,
    12.168880879127));
#389 = VECTOR('',#390,1.);
#390 = DIRECTION('',(-1.,9.635484230053E-13,7.374319713456E-13));
#391 = ORIENTED_EDGE('',*,*,#392,.F.);
#392 = EDGE_CURVE('',#369,#385,#393,.T.);
#393 = LINE('',#394,#395);
#394 = CARTESIAN_POINT('',(0.863692238955,-0.533115573219,
    12.168880879127));
#395 = VECTOR('',#396,1.);
#396 = DIRECTION('',(-9.637533495729E-13,-1.,2.220446058217E-16));
#397 = FACE_BOUND('',#398,.F.);
#398 = EDGE_LOOP('',(#399,#409,#417,#425));
#399 = ORIENTED_EDGE('',*,*,#400,.F.);
#400 = EDGE_CURVE('',#401,#403,#405,.T.);
#401 = VERTEX_POINT('',#402);
#402 = CARTESIAN_POINT('',(8.114875032147,0.166884426782,12.168880879122
    ));
#403 = VERTEX_POINT('',#404);
#404 = CARTESIAN_POINT('',(8.648768464657,0.166884426782,12.168880879122
    ));
#405 = LINE('',#406,#407);
#406 = CARTESIAN_POINT('',(5.130199947625,0.166884426779,12.168880879124
    ));
#407 = VECTOR('',#408,1.);
#408 = DIRECTION('',(1.,9.635730082629E-13,-7.374319713456E-13));
#409 = ORIENTED_EDGE('',*,*,#410,.F.);
#410 = EDGE_CURVE('',#411,#401,#413,.T.);
#411 = VERTEX_POINT('',#412);
#412 = CARTESIAN_POINT('',(8.114875032146,1.216884426782,12.168880879122
    ));
#413 = LINE('',#414,#415);
#414 = CARTESIAN_POINT('',(8.114875032142,5.566884426784,12.168880879122
    ));
#415 = VECTOR('',#416,1.);
#416 = DIRECTION('',(9.637533495694E-13,-1.,2.220446044003E-16));
#417 = ORIENTED_EDGE('',*,*,#418,.T.);
#418 = EDGE_CURVE('',#411,#419,#421,.T.);
#419 = VERTEX_POINT('',#420);
#420 = CARTESIAN_POINT('',(8.648768464656,1.216884426782,12.168880879122
    ));
#421 = LINE('',#422,#423);
#422 = CARTESIAN_POINT('',(2.479496289481,1.216884426776,12.168880879126
    ));
#423 = VECTOR('',#424,1.);
#424 = DIRECTION('',(1.,9.635730082629E-13,-7.374319713456E-13));
#425 = ORIENTED_EDGE('',*,*,#426,.F.);
#426 = EDGE_CURVE('',#403,#419,#427,.T.);
#427 = LINE('',#428,#429);
#428 = CARTESIAN_POINT('',(8.648768464652,5.566884426785,12.168880879122
    ));
#429 = VECTOR('',#430,1.);
#430 = DIRECTION('',(-9.637533495694E-13,1.,-2.220446044003E-16));
#431 = FACE_BOUND('',#432,.F.);
#432 = EDGE_LOOP('',(#433,#443,#451,#459));
#433 = ORIENTED_EDGE('',*,*,#434,.T.);
#434 = EDGE_CURVE('',#435,#437,#439,.T.);
#435 = VERTEX_POINT('',#436);
#436 = CARTESIAN_POINT('',(9.22667069053,6.166884426789,12.168880879121)
  );
#437 = VERTEX_POINT('',#438);
#438 = CARTESIAN_POINT('',(9.22667069053,6.366884426789,12.168880879121)
  );
#439 = LINE('',#440,#441);
#440 = CARTESIAN_POINT('',(9.226670690531,5.666884426789,12.168880879121
    ));
#441 = VECTOR('',#442,1.);
#442 = DIRECTION('',(-9.635897949577E-13,1.,-2.22044604925E-16));
#443 = ORIENTED_EDGE('',*,*,#444,.T.);
#444 = EDGE_CURVE('',#437,#445,#447,.T.);
#445 = VERTEX_POINT('',#446);
#446 = CARTESIAN_POINT('',(9.386135501756,6.366884426789,12.168880879121
    ));
#447 = LINE('',#448,#449);
#448 = CARTESIAN_POINT('',(3.884483210303,6.366884426784,12.168880879125
    ));
#449 = VECTOR('',#450,1.);
#450 = DIRECTION('',(1.,9.635897949577E-13,-7.374319713456E-13));
#451 = ORIENTED_EDGE('',*,*,#452,.F.);
#452 = EDGE_CURVE('',#453,#445,#455,.T.);
#453 = VERTEX_POINT('',#454);
#454 = CARTESIAN_POINT('',(9.386135501756,6.166884426789,12.168880879121
    ));
#455 = LINE('',#456,#457);
#456 = CARTESIAN_POINT('',(9.386135501757,5.666884426789,12.168880879121
    ));
#457 = VECTOR('',#458,1.);
#458 = DIRECTION('',(-9.635897949577E-13,1.,-2.22044604925E-16));
#459 = ORIENTED_EDGE('',*,*,#460,.T.);
#460 = EDGE_CURVE('',#453,#435,#461,.T.);
#461 = LINE('',#462,#463);
#462 = CARTESIAN_POINT('',(3.884483210303,6.166884426784,12.168880879125
    ));
#463 = VECTOR('',#464,1.);
#464 = DIRECTION('',(-1.,-9.635897949577E-13,7.374319713456E-13));
#465 = FACE_BOUND('',#466,.F.);
#466 = EDGE_LOOP('',(#467,#477,#485,#493));
#467 = ORIENTED_EDGE('',*,*,#468,.T.);
#468 = EDGE_CURVE('',#469,#471,#473,.T.);
#469 = VERTEX_POINT('',#470);
#470 = CARTESIAN_POINT('',(0.138991974521,6.16688442678,12.168880879128)
  );
#471 = VERTEX_POINT('',#472);
#472 = CARTESIAN_POINT('',(0.138991974521,6.36688442678,12.168880879128)
  );
#473 = LINE('',#474,#475);
#474 = CARTESIAN_POINT('',(0.138991974522,5.66688442678,12.168880879128)
  );
#475 = VECTOR('',#476,1.);
#476 = DIRECTION('',(-9.635897949577E-13,1.,-2.22044604925E-16));
#477 = ORIENTED_EDGE('',*,*,#478,.F.);
#478 = EDGE_CURVE('',#479,#471,#481,.T.);
#479 = VERTEX_POINT('',#480);
#480 = CARTESIAN_POINT('',(0.298456785746,6.36688442678,12.168880879128)
  );
#481 = LINE('',#482,#483);
#482 = CARTESIAN_POINT('',(0.434483210306,6.36688442678,12.168880879128)
  );
#483 = VECTOR('',#484,1.);
#484 = DIRECTION('',(-1.,-9.635897949577E-13,7.374319713456E-13));
#485 = ORIENTED_EDGE('',*,*,#486,.F.);
#486 = EDGE_CURVE('',#487,#479,#489,.T.);
#487 = VERTEX_POINT('',#488);
#488 = CARTESIAN_POINT('',(0.298456785747,6.16688442678,12.168880879128)
  );
#489 = LINE('',#490,#491);
#490 = CARTESIAN_POINT('',(0.298456785747,5.66688442678,12.168880879128)
  );
#491 = VECTOR('',#492,1.);
#492 = DIRECTION('',(-9.635897949577E-13,1.,-2.22044604925E-16));
#493 = ORIENTED_EDGE('',*,*,#494,.F.);
#494 = EDGE_CURVE('',#469,#487,#495,.T.);
#495 = LINE('',#496,#497);
#496 = CARTESIAN_POINT('',(0.434483210307,6.16688442678,12.168880879128)
  );
#497 = VECTOR('',#498,1.);
#498 = DIRECTION('',(1.,9.635897949577E-13,-7.374319713456E-13));
#499 = PLANE('',#500);
#500 = AXIS2_PLACEMENT_3D('',#501,#502,#503);
#501 = CARTESIAN_POINT('',(-0.443597317519,-1.233115573221,
    12.168880879128));
#502 = DIRECTION('',(7.374319713456E-13,2.22044605111E-16,1.));
#503 = DIRECTION('',(-1.,9.634654185575E-13,7.374319713456E-13));
#504 = ADVANCED_FACE('',(#505),#524,.T.);
#505 = FACE_BOUND('',#506,.T.);
#506 = EDGE_LOOP('',(#507,#508,#517,#523));
#507 = ORIENTED_EDGE('',*,*,#39,.F.);
#508 = ORIENTED_EDGE('',*,*,#509,.F.);
#509 = EDGE_CURVE('',#510,#32,#512,.T.);
#510 = VERTEX_POINT('',#511);
#511 = CARTESIAN_POINT('',(-2.240309100808,14.270344974171,
    13.768880879131));
#512 = CIRCLE('',#513,1.);
#513 = AXIS2_PLACEMENT_3D('',#514,#515,#516);
#514 = CARTESIAN_POINT('',(-2.240309100808,13.270344974171,
    13.768880879131));
#515 = DIRECTION('',(9.305106424129E-13,0.,1.));
#516 = DIRECTION('',(1.501707164363E-16,1.,-1.397354498227E-28));
#517 = ORIENTED_EDGE('',*,*,#518,.T.);
#518 = EDGE_CURVE('',#510,#129,#519,.T.);
#519 = LINE('',#520,#521);
#520 = CARTESIAN_POINT('',(-2.240309100807,14.270344974171,
    14.268880879131));
#521 = VECTOR('',#522,1.);
#522 = DIRECTION('',(-9.30499770627E-13,-0.,-1.));
#523 = ORIENTED_EDGE('',*,*,#128,.T.);
#524 = CYLINDRICAL_SURFACE('',#525,1.);
#525 = AXIS2_PLACEMENT_3D('',#526,#527,#528);
#526 = CARTESIAN_POINT('',(-2.240309100807,13.270344974171,
    14.268880879131));
#527 = DIRECTION('',(9.30499770627E-13,0.,1.));
#528 = DIRECTION('',(1.,0.,-9.30499770627E-13));
#529 = ADVANCED_FACE('',(#530),#548,.T.);
#530 = FACE_BOUND('',#531,.T.);
#531 = EDGE_LOOP('',(#532,#540,#546,#547));
#532 = ORIENTED_EDGE('',*,*,#533,.F.);
#533 = EDGE_CURVE('',#534,#163,#536,.T.);
#534 = VERTEX_POINT('',#535);
#535 = CARTESIAN_POINT('',(11.759690899192,-1.729655025829,
    13.768880879118));
#536 = LINE('',#537,#538);
#537 = CARTESIAN_POINT('',(11.759690899193,-1.729655025829,
    14.268880879118));
#538 = VECTOR('',#539,1.);
#539 = DIRECTION('',(-9.30499770627E-13,-0.,-1.));
#540 = ORIENTED_EDGE('',*,*,#541,.F.);
#541 = EDGE_CURVE('',#62,#534,#542,.T.);
#542 = LINE('',#543,#544);
#543 = CARTESIAN_POINT('',(-2.240309100808,-1.729655025829,
    13.768880879131));
#544 = VECTOR('',#545,1.);
#545 = DIRECTION('',(1.,0.,-9.30499770627E-13));
#546 = ORIENTED_EDGE('',*,*,#61,.T.);
#547 = ORIENTED_EDGE('',*,*,#171,.F.);
#548 = PLANE('',#549);
#549 = AXIS2_PLACEMENT_3D('',#550,#551,#552);
#550 = CARTESIAN_POINT('',(-2.240309100807,-1.729655025829,
    14.268880879131));
#551 = DIRECTION('',(0.,-1.,0.));
#552 = DIRECTION('',(1.,0.,-9.30499770627E-13));
#553 = ADVANCED_FACE('',(#554),#574,.T.);
#554 = FACE_BOUND('',#555,.T.);
#555 = EDGE_LOOP('',(#556,#557,#558,#567));
#556 = ORIENTED_EDGE('',*,*,#111,.F.);
#557 = ORIENTED_EDGE('',*,*,#71,.T.);
#558 = ORIENTED_EDGE('',*,*,#559,.T.);
#559 = EDGE_CURVE('',#62,#560,#562,.T.);
#560 = VERTEX_POINT('',#561);
#561 = CARTESIAN_POINT('',(-2.240309100807,-1.229655025829,
    14.268880879131));
#562 = CIRCLE('',#563,0.5);
#563 = AXIS2_PLACEMENT_3D('',#564,#565,#566);
#564 = CARTESIAN_POINT('',(-2.240309100808,-1.229655025829,
    13.768880879131));
#565 = DIRECTION('',(-1.,0.,9.30499770627E-13));
#566 = DIRECTION('',(0.,-1.,0.));
#567 = ORIENTED_EDGE('',*,*,#568,.F.);
#568 = EDGE_CURVE('',#104,#560,#569,.T.);
#569 = CIRCLE('',#570,0.5);
#570 = AXIS2_PLACEMENT_3D('',#571,#572,#573);
#571 = CARTESIAN_POINT('',(-2.240309100807,-0.729655025829,
    14.268880879131));
#572 = DIRECTION('',(9.305106424129E-13,1.036165872331E-45,1.));
#573 = DIRECTION('',(-1.,-2.22044604925E-16,9.305106424129E-13));
#574 = TOROIDAL_SURFACE('',#575,0.5,0.5);
#575 = AXIS2_PLACEMENT_3D('',#576,#577,#578);
#576 = CARTESIAN_POINT('',(-2.240309100808,-0.729655025829,
    13.768880879131));
#577 = DIRECTION('',(9.305106424129E-13,0.,1.));
#578 = DIRECTION('',(-1.,-2.22044604925E-16,9.305106424129E-13));
#579 = ADVANCED_FACE('',(#580),#600,.T.);
#580 = FACE_BOUND('',#581,.T.);
#581 = EDGE_LOOP('',(#582,#591,#592,#593));
#582 = ORIENTED_EDGE('',*,*,#583,.F.);
#583 = EDGE_CURVE('',#510,#584,#586,.T.);
#584 = VERTEX_POINT('',#585);
#585 = CARTESIAN_POINT('',(-2.240309100807,13.770344974171,
    14.268880879131));
#586 = CIRCLE('',#587,0.5);
#587 = AXIS2_PLACEMENT_3D('',#588,#589,#590);
#588 = CARTESIAN_POINT('',(-2.240309100808,13.770344974171,
    13.768880879131));
#589 = DIRECTION('',(1.,0.,-9.30499770627E-13));
#590 = DIRECTION('',(0.,1.,0.));
#591 = ORIENTED_EDGE('',*,*,#509,.T.);
#592 = ORIENTED_EDGE('',*,*,#94,.T.);
#593 = ORIENTED_EDGE('',*,*,#594,.F.);
#594 = EDGE_CURVE('',#584,#95,#595,.T.);
#595 = CIRCLE('',#596,0.5);
#596 = AXIS2_PLACEMENT_3D('',#597,#598,#599);
#597 = CARTESIAN_POINT('',(-2.240309100807,13.270344974171,
    14.268880879131));
#598 = DIRECTION('',(9.305106424129E-13,0.,1.));
#599 = DIRECTION('',(1.501707164363E-16,1.,-1.397354498227E-28));
#600 = TOROIDAL_SURFACE('',#601,0.5,0.5);
#601 = AXIS2_PLACEMENT_3D('',#602,#603,#604);
#602 = CARTESIAN_POINT('',(-2.240309100808,13.270344974171,
    13.768880879131));
#603 = DIRECTION('',(9.305106424129E-13,0.,1.));
#604 = DIRECTION('',(1.501707164363E-16,1.,-1.397354498227E-28));
#605 = ADVANCED_FACE('',(#606),#651,.T.);
#606 = FACE_BOUND('',#607,.T.);
#607 = EDGE_LOOP('',(#608,#616,#625,#633,#642,#648,#649,#650));
#608 = ORIENTED_EDGE('',*,*,#609,.T.);
#609 = EDGE_CURVE('',#560,#610,#612,.T.);
#610 = VERTEX_POINT('',#611);
#611 = CARTESIAN_POINT('',(11.759690899193,-1.229655025829,
    14.268880879118));
#612 = LINE('',#613,#614);
#613 = CARTESIAN_POINT('',(-2.240309100807,-1.229655025829,
    14.268880879131));
#614 = VECTOR('',#615,1.);
#615 = DIRECTION('',(1.,0.,-9.30499770627E-13));
#616 = ORIENTED_EDGE('',*,*,#617,.T.);
#617 = EDGE_CURVE('',#610,#618,#620,.T.);
#618 = VERTEX_POINT('',#619);
#619 = CARTESIAN_POINT('',(12.259690899193,-0.729655025829,
    14.268880879118));
#620 = CIRCLE('',#621,0.5);
#621 = AXIS2_PLACEMENT_3D('',#622,#623,#624);
#622 = CARTESIAN_POINT('',(11.759690899193,-0.729655025829,
    14.268880879118));
#623 = DIRECTION('',(9.305106424129E-13,0.,1.));
#624 = DIRECTION('',(-1.626186122964E-15,-1.,1.513183493962E-27));
#625 = ORIENTED_EDGE('',*,*,#626,.T.);
#626 = EDGE_CURVE('',#618,#627,#629,.T.);
#627 = VERTEX_POINT('',#628);
#628 = CARTESIAN_POINT('',(12.259690899193,13.270344974171,
    14.268880879118));
#629 = LINE('',#630,#631);
#630 = CARTESIAN_POINT('',(12.259690899193,-0.729655025829,
    14.268880879118));
#631 = VECTOR('',#632,1.);
#632 = DIRECTION('',(0.,1.,0.));
#633 = ORIENTED_EDGE('',*,*,#634,.T.);
#634 = EDGE_CURVE('',#627,#635,#637,.T.);
#635 = VERTEX_POINT('',#636);
#636 = CARTESIAN_POINT('',(11.759690899193,13.770344974171,
    14.268880879118));
#637 = CIRCLE('',#638,0.5);
#638 = AXIS2_PLACEMENT_3D('',#639,#640,#641);
#639 = CARTESIAN_POINT('',(11.759690899193,13.270344974171,
    14.268880879118));
#640 = DIRECTION('',(9.305106424129E-13,-0.,1.));
#641 = DIRECTION('',(1.,0.,-9.305106424129E-13));
#642 = ORIENTED_EDGE('',*,*,#643,.T.);
#643 = EDGE_CURVE('',#635,#584,#644,.T.);
#644 = LINE('',#645,#646);
#645 = CARTESIAN_POINT('',(11.759690899193,13.770344974171,
    14.268880879118));
#646 = VECTOR('',#647,1.);
#647 = DIRECTION('',(-1.,0.,9.30499770627E-13));
#648 = ORIENTED_EDGE('',*,*,#594,.T.);
#649 = ORIENTED_EDGE('',*,*,#103,.T.);
#650 = ORIENTED_EDGE('',*,*,#568,.T.);
#651 = PLANE('',#652);
#652 = AXIS2_PLACEMENT_3D('',#653,#654,#655);
#653 = CARTESIAN_POINT('',(4.759690899193,6.270344974171,14.268880879125
    ));
#654 = DIRECTION('',(9.305106424129E-13,0.,1.));
#655 = DIRECTION('',(1.,0.,-9.305106424129E-13));
#656 = ADVANCED_FACE('',(#657),#675,.T.);
#657 = FACE_BOUND('',#658,.T.);
#658 = EDGE_LOOP('',(#659,#660,#668,#674));
#659 = ORIENTED_EDGE('',*,*,#518,.F.);
#660 = ORIENTED_EDGE('',*,*,#661,.F.);
#661 = EDGE_CURVE('',#662,#510,#664,.T.);
#662 = VERTEX_POINT('',#663);
#663 = CARTESIAN_POINT('',(11.759690899192,14.270344974171,
    13.768880879118));
#664 = LINE('',#665,#666);
#665 = CARTESIAN_POINT('',(11.759690899192,14.270344974171,
    13.768880879118));
#666 = VECTOR('',#667,1.);
#667 = DIRECTION('',(-1.,0.,9.30499770627E-13));
#668 = ORIENTED_EDGE('',*,*,#669,.T.);
#669 = EDGE_CURVE('',#662,#138,#670,.T.);
#670 = LINE('',#671,#672);
#671 = CARTESIAN_POINT('',(11.759690899193,14.270344974171,
    14.268880879118));
#672 = VECTOR('',#673,1.);
#673 = DIRECTION('',(-9.30499770627E-13,-0.,-1.));
#674 = ORIENTED_EDGE('',*,*,#137,.F.);
#675 = PLANE('',#676);
#676 = AXIS2_PLACEMENT_3D('',#677,#678,#679);
#677 = CARTESIAN_POINT('',(11.759690899193,14.270344974171,
    14.268880879118));
#678 = DIRECTION('',(0.,1.,0.));
#679 = DIRECTION('',(-1.,0.,9.30499770627E-13));
#680 = ADVANCED_FACE('',(#681),#700,.T.);
#681 = FACE_BOUND('',#682,.T.);
#682 = EDGE_LOOP('',(#683,#684,#693,#699));
#683 = ORIENTED_EDGE('',*,*,#669,.F.);
#684 = ORIENTED_EDGE('',*,*,#685,.F.);
#685 = EDGE_CURVE('',#686,#662,#688,.T.);
#686 = VERTEX_POINT('',#687);
#687 = CARTESIAN_POINT('',(12.759690899192,13.270344974171,
    13.768880879117));
#688 = CIRCLE('',#689,1.);
#689 = AXIS2_PLACEMENT_3D('',#690,#691,#692);
#690 = CARTESIAN_POINT('',(11.759690899192,13.270344974171,
    13.768880879118));
#691 = DIRECTION('',(9.305106424129E-13,-0.,1.));
#692 = DIRECTION('',(1.,0.,-9.305106424129E-13));
#693 = ORIENTED_EDGE('',*,*,#694,.T.);
#694 = EDGE_CURVE('',#686,#146,#695,.T.);
#695 = LINE('',#696,#697);
#696 = CARTESIAN_POINT('',(12.759690899193,13.270344974171,
    14.268880879117));
#697 = VECTOR('',#698,1.);
#698 = DIRECTION('',(-9.30499770627E-13,-0.,-1.));
#699 = ORIENTED_EDGE('',*,*,#145,.T.);
#700 = CYLINDRICAL_SURFACE('',#701,1.);
#701 = AXIS2_PLACEMENT_3D('',#702,#703,#704);
#702 = CARTESIAN_POINT('',(11.759690899193,13.270344974171,
    14.268880879118));
#703 = DIRECTION('',(9.30499770627E-13,0.,1.));
#704 = DIRECTION('',(1.,0.,-9.30499770627E-13));
#705 = ADVANCED_FACE('',(#706),#724,.T.);
#706 = FACE_BOUND('',#707,.T.);
#707 = EDGE_LOOP('',(#708,#709,#717,#723));
#708 = ORIENTED_EDGE('',*,*,#694,.F.);
#709 = ORIENTED_EDGE('',*,*,#710,.F.);
#710 = EDGE_CURVE('',#711,#686,#713,.T.);
#711 = VERTEX_POINT('',#712);
#712 = CARTESIAN_POINT('',(12.759690899192,-0.729655025829,
    13.768880879117));
#713 = LINE('',#714,#715);
#714 = CARTESIAN_POINT('',(12.759690899192,-0.729655025829,
    13.768880879117));
#715 = VECTOR('',#716,1.);
#716 = DIRECTION('',(0.,1.,0.));
#717 = ORIENTED_EDGE('',*,*,#718,.T.);
#718 = EDGE_CURVE('',#711,#155,#719,.T.);
#719 = LINE('',#720,#721);
#720 = CARTESIAN_POINT('',(12.759690899193,-0.729655025829,
    14.268880879117));
#721 = VECTOR('',#722,1.);
#722 = DIRECTION('',(-9.30499770627E-13,-0.,-1.));
#723 = ORIENTED_EDGE('',*,*,#154,.F.);
#724 = PLANE('',#725);
#725 = AXIS2_PLACEMENT_3D('',#726,#727,#728);
#726 = CARTESIAN_POINT('',(12.759690899193,-0.729655025829,
    14.268880879117));
#727 = DIRECTION('',(1.,0.,-9.30499770627E-13));
#728 = DIRECTION('',(0.,1.,0.));
#729 = ADVANCED_FACE('',(#730),#742,.T.);
#730 = FACE_BOUND('',#731,.T.);
#731 = EDGE_LOOP('',(#732,#733,#740,#741));
#732 = ORIENTED_EDGE('',*,*,#718,.F.);
#733 = ORIENTED_EDGE('',*,*,#734,.F.);
#734 = EDGE_CURVE('',#534,#711,#735,.T.);
#735 = CIRCLE('',#736,1.);
#736 = AXIS2_PLACEMENT_3D('',#737,#738,#739);
#737 = CARTESIAN_POINT('',(11.759690899192,-0.729655025829,
    13.768880879118));
#738 = DIRECTION('',(9.305106424129E-13,0.,1.));
#739 = DIRECTION('',(-1.626186122964E-15,-1.,1.513183493962E-27));
#740 = ORIENTED_EDGE('',*,*,#533,.T.);
#741 = ORIENTED_EDGE('',*,*,#162,.T.);
#742 = CYLINDRICAL_SURFACE('',#743,1.);
#743 = AXIS2_PLACEMENT_3D('',#744,#745,#746);
#744 = CARTESIAN_POINT('',(11.759690899193,-0.729655025829,
    14.268880879118));
#745 = DIRECTION('',(9.30499770627E-13,0.,1.));
#746 = DIRECTION('',(1.,0.,-9.30499770627E-13));
#747 = ADVANCED_FACE('',(#748),#775,.T.);
#748 = FACE_BOUND('',#749,.T.);
#749 = EDGE_LOOP('',(#750,#759,#767,#774));
#750 = ORIENTED_EDGE('',*,*,#751,.F.);
#751 = EDGE_CURVE('',#752,#183,#754,.T.);
#752 = VERTEX_POINT('',#753);
#753 = CARTESIAN_POINT('',(1.312563738139,6.216884426781,11.744992866169
    ));
#754 = CIRCLE('',#755,0.55);
#755 = AXIS2_PLACEMENT_3D('',#756,#757,#758);
#756 = CARTESIAN_POINT('',(1.312563738139,6.216884426781,12.294992866169
    ));
#757 = DIRECTION('',(-1.,-9.635897949577E-13,1.197076221612E-28));
#758 = DIRECTION('',(-9.635897949577E-13,1.,-2.22044604925E-16));
#759 = ORIENTED_EDGE('',*,*,#760,.F.);
#760 = EDGE_CURVE('',#761,#752,#763,.T.);
#761 = VERTEX_POINT('',#762);
#762 = CARTESIAN_POINT('',(8.212563738132,6.216884426788,11.744992866169
    ));
#763 = LINE('',#764,#765);
#764 = CARTESIAN_POINT('',(1.312563738139,6.216884426781,11.744992866169
    ));
#765 = VECTOR('',#766,1.);
#766 = DIRECTION('',(-1.,-9.635897949577E-13,6.436075505079E-14));
#767 = ORIENTED_EDGE('',*,*,#768,.F.);
#768 = EDGE_CURVE('',#181,#761,#769,.T.);
#769 = CIRCLE('',#770,0.55);
#770 = AXIS2_PLACEMENT_3D('',#771,#772,#773);
#771 = CARTESIAN_POINT('',(8.212563738132,6.216884426788,12.294992866169
    ));
#772 = DIRECTION('',(1.,9.635897949577E-13,-4.378026466835E-13));
#773 = DIRECTION('',(-4.378026466835E-13,-2.220446053469E-16,-1.));
#774 = ORIENTED_EDGE('',*,*,#180,.T.);
#775 = CYLINDRICAL_SURFACE('',#776,0.55);
#776 = AXIS2_PLACEMENT_3D('',#777,#778,#779);
#777 = CARTESIAN_POINT('',(0.71256373814,6.216884426781,12.294992866169)
  );
#778 = DIRECTION('',(-1.,-9.635897949577E-13,6.436075505079E-14));
#779 = DIRECTION('',(-6.436075505079E-14,-2.22044604987E-16,-1.));
#780 = ADVANCED_FACE('',(#781),#800,.F.);
#781 = FACE_BOUND('',#782,.F.);
#782 = EDGE_LOOP('',(#783,#784,#792,#799));
#783 = ORIENTED_EDGE('',*,*,#751,.F.);
#784 = ORIENTED_EDGE('',*,*,#785,.T.);
#785 = EDGE_CURVE('',#752,#786,#788,.T.);
#786 = VERTEX_POINT('',#787);
#787 = CARTESIAN_POINT('',(1.312563738138,6.316884426781,11.744992866169
    ));
#788 = LINE('',#789,#790);
#789 = CARTESIAN_POINT('',(1.312563738139,5.666884426781,11.744992866169
    ));
#790 = VECTOR('',#791,1.);
#791 = DIRECTION('',(-9.635897949577E-13,1.,-2.22044604925E-16));
#792 = ORIENTED_EDGE('',*,*,#793,.F.);
#793 = EDGE_CURVE('',#191,#786,#794,.T.);
#794 = CIRCLE('',#795,0.55);
#795 = AXIS2_PLACEMENT_3D('',#796,#797,#798);
#796 = CARTESIAN_POINT('',(1.312563738138,6.316884426781,12.294992866169
    ));
#797 = DIRECTION('',(-1.,-9.635897949577E-13,1.197076221612E-28));
#798 = DIRECTION('',(-9.635897949577E-13,1.,-2.22044604925E-16));
#799 = ORIENTED_EDGE('',*,*,#190,.T.);
#800 = PLANE('',#801);
#801 = AXIS2_PLACEMENT_3D('',#802,#803,#804);
#802 = CARTESIAN_POINT('',(1.312563738139,5.666884426781,12.944992866168
    ));
#803 = DIRECTION('',(1.,9.635897949577E-13,-1.197076221612E-28));
#804 = DIRECTION('',(-9.635897949577E-13,1.,-2.22044604925E-16));
#805 = ADVANCED_FACE('',(#806),#825,.T.);
#806 = FACE_BOUND('',#807,.T.);
#807 = EDGE_LOOP('',(#808,#809,#810,#819));
#808 = ORIENTED_EDGE('',*,*,#793,.F.);
#809 = ORIENTED_EDGE('',*,*,#198,.T.);
#810 = ORIENTED_EDGE('',*,*,#811,.F.);
#811 = EDGE_CURVE('',#812,#199,#814,.T.);
#812 = VERTEX_POINT('',#813);
#813 = CARTESIAN_POINT('',(8.212563738132,6.316884426788,11.744992866169
    ));
#814 = CIRCLE('',#815,0.55);
#815 = AXIS2_PLACEMENT_3D('',#816,#817,#818);
#816 = CARTESIAN_POINT('',(8.212563738132,6.316884426788,12.294992866169
    ));
#817 = DIRECTION('',(1.,9.635897949577E-13,-4.378026466835E-13));
#818 = DIRECTION('',(-4.378026466835E-13,-2.220446053469E-16,-1.));
#819 = ORIENTED_EDGE('',*,*,#820,.F.);
#820 = EDGE_CURVE('',#786,#812,#821,.T.);
#821 = LINE('',#822,#823);
#822 = CARTESIAN_POINT('',(8.212563738132,6.316884426788,11.744992866169
    ));
#823 = VECTOR('',#824,1.);
#824 = DIRECTION('',(1.,9.635897949577E-13,-6.436075505079E-14));
#825 = CYLINDRICAL_SURFACE('',#826,0.55);
#826 = AXIS2_PLACEMENT_3D('',#827,#828,#829);
#827 = CARTESIAN_POINT('',(8.212563738132,6.316884426788,12.294992866169
    ));
#828 = DIRECTION('',(1.,9.635897949577E-13,-6.436075505079E-14));
#829 = DIRECTION('',(6.436075505079E-14,2.22044604987E-16,1.));
#830 = ADVANCED_FACE('',(#831),#842,.F.);
#831 = FACE_BOUND('',#832,.F.);
#832 = EDGE_LOOP('',(#833,#834,#835,#836));
#833 = ORIENTED_EDGE('',*,*,#768,.F.);
#834 = ORIENTED_EDGE('',*,*,#206,.T.);
#835 = ORIENTED_EDGE('',*,*,#811,.F.);
#836 = ORIENTED_EDGE('',*,*,#837,.F.);
#837 = EDGE_CURVE('',#761,#812,#838,.T.);
#838 = LINE('',#839,#840);
#839 = CARTESIAN_POINT('',(8.212563738133,5.666884426788,11.744992866169
    ));
#840 = VECTOR('',#841,1.);
#841 = DIRECTION('',(-9.635897949577E-13,1.,-2.22044604925E-16));
#842 = PLANE('',#843);
#843 = AXIS2_PLACEMENT_3D('',#844,#845,#846);
#844 = CARTESIAN_POINT('',(8.212563738133,5.666884426788,12.691403027679
    ));
#845 = DIRECTION('',(-1.,-9.635897949577E-13,4.378026466835E-13));
#846 = DIRECTION('',(-4.378026466835E-13,-2.220446053469E-16,-1.));
#847 = ADVANCED_FACE('',(#848,#923),#943,.T.);
#848 = FACE_BOUND('',#849,.T.);
#849 = EDGE_LOOP('',(#850,#861,#869,#878,#884,#885,#893,#901,#909,#917)
  );
#850 = ORIENTED_EDGE('',*,*,#851,.T.);
#851 = EDGE_CURVE('',#852,#854,#856,.T.);
#852 = VERTEX_POINT('',#853);
#853 = CARTESIAN_POINT('',(8.028857443654,2.366884426791,10.599980212436
    ));
#854 = VERTEX_POINT('',#855);
#855 = CARTESIAN_POINT('',(7.771387206878,2.366884426791,10.617984285264
    ));
#856 = CIRCLE('',#857,1.85);
#857 = AXIS2_PLACEMENT_3D('',#858,#859,#860);
#858 = CARTESIAN_POINT('',(8.028857443654,2.366884426791,12.449980212436
    ));
#859 = DIRECTION('',(1.090933291192E-13,1.,1.523941150263E-17));
#860 = DIRECTION('',(-0.13917310096,1.519794801018E-14,-0.990268068742)
  );
#861 = ORIENTED_EDGE('',*,*,#862,.T.);
#862 = EDGE_CURVE('',#854,#863,#865,.T.);
#863 = VERTEX_POINT('',#864);
#864 = CARTESIAN_POINT('',(2.605399277062,2.366884426791,11.344016540983
    ));
#865 = LINE('',#866,#867);
#866 = CARTESIAN_POINT('',(8.206960205534,2.366884426791,10.556768492459
    ));
#867 = VECTOR('',#868,1.);
#868 = DIRECTION('',(-0.990268068742,1.080295194233E-13,0.13917310096));
#869 = ORIENTED_EDGE('',*,*,#870,.T.);
#870 = EDGE_CURVE('',#863,#871,#873,.T.);
#871 = VERTEX_POINT('',#872);
#872 = CARTESIAN_POINT('',(1.85528729906,2.366884426791,11.624471917456)
  );
#873 = CIRCLE('',#874,1.85);
#874 = AXIS2_PLACEMENT_3D('',#875,#876,#877);
#875 = CARTESIAN_POINT('',(2.862869513838,2.366884426791,13.176012468155
    ));
#876 = DIRECTION('',(1.090933291192E-13,1.,1.523941150263E-17));
#877 = DIRECTION('',(-0.13917310096,1.519794801018E-14,-0.990268068742)
  );
#878 = ORIENTED_EDGE('',*,*,#879,.T.);
#879 = EDGE_CURVE('',#871,#215,#880,.T.);
#880 = LINE('',#881,#882);
#881 = CARTESIAN_POINT('',(0.876103820825,2.366884426791,12.260361103356
    ));
#882 = VECTOR('',#883,1.);
#883 = DIRECTION('',(-0.838670567945,9.14850643131E-14,0.544639035015));
#884 = ORIENTED_EDGE('',*,*,#214,.T.);
#885 = ORIENTED_EDGE('',*,*,#886,.F.);
#886 = EDGE_CURVE('',#887,#217,#889,.T.);
#887 = VERTEX_POINT('',#888);
#888 = CARTESIAN_POINT('',(8.430439985171,2.366884426791,11.787644923338
    ));
#889 = LINE('',#890,#891);
#890 = CARTESIAN_POINT('',(8.380926581734,2.366884426791,11.794603578386
    ));
#891 = VECTOR('',#892,1.);
#892 = DIRECTION('',(-0.990268068742,1.080295194233E-13,0.13917310096));
#893 = ORIENTED_EDGE('',*,*,#894,.F.);
#894 = EDGE_CURVE('',#895,#887,#897,.T.);
#895 = VERTEX_POINT('',#896);
#896 = CARTESIAN_POINT('',(8.341181102188,2.366884426791,11.152534969906
    ));
#897 = LINE('',#898,#899);
#898 = CARTESIAN_POINT('',(7.038708975571,2.366884426791,1.884964235923)
  );
#899 = VECTOR('',#900,1.);
#900 = DIRECTION('',(0.13917310096,-1.519794801018E-14,0.990268068742));
#901 = ORIENTED_EDGE('',*,*,#902,.F.);
#902 = EDGE_CURVE('',#903,#895,#905,.T.);
#903 = VERTEX_POINT('',#904);
#904 = CARTESIAN_POINT('',(8.997569024325,2.366884426791,11.152534969906
    ));
#905 = LINE('',#906,#907);
#906 = CARTESIAN_POINT('',(8.997569024325,2.366884426791,11.152534969906
    ));
#907 = VECTOR('',#908,1.);
#908 = DIRECTION('',(-1.,1.090933291192E-13,-7.073715976526E-15));
#909 = ORIENTED_EDGE('',*,*,#910,.T.);
#910 = EDGE_CURVE('',#903,#911,#913,.T.);
#911 = VERTEX_POINT('',#912);
#912 = CARTESIAN_POINT('',(8.919912517491,2.366884426791,10.599980212436
    ));
#913 = LINE('',#914,#915);
#914 = CARTESIAN_POINT('',(9.004527679373,2.366884426791,11.202048373344
    ));
#915 = VECTOR('',#916,1.);
#916 = DIRECTION('',(-0.13917310096,1.519794801018E-14,-0.990268068742)
  );
#917 = ORIENTED_EDGE('',*,*,#918,.T.);
#918 = EDGE_CURVE('',#911,#852,#919,.T.);
#919 = LINE('',#920,#921);
#920 = CARTESIAN_POINT('',(8.028857443654,2.366884426791,10.599980212436
    ));
#921 = VECTOR('',#922,1.);
#922 = DIRECTION('',(-1.,1.090933291192E-13,-6.799131489263E-15));
#923 = FACE_BOUND('',#924,.T.);
#924 = EDGE_LOOP('',(#925,#936));
#925 = ORIENTED_EDGE('',*,*,#926,.F.);
#926 = EDGE_CURVE('',#927,#929,#931,.T.);
#927 = VERTEX_POINT('',#928);
#928 = CARTESIAN_POINT('',(8.045198820083,2.366884426791,11.417659457784
    ));
#929 = VERTEX_POINT('',#930);
#930 = CARTESIAN_POINT('',(7.967261883546,2.366884426791,10.863109339288
    ));
#931 = CIRCLE('',#932,0.28);
#932 = AXIS2_PLACEMENT_3D('',#933,#934,#935);
#933 = CARTESIAN_POINT('',(8.006230351814,2.366884426791,11.140384398536
    ));
#934 = DIRECTION('',(1.090933291192E-13,1.,1.523941150263E-17));
#935 = DIRECTION('',(-0.13917310096,1.519794801018E-14,-0.990268068742)
  );
#936 = ORIENTED_EDGE('',*,*,#937,.F.);
#937 = EDGE_CURVE('',#929,#927,#938,.T.);
#938 = CIRCLE('',#939,0.28);
#939 = AXIS2_PLACEMENT_3D('',#940,#941,#942);
#940 = CARTESIAN_POINT('',(8.006230351814,2.366884426791,11.140384398536
    ));
#941 = DIRECTION('',(1.090933291192E-13,1.,1.523941150263E-17));
#942 = DIRECTION('',(-0.13917310096,1.519794801018E-14,-0.990268068742)
  );
#943 = PLANE('',#944);
#944 = AXIS2_PLACEMENT_3D('',#945,#946,#947);
#945 = CARTESIAN_POINT('',(8.18608424039,2.366884426791,10.408228282148)
  );
#946 = DIRECTION('',(1.090933291192E-13,1.,1.523941150263E-17));
#947 = DIRECTION('',(-0.13917310096,1.519794801018E-14,-0.990268068742)
  );
#948 = ADVANCED_FACE('',(#949),#1008,.F.);
#949 = FACE_BOUND('',#950,.F.);
#950 = EDGE_LOOP('',(#951,#959,#960,#968,#977,#985,#994,#1000,#1001,
    #1002));
#951 = ORIENTED_EDGE('',*,*,#952,.F.);
#952 = EDGE_CURVE('',#257,#953,#955,.T.);
#953 = VERTEX_POINT('',#954);
#954 = CARTESIAN_POINT('',(8.430439985171,4.866884426791,11.787644923338
    ));
#955 = LINE('',#956,#957);
#956 = CARTESIAN_POINT('',(8.380926581734,4.866884426791,11.794603578386
    ));
#957 = VECTOR('',#958,1.);
#958 = DIRECTION('',(0.990268068742,-1.080295194233E-13,-0.13917310096)
  );
#959 = ORIENTED_EDGE('',*,*,#290,.T.);
#960 = ORIENTED_EDGE('',*,*,#961,.T.);
#961 = EDGE_CURVE('',#283,#962,#964,.T.);
#962 = VERTEX_POINT('',#963);
#963 = CARTESIAN_POINT('',(8.777033809231,5.316884426791,11.738934338002
    ));
#964 = LINE('',#965,#966);
#965 = CARTESIAN_POINT('',(9.074114229853,5.316884426791,11.697182407714
    ));
#966 = VECTOR('',#967,1.);
#967 = DIRECTION('',(0.990268068742,-1.080295194233E-13,-0.13917310096)
  );
#968 = ORIENTED_EDGE('',*,*,#969,.F.);
#969 = EDGE_CURVE('',#970,#962,#972,.T.);
#970 = VERTEX_POINT('',#971);
#971 = CARTESIAN_POINT('',(9.074114229853,5.016884426791,11.697182407714
    ));
#972 = CIRCLE('',#973,0.3);
#973 = AXIS2_PLACEMENT_3D('',#974,#975,#976);
#974 = CARTESIAN_POINT('',(8.777033809231,5.016884426791,11.738934338002
    ));
#975 = DIRECTION('',(0.13917310096,-1.519794801018E-14,0.990268068742));
#976 = DIRECTION('',(-0.990268068742,1.080295194233E-13,0.13917310096));
#977 = ORIENTED_EDGE('',*,*,#978,.T.);
#978 = EDGE_CURVE('',#970,#979,#981,.T.);
#979 = VERTEX_POINT('',#980);
#980 = CARTESIAN_POINT('',(9.074114229853,2.216884426791,11.697182407714
    ));
#981 = LINE('',#982,#983);
#982 = CARTESIAN_POINT('',(9.074114229853,5.316884426791,11.697182407714
    ));
#983 = VECTOR('',#984,1.);
#984 = DIRECTION('',(-1.088407054036E-13,-1.,-5.074335936437E-17));
#985 = ORIENTED_EDGE('',*,*,#986,.F.);
#986 = EDGE_CURVE('',#987,#979,#989,.T.);
#987 = VERTEX_POINT('',#988);
#988 = CARTESIAN_POINT('',(8.777033809231,1.916884426791,11.738934338002
    ));
#989 = CIRCLE('',#990,0.3);
#990 = AXIS2_PLACEMENT_3D('',#991,#992,#993);
#991 = CARTESIAN_POINT('',(8.777033809231,2.216884426791,11.738934338002
    ));
#992 = DIRECTION('',(0.13917310096,-1.519794801018E-14,0.990268068742));
#993 = DIRECTION('',(-0.990268068742,1.080295194233E-13,0.13917310096));
#994 = ORIENTED_EDGE('',*,*,#995,.T.);
#995 = EDGE_CURVE('',#987,#225,#996,.T.);
#996 = LINE('',#997,#998);
#997 = CARTESIAN_POINT('',(9.074114229853,1.916884426791,11.697182407714
    ));
#998 = VECTOR('',#999,1.);
#999 = DIRECTION('',(-0.990268068742,1.080295194233E-13,0.13917310096));
#1000 = ORIENTED_EDGE('',*,*,#224,.T.);
#1001 = ORIENTED_EDGE('',*,*,#886,.F.);
#1002 = ORIENTED_EDGE('',*,*,#1003,.T.);
#1003 = EDGE_CURVE('',#887,#953,#1004,.T.);
#1004 = LINE('',#1005,#1006);
#1005 = CARTESIAN_POINT('',(8.430439985171,4.866884426791,
    11.787644923338));
#1006 = VECTOR('',#1007,1.);
#1007 = DIRECTION('',(1.089215449926E-13,1.,3.938209604861E-17));
#1008 = PLANE('',#1009);
#1009 = AXIS2_PLACEMENT_3D('',#1010,#1011,#1012);
#1010 = CARTESIAN_POINT('',(4.766448130827,3.616884426791,
    12.302585396891));
#1011 = DIRECTION('',(-0.13917310096,1.519794801018E-14,-0.990268068742)
  );
#1012 = DIRECTION('',(-0.990268068742,1.080295194233E-13,0.13917310096)
  );
#1013 = ADVANCED_FACE('',(#1014,#1074),#1094,.F.);
#1014 = FACE_BOUND('',#1015,.F.);
#1015 = EDGE_LOOP('',(#1016,#1024,#1025,#1026,#1034,#1042,#1051,#1059,
    #1068));
#1016 = ORIENTED_EDGE('',*,*,#1017,.T.);
#1017 = EDGE_CURVE('',#1018,#233,#1020,.T.);
#1018 = VERTEX_POINT('',#1019);
#1019 = CARTESIAN_POINT('',(0.822833653305,1.916884426791,
    12.116100660708));
#1020 = LINE('',#1021,#1022);
#1021 = CARTESIAN_POINT('',(0.849072722852,1.916884426791,
    12.302801341706));
#1022 = VECTOR('',#1023,1.);
#1023 = DIRECTION('',(0.13917310096,-1.519794801018E-14,0.990268068742)
  );
#1024 = ORIENTED_EDGE('',*,*,#232,.T.);
#1025 = ORIENTED_EDGE('',*,*,#995,.F.);
#1026 = ORIENTED_EDGE('',*,*,#1027,.F.);
#1027 = EDGE_CURVE('',#1028,#987,#1030,.T.);
#1028 = VERTEX_POINT('',#1029);
#1029 = CARTESIAN_POINT('',(8.59588312053,1.916884426791,10.449980212436
    ));
#1030 = LINE('',#1031,#1032);
#1031 = CARTESIAN_POINT('',(8.582191467887,1.916884426791,
    10.352559041764));
#1032 = VECTOR('',#1033,1.);
#1033 = DIRECTION('',(0.13917310096,-1.519794801018E-14,0.990268068742)
  );
#1034 = ORIENTED_EDGE('',*,*,#1035,.F.);
#1035 = EDGE_CURVE('',#1036,#1028,#1038,.T.);
#1036 = VERTEX_POINT('',#1037);
#1037 = CARTESIAN_POINT('',(8.028857443654,1.916884426791,
    10.449980212436));
#1038 = LINE('',#1039,#1040);
#1039 = CARTESIAN_POINT('',(8.879271888509,1.916884426791,
    10.449980212436));
#1040 = VECTOR('',#1041,1.);
#1041 = DIRECTION('',(1.,-1.090933291192E-13,6.826616949525E-15));
#1042 = ORIENTED_EDGE('',*,*,#1043,.F.);
#1043 = EDGE_CURVE('',#1044,#1036,#1046,.T.);
#1044 = VERTEX_POINT('',#1045);
#1045 = CARTESIAN_POINT('',(7.750511241734,1.916884426791,
    10.469444074953));
#1046 = CIRCLE('',#1047,2.);
#1047 = AXIS2_PLACEMENT_3D('',#1048,#1049,#1050);
#1048 = CARTESIAN_POINT('',(8.028857443654,1.916884426791,
    12.449980212436));
#1049 = DIRECTION('',(-1.090933291192E-13,-1.,-1.523941150263E-17));
#1050 = DIRECTION('',(-0.13917310096,1.519794801018E-14,-0.990268068742)
  );
#1051 = ORIENTED_EDGE('',*,*,#1052,.T.);
#1052 = EDGE_CURVE('',#1044,#1053,#1055,.T.);
#1053 = VERTEX_POINT('',#1054);
#1054 = CARTESIAN_POINT('',(2.584523311918,1.916884426791,
    11.195476330672));
#1055 = LINE('',#1056,#1057);
#1056 = CARTESIAN_POINT('',(8.879271888509,1.916884426791,
    10.310807111476));
#1057 = VECTOR('',#1058,1.);
#1058 = DIRECTION('',(-0.990268068742,1.080295194233E-13,0.13917310096)
  );
#1059 = ORIENTED_EDGE('',*,*,#1060,.F.);
#1060 = EDGE_CURVE('',#1061,#1053,#1063,.T.);
#1061 = VERTEX_POINT('',#1062);
#1062 = CARTESIAN_POINT('',(1.773591443808,1.916884426791,
    11.498671332264));
#1063 = CIRCLE('',#1064,2.);
#1064 = AXIS2_PLACEMENT_3D('',#1065,#1066,#1067);
#1065 = CARTESIAN_POINT('',(2.862869513838,1.916884426791,
    13.176012468155));
#1066 = DIRECTION('',(-1.090933291192E-13,-1.,-1.523941150262E-17));
#1067 = DIRECTION('',(-0.13917310096,1.519794801017E-14,-0.990268068742)
  );
#1068 = ORIENTED_EDGE('',*,*,#1069,.F.);
#1069 = EDGE_CURVE('',#1018,#1061,#1070,.T.);
#1070 = LINE('',#1071,#1072);
#1071 = CARTESIAN_POINT('',(7.314085953181,1.916884426791,7.900632127808
    ));
#1072 = VECTOR('',#1073,1.);
#1073 = DIRECTION('',(0.838670567945,-9.14850643131E-14,-0.544639035015)
  );
#1074 = FACE_BOUND('',#1075,.F.);
#1075 = EDGE_LOOP('',(#1076,#1087));
#1076 = ORIENTED_EDGE('',*,*,#1077,.T.);
#1077 = EDGE_CURVE('',#1078,#1080,#1082,.T.);
#1078 = VERTEX_POINT('',#1079);
#1079 = CARTESIAN_POINT('',(8.045198820083,1.916884426791,
    11.417659457784));
#1080 = VERTEX_POINT('',#1081);
#1081 = CARTESIAN_POINT('',(7.967261883545,1.916884426791,
    10.863109339288));
#1082 = CIRCLE('',#1083,0.28);
#1083 = AXIS2_PLACEMENT_3D('',#1084,#1085,#1086);
#1084 = CARTESIAN_POINT('',(8.006230351814,1.916884426791,
    11.140384398536));
#1085 = DIRECTION('',(-1.090933291192E-13,-1.,-1.523941150263E-17));
#1086 = DIRECTION('',(0.13917310096,-1.519794801018E-14,0.990268068742)
  );
#1087 = ORIENTED_EDGE('',*,*,#1088,.T.);
#1088 = EDGE_CURVE('',#1080,#1078,#1089,.T.);
#1089 = CIRCLE('',#1090,0.28);
#1090 = AXIS2_PLACEMENT_3D('',#1091,#1092,#1093);
#1091 = CARTESIAN_POINT('',(8.006230351814,1.916884426791,
    11.140384398536));
#1092 = DIRECTION('',(-1.090933291192E-13,-1.,-1.523941150263E-17));
#1093 = DIRECTION('',(0.13917310096,-1.519794801018E-14,0.990268068742)
  );
#1094 = PLANE('',#1095);
#1095 = AXIS2_PLACEMENT_3D('',#1096,#1097,#1098);
#1096 = CARTESIAN_POINT('',(8.879271888509,1.916884426791,
    10.310807111476));
#1097 = DIRECTION('',(1.090933291192E-13,1.,1.523941150263E-17));
#1098 = DIRECTION('',(-0.13917310096,1.519794801018E-14,-0.990268068742)
  );
#1099 = ADVANCED_FACE('',(#1100),#1118,.F.);
#1100 = FACE_BOUND('',#1101,.F.);
#1101 = EDGE_LOOP('',(#1102,#1110,#1111,#1112));
#1102 = ORIENTED_EDGE('',*,*,#1103,.F.);
#1103 = EDGE_CURVE('',#241,#1104,#1106,.T.);
#1104 = VERTEX_POINT('',#1105);
#1105 = CARTESIAN_POINT('',(0.822833653305,2.216884426791,
    12.116100660708));
#1106 = LINE('',#1107,#1108);
#1107 = CARTESIAN_POINT('',(0.771907383027,1.885247961132,
    11.753741419102));
#1108 = VECTOR('',#1109,1.);
#1109 = DIRECTION('',(-0.103122486558,-0.671542934238,-0.733754618549));
#1110 = ORIENTED_EDGE('',*,*,#240,.T.);
#1111 = ORIENTED_EDGE('',*,*,#1017,.F.);
#1112 = ORIENTED_EDGE('',*,*,#1113,.F.);
#1113 = EDGE_CURVE('',#1104,#1018,#1114,.T.);
#1114 = LINE('',#1115,#1116);
#1115 = CARTESIAN_POINT('',(0.822833653305,3.157905993136,
    12.116100660708));
#1116 = VECTOR('',#1117,1.);
#1117 = DIRECTION('',(-1.090933291192E-13,-1.,-1.523941150263E-17));
#1118 = PLANE('',#1119);
#1119 = AXIS2_PLACEMENT_3D('',#1120,#1121,#1122);
#1120 = CARTESIAN_POINT('',(0.849072722852,3.157905993136,
    12.302801341706));
#1121 = DIRECTION('',(0.990268068742,-1.080295194233E-13,-0.13917310096)
  );
#1122 = DIRECTION('',(-0.13917310096,1.519794801018E-14,-0.990268068742)
  );
#1123 = ADVANCED_FACE('',(#1124),#1143,.T.);
#1124 = FACE_BOUND('',#1125,.T.);
#1125 = EDGE_LOOP('',(#1126,#1127,#1128,#1129,#1137));
#1126 = ORIENTED_EDGE('',*,*,#1103,.F.);
#1127 = ORIENTED_EDGE('',*,*,#248,.T.);
#1128 = ORIENTED_EDGE('',*,*,#879,.F.);
#1129 = ORIENTED_EDGE('',*,*,#1130,.F.);
#1130 = EDGE_CURVE('',#1131,#871,#1133,.T.);
#1131 = VERTEX_POINT('',#1132);
#1132 = CARTESIAN_POINT('',(1.773591443808,2.216884426791,
    11.498671332264));
#1133 = LINE('',#1134,#1135);
#1134 = CARTESIAN_POINT('',(1.773591443808,2.216884426791,
    11.498671332264));
#1135 = VECTOR('',#1136,1.);
#1136 = DIRECTION('',(0.385117954958,0.707106781187,0.593029645776));
#1137 = ORIENTED_EDGE('',*,*,#1138,.F.);
#1138 = EDGE_CURVE('',#1104,#1131,#1139,.T.);
#1139 = LINE('',#1140,#1141);
#1140 = CARTESIAN_POINT('',(1.773591443808,2.216884426791,
    11.498671332264));
#1141 = VECTOR('',#1142,1.);
#1142 = DIRECTION('',(0.838670567945,-9.14850643131E-14,-0.544639035015)
  );
#1143 = PLANE('',#1144);
#1144 = AXIS2_PLACEMENT_3D('',#1145,#1146,#1147);
#1145 = CARTESIAN_POINT('',(2.145449021066,2.216884426791,
    11.257184198004));
#1146 = DIRECTION('',(-0.385117954958,0.707106781187,-0.593029645776));
#1147 = DIRECTION('',(-0.838670567945,9.14757534368E-14,0.544639035015)
  );
#1148 = ADVANCED_FACE('',(#1149,#1217),#1237,.T.);
#1149 = FACE_BOUND('',#1150,.T.);
#1150 = EDGE_LOOP('',(#1151,#1159,#1168,#1176,#1185,#1193,#1201,#1209,
    #1215,#1216));
#1151 = ORIENTED_EDGE('',*,*,#1152,.T.);
#1152 = EDGE_CURVE('',#259,#1153,#1155,.T.);
#1153 = VERTEX_POINT('',#1154);
#1154 = CARTESIAN_POINT('',(1.85528729906,4.866884426791,11.624471917456
    ));
#1155 = LINE('',#1156,#1157);
#1156 = CARTESIAN_POINT('',(1.85528729906,4.866884426791,11.624471917456
    ));
#1157 = VECTOR('',#1158,1.);
#1158 = DIRECTION('',(0.838670567945,-9.14850643131E-14,-0.544639035015)
  );
#1159 = ORIENTED_EDGE('',*,*,#1160,.T.);
#1160 = EDGE_CURVE('',#1153,#1161,#1163,.T.);
#1161 = VERTEX_POINT('',#1162);
#1162 = CARTESIAN_POINT('',(2.605399277062,4.866884426791,
    11.344016540983));
#1163 = CIRCLE('',#1164,1.85);
#1164 = AXIS2_PLACEMENT_3D('',#1165,#1166,#1167);
#1165 = CARTESIAN_POINT('',(2.862869513838,4.866884426791,
    13.176012468155));
#1166 = DIRECTION('',(-1.090933291192E-13,-1.,-1.523941150263E-17));
#1167 = DIRECTION('',(0.13917310096,-1.519794801018E-14,0.990268068742)
  );
#1168 = ORIENTED_EDGE('',*,*,#1169,.T.);
#1169 = EDGE_CURVE('',#1161,#1170,#1172,.T.);
#1170 = VERTEX_POINT('',#1171);
#1171 = CARTESIAN_POINT('',(7.771387206879,4.866884426791,
    10.617984285264));
#1172 = LINE('',#1173,#1174);
#1173 = CARTESIAN_POINT('',(8.206960205534,4.866884426791,
    10.556768492459));
#1174 = VECTOR('',#1175,1.);
#1175 = DIRECTION('',(0.990268068742,-1.080295194233E-13,-0.13917310096)
  );
#1176 = ORIENTED_EDGE('',*,*,#1177,.T.);
#1177 = EDGE_CURVE('',#1170,#1178,#1180,.T.);
#1178 = VERTEX_POINT('',#1179);
#1179 = CARTESIAN_POINT('',(8.028857443655,4.866884426791,
    10.599980212436));
#1180 = CIRCLE('',#1181,1.85);
#1181 = AXIS2_PLACEMENT_3D('',#1182,#1183,#1184);
#1182 = CARTESIAN_POINT('',(8.028857443655,4.866884426791,
    12.449980212436));
#1183 = DIRECTION('',(-1.090933291192E-13,-1.,-1.523941150263E-17));
#1184 = DIRECTION('',(0.13917310096,-1.519794801018E-14,0.990268068742)
  );
#1185 = ORIENTED_EDGE('',*,*,#1186,.T.);
#1186 = EDGE_CURVE('',#1178,#1187,#1189,.T.);
#1187 = VERTEX_POINT('',#1188);
#1188 = CARTESIAN_POINT('',(8.919912517492,4.866884426791,
    10.599980212436));
#1189 = LINE('',#1190,#1191);
#1190 = CARTESIAN_POINT('',(8.898831392286,4.866884426791,
    10.599980212436));
#1191 = VECTOR('',#1192,1.);
#1192 = DIRECTION('',(1.,-1.090933291192E-13,6.799131489263E-15));
#1193 = ORIENTED_EDGE('',*,*,#1194,.F.);
#1194 = EDGE_CURVE('',#1195,#1187,#1197,.T.);
#1195 = VERTEX_POINT('',#1196);
#1196 = CARTESIAN_POINT('',(8.997569024325,4.866884426791,
    11.152534969906));
#1197 = LINE('',#1198,#1199);
#1198 = CARTESIAN_POINT('',(9.004527679373,4.866884426791,
    11.202048373344));
#1199 = VECTOR('',#1200,1.);
#1200 = DIRECTION('',(-0.13917310096,1.519794801018E-14,-0.990268068742)
  );
#1201 = ORIENTED_EDGE('',*,*,#1202,.F.);
#1202 = EDGE_CURVE('',#1203,#1195,#1205,.T.);
#1203 = VERTEX_POINT('',#1204);
#1204 = CARTESIAN_POINT('',(8.341181102188,4.866884426791,
    11.152534969906));
#1205 = LINE('',#1206,#1207);
#1206 = CARTESIAN_POINT('',(8.997569024325,4.866884426791,
    11.152534969906));
#1207 = VECTOR('',#1208,1.);
#1208 = DIRECTION('',(1.,-1.090933291192E-13,7.073715976526E-15));
#1209 = ORIENTED_EDGE('',*,*,#1210,.T.);
#1210 = EDGE_CURVE('',#1203,#953,#1211,.T.);
#1211 = LINE('',#1212,#1213);
#1212 = CARTESIAN_POINT('',(7.038708975571,4.866884426791,1.884964235923
    ));
#1213 = VECTOR('',#1214,1.);
#1214 = DIRECTION('',(0.13917310096,-1.519794801018E-14,0.990268068742)
  );
#1215 = ORIENTED_EDGE('',*,*,#952,.F.);
#1216 = ORIENTED_EDGE('',*,*,#256,.T.);
#1217 = FACE_BOUND('',#1218,.T.);
#1218 = EDGE_LOOP('',(#1219,#1230));
#1219 = ORIENTED_EDGE('',*,*,#1220,.F.);
#1220 = EDGE_CURVE('',#1221,#1223,#1225,.T.);
#1221 = VERTEX_POINT('',#1222);
#1222 = CARTESIAN_POINT('',(8.045198820083,4.866884426791,
    11.417659457784));
#1223 = VERTEX_POINT('',#1224);
#1224 = CARTESIAN_POINT('',(7.967261883546,4.866884426791,
    10.863109339288));
#1225 = CIRCLE('',#1226,0.28);
#1226 = AXIS2_PLACEMENT_3D('',#1227,#1228,#1229);
#1227 = CARTESIAN_POINT('',(8.006230351815,4.866884426791,
    11.140384398536));
#1228 = DIRECTION('',(-1.090933291192E-13,-1.,-1.523941150263E-17));
#1229 = DIRECTION('',(0.13917310096,-1.519794801018E-14,0.990268068742)
  );
#1230 = ORIENTED_EDGE('',*,*,#1231,.F.);
#1231 = EDGE_CURVE('',#1223,#1221,#1232,.T.);
#1232 = CIRCLE('',#1233,0.28);
#1233 = AXIS2_PLACEMENT_3D('',#1234,#1235,#1236);
#1234 = CARTESIAN_POINT('',(8.006230351815,4.866884426791,
    11.140384398536));
#1235 = DIRECTION('',(-1.090933291192E-13,-1.,-1.523941150263E-17));
#1236 = DIRECTION('',(0.13917310096,-1.519794801018E-14,0.990268068742)
  );
#1237 = PLANE('',#1238);
#1238 = AXIS2_PLACEMENT_3D('',#1239,#1240,#1241);
#1239 = CARTESIAN_POINT('',(8.18608424039,4.866884426791,10.408228282148
    ));
#1240 = DIRECTION('',(-1.090933291192E-13,-1.,-1.523941150263E-17));
#1241 = DIRECTION('',(0.13917310096,-1.519794801018E-14,0.990268068742)
  );
#1242 = ADVANCED_FACE('',(#1243),#1269,.T.);
#1243 = FACE_BOUND('',#1244,.T.);
#1244 = EDGE_LOOP('',(#1245,#1253,#1261,#1267,#1268));
#1245 = ORIENTED_EDGE('',*,*,#1246,.F.);
#1246 = EDGE_CURVE('',#1247,#267,#1249,.T.);
#1247 = VERTEX_POINT('',#1248);
#1248 = CARTESIAN_POINT('',(0.822833653305,5.016884426791,
    12.116100660708));
#1249 = LINE('',#1250,#1251);
#1250 = CARTESIAN_POINT('',(0.771907383028,5.348520892451,
    11.753741419102));
#1251 = VECTOR('',#1252,1.);
#1252 = DIRECTION('',(0.103122486557,-0.671542934238,0.733754618549));
#1253 = ORIENTED_EDGE('',*,*,#1254,.F.);
#1254 = EDGE_CURVE('',#1255,#1247,#1257,.T.);
#1255 = VERTEX_POINT('',#1256);
#1256 = CARTESIAN_POINT('',(1.773591443808,5.016884426791,
    11.498671332264));
#1257 = LINE('',#1258,#1259);
#1258 = CARTESIAN_POINT('',(0.794407965573,5.016884426791,
    12.134560518164));
#1259 = VECTOR('',#1260,1.);
#1260 = DIRECTION('',(-0.838670567945,9.14850643131E-14,0.544639035015)
  );
#1261 = ORIENTED_EDGE('',*,*,#1262,.T.);
#1262 = EDGE_CURVE('',#1255,#1153,#1263,.T.);
#1263 = LINE('',#1264,#1265);
#1264 = CARTESIAN_POINT('',(1.773591443808,5.016884426791,
    11.498671332264));
#1265 = VECTOR('',#1266,1.);
#1266 = DIRECTION('',(0.385117954958,-0.707106781187,0.593029645776));
#1267 = ORIENTED_EDGE('',*,*,#1152,.F.);
#1268 = ORIENTED_EDGE('',*,*,#266,.T.);
#1269 = PLANE('',#1270);
#1270 = AXIS2_PLACEMENT_3D('',#1271,#1272,#1273);
#1271 = CARTESIAN_POINT('',(2.145449021067,5.016884426791,
    11.257184198004));
#1272 = DIRECTION('',(-0.385117954958,-0.707106781187,-0.593029645776));
#1273 = DIRECTION('',(0.838670567945,-9.14943751894E-14,-0.544639035015)
  );
#1274 = ADVANCED_FACE('',(#1275),#1293,.F.);
#1275 = FACE_BOUND('',#1276,.F.);
#1276 = EDGE_LOOP('',(#1277,#1278,#1279,#1287));
#1277 = ORIENTED_EDGE('',*,*,#274,.T.);
#1278 = ORIENTED_EDGE('',*,*,#1246,.F.);
#1279 = ORIENTED_EDGE('',*,*,#1280,.T.);
#1280 = EDGE_CURVE('',#1247,#1281,#1283,.T.);
#1281 = VERTEX_POINT('',#1282);
#1282 = CARTESIAN_POINT('',(0.822833653305,5.316884426791,
    12.116100660708));
#1283 = LINE('',#1284,#1285);
#1284 = CARTESIAN_POINT('',(0.822833653305,4.075862860447,
    12.116100660708));
#1285 = VECTOR('',#1286,1.);
#1286 = DIRECTION('',(1.090933291192E-13,1.,1.523941150263E-17));
#1287 = ORIENTED_EDGE('',*,*,#1288,.F.);
#1288 = EDGE_CURVE('',#275,#1281,#1289,.T.);
#1289 = LINE('',#1290,#1291);
#1290 = CARTESIAN_POINT('',(0.849072722852,5.316884426791,
    12.302801341706));
#1291 = VECTOR('',#1292,1.);
#1292 = DIRECTION('',(-0.13917310096,1.519794801018E-14,-0.990268068742)
  );
#1293 = PLANE('',#1294);
#1294 = AXIS2_PLACEMENT_3D('',#1295,#1296,#1297);
#1295 = CARTESIAN_POINT('',(0.849072722852,4.075862860447,
    12.302801341706));
#1296 = DIRECTION('',(0.990268068742,-1.080295194233E-13,-0.13917310096)
  );
#1297 = DIRECTION('',(-0.13917310096,1.519794801018E-14,-0.990268068742)
  );
#1298 = ADVANCED_FACE('',(#1299,#1352),#1372,.F.);
#1299 = FACE_BOUND('',#1300,.F.);
#1300 = EDGE_LOOP('',(#1301,#1302,#1310,#1319,#1327,#1336,#1344,#1350,
    #1351));
#1301 = ORIENTED_EDGE('',*,*,#1288,.T.);
#1302 = ORIENTED_EDGE('',*,*,#1303,.T.);
#1303 = EDGE_CURVE('',#1281,#1304,#1306,.T.);
#1304 = VERTEX_POINT('',#1305);
#1305 = CARTESIAN_POINT('',(1.773591443808,5.316884426791,
    11.498671332264));
#1306 = LINE('',#1307,#1308);
#1307 = CARTESIAN_POINT('',(2.145449021067,5.316884426791,
    11.257184198004));
#1308 = VECTOR('',#1309,1.);
#1309 = DIRECTION('',(0.838670567945,-9.14850643131E-14,-0.544639035015)
  );
#1310 = ORIENTED_EDGE('',*,*,#1311,.F.);
#1311 = EDGE_CURVE('',#1312,#1304,#1314,.T.);
#1312 = VERTEX_POINT('',#1313);
#1313 = CARTESIAN_POINT('',(2.584523311918,5.316884426791,
    11.195476330672));
#1314 = CIRCLE('',#1315,2.);
#1315 = AXIS2_PLACEMENT_3D('',#1316,#1317,#1318);
#1316 = CARTESIAN_POINT('',(2.862869513838,5.316884426791,
    13.176012468155));
#1317 = DIRECTION('',(1.090933291192E-13,1.,1.523941150263E-17));
#1318 = DIRECTION('',(0.13917310096,-1.519794801018E-14,0.990268068742)
  );
#1319 = ORIENTED_EDGE('',*,*,#1320,.T.);
#1320 = EDGE_CURVE('',#1312,#1321,#1323,.T.);
#1321 = VERTEX_POINT('',#1322);
#1322 = CARTESIAN_POINT('',(7.750511241735,5.316884426791,
    10.469444074953));
#1323 = LINE('',#1324,#1325);
#1324 = CARTESIAN_POINT('',(8.879271888509,5.316884426791,
    10.310807111476));
#1325 = VECTOR('',#1326,1.);
#1326 = DIRECTION('',(0.990268068742,-1.080295194233E-13,-0.13917310096)
  );
#1327 = ORIENTED_EDGE('',*,*,#1328,.F.);
#1328 = EDGE_CURVE('',#1329,#1321,#1331,.T.);
#1329 = VERTEX_POINT('',#1330);
#1330 = CARTESIAN_POINT('',(8.028857443655,5.316884426791,
    10.449980212436));
#1331 = CIRCLE('',#1332,2.);
#1332 = AXIS2_PLACEMENT_3D('',#1333,#1334,#1335);
#1333 = CARTESIAN_POINT('',(8.028857443655,5.316884426791,
    12.449980212436));
#1334 = DIRECTION('',(1.090933291192E-13,1.,1.523941150263E-17));
#1335 = DIRECTION('',(0.13917310096,-1.519794801018E-14,0.990268068742)
  );
#1336 = ORIENTED_EDGE('',*,*,#1337,.T.);
#1337 = EDGE_CURVE('',#1329,#1338,#1340,.T.);
#1338 = VERTEX_POINT('',#1339);
#1339 = CARTESIAN_POINT('',(8.595883120531,5.316884426791,
    10.449980212436));
#1340 = LINE('',#1341,#1342);
#1341 = CARTESIAN_POINT('',(8.898831392286,5.316884426791,
    10.449980212436));
#1342 = VECTOR('',#1343,1.);
#1343 = DIRECTION('',(1.,-1.090933291192E-13,6.799131489263E-15));
#1344 = ORIENTED_EDGE('',*,*,#1345,.F.);
#1345 = EDGE_CURVE('',#962,#1338,#1346,.T.);
#1346 = LINE('',#1347,#1348);
#1347 = CARTESIAN_POINT('',(8.582191467887,5.316884426791,
    10.352559041764));
#1348 = VECTOR('',#1349,1.);
#1349 = DIRECTION('',(-0.13917310096,1.519794801018E-14,-0.990268068742)
  );
#1350 = ORIENTED_EDGE('',*,*,#961,.F.);
#1351 = ORIENTED_EDGE('',*,*,#282,.T.);
#1352 = FACE_BOUND('',#1353,.F.);
#1353 = EDGE_LOOP('',(#1354,#1365));
#1354 = ORIENTED_EDGE('',*,*,#1355,.F.);
#1355 = EDGE_CURVE('',#1356,#1358,#1360,.T.);
#1356 = VERTEX_POINT('',#1357);
#1357 = CARTESIAN_POINT('',(8.045198820083,5.316884426791,
    11.417659457784));
#1358 = VERTEX_POINT('',#1359);
#1359 = CARTESIAN_POINT('',(7.967261883546,5.316884426791,
    10.863109339288));
#1360 = CIRCLE('',#1361,0.28);
#1361 = AXIS2_PLACEMENT_3D('',#1362,#1363,#1364);
#1362 = CARTESIAN_POINT('',(8.006230351815,5.316884426791,
    11.140384398536));
#1363 = DIRECTION('',(-1.090933291192E-13,-1.,-1.523941150263E-17));
#1364 = DIRECTION('',(0.13917310096,-1.519794801018E-14,0.990268068742)
  );
#1365 = ORIENTED_EDGE('',*,*,#1366,.F.);
#1366 = EDGE_CURVE('',#1358,#1356,#1367,.T.);
#1367 = CIRCLE('',#1368,0.28);
#1368 = AXIS2_PLACEMENT_3D('',#1369,#1370,#1371);
#1369 = CARTESIAN_POINT('',(8.006230351815,5.316884426791,
    11.140384398536));
#1370 = DIRECTION('',(-1.090933291192E-13,-1.,-1.523941150263E-17));
#1371 = DIRECTION('',(0.13917310096,-1.519794801018E-14,0.990268068742)
  );
#1372 = PLANE('',#1373);
#1373 = AXIS2_PLACEMENT_3D('',#1374,#1375,#1376);
#1374 = CARTESIAN_POINT('',(8.879271888509,5.316884426791,
    10.310807111476));
#1375 = DIRECTION('',(-1.090933291192E-13,-1.,-1.523941150263E-17));
#1376 = DIRECTION('',(0.13917310096,-1.519794801018E-14,0.990268068742)
  );
#1377 = ADVANCED_FACE('',(#1378),#1403,.T.);
#1378 = FACE_BOUND('',#1379,.T.);
#1379 = EDGE_LOOP('',(#1380,#1388,#1389,#1397));
#1380 = ORIENTED_EDGE('',*,*,#1381,.F.);
#1381 = EDGE_CURVE('',#299,#1382,#1384,.T.);
#1382 = VERTEX_POINT('',#1383);
#1383 = CARTESIAN_POINT('',(6.254447973737,10.86688442678,11.20151260774
    ));
#1384 = LINE('',#1385,#1386);
#1385 = CARTESIAN_POINT('',(5.34641311629,10.866884426779,
    10.834642711359));
#1386 = VECTOR('',#1387,1.);
#1387 = DIRECTION('',(-0.927183854567,-8.934652205137E-13,
    -0.374606593416));
#1388 = ORIENTED_EDGE('',*,*,#298,.T.);
#1389 = ORIENTED_EDGE('',*,*,#1390,.F.);
#1390 = EDGE_CURVE('',#1391,#301,#1393,.T.);
#1391 = VERTEX_POINT('',#1392);
#1392 = CARTESIAN_POINT('',(6.179526655054,10.86688442678,
    11.386949378653));
#1393 = LINE('',#1394,#1395);
#1394 = CARTESIAN_POINT('',(5.271491797607,10.866884426779,
    11.020079482272));
#1395 = VECTOR('',#1396,1.);
#1396 = DIRECTION('',(0.927183854567,8.934652205137E-13,0.374606593416)
  );
#1397 = ORIENTED_EDGE('',*,*,#1398,.T.);
#1398 = EDGE_CURVE('',#1391,#1382,#1399,.T.);
#1399 = LINE('',#1400,#1401);
#1400 = CARTESIAN_POINT('',(6.570701739069,10.86688442678,
    10.418757070824));
#1401 = VECTOR('',#1402,1.);
#1402 = DIRECTION('',(0.374606593416,3.608224830032E-13,-0.927183854567)
  );
#1403 = PLANE('',#1404);
#1404 = AXIS2_PLACEMENT_3D('',#1405,#1406,#1407);
#1405 = CARTESIAN_POINT('',(5.662666881622,10.866884426779,
    10.051887174443));
#1406 = DIRECTION('',(9.635730082629E-13,-1.,1.491819869884E-16));
#1407 = DIRECTION('',(0.927183854567,8.934652205137E-13,0.374606593416)
  );
#1408 = ADVANCED_FACE('',(#1409),#1534,.F.);
#1409 = FACE_BOUND('',#1410,.F.);
#1410 = EDGE_LOOP('',(#1411,#1412,#1420,#1428,#1436,#1444,#1452,#1460,
    #1468,#1476,#1484,#1493,#1501,#1510,#1518,#1527,#1533));
#1411 = ORIENTED_EDGE('',*,*,#1390,.F.);
#1412 = ORIENTED_EDGE('',*,*,#1413,.F.);
#1413 = EDGE_CURVE('',#1414,#1391,#1416,.T.);
#1414 = VERTEX_POINT('',#1415);
#1415 = CARTESIAN_POINT('',(6.179526655053,12.066884426785,
    11.386949378653));
#1416 = LINE('',#1417,#1418);
#1417 = CARTESIAN_POINT('',(6.179526655053,12.36688442678,
    11.386949378653));
#1418 = VECTOR('',#1419,1.);
#1419 = DIRECTION('',(9.635730082629E-13,-1.,1.491819869884E-16));
#1420 = ORIENTED_EDGE('',*,*,#1421,.F.);
#1421 = EDGE_CURVE('',#1422,#1414,#1424,.T.);
#1422 = VERTEX_POINT('',#1423);
#1423 = CARTESIAN_POINT('',(6.190098035532,12.066884426786,
    11.39122049361));
#1424 = LINE('',#1425,#1426);
#1425 = CARTESIAN_POINT('',(6.117724148481,12.066884426785,
    11.361979545175));
#1426 = VECTOR('',#1427,1.);
#1427 = DIRECTION('',(-0.927183854567,-8.934249003101E-13,
    -0.374606593416));
#1428 = ORIENTED_EDGE('',*,*,#1429,.T.);
#1429 = EDGE_CURVE('',#1422,#1430,#1432,.T.);
#1430 = VERTEX_POINT('',#1431);
#1431 = CARTESIAN_POINT('',(6.190098035532,12.366884426786,
    11.39122049361));
#1432 = LINE('',#1433,#1434);
#1433 = CARTESIAN_POINT('',(6.190098035532,12.066884426786,
    11.39122049361));
#1434 = VECTOR('',#1435,1.);
#1435 = DIRECTION('',(-9.635897949577E-13,1.,0.));
#1436 = ORIENTED_EDGE('',*,*,#1437,.F.);
#1437 = EDGE_CURVE('',#1438,#1430,#1440,.T.);
#1438 = VERTEX_POINT('',#1439);
#1439 = CARTESIAN_POINT('',(6.179526655053,12.366884426786,
    11.386949378653));
#1440 = LINE('',#1441,#1442);
#1441 = CARTESIAN_POINT('',(4.489456392301,12.366884426784,
    10.704116668997));
#1442 = VECTOR('',#1443,1.);
#1443 = DIRECTION('',(0.927183854567,8.934249003101E-13,0.374606593416)
  );
#1444 = ORIENTED_EDGE('',*,*,#1445,.F.);
#1445 = EDGE_CURVE('',#1446,#1438,#1448,.T.);
#1446 = VERTEX_POINT('',#1447);
#1447 = CARTESIAN_POINT('',(6.179526655053,12.51688442678,
    11.386949378653));
#1448 = LINE('',#1449,#1450);
#1449 = CARTESIAN_POINT('',(6.179526655053,12.36688442678,
    11.386949378653));
#1450 = VECTOR('',#1451,1.);
#1451 = DIRECTION('',(9.635730082629E-13,-1.,1.491819869884E-16));
#1452 = ORIENTED_EDGE('',*,*,#1453,.T.);
#1453 = EDGE_CURVE('',#1446,#1454,#1456,.T.);
#1454 = VERTEX_POINT('',#1455);
#1455 = CARTESIAN_POINT('',(6.227032265315,12.51688442678,
    11.406142891073));
#1456 = LINE('',#1457,#1458);
#1457 = CARTESIAN_POINT('',(6.133167462324,12.51688442678,
    11.368219048982));
#1458 = VECTOR('',#1459,1.);
#1459 = DIRECTION('',(0.927183854567,8.934652205137E-13,0.374606593416)
  );
#1460 = ORIENTED_EDGE('',*,*,#1461,.T.);
#1461 = EDGE_CURVE('',#1454,#1462,#1464,.T.);
#1462 = VERTEX_POINT('',#1463);
#1463 = CARTESIAN_POINT('',(6.227032265315,12.56688442678,
    11.406142891073));
#1464 = LINE('',#1465,#1466);
#1465 = CARTESIAN_POINT('',(6.227032265315,12.51688442678,
    11.406142891073));
#1466 = VECTOR('',#1467,1.);
#1467 = DIRECTION('',(-9.635730082629E-13,1.,-1.491819869884E-16));
#1468 = ORIENTED_EDGE('',*,*,#1469,.T.);
#1469 = EDGE_CURVE('',#1462,#1470,#1472,.T.);
#1470 = VERTEX_POINT('',#1471);
#1471 = CARTESIAN_POINT('',(6.689477775064,12.56688442678,
    11.592983005032));
#1472 = LINE('',#1473,#1474);
#1473 = CARTESIAN_POINT('',(6.179526655052,12.56688442678,
    11.386949378653));
#1474 = VECTOR('',#1475,1.);
#1475 = DIRECTION('',(0.927183854567,8.934652205137E-13,0.374606593416)
  );
#1476 = ORIENTED_EDGE('',*,*,#1477,.T.);
#1477 = EDGE_CURVE('',#1470,#1478,#1480,.T.);
#1478 = VERTEX_POINT('',#1479);
#1479 = CARTESIAN_POINT('',(6.689477775065,12.01688442678,
    11.592983005032));
#1480 = LINE('',#1481,#1482);
#1481 = CARTESIAN_POINT('',(6.689477775064,12.56688442678,
    11.592983005032));
#1482 = VECTOR('',#1483,1.);
#1483 = DIRECTION('',(9.635730082629E-13,-1.,1.491819869884E-16));
#1484 = ORIENTED_EDGE('',*,*,#1485,.F.);
#1485 = EDGE_CURVE('',#1486,#1478,#1488,.T.);
#1486 = VERTEX_POINT('',#1487);
#1487 = CARTESIAN_POINT('',(6.82855535325,11.866884426781,
    11.649173994044));
#1488 = CIRCLE('',#1489,0.15);
#1489 = AXIS2_PLACEMENT_3D('',#1490,#1491,#1492);
#1490 = CARTESIAN_POINT('',(6.82855535325,12.016884426781,
    11.649173994044));
#1491 = DIRECTION('',(0.374606593416,3.608224830032E-13,-0.927183854567)
  );
#1492 = DIRECTION('',(-0.927183854567,-8.934652205137E-13,
    -0.374606593416));
#1493 = ORIENTED_EDGE('',*,*,#1494,.T.);
#1494 = EDGE_CURVE('',#1486,#1495,#1497,.T.);
#1495 = VERTEX_POINT('',#1496);
#1496 = CARTESIAN_POINT('',(7.199428895077,11.866884426781,
    11.79901663141));
#1497 = LINE('',#1498,#1499);
#1498 = CARTESIAN_POINT('',(6.689477775065,11.86688442678,
    11.592983005032));
#1499 = VECTOR('',#1500,1.);
#1500 = DIRECTION('',(0.927183854567,8.934652205137E-13,0.374606593416)
  );
#1501 = ORIENTED_EDGE('',*,*,#1502,.F.);
#1502 = EDGE_CURVE('',#1503,#1495,#1505,.T.);
#1503 = VERTEX_POINT('',#1504);
#1504 = CARTESIAN_POINT('',(7.338506473261,12.016884426781,
    11.855207620423));
#1505 = CIRCLE('',#1506,0.15);
#1506 = AXIS2_PLACEMENT_3D('',#1507,#1508,#1509);
#1507 = CARTESIAN_POINT('',(7.199428895076,12.016884426781,
    11.79901663141));
#1508 = DIRECTION('',(0.374606593416,3.608224830032E-13,-0.927183854567)
  );
#1509 = DIRECTION('',(-0.927183854567,-8.934652205137E-13,
    -0.374606593416));
#1510 = ORIENTED_EDGE('',*,*,#1511,.T.);
#1511 = EDGE_CURVE('',#1503,#1512,#1514,.T.);
#1512 = VERTEX_POINT('',#1513);
#1513 = CARTESIAN_POINT('',(7.338506473261,12.216884426781,
    11.855207620423));
#1514 = LINE('',#1515,#1516);
#1515 = CARTESIAN_POINT('',(7.338506473261,12.566884426781,
    11.855207620423));
#1516 = VECTOR('',#1517,1.);
#1517 = DIRECTION('',(-9.635730082629E-13,1.,-1.491819869884E-16));
#1518 = ORIENTED_EDGE('',*,*,#1519,.F.);
#1519 = EDGE_CURVE('',#1520,#1512,#1522,.T.);
#1520 = VERTEX_POINT('',#1521);
#1521 = CARTESIAN_POINT('',(7.477584051446,12.366884426781,
    11.911398609435));
#1522 = CIRCLE('',#1523,0.15);
#1523 = AXIS2_PLACEMENT_3D('',#1524,#1525,#1526);
#1524 = CARTESIAN_POINT('',(7.477584051446,12.216884426781,
    11.911398609435));
#1525 = DIRECTION('',(-0.374606593416,-3.608224830032E-13,0.927183854567
    ));
#1526 = DIRECTION('',(-0.927183854567,-8.934652205137E-13,
    -0.374606593416));
#1527 = ORIENTED_EDGE('',*,*,#1528,.T.);
#1528 = EDGE_CURVE('',#1520,#309,#1529,.T.);
#1529 = LINE('',#1530,#1531);
#1530 = CARTESIAN_POINT('',(8.873238316152,12.366884426782,
    12.475279534575));
#1531 = VECTOR('',#1532,1.);
#1532 = DIRECTION('',(0.927183854567,8.934652205137E-13,0.374606593416)
  );
#1533 = ORIENTED_EDGE('',*,*,#308,.T.);
#1534 = PLANE('',#1535);
#1535 = AXIS2_PLACEMENT_3D('',#1536,#1537,#1538);
#1536 = CARTESIAN_POINT('',(8.873238316152,12.366884426782,
    12.475279534575));
#1537 = DIRECTION('',(0.374606593416,3.608224830032E-13,-0.927183854567)
  );
#1538 = DIRECTION('',(-0.927183854567,-8.934652205137E-13,
    -0.374606593416));
#1539 = ADVANCED_FACE('',(#1540),#1558,.T.);
#1540 = FACE_BOUND('',#1541,.T.);
#1541 = EDGE_LOOP('',(#1542,#1543,#1551,#1557));
#1542 = ORIENTED_EDGE('',*,*,#316,.T.);
#1543 = ORIENTED_EDGE('',*,*,#1544,.T.);
#1544 = EDGE_CURVE('',#317,#1545,#1547,.T.);
#1545 = VERTEX_POINT('',#1546);
#1546 = CARTESIAN_POINT('',(7.552505370129,12.366884426781,
    11.725961838522));
#1547 = LINE('',#1548,#1549);
#1548 = CARTESIAN_POINT('',(8.969287486131,12.366884426783,
    12.298378969681));
#1549 = VECTOR('',#1550,1.);
#1550 = DIRECTION('',(-0.927183854567,-8.934652205137E-13,
    -0.374606593416));
#1551 = ORIENTED_EDGE('',*,*,#1552,.T.);
#1552 = EDGE_CURVE('',#1545,#1520,#1553,.T.);
#1553 = LINE('',#1554,#1555);
#1554 = CARTESIAN_POINT('',(7.477584051446,12.366884426781,
    11.911398609435));
#1555 = VECTOR('',#1556,1.);
#1556 = DIRECTION('',(-0.374606593416,-3.608224830032E-13,0.927183854567
    ));
#1557 = ORIENTED_EDGE('',*,*,#1528,.T.);
#1558 = PLANE('',#1559);
#1559 = AXIS2_PLACEMENT_3D('',#1560,#1561,#1562);
#1560 = CARTESIAN_POINT('',(10.703997212759,12.366884426784,
    13.268880879119));
#1561 = DIRECTION('',(-9.635730082629E-13,1.,-1.491819869884E-16));
#1562 = DIRECTION('',(-0.927183854567,-8.934652205137E-13,
    -0.374606593416));
#1563 = ADVANCED_FACE('',(#1564),#1682,.F.);
#1564 = FACE_BOUND('',#1565,.F.);
#1565 = EDGE_LOOP('',(#1566,#1567,#1568,#1577,#1585,#1594,#1602,#1611,
    #1619,#1627,#1635,#1643,#1651,#1659,#1667,#1675,#1681));
#1566 = ORIENTED_EDGE('',*,*,#324,.T.);
#1567 = ORIENTED_EDGE('',*,*,#1544,.T.);
#1568 = ORIENTED_EDGE('',*,*,#1569,.F.);
#1569 = EDGE_CURVE('',#1570,#1545,#1572,.T.);
#1570 = VERTEX_POINT('',#1571);
#1571 = CARTESIAN_POINT('',(7.413427791944,12.216884426781,
    11.669770849509));
#1572 = CIRCLE('',#1573,0.15);
#1573 = AXIS2_PLACEMENT_3D('',#1574,#1575,#1576);
#1574 = CARTESIAN_POINT('',(7.552505370129,12.216884426781,
    11.725961838522));
#1575 = DIRECTION('',(0.374606593416,3.608224830032E-13,-0.927183854567)
  );
#1576 = DIRECTION('',(0.927183854567,8.934652205137E-13,0.374606593416)
  );
#1577 = ORIENTED_EDGE('',*,*,#1578,.F.);
#1578 = EDGE_CURVE('',#1579,#1570,#1581,.T.);
#1579 = VERTEX_POINT('',#1580);
#1580 = CARTESIAN_POINT('',(7.413427791945,12.016884426781,
    11.669770849509));
#1581 = LINE('',#1582,#1583);
#1582 = CARTESIAN_POINT('',(7.413427791944,12.366884426781,
    11.669770849509));
#1583 = VECTOR('',#1584,1.);
#1584 = DIRECTION('',(-9.635730082629E-13,1.,-1.491819869884E-16));
#1585 = ORIENTED_EDGE('',*,*,#1586,.F.);
#1586 = EDGE_CURVE('',#1587,#1579,#1589,.T.);
#1587 = VERTEX_POINT('',#1588);
#1588 = CARTESIAN_POINT('',(7.27435021376,11.866884426781,
    11.613579860497));
#1589 = CIRCLE('',#1590,0.15);
#1590 = AXIS2_PLACEMENT_3D('',#1591,#1592,#1593);
#1591 = CARTESIAN_POINT('',(7.27435021376,12.016884426781,
    11.613579860497));
#1592 = DIRECTION('',(-0.374606593416,-3.608224830032E-13,0.927183854567
    ));
#1593 = DIRECTION('',(0.927183854567,8.934652205137E-13,0.374606593416)
  );
#1594 = ORIENTED_EDGE('',*,*,#1595,.F.);
#1595 = EDGE_CURVE('',#1596,#1587,#1598,.T.);
#1596 = VERTEX_POINT('',#1597);
#1597 = CARTESIAN_POINT('',(6.903476671933,11.866884426781,
    11.463737223131));
#1598 = LINE('',#1599,#1600);
#1599 = CARTESIAN_POINT('',(8.969287486131,11.866884426783,
    12.298378969681));
#1600 = VECTOR('',#1601,1.);
#1601 = DIRECTION('',(0.927183854567,8.934652205137E-13,0.374606593416)
  );
#1602 = ORIENTED_EDGE('',*,*,#1603,.F.);
#1603 = EDGE_CURVE('',#1604,#1596,#1606,.T.);
#1604 = VERTEX_POINT('',#1605);
#1605 = CARTESIAN_POINT('',(6.764399093748,12.01688442678,
    11.407546234118));
#1606 = CIRCLE('',#1607,0.15);
#1607 = AXIS2_PLACEMENT_3D('',#1608,#1609,#1610);
#1608 = CARTESIAN_POINT('',(6.903476671933,12.016884426781,
    11.463737223131));
#1609 = DIRECTION('',(-0.374606593416,-3.608224830032E-13,0.927183854567
    ));
#1610 = DIRECTION('',(0.927183854567,8.934652205137E-13,0.374606593416)
  );
#1611 = ORIENTED_EDGE('',*,*,#1612,.F.);
#1612 = EDGE_CURVE('',#1613,#1604,#1615,.T.);
#1613 = VERTEX_POINT('',#1614);
#1614 = CARTESIAN_POINT('',(6.764399093747,12.56688442678,
    11.407546234118));
#1615 = LINE('',#1616,#1617);
#1616 = CARTESIAN_POINT('',(6.764399093747,12.56688442678,
    11.407546234118));
#1617 = VECTOR('',#1618,1.);
#1618 = DIRECTION('',(9.635730082629E-13,-1.,1.491819869884E-16));
#1619 = ORIENTED_EDGE('',*,*,#1620,.T.);
#1620 = EDGE_CURVE('',#1613,#1621,#1623,.T.);
#1621 = VERTEX_POINT('',#1622);
#1622 = CARTESIAN_POINT('',(6.301953583998,12.56688442678,11.22070612016
    ));
#1623 = LINE('',#1624,#1625);
#1624 = CARTESIAN_POINT('',(6.254447973736,12.56688442678,11.20151260774
    ));
#1625 = VECTOR('',#1626,1.);
#1626 = DIRECTION('',(-0.927183854567,-8.934652205137E-13,
    -0.374606593416));
#1627 = ORIENTED_EDGE('',*,*,#1628,.F.);
#1628 = EDGE_CURVE('',#1629,#1621,#1631,.T.);
#1629 = VERTEX_POINT('',#1630);
#1630 = CARTESIAN_POINT('',(6.301953583998,12.51688442678,11.22070612016
    ));
#1631 = LINE('',#1632,#1633);
#1632 = CARTESIAN_POINT('',(6.301953583998,12.51688442678,11.22070612016
    ));
#1633 = VECTOR('',#1634,1.);
#1634 = DIRECTION('',(-9.635730082629E-13,1.,-1.491819869884E-16));
#1635 = ORIENTED_EDGE('',*,*,#1636,.T.);
#1636 = EDGE_CURVE('',#1629,#1637,#1639,.T.);
#1637 = VERTEX_POINT('',#1638);
#1638 = CARTESIAN_POINT('',(6.254447973736,12.51688442678,11.20151260774
    ));
#1639 = LINE('',#1640,#1641);
#1640 = CARTESIAN_POINT('',(6.301953583998,12.51688442678,11.22070612016
    ));
#1641 = VECTOR('',#1642,1.);
#1642 = DIRECTION('',(-0.927183854567,-8.934652205137E-13,
    -0.374606593416));
#1643 = ORIENTED_EDGE('',*,*,#1644,.T.);
#1644 = EDGE_CURVE('',#1637,#1645,#1647,.T.);
#1645 = VERTEX_POINT('',#1646);
#1646 = CARTESIAN_POINT('',(6.254447973736,12.366884426786,
    11.20151260774));
#1647 = LINE('',#1648,#1649);
#1648 = CARTESIAN_POINT('',(6.254447973736,12.36688442678,11.20151260774
    ));
#1649 = VECTOR('',#1650,1.);
#1650 = DIRECTION('',(9.635730082629E-13,-1.,1.491819869884E-16));
#1651 = ORIENTED_EDGE('',*,*,#1652,.F.);
#1652 = EDGE_CURVE('',#1653,#1645,#1655,.T.);
#1653 = VERTEX_POINT('',#1654);
#1654 = CARTESIAN_POINT('',(6.265019354215,12.366884426786,
    11.205783722696));
#1655 = LINE('',#1656,#1657);
#1656 = CARTESIAN_POINT('',(4.574941636632,12.366884426784,
    10.522948001093));
#1657 = VECTOR('',#1658,1.);
#1658 = DIRECTION('',(-0.927183854567,-8.934249003101E-13,
    -0.374606593416));
#1659 = ORIENTED_EDGE('',*,*,#1660,.F.);
#1660 = EDGE_CURVE('',#1661,#1653,#1663,.T.);
#1661 = VERTEX_POINT('',#1662);
#1662 = CARTESIAN_POINT('',(6.265019354215,12.066884426786,
    11.205783722696));
#1663 = LINE('',#1664,#1665);
#1664 = CARTESIAN_POINT('',(6.265019354215,12.066884426786,
    11.205783722696));
#1665 = VECTOR('',#1666,1.);
#1666 = DIRECTION('',(-9.635897949577E-13,1.,0.));
#1667 = ORIENTED_EDGE('',*,*,#1668,.F.);
#1668 = EDGE_CURVE('',#1669,#1661,#1671,.T.);
#1669 = VERTEX_POINT('',#1670);
#1670 = CARTESIAN_POINT('',(6.254447973736,12.066884426786,
    11.20151260774));
#1671 = LINE('',#1672,#1673);
#1672 = CARTESIAN_POINT('',(6.203209392812,12.066884426785,
    11.180810877272));
#1673 = VECTOR('',#1674,1.);
#1674 = DIRECTION('',(0.927183854567,8.934249003101E-13,0.374606593416)
  );
#1675 = ORIENTED_EDGE('',*,*,#1676,.T.);
#1676 = EDGE_CURVE('',#1669,#1382,#1677,.T.);
#1677 = LINE('',#1678,#1679);
#1678 = CARTESIAN_POINT('',(6.254447973736,12.36688442678,11.20151260774
    ));
#1679 = VECTOR('',#1680,1.);
#1680 = DIRECTION('',(9.635730082629E-13,-1.,1.491819869884E-16));
#1681 = ORIENTED_EDGE('',*,*,#1381,.F.);
#1682 = PLANE('',#1683);
#1683 = AXIS2_PLACEMENT_3D('',#1684,#1685,#1686);
#1684 = CARTESIAN_POINT('',(8.969287486131,12.366884426783,
    12.298378969681));
#1685 = DIRECTION('',(-0.374606593416,-3.608224830032E-13,0.927183854567
    ));
#1686 = DIRECTION('',(0.927183854567,8.934652205137E-13,0.374606593416)
  );
#1687 = ADVANCED_FACE('',(#1688),#1713,.T.);
#1688 = FACE_BOUND('',#1689,.T.);
#1689 = EDGE_LOOP('',(#1690,#1691,#1699,#1707));
#1690 = ORIENTED_EDGE('',*,*,#332,.T.);
#1691 = ORIENTED_EDGE('',*,*,#1692,.T.);
#1692 = EDGE_CURVE('',#335,#1693,#1695,.T.);
#1693 = VERTEX_POINT('',#1694);
#1694 = CARTESIAN_POINT('',(3.332934048564,1.216884426783,
    11.386949378653));
#1695 = LINE('',#1696,#1697);
#1696 = CARTESIAN_POINT('',(0.639222387464,1.216884426786,
    12.475279534575));
#1697 = VECTOR('',#1698,1.);
#1698 = DIRECTION('',(0.927183854567,-8.934387044591E-13,-0.374606593416
    ));
#1699 = ORIENTED_EDGE('',*,*,#1700,.F.);
#1700 = EDGE_CURVE('',#1701,#1693,#1703,.T.);
#1701 = VERTEX_POINT('',#1702);
#1702 = CARTESIAN_POINT('',(3.258012729881,1.216884426783,
    11.201512607739));
#1703 = LINE('',#1704,#1705);
#1704 = CARTESIAN_POINT('',(3.258012729881,1.216884426783,
    11.201512607739));
#1705 = VECTOR('',#1706,1.);
#1706 = DIRECTION('',(0.374606593416,-3.608224830032E-13,0.927183854567)
  );
#1707 = ORIENTED_EDGE('',*,*,#1708,.T.);
#1708 = EDGE_CURVE('',#1701,#333,#1709,.T.);
#1709 = LINE('',#1710,#1711);
#1710 = CARTESIAN_POINT('',(0.543173217486,1.216884426786,12.29837896968
    ));
#1711 = VECTOR('',#1712,1.);
#1712 = DIRECTION('',(-0.927183854567,8.934387044591E-13,0.374606593416)
  );
#1713 = PLANE('',#1714);
#1714 = AXIS2_PLACEMENT_3D('',#1715,#1716,#1717);
#1715 = CARTESIAN_POINT('',(4.109870807137,1.216884426782,
    21.858393979149));
#1716 = DIRECTION('',(9.635484230053E-13,1.,-1.392488981105E-16));
#1717 = DIRECTION('',(-0.927183854567,8.934387044591E-13,0.374606593416)
  );
#1718 = ADVANCED_FACE('',(#1719),#1844,.F.);
#1719 = FACE_BOUND('',#1720,.F.);
#1720 = EDGE_LOOP('',(#1721,#1731,#1739,#1747,#1755,#1763,#1772,#1780,
    #1789,#1797,#1806,#1812,#1813,#1814,#1822,#1830,#1838));
#1721 = ORIENTED_EDGE('',*,*,#1722,.F.);
#1722 = EDGE_CURVE('',#1723,#1725,#1727,.T.);
#1723 = VERTEX_POINT('',#1724);
#1724 = CARTESIAN_POINT('',(3.332934048563,1.688442678291E-02,
    11.386949378653));
#1725 = VERTEX_POINT('',#1726);
#1726 = CARTESIAN_POINT('',(3.332934048563,0.166884426799,
    11.386949378653));
#1727 = LINE('',#1728,#1729);
#1728 = CARTESIAN_POINT('',(3.332934048563,0.166884426783,
    11.386949378653));
#1729 = VECTOR('',#1730,1.);
#1730 = DIRECTION('',(9.635484230053E-13,1.,-1.392488981105E-16));
#1731 = ORIENTED_EDGE('',*,*,#1732,.T.);
#1732 = EDGE_CURVE('',#1723,#1733,#1735,.T.);
#1733 = VERTEX_POINT('',#1734);
#1734 = CARTESIAN_POINT('',(3.2854284383,1.688442678296E-02,
    11.406142891073));
#1735 = LINE('',#1736,#1737);
#1736 = CARTESIAN_POINT('',(3.379293241291,1.688442678287E-02,
    11.368219048982));
#1737 = VECTOR('',#1738,1.);
#1738 = DIRECTION('',(-0.927183854567,8.934387044591E-13,0.374606593416)
  );
#1739 = ORIENTED_EDGE('',*,*,#1740,.T.);
#1740 = EDGE_CURVE('',#1733,#1741,#1743,.T.);
#1741 = VERTEX_POINT('',#1742);
#1742 = CARTESIAN_POINT('',(3.2854284383,-3.311557321704E-02,
    11.406142891073));
#1743 = LINE('',#1744,#1745);
#1744 = CARTESIAN_POINT('',(3.2854284383,1.688442678296E-02,
    11.406142891073));
#1745 = VECTOR('',#1746,1.);
#1746 = DIRECTION('',(-9.635484230053E-13,-1.,1.392488981105E-16));
#1747 = ORIENTED_EDGE('',*,*,#1748,.T.);
#1748 = EDGE_CURVE('',#1741,#1749,#1751,.T.);
#1749 = VERTEX_POINT('',#1750);
#1750 = CARTESIAN_POINT('',(2.822982928551,-3.31155732166E-02,
    11.592983005031));
#1751 = LINE('',#1752,#1753);
#1752 = CARTESIAN_POINT('',(3.332934048563,-3.311557321709E-02,
    11.386949378653));
#1753 = VECTOR('',#1754,1.);
#1754 = DIRECTION('',(-0.927183854567,8.934387044591E-13,0.374606593416)
  );
#1755 = ORIENTED_EDGE('',*,*,#1756,.T.);
#1756 = EDGE_CURVE('',#1749,#1757,#1759,.T.);
#1757 = VERTEX_POINT('',#1758);
#1758 = CARTESIAN_POINT('',(2.822982928551,0.516884426783,
    11.592983005031));
#1759 = LINE('',#1760,#1761);
#1760 = CARTESIAN_POINT('',(2.822982928551,-3.31155732166E-02,
    11.592983005031));
#1761 = VECTOR('',#1762,1.);
#1762 = DIRECTION('',(9.635484230053E-13,1.,-1.392488981105E-16));
#1763 = ORIENTED_EDGE('',*,*,#1764,.F.);
#1764 = EDGE_CURVE('',#1765,#1757,#1767,.T.);
#1765 = VERTEX_POINT('',#1766);
#1766 = CARTESIAN_POINT('',(2.683905350367,0.666884426784,
    11.649173994044));
#1767 = CIRCLE('',#1768,0.15);
#1768 = AXIS2_PLACEMENT_3D('',#1769,#1770,#1771);
#1769 = CARTESIAN_POINT('',(2.683905350366,0.516884426784,
    11.649173994044));
#1770 = DIRECTION('',(-0.374606593416,3.608224830032E-13,-0.927183854567
    ));
#1771 = DIRECTION('',(0.927183854567,-8.934387044591E-13,-0.374606593416
    ));
#1772 = ORIENTED_EDGE('',*,*,#1773,.T.);
#1773 = EDGE_CURVE('',#1765,#1774,#1776,.T.);
#1774 = VERTEX_POINT('',#1775);
#1775 = CARTESIAN_POINT('',(2.31303180854,0.666884426784,11.79901663141)
  );
#1776 = LINE('',#1777,#1778);
#1777 = CARTESIAN_POINT('',(2.822982928552,0.666884426783,
    11.592983005031));
#1778 = VECTOR('',#1779,1.);
#1779 = DIRECTION('',(-0.927183854567,8.934387044591E-13,0.374606593416)
  );
#1780 = ORIENTED_EDGE('',*,*,#1781,.F.);
#1781 = EDGE_CURVE('',#1782,#1774,#1784,.T.);
#1782 = VERTEX_POINT('',#1783);
#1783 = CARTESIAN_POINT('',(2.173954230355,0.516884426784,
    11.855207620423));
#1784 = CIRCLE('',#1785,0.15);
#1785 = AXIS2_PLACEMENT_3D('',#1786,#1787,#1788);
#1786 = CARTESIAN_POINT('',(2.31303180854,0.516884426784,11.79901663141)
  );
#1787 = DIRECTION('',(-0.374606593416,3.608224830032E-13,-0.927183854567
    ));
#1788 = DIRECTION('',(0.927183854567,-8.934387044591E-13,-0.374606593416
    ));
#1789 = ORIENTED_EDGE('',*,*,#1790,.T.);
#1790 = EDGE_CURVE('',#1782,#1791,#1793,.T.);
#1791 = VERTEX_POINT('',#1792);
#1792 = CARTESIAN_POINT('',(2.173954230355,0.316884426784,
    11.855207620423));
#1793 = LINE('',#1794,#1795);
#1794 = CARTESIAN_POINT('',(2.173954230354,-3.311557321597E-02,
    11.855207620423));
#1795 = VECTOR('',#1796,1.);
#1796 = DIRECTION('',(-9.635484230053E-13,-1.,1.392488981105E-16));
#1797 = ORIENTED_EDGE('',*,*,#1798,.F.);
#1798 = EDGE_CURVE('',#1799,#1791,#1801,.T.);
#1799 = VERTEX_POINT('',#1800);
#1800 = CARTESIAN_POINT('',(2.034876652169,0.166884426784,
    11.911398609435));
#1801 = CIRCLE('',#1802,0.15);
#1802 = AXIS2_PLACEMENT_3D('',#1803,#1804,#1805);
#1803 = CARTESIAN_POINT('',(2.03487665217,0.316884426784,11.911398609435
    ));
#1804 = DIRECTION('',(0.374606593416,-3.608224830032E-13,0.927183854567)
  );
#1805 = DIRECTION('',(0.927183854567,-8.934387044591E-13,-0.374606593416
    ));
#1806 = ORIENTED_EDGE('',*,*,#1807,.T.);
#1807 = EDGE_CURVE('',#1799,#343,#1808,.T.);
#1808 = LINE('',#1809,#1810);
#1809 = CARTESIAN_POINT('',(0.639222387463,0.166884426786,
    12.475279534575));
#1810 = VECTOR('',#1811,1.);
#1811 = DIRECTION('',(-0.927183854567,8.934387044591E-13,0.374606593416)
  );
#1812 = ORIENTED_EDGE('',*,*,#342,.T.);
#1813 = ORIENTED_EDGE('',*,*,#1692,.T.);
#1814 = ORIENTED_EDGE('',*,*,#1815,.F.);
#1815 = EDGE_CURVE('',#1816,#1693,#1818,.T.);
#1816 = VERTEX_POINT('',#1817);
#1817 = CARTESIAN_POINT('',(3.332934048563,0.466884426799,
    11.386949378653));
#1818 = LINE('',#1819,#1820);
#1819 = CARTESIAN_POINT('',(3.332934048563,0.166884426783,
    11.386949378653));
#1820 = VECTOR('',#1821,1.);
#1821 = DIRECTION('',(9.635484230053E-13,1.,-1.392488981105E-16));
#1822 = ORIENTED_EDGE('',*,*,#1823,.F.);
#1823 = EDGE_CURVE('',#1824,#1816,#1826,.T.);
#1824 = VERTEX_POINT('',#1825);
#1825 = CARTESIAN_POINT('',(3.322362668084,0.466884426799,11.39122049361
    ));
#1826 = LINE('',#1827,#1828);
#1827 = CARTESIAN_POINT('',(3.540811538022,0.466884426799,11.30296142115
    ));
#1828 = VECTOR('',#1829,1.);
#1829 = DIRECTION('',(0.927183854567,-8.934249003101E-13,-0.374606593416
    ));
#1830 = ORIENTED_EDGE('',*,*,#1831,.T.);
#1831 = EDGE_CURVE('',#1824,#1832,#1834,.T.);
#1832 = VERTEX_POINT('',#1833);
#1833 = CARTESIAN_POINT('',(3.322362668084,0.166884426799,11.39122049361
    ));
#1834 = LINE('',#1835,#1836);
#1835 = CARTESIAN_POINT('',(3.322362668084,0.466884426799,11.39122049361
    ));
#1836 = VECTOR('',#1837,1.);
#1837 = DIRECTION('',(-9.635897949577E-13,-1.,0.));
#1838 = ORIENTED_EDGE('',*,*,#1839,.F.);
#1839 = EDGE_CURVE('',#1725,#1832,#1840,.T.);
#1840 = LINE('',#1841,#1842);
#1841 = CARTESIAN_POINT('',(0.466753840422,0.166884426801,
    12.544961350711));
#1842 = VECTOR('',#1843,1.);
#1843 = DIRECTION('',(-0.927183854567,8.934249003101E-13,0.374606593416)
  );
#1844 = PLANE('',#1845);
#1845 = AXIS2_PLACEMENT_3D('',#1846,#1847,#1848);
#1846 = CARTESIAN_POINT('',(0.639222387463,0.166884426786,
    12.475279534575));
#1847 = DIRECTION('',(-0.374606593416,3.608224830032E-13,-0.927183854567
    ));
#1848 = DIRECTION('',(0.927183854567,-8.934387044591E-13,-0.374606593416
    ));
#1849 = ADVANCED_FACE('',(#1850),#1868,.T.);
#1850 = FACE_BOUND('',#1851,.T.);
#1851 = EDGE_LOOP('',(#1852,#1853,#1861,#1867));
#1852 = ORIENTED_EDGE('',*,*,#350,.T.);
#1853 = ORIENTED_EDGE('',*,*,#1854,.T.);
#1854 = EDGE_CURVE('',#351,#1855,#1857,.T.);
#1855 = VERTEX_POINT('',#1856);
#1856 = CARTESIAN_POINT('',(1.959955333486,0.166884426784,
    11.725961838522));
#1857 = LINE('',#1858,#1859);
#1858 = CARTESIAN_POINT('',(0.543173217485,0.166884426786,12.29837896968
    ));
#1859 = VECTOR('',#1860,1.);
#1860 = DIRECTION('',(0.927183854567,-8.934387044591E-13,-0.374606593416
    ));
#1861 = ORIENTED_EDGE('',*,*,#1862,.T.);
#1862 = EDGE_CURVE('',#1855,#1799,#1863,.T.);
#1863 = LINE('',#1864,#1865);
#1864 = CARTESIAN_POINT('',(2.034876652169,0.166884426784,
    11.911398609435));
#1865 = VECTOR('',#1866,1.);
#1866 = DIRECTION('',(0.374606593416,-3.608224830032E-13,0.927183854567)
  );
#1867 = ORIENTED_EDGE('',*,*,#1807,.T.);
#1868 = PLANE('',#1869);
#1869 = AXIS2_PLACEMENT_3D('',#1870,#1871,#1872);
#1870 = CARTESIAN_POINT('',(-1.191536509144,0.166884426787,
    13.268880879119));
#1871 = DIRECTION('',(-9.635484230053E-13,-1.,1.392488981105E-16));
#1872 = DIRECTION('',(0.927183854567,-8.934387044591E-13,-0.374606593416
    ));
#1873 = ADVANCED_FACE('',(#1874),#1992,.F.);
#1874 = FACE_BOUND('',#1875,.F.);
#1875 = EDGE_LOOP('',(#1876,#1884,#1885,#1886,#1887,#1896,#1904,#1913,
    #1921,#1930,#1938,#1946,#1954,#1962,#1970,#1978,#1986));
#1876 = ORIENTED_EDGE('',*,*,#1877,.T.);
#1877 = EDGE_CURVE('',#1878,#1701,#1880,.T.);
#1878 = VERTEX_POINT('',#1879);
#1879 = CARTESIAN_POINT('',(3.25801272988,0.466884426799,11.201512607739
    ));
#1880 = LINE('',#1881,#1882);
#1881 = CARTESIAN_POINT('',(3.25801272988,0.166884426783,11.201512607739
    ));
#1882 = VECTOR('',#1883,1.);
#1883 = DIRECTION('',(9.635484230053E-13,1.,-1.392488981105E-16));
#1884 = ORIENTED_EDGE('',*,*,#1708,.T.);
#1885 = ORIENTED_EDGE('',*,*,#358,.T.);
#1886 = ORIENTED_EDGE('',*,*,#1854,.T.);
#1887 = ORIENTED_EDGE('',*,*,#1888,.F.);
#1888 = EDGE_CURVE('',#1889,#1855,#1891,.T.);
#1889 = VERTEX_POINT('',#1890);
#1890 = CARTESIAN_POINT('',(2.099032911671,0.316884426784,
    11.669770849509));
#1891 = CIRCLE('',#1892,0.15);
#1892 = AXIS2_PLACEMENT_3D('',#1893,#1894,#1895);
#1893 = CARTESIAN_POINT('',(1.959955333486,0.316884426784,
    11.725961838522));
#1894 = DIRECTION('',(-0.374606593416,3.608224830032E-13,-0.927183854567
    ));
#1895 = DIRECTION('',(-0.927183854567,8.934387044591E-13,0.374606593416)
  );
#1896 = ORIENTED_EDGE('',*,*,#1897,.F.);
#1897 = EDGE_CURVE('',#1898,#1889,#1900,.T.);
#1898 = VERTEX_POINT('',#1899);
#1899 = CARTESIAN_POINT('',(2.099032911672,0.516884426784,
    11.669770849509));
#1900 = LINE('',#1901,#1902);
#1901 = CARTESIAN_POINT('',(2.099032911671,0.166884426784,
    11.669770849509));
#1902 = VECTOR('',#1903,1.);
#1903 = DIRECTION('',(-9.635484230053E-13,-1.,1.392488981105E-16));
#1904 = ORIENTED_EDGE('',*,*,#1905,.F.);
#1905 = EDGE_CURVE('',#1906,#1898,#1908,.T.);
#1906 = VERTEX_POINT('',#1907);
#1907 = CARTESIAN_POINT('',(2.238110489857,0.666884426784,
    11.613579860497));
#1908 = CIRCLE('',#1909,0.15);
#1909 = AXIS2_PLACEMENT_3D('',#1910,#1911,#1912);
#1910 = CARTESIAN_POINT('',(2.238110489857,0.516884426784,
    11.613579860497));
#1911 = DIRECTION('',(0.374606593416,-3.608224830032E-13,0.927183854567)
  );
#1912 = DIRECTION('',(-0.927183854567,8.934387044591E-13,0.374606593416)
  );
#1913 = ORIENTED_EDGE('',*,*,#1914,.F.);
#1914 = EDGE_CURVE('',#1915,#1906,#1917,.T.);
#1915 = VERTEX_POINT('',#1916);
#1916 = CARTESIAN_POINT('',(2.608984031683,0.666884426784,11.46373722313
    ));
#1917 = LINE('',#1918,#1919);
#1918 = CARTESIAN_POINT('',(0.543173217485,0.666884426786,12.29837896968
    ));
#1919 = VECTOR('',#1920,1.);
#1920 = DIRECTION('',(-0.927183854567,8.934387044591E-13,0.374606593416)
  );
#1921 = ORIENTED_EDGE('',*,*,#1922,.F.);
#1922 = EDGE_CURVE('',#1923,#1915,#1925,.T.);
#1923 = VERTEX_POINT('',#1924);
#1924 = CARTESIAN_POINT('',(2.748061609868,0.516884426783,
    11.407546234118));
#1925 = CIRCLE('',#1926,0.15);
#1926 = AXIS2_PLACEMENT_3D('',#1927,#1928,#1929);
#1927 = CARTESIAN_POINT('',(2.608984031683,0.516884426784,11.46373722313
    ));
#1928 = DIRECTION('',(0.374606593416,-3.608224830032E-13,0.927183854567)
  );
#1929 = DIRECTION('',(-0.927183854567,8.934387044591E-13,0.374606593416)
  );
#1930 = ORIENTED_EDGE('',*,*,#1931,.F.);
#1931 = EDGE_CURVE('',#1932,#1923,#1934,.T.);
#1932 = VERTEX_POINT('',#1933);
#1933 = CARTESIAN_POINT('',(2.748061609868,-3.311557321653E-02,
    11.407546234118));
#1934 = LINE('',#1935,#1936);
#1935 = CARTESIAN_POINT('',(2.748061609868,-3.311557321653E-02,
    11.407546234118));
#1936 = VECTOR('',#1937,1.);
#1937 = DIRECTION('',(9.635484230053E-13,1.,-1.392488981105E-16));
#1938 = ORIENTED_EDGE('',*,*,#1939,.T.);
#1939 = EDGE_CURVE('',#1932,#1940,#1942,.T.);
#1940 = VERTEX_POINT('',#1941);
#1941 = CARTESIAN_POINT('',(3.210507119617,-3.311557321697E-02,
    11.22070612016));
#1942 = LINE('',#1943,#1944);
#1943 = CARTESIAN_POINT('',(3.25801272988,-3.311557321702E-02,
    11.201512607739));
#1944 = VECTOR('',#1945,1.);
#1945 = DIRECTION('',(0.927183854567,-8.934387044591E-13,-0.374606593416
    ));
#1946 = ORIENTED_EDGE('',*,*,#1947,.F.);
#1947 = EDGE_CURVE('',#1948,#1940,#1950,.T.);
#1948 = VERTEX_POINT('',#1949);
#1949 = CARTESIAN_POINT('',(3.210507119617,1.688442678303E-02,
    11.22070612016));
#1950 = LINE('',#1951,#1952);
#1951 = CARTESIAN_POINT('',(3.210507119617,1.688442678303E-02,
    11.22070612016));
#1952 = VECTOR('',#1953,1.);
#1953 = DIRECTION('',(-9.635484230053E-13,-1.,1.392488981105E-16));
#1954 = ORIENTED_EDGE('',*,*,#1955,.T.);
#1955 = EDGE_CURVE('',#1948,#1956,#1958,.T.);
#1956 = VERTEX_POINT('',#1957);
#1957 = CARTESIAN_POINT('',(3.25801272988,1.688442678298E-02,
    11.201512607739));
#1958 = LINE('',#1959,#1960);
#1959 = CARTESIAN_POINT('',(3.210507119617,1.688442678303E-02,
    11.22070612016));
#1960 = VECTOR('',#1961,1.);
#1961 = DIRECTION('',(0.927183854567,-8.934387044591E-13,-0.374606593416
    ));
#1962 = ORIENTED_EDGE('',*,*,#1963,.T.);
#1963 = EDGE_CURVE('',#1956,#1964,#1966,.T.);
#1964 = VERTEX_POINT('',#1965);
#1965 = CARTESIAN_POINT('',(3.25801272988,0.166884426799,11.201512607739
    ));
#1966 = LINE('',#1967,#1968);
#1967 = CARTESIAN_POINT('',(3.25801272988,0.166884426783,11.201512607739
    ));
#1968 = VECTOR('',#1969,1.);
#1969 = DIRECTION('',(9.635484230053E-13,1.,-1.392488981105E-16));
#1970 = ORIENTED_EDGE('',*,*,#1971,.F.);
#1971 = EDGE_CURVE('',#1972,#1964,#1974,.T.);
#1972 = VERTEX_POINT('',#1973);
#1973 = CARTESIAN_POINT('',(3.2474413494,0.166884426799,11.205783722696)
  );
#1974 = LINE('',#1975,#1976);
#1975 = CARTESIAN_POINT('',(0.381268596091,0.166884426802,
    12.363792682807));
#1976 = VECTOR('',#1977,1.);
#1977 = DIRECTION('',(0.927183854567,-8.934249003101E-13,-0.374606593416
    ));
#1978 = ORIENTED_EDGE('',*,*,#1979,.F.);
#1979 = EDGE_CURVE('',#1980,#1972,#1982,.T.);
#1980 = VERTEX_POINT('',#1981);
#1981 = CARTESIAN_POINT('',(3.247441349401,0.466884426799,
    11.205783722696));
#1982 = LINE('',#1983,#1984);
#1983 = CARTESIAN_POINT('',(3.247441349401,0.466884426799,
    11.205783722696));
#1984 = VECTOR('',#1985,1.);
#1985 = DIRECTION('',(-9.635897949577E-13,-1.,0.));
#1986 = ORIENTED_EDGE('',*,*,#1987,.F.);
#1987 = EDGE_CURVE('',#1878,#1980,#1988,.T.);
#1988 = LINE('',#1989,#1990);
#1989 = CARTESIAN_POINT('',(3.455326293691,0.466884426799,
    11.121792753247));
#1990 = VECTOR('',#1991,1.);
#1991 = DIRECTION('',(-0.927183854567,8.934249003101E-13,0.374606593416)
  );
#1992 = PLANE('',#1993);
#1993 = AXIS2_PLACEMENT_3D('',#1994,#1995,#1996);
#1994 = CARTESIAN_POINT('',(0.543173217485,0.166884426786,12.29837896968
    ));
#1995 = DIRECTION('',(0.374606593416,-3.608224830032E-13,0.927183854567)
  );
#1996 = DIRECTION('',(-0.927183854567,8.934387044591E-13,0.374606593416)
  );
#1997 = ADVANCED_FACE('',(#1998),#2023,.F.);
#1998 = FACE_BOUND('',#1999,.F.);
#1999 = EDGE_LOOP('',(#2000,#2001,#2009,#2017));
#2000 = ORIENTED_EDGE('',*,*,#366,.T.);
#2001 = ORIENTED_EDGE('',*,*,#2002,.T.);
#2002 = EDGE_CURVE('',#369,#2003,#2005,.T.);
#2003 = VERTEX_POINT('',#2004);
#2004 = CARTESIAN_POINT('',(1.959955333498,12.366884426784,
    11.725961838522));
#2005 = LINE('',#2006,#2007);
#2006 = CARTESIAN_POINT('',(0.543173217497,12.366884426786,
    12.29837896968));
#2007 = VECTOR('',#2008,1.);
#2008 = DIRECTION('',(0.927183854567,-8.934387044591E-13,-0.374606593416
    ));
#2009 = ORIENTED_EDGE('',*,*,#2010,.F.);
#2010 = EDGE_CURVE('',#2011,#2003,#2013,.T.);
#2011 = VERTEX_POINT('',#2012);
#2012 = CARTESIAN_POINT('',(2.034876652181,12.366884426784,
    11.911398609435));
#2013 = LINE('',#2014,#2015);
#2014 = CARTESIAN_POINT('',(2.053606981852,12.366884426784,
    11.957757802163));
#2015 = VECTOR('',#2016,1.);
#2016 = DIRECTION('',(-0.374606593416,3.608224830032E-13,-0.927183854567
    ));
#2017 = ORIENTED_EDGE('',*,*,#2018,.T.);
#2018 = EDGE_CURVE('',#2011,#367,#2019,.T.);
#2019 = LINE('',#2020,#2021);
#2020 = CARTESIAN_POINT('',(0.639222387475,12.366884426786,
    12.475279534575));
#2021 = VECTOR('',#2022,1.);
#2022 = DIRECTION('',(-0.927183854567,8.934387044591E-13,0.374606593416)
  );
#2023 = PLANE('',#2024);
#2024 = AXIS2_PLACEMENT_3D('',#2025,#2026,#2027);
#2025 = CARTESIAN_POINT('',(-1.191536509132,12.366884426787,
    13.268880879119));
#2026 = DIRECTION('',(-9.635484230053E-13,-1.,1.392488981105E-16));
#2027 = DIRECTION('',(0.927183854567,-8.934387044591E-13,-0.374606593416
    ));
#2028 = ADVANCED_FACE('',(#2029),#2138,.F.);
#2029 = FACE_BOUND('',#2030,.F.);
#2030 = EDGE_LOOP('',(#2031,#2041,#2047,#2048,#2049,#2058,#2066,#2075,
    #2083,#2092,#2100,#2108,#2116,#2124,#2132));
#2031 = ORIENTED_EDGE('',*,*,#2032,.F.);
#2032 = EDGE_CURVE('',#2033,#2035,#2037,.T.);
#2033 = VERTEX_POINT('',#2034);
#2034 = CARTESIAN_POINT('',(3.332934048574,11.316884426783,
    11.386949378653));
#2035 = VERTEX_POINT('',#2036);
#2036 = CARTESIAN_POINT('',(3.332934048574,12.066884426783,
    11.386949378653));
#2037 = LINE('',#2038,#2039);
#2038 = CARTESIAN_POINT('',(3.332934048563,0.166884426783,
    11.386949378653));
#2039 = VECTOR('',#2040,1.);
#2040 = DIRECTION('',(9.635484230053E-13,1.,-1.392488981105E-16));
#2041 = ORIENTED_EDGE('',*,*,#2042,.T.);
#2042 = EDGE_CURVE('',#2033,#377,#2043,.T.);
#2043 = LINE('',#2044,#2045);
#2044 = CARTESIAN_POINT('',(0.639222387474,11.316884426786,
    12.475279534575));
#2045 = VECTOR('',#2046,1.);
#2046 = DIRECTION('',(-0.927183854567,8.934387044591E-13,0.374606593416)
  );
#2047 = ORIENTED_EDGE('',*,*,#376,.T.);
#2048 = ORIENTED_EDGE('',*,*,#2018,.F.);
#2049 = ORIENTED_EDGE('',*,*,#2050,.F.);
#2050 = EDGE_CURVE('',#2051,#2011,#2053,.T.);
#2051 = VERTEX_POINT('',#2052);
#2052 = CARTESIAN_POINT('',(2.173954230366,12.216884426784,
    11.855207620423));
#2053 = CIRCLE('',#2054,0.15);
#2054 = AXIS2_PLACEMENT_3D('',#2055,#2056,#2057);
#2055 = CARTESIAN_POINT('',(2.034876652181,12.216884426784,
    11.911398609435));
#2056 = DIRECTION('',(0.374606593416,-3.608224830032E-13,0.927183854567)
  );
#2057 = DIRECTION('',(0.927183854567,-8.934387044591E-13,-0.374606593416
    ));
#2058 = ORIENTED_EDGE('',*,*,#2059,.T.);
#2059 = EDGE_CURVE('',#2051,#2060,#2062,.T.);
#2060 = VERTEX_POINT('',#2061);
#2061 = CARTESIAN_POINT('',(2.173954230366,12.016884426784,
    11.855207620423));
#2062 = LINE('',#2063,#2064);
#2063 = CARTESIAN_POINT('',(2.173954230366,12.366884426784,
    11.855207620423));
#2064 = VECTOR('',#2065,1.);
#2065 = DIRECTION('',(-9.635484230053E-13,-1.,1.392488981105E-16));
#2066 = ORIENTED_EDGE('',*,*,#2067,.F.);
#2067 = EDGE_CURVE('',#2068,#2060,#2070,.T.);
#2068 = VERTEX_POINT('',#2069);
#2069 = CARTESIAN_POINT('',(2.313031808551,11.866884426784,
    11.79901663141));
#2070 = CIRCLE('',#2071,0.15);
#2071 = AXIS2_PLACEMENT_3D('',#2072,#2073,#2074);
#2072 = CARTESIAN_POINT('',(2.313031808551,12.016884426784,
    11.79901663141));
#2073 = DIRECTION('',(-0.374606593416,3.608224830032E-13,-0.927183854567
    ));
#2074 = DIRECTION('',(0.927183854567,-8.934387044591E-13,-0.374606593416
    ));
#2075 = ORIENTED_EDGE('',*,*,#2076,.T.);
#2076 = EDGE_CURVE('',#2068,#2077,#2079,.T.);
#2077 = VERTEX_POINT('',#2078);
#2078 = CARTESIAN_POINT('',(2.683905350377,11.866884426784,
    11.649173994044));
#2079 = LINE('',#2080,#2081);
#2080 = CARTESIAN_POINT('',(2.822982928562,11.866884426783,
    11.592983005031));
#2081 = VECTOR('',#2082,1.);
#2082 = DIRECTION('',(0.927183854567,-8.932838184345E-13,-0.374606593416
    ));
#2083 = ORIENTED_EDGE('',*,*,#2084,.F.);
#2084 = EDGE_CURVE('',#2085,#2077,#2087,.T.);
#2085 = VERTEX_POINT('',#2086);
#2086 = CARTESIAN_POINT('',(2.822982928563,12.016884426783,
    11.592983005031));
#2087 = CIRCLE('',#2088,0.15);
#2088 = AXIS2_PLACEMENT_3D('',#2089,#2090,#2091);
#2089 = CARTESIAN_POINT('',(2.683905350378,12.016884426784,
    11.649173994044));
#2090 = DIRECTION('',(-0.374606593416,3.608224830032E-13,-0.927183854567
    ));
#2091 = DIRECTION('',(0.927183854567,-8.934387044591E-13,-0.374606593416
    ));
#2092 = ORIENTED_EDGE('',*,*,#2093,.F.);
#2093 = EDGE_CURVE('',#2094,#2085,#2096,.T.);
#2094 = VERTEX_POINT('',#2095);
#2095 = CARTESIAN_POINT('',(2.822982928563,12.566884426783,
    11.592983005031));
#2096 = LINE('',#2097,#2098);
#2097 = CARTESIAN_POINT('',(2.822982928563,12.566884426783,
    11.592983005031));
#2098 = VECTOR('',#2099,1.);
#2099 = DIRECTION('',(-9.635484230053E-13,-1.,1.392488981105E-16));
#2100 = ORIENTED_EDGE('',*,*,#2101,.T.);
#2101 = EDGE_CURVE('',#2094,#2102,#2104,.T.);
#2102 = VERTEX_POINT('',#2103);
#2103 = CARTESIAN_POINT('',(3.332934048575,12.566884426783,
    11.386949378653));
#2104 = LINE('',#2105,#2106);
#2105 = CARTESIAN_POINT('',(2.822982928563,12.566884426783,
    11.592983005031));
#2106 = VECTOR('',#2107,1.);
#2107 = DIRECTION('',(0.927183854567,-8.934387044591E-13,-0.374606593416
    ));
#2108 = ORIENTED_EDGE('',*,*,#2109,.F.);
#2109 = EDGE_CURVE('',#2110,#2102,#2112,.T.);
#2110 = VERTEX_POINT('',#2111);
#2111 = CARTESIAN_POINT('',(3.332934048575,12.366884426783,
    11.386949378653));
#2112 = LINE('',#2113,#2114);
#2113 = CARTESIAN_POINT('',(3.332934048563,0.166884426783,
    11.386949378653));
#2114 = VECTOR('',#2115,1.);
#2115 = DIRECTION('',(9.635484230053E-13,1.,-1.392488981105E-16));
#2116 = ORIENTED_EDGE('',*,*,#2117,.F.);
#2117 = EDGE_CURVE('',#2118,#2110,#2120,.T.);
#2118 = VERTEX_POINT('',#2119);
#2119 = CARTESIAN_POINT('',(3.322362668068,12.366884426783,
    11.391220493621));
#2120 = LINE('',#2121,#2122);
#2121 = CARTESIAN_POINT('',(0.466753840418,12.36688442678,
    12.544961350717));
#2122 = VECTOR('',#2123,1.);
#2123 = DIRECTION('',(0.927183854567,8.934249003101E-13,-0.374606593416)
  );
#2124 = ORIENTED_EDGE('',*,*,#2125,.F.);
#2125 = EDGE_CURVE('',#2126,#2118,#2128,.T.);
#2126 = VERTEX_POINT('',#2127);
#2127 = CARTESIAN_POINT('',(3.322362668068,12.066884426783,
    11.39122049362));
#2128 = LINE('',#2129,#2130);
#2129 = CARTESIAN_POINT('',(3.322362668068,12.066884426783,
    11.39122049362));
#2130 = VECTOR('',#2131,1.);
#2131 = DIRECTION('',(-9.635897949577E-13,1.,0.));
#2132 = ORIENTED_EDGE('',*,*,#2133,.F.);
#2133 = EDGE_CURVE('',#2035,#2126,#2134,.T.);
#2134 = LINE('',#2135,#2136);
#2135 = CARTESIAN_POINT('',(1.574804625283,12.066884426781,
    12.097279774075));
#2136 = VECTOR('',#2137,1.);
#2137 = DIRECTION('',(-0.927183854567,-8.934249003101E-13,0.374606593416
    ));
#2138 = PLANE('',#2139);
#2139 = AXIS2_PLACEMENT_3D('',#2140,#2141,#2142);
#2140 = CARTESIAN_POINT('',(0.639222387463,0.166884426786,
    12.475279534575));
#2141 = DIRECTION('',(-0.374606593416,3.608224830032E-13,-0.927183854567
    ));
#2142 = DIRECTION('',(0.927183854567,-8.934387044591E-13,-0.374606593416
    ));
#2143 = ADVANCED_FACE('',(#2144),#2162,.T.);
#2144 = FACE_BOUND('',#2145,.T.);
#2145 = EDGE_LOOP('',(#2146,#2147,#2155,#2161));
#2146 = ORIENTED_EDGE('',*,*,#384,.T.);
#2147 = ORIENTED_EDGE('',*,*,#2148,.T.);
#2148 = EDGE_CURVE('',#385,#2149,#2151,.T.);
#2149 = VERTEX_POINT('',#2150);
#2150 = CARTESIAN_POINT('',(3.25801272989,11.316884426783,
    11.201512607739));
#2151 = LINE('',#2152,#2153);
#2152 = CARTESIAN_POINT('',(0.543173217496,11.316884426786,
    12.29837896968));
#2153 = VECTOR('',#2154,1.);
#2154 = DIRECTION('',(0.927183854567,-8.934387044591E-13,-0.374606593416
    ));
#2155 = ORIENTED_EDGE('',*,*,#2156,.F.);
#2156 = EDGE_CURVE('',#2033,#2149,#2157,.T.);
#2157 = LINE('',#2158,#2159);
#2158 = CARTESIAN_POINT('',(3.25801272989,11.316884426783,
    11.201512607739));
#2159 = VECTOR('',#2160,1.);
#2160 = DIRECTION('',(-0.374606593416,3.608224830032E-13,-0.927183854567
    ));
#2161 = ORIENTED_EDGE('',*,*,#2042,.T.);
#2162 = PLANE('',#2163);
#2163 = AXIS2_PLACEMENT_3D('',#2164,#2165,#2166);
#2164 = CARTESIAN_POINT('',(4.109870807147,11.316884426782,
    21.858393979149));
#2165 = DIRECTION('',(-9.635484230053E-13,-1.,1.392488981105E-16));
#2166 = DIRECTION('',(0.927183854567,-8.934387044591E-13,-0.374606593416
    ));
#2167 = ADVANCED_FACE('',(#2168),#2270,.F.);
#2168 = FACE_BOUND('',#2169,.F.);
#2169 = EDGE_LOOP('',(#2170,#2171,#2179,#2187,#2195,#2203,#2211,#2219,
    #2227,#2236,#2244,#2253,#2261,#2268,#2269));
#2170 = ORIENTED_EDGE('',*,*,#2148,.T.);
#2171 = ORIENTED_EDGE('',*,*,#2172,.T.);
#2172 = EDGE_CURVE('',#2149,#2173,#2175,.T.);
#2173 = VERTEX_POINT('',#2174);
#2174 = CARTESIAN_POINT('',(3.258012729891,12.066884426783,
    11.201512607739));
#2175 = LINE('',#2176,#2177);
#2176 = CARTESIAN_POINT('',(3.25801272988,0.166884426783,11.201512607739
    ));
#2177 = VECTOR('',#2178,1.);
#2178 = DIRECTION('',(9.635484230053E-13,1.,-1.392488981105E-16));
#2179 = ORIENTED_EDGE('',*,*,#2180,.F.);
#2180 = EDGE_CURVE('',#2181,#2173,#2183,.T.);
#2181 = VERTEX_POINT('',#2182);
#2182 = CARTESIAN_POINT('',(3.247441349399,12.066884426783,
    11.205783722701));
#2183 = LINE('',#2184,#2185);
#2184 = CARTESIAN_POINT('',(1.489319380952,12.066884426781,
    11.916111106171));
#2185 = VECTOR('',#2186,1.);
#2186 = DIRECTION('',(0.927183854567,8.934249003101E-13,-0.374606593416)
  );
#2187 = ORIENTED_EDGE('',*,*,#2188,.T.);
#2188 = EDGE_CURVE('',#2181,#2189,#2191,.T.);
#2189 = VERTEX_POINT('',#2190);
#2190 = CARTESIAN_POINT('',(3.247441349399,12.366884426783,
    11.205783722701));
#2191 = LINE('',#2192,#2193);
#2192 = CARTESIAN_POINT('',(3.247441349399,12.066884426783,
    11.205783722701));
#2193 = VECTOR('',#2194,1.);
#2194 = DIRECTION('',(-9.635897949577E-13,1.,0.));
#2195 = ORIENTED_EDGE('',*,*,#2196,.F.);
#2196 = EDGE_CURVE('',#2197,#2189,#2199,.T.);
#2197 = VERTEX_POINT('',#2198);
#2198 = CARTESIAN_POINT('',(3.258012729891,12.366884426783,
    11.201512607739));
#2199 = LINE('',#2200,#2201);
#2200 = CARTESIAN_POINT('',(0.381268596087,12.36688442678,
    12.363792682814));
#2201 = VECTOR('',#2202,1.);
#2202 = DIRECTION('',(-0.927183854567,-8.934249003101E-13,0.374606593416
    ));
#2203 = ORIENTED_EDGE('',*,*,#2204,.T.);
#2204 = EDGE_CURVE('',#2197,#2205,#2207,.T.);
#2205 = VERTEX_POINT('',#2206);
#2206 = CARTESIAN_POINT('',(3.258012729892,12.566884426783,
    11.201512607739));
#2207 = LINE('',#2208,#2209);
#2208 = CARTESIAN_POINT('',(3.25801272988,0.166884426783,11.201512607739
    ));
#2209 = VECTOR('',#2210,1.);
#2210 = DIRECTION('',(9.635484230053E-13,1.,-1.392488981105E-16));
#2211 = ORIENTED_EDGE('',*,*,#2212,.T.);
#2212 = EDGE_CURVE('',#2205,#2213,#2215,.T.);
#2213 = VERTEX_POINT('',#2214);
#2214 = CARTESIAN_POINT('',(2.74806160988,12.566884426783,
    11.407546234118));
#2215 = LINE('',#2216,#2217);
#2216 = CARTESIAN_POINT('',(3.258012729892,12.566884426783,
    11.201512607739));
#2217 = VECTOR('',#2218,1.);
#2218 = DIRECTION('',(-0.927183854567,8.934387044591E-13,0.374606593416)
  );
#2219 = ORIENTED_EDGE('',*,*,#2220,.T.);
#2220 = EDGE_CURVE('',#2213,#2221,#2223,.T.);
#2221 = VERTEX_POINT('',#2222);
#2222 = CARTESIAN_POINT('',(2.748061609879,12.016884426783,
    11.407546234118));
#2223 = LINE('',#2224,#2225);
#2224 = CARTESIAN_POINT('',(2.74806160988,12.566884426783,
    11.407546234118));
#2225 = VECTOR('',#2226,1.);
#2226 = DIRECTION('',(-9.635484230053E-13,-1.,1.392488981105E-16));
#2227 = ORIENTED_EDGE('',*,*,#2228,.F.);
#2228 = EDGE_CURVE('',#2229,#2221,#2231,.T.);
#2229 = VERTEX_POINT('',#2230);
#2230 = CARTESIAN_POINT('',(2.608984031694,11.866884426784,
    11.46373722313));
#2231 = CIRCLE('',#2232,0.15);
#2232 = AXIS2_PLACEMENT_3D('',#2233,#2234,#2235);
#2233 = CARTESIAN_POINT('',(2.608984031694,12.016884426784,
    11.46373722313));
#2234 = DIRECTION('',(0.374606593416,-3.608224830032E-13,0.927183854567)
  );
#2235 = DIRECTION('',(-0.927183854567,8.934387044591E-13,0.374606593416)
  );
#2236 = ORIENTED_EDGE('',*,*,#2237,.F.);
#2237 = EDGE_CURVE('',#2238,#2229,#2240,.T.);
#2238 = VERTEX_POINT('',#2239);
#2239 = CARTESIAN_POINT('',(2.238110489868,11.866884426784,
    11.613579860497));
#2240 = LINE('',#2241,#2242);
#2241 = CARTESIAN_POINT('',(0.543173217496,11.866884426786,
    12.29837896968));
#2242 = VECTOR('',#2243,1.);
#2243 = DIRECTION('',(0.927183854567,-8.932838184345E-13,-0.374606593416
    ));
#2244 = ORIENTED_EDGE('',*,*,#2245,.F.);
#2245 = EDGE_CURVE('',#2246,#2238,#2248,.T.);
#2246 = VERTEX_POINT('',#2247);
#2247 = CARTESIAN_POINT('',(2.099032911683,12.016884426784,
    11.669770849509));
#2248 = CIRCLE('',#2249,0.15);
#2249 = AXIS2_PLACEMENT_3D('',#2250,#2251,#2252);
#2250 = CARTESIAN_POINT('',(2.238110489868,12.016884426784,
    11.613579860497));
#2251 = DIRECTION('',(0.374606593416,-3.608224830032E-13,0.927183854567)
  );
#2252 = DIRECTION('',(-0.927183854567,8.934387044591E-13,0.374606593416)
  );
#2253 = ORIENTED_EDGE('',*,*,#2254,.F.);
#2254 = EDGE_CURVE('',#2255,#2246,#2257,.T.);
#2255 = VERTEX_POINT('',#2256);
#2256 = CARTESIAN_POINT('',(2.099032911683,12.216884426784,
    11.669770849509));
#2257 = LINE('',#2258,#2259);
#2258 = CARTESIAN_POINT('',(2.099032911671,0.166884426784,
    11.669770849509));
#2259 = VECTOR('',#2260,1.);
#2260 = DIRECTION('',(-9.635484230053E-13,-1.,1.392488981105E-16));
#2261 = ORIENTED_EDGE('',*,*,#2262,.F.);
#2262 = EDGE_CURVE('',#2003,#2255,#2263,.T.);
#2263 = CIRCLE('',#2264,0.15);
#2264 = AXIS2_PLACEMENT_3D('',#2265,#2266,#2267);
#2265 = CARTESIAN_POINT('',(1.959955333498,12.216884426784,
    11.725961838522));
#2266 = DIRECTION('',(-0.374606593416,3.608224830032E-13,-0.927183854567
    ));
#2267 = DIRECTION('',(-0.927183854567,8.934387044591E-13,0.374606593416)
  );
#2268 = ORIENTED_EDGE('',*,*,#2002,.F.);
#2269 = ORIENTED_EDGE('',*,*,#392,.T.);
#2270 = PLANE('',#2271);
#2271 = AXIS2_PLACEMENT_3D('',#2272,#2273,#2274);
#2272 = CARTESIAN_POINT('',(0.543173217485,0.166884426786,12.29837896968
    ));
#2273 = DIRECTION('',(0.374606593416,-3.608224830032E-13,0.927183854567)
  );
#2274 = DIRECTION('',(-0.927183854567,8.934387044591E-13,0.374606593416)
  );
#2275 = ADVANCED_FACE('',(#2276),#2301,.F.);
#2276 = FACE_BOUND('',#2277,.F.);
#2277 = EDGE_LOOP('',(#2278,#2279,#2287,#2295));
#2278 = ORIENTED_EDGE('',*,*,#400,.T.);
#2279 = ORIENTED_EDGE('',*,*,#2280,.T.);
#2280 = EDGE_CURVE('',#403,#2281,#2283,.T.);
#2281 = VERTEX_POINT('',#2282);
#2282 = CARTESIAN_POINT('',(7.552505370141,0.166884426781,
    11.725961838522));
#2283 = LINE('',#2284,#2285);
#2284 = CARTESIAN_POINT('',(8.969287486143,0.166884426783,
    12.298378969681));
#2285 = VECTOR('',#2286,1.);
#2286 = DIRECTION('',(-0.927183854567,-8.934652205137E-13,
    -0.374606593416));
#2287 = ORIENTED_EDGE('',*,*,#2288,.F.);
#2288 = EDGE_CURVE('',#2289,#2281,#2291,.T.);
#2289 = VERTEX_POINT('',#2290);
#2290 = CARTESIAN_POINT('',(7.477584051458,0.166884426781,
    11.911398609435));
#2291 = LINE('',#2292,#2293);
#2292 = CARTESIAN_POINT('',(7.458853721787,0.166884426781,
    11.957757802164));
#2293 = VECTOR('',#2294,1.);
#2294 = DIRECTION('',(0.374606593416,3.608224830032E-13,-0.927183854567)
  );
#2295 = ORIENTED_EDGE('',*,*,#2296,.T.);
#2296 = EDGE_CURVE('',#2289,#401,#2297,.T.);
#2297 = LINE('',#2298,#2299);
#2298 = CARTESIAN_POINT('',(8.873238316164,0.166884426782,
    12.475279534575));
#2299 = VECTOR('',#2300,1.);
#2300 = DIRECTION('',(0.927183854567,8.934652205137E-13,0.374606593416)
  );
#2301 = PLANE('',#2302);
#2302 = AXIS2_PLACEMENT_3D('',#2303,#2304,#2305);
#2303 = CARTESIAN_POINT('',(10.703997212771,0.166884426784,
    13.268880879119));
#2304 = DIRECTION('',(-9.635730082629E-13,1.,-1.491819869884E-16));
#2305 = DIRECTION('',(-0.927183854567,-8.934652205137E-13,
    -0.374606593416));
#2306 = ADVANCED_FACE('',(#2307),#2416,.F.);
#2307 = FACE_BOUND('',#2308,.F.);
#2308 = EDGE_LOOP('',(#2309,#2319,#2325,#2326,#2327,#2336,#2344,#2353,
    #2361,#2370,#2378,#2386,#2394,#2402,#2410));
#2309 = ORIENTED_EDGE('',*,*,#2310,.F.);
#2310 = EDGE_CURVE('',#2311,#2313,#2315,.T.);
#2311 = VERTEX_POINT('',#2312);
#2312 = CARTESIAN_POINT('',(6.179526655063,1.21688442678,11.386949378653
    ));
#2313 = VERTEX_POINT('',#2314);
#2314 = CARTESIAN_POINT('',(6.179526655064,0.466884426796,
    11.386949378653));
#2315 = LINE('',#2316,#2317);
#2316 = CARTESIAN_POINT('',(6.179526655053,12.36688442678,
    11.386949378653));
#2317 = VECTOR('',#2318,1.);
#2318 = DIRECTION('',(9.635730082629E-13,-1.,1.491819869884E-16));
#2319 = ORIENTED_EDGE('',*,*,#2320,.T.);
#2320 = EDGE_CURVE('',#2311,#411,#2321,.T.);
#2321 = LINE('',#2322,#2323);
#2322 = CARTESIAN_POINT('',(8.873238316163,1.216884426782,
    12.475279534575));
#2323 = VECTOR('',#2324,1.);
#2324 = DIRECTION('',(0.927183854567,8.934652205137E-13,0.374606593416)
  );
#2325 = ORIENTED_EDGE('',*,*,#410,.T.);
#2326 = ORIENTED_EDGE('',*,*,#2296,.F.);
#2327 = ORIENTED_EDGE('',*,*,#2328,.F.);
#2328 = EDGE_CURVE('',#2329,#2289,#2331,.T.);
#2329 = VERTEX_POINT('',#2330);
#2330 = CARTESIAN_POINT('',(7.338506473273,0.316884426781,
    11.855207620423));
#2331 = CIRCLE('',#2332,0.15);
#2332 = AXIS2_PLACEMENT_3D('',#2333,#2334,#2335);
#2333 = CARTESIAN_POINT('',(7.477584051458,0.316884426781,
    11.911398609435));
#2334 = DIRECTION('',(-0.374606593416,-3.608224830032E-13,0.927183854567
    ));
#2335 = DIRECTION('',(-0.927183854567,-8.934652205137E-13,
    -0.374606593416));
#2336 = ORIENTED_EDGE('',*,*,#2337,.T.);
#2337 = EDGE_CURVE('',#2329,#2338,#2340,.T.);
#2338 = VERTEX_POINT('',#2339);
#2339 = CARTESIAN_POINT('',(7.338506473273,0.516884426781,
    11.855207620423));
#2340 = LINE('',#2341,#2342);
#2341 = CARTESIAN_POINT('',(7.338506473273,0.166884426781,
    11.855207620423));
#2342 = VECTOR('',#2343,1.);
#2343 = DIRECTION('',(-9.635730082629E-13,1.,-1.491819869884E-16));
#2344 = ORIENTED_EDGE('',*,*,#2345,.F.);
#2345 = EDGE_CURVE('',#2346,#2338,#2348,.T.);
#2346 = VERTEX_POINT('',#2347);
#2347 = CARTESIAN_POINT('',(7.199428895087,0.666884426781,11.79901663141
    ));
#2348 = CIRCLE('',#2349,0.15);
#2349 = AXIS2_PLACEMENT_3D('',#2350,#2351,#2352);
#2350 = CARTESIAN_POINT('',(7.199428895088,0.516884426781,11.79901663141
    ));
#2351 = DIRECTION('',(0.374606593416,3.608224830032E-13,-0.927183854567)
  );
#2352 = DIRECTION('',(-0.927183854567,-8.934652205137E-13,
    -0.374606593416));
#2353 = ORIENTED_EDGE('',*,*,#2354,.T.);
#2354 = EDGE_CURVE('',#2346,#2355,#2357,.T.);
#2355 = VERTEX_POINT('',#2356);
#2356 = CARTESIAN_POINT('',(6.828555353261,0.666884426781,
    11.649173994044));
#2357 = LINE('',#2358,#2359);
#2358 = CARTESIAN_POINT('',(6.689477775076,0.66688442678,11.592983005032
    ));
#2359 = VECTOR('',#2360,1.);
#2360 = DIRECTION('',(-0.927183854567,-8.936201065383E-13,
    -0.374606593416));
#2361 = ORIENTED_EDGE('',*,*,#2362,.F.);
#2362 = EDGE_CURVE('',#2363,#2355,#2365,.T.);
#2363 = VERTEX_POINT('',#2364);
#2364 = CARTESIAN_POINT('',(6.689477775076,0.51688442678,11.592983005032
    ));
#2365 = CIRCLE('',#2366,0.15);
#2366 = AXIS2_PLACEMENT_3D('',#2367,#2368,#2369);
#2367 = CARTESIAN_POINT('',(6.828555353261,0.516884426781,
    11.649173994044));
#2368 = DIRECTION('',(0.374606593416,3.608224830032E-13,-0.927183854567)
  );
#2369 = DIRECTION('',(-0.927183854567,-8.934652205137E-13,
    -0.374606593416));
#2370 = ORIENTED_EDGE('',*,*,#2371,.F.);
#2371 = EDGE_CURVE('',#2372,#2363,#2374,.T.);
#2372 = VERTEX_POINT('',#2373);
#2373 = CARTESIAN_POINT('',(6.689477775076,-3.311557321963E-02,
    11.592983005032));
#2374 = LINE('',#2375,#2376);
#2375 = CARTESIAN_POINT('',(6.689477775076,-3.311557321963E-02,
    11.592983005032));
#2376 = VECTOR('',#2377,1.);
#2377 = DIRECTION('',(-9.635730082629E-13,1.,-1.491819869884E-16));
#2378 = ORIENTED_EDGE('',*,*,#2379,.T.);
#2379 = EDGE_CURVE('',#2372,#2380,#2382,.T.);
#2380 = VERTEX_POINT('',#2381);
#2381 = CARTESIAN_POINT('',(6.179526655065,-3.311557322012E-02,
    11.386949378653));
#2382 = LINE('',#2383,#2384);
#2383 = CARTESIAN_POINT('',(6.689477775076,-3.311557321963E-02,
    11.592983005032));
#2384 = VECTOR('',#2385,1.);
#2385 = DIRECTION('',(-0.927183854567,-8.934652205137E-13,
    -0.374606593416));
#2386 = ORIENTED_EDGE('',*,*,#2387,.F.);
#2387 = EDGE_CURVE('',#2388,#2380,#2390,.T.);
#2388 = VERTEX_POINT('',#2389);
#2389 = CARTESIAN_POINT('',(6.179526655064,0.166884426796,
    11.386949378653));
#2390 = LINE('',#2391,#2392);
#2391 = CARTESIAN_POINT('',(6.179526655053,12.36688442678,
    11.386949378653));
#2392 = VECTOR('',#2393,1.);
#2393 = DIRECTION('',(9.635730082629E-13,-1.,1.491819869884E-16));
#2394 = ORIENTED_EDGE('',*,*,#2395,.F.);
#2395 = EDGE_CURVE('',#2396,#2388,#2398,.T.);
#2396 = VERTEX_POINT('',#2397);
#2397 = CARTESIAN_POINT('',(6.190098035544,0.166884426796,11.39122049361
    ));
#2398 = LINE('',#2399,#2400);
#2399 = CARTESIAN_POINT('',(4.489456392298,0.166884426798,
    10.704116668991));
#2400 = VECTOR('',#2401,1.);
#2401 = DIRECTION('',(-0.927183854567,8.934249003101E-13,-0.374606593416
    ));
#2402 = ORIENTED_EDGE('',*,*,#2403,.F.);
#2403 = EDGE_CURVE('',#2404,#2396,#2406,.T.);
#2404 = VERTEX_POINT('',#2405);
#2405 = CARTESIAN_POINT('',(6.190098035544,0.466884426796,11.39122049361
    ));
#2406 = LINE('',#2407,#2408);
#2407 = CARTESIAN_POINT('',(6.190098035544,0.466884426796,11.39122049361
    ));
#2408 = VECTOR('',#2409,1.);
#2409 = DIRECTION('',(-9.635897949577E-13,-1.,0.));
#2410 = ORIENTED_EDGE('',*,*,#2411,.F.);
#2411 = EDGE_CURVE('',#2313,#2404,#2412,.T.);
#2412 = LINE('',#2413,#2414);
#2413 = CARTESIAN_POINT('',(7.919607811151,0.466884426794,
    12.089987800794));
#2414 = VECTOR('',#2415,1.);
#2415 = DIRECTION('',(0.927183854567,-8.934249003101E-13,0.374606593416)
  );
#2416 = PLANE('',#2417);
#2417 = AXIS2_PLACEMENT_3D('',#2418,#2419,#2420);
#2418 = CARTESIAN_POINT('',(8.873238316152,12.366884426782,
    12.475279534575));
#2419 = DIRECTION('',(0.374606593416,3.608224830032E-13,-0.927183854567)
  );
#2420 = DIRECTION('',(-0.927183854567,-8.934652205137E-13,
    -0.374606593416));
#2421 = ADVANCED_FACE('',(#2422),#2440,.T.);
#2422 = FACE_BOUND('',#2423,.T.);
#2423 = EDGE_LOOP('',(#2424,#2425,#2433,#2439));
#2424 = ORIENTED_EDGE('',*,*,#418,.T.);
#2425 = ORIENTED_EDGE('',*,*,#2426,.T.);
#2426 = EDGE_CURVE('',#419,#2427,#2429,.T.);
#2427 = VERTEX_POINT('',#2428);
#2428 = CARTESIAN_POINT('',(6.254447973747,1.21688442678,11.20151260774)
  );
#2429 = LINE('',#2430,#2431);
#2430 = CARTESIAN_POINT('',(8.969287486142,1.216884426783,
    12.298378969681));
#2431 = VECTOR('',#2432,1.);
#2432 = DIRECTION('',(-0.927183854567,-8.934652205137E-13,
    -0.374606593416));
#2433 = ORIENTED_EDGE('',*,*,#2434,.F.);
#2434 = EDGE_CURVE('',#2311,#2427,#2435,.T.);
#2435 = LINE('',#2436,#2437);
#2436 = CARTESIAN_POINT('',(6.254447973747,1.21688442678,11.20151260774)
  );
#2437 = VECTOR('',#2438,1.);
#2438 = DIRECTION('',(0.374606593416,3.608224830032E-13,-0.927183854567)
  );
#2439 = ORIENTED_EDGE('',*,*,#2320,.T.);
#2440 = PLANE('',#2441);
#2441 = AXIS2_PLACEMENT_3D('',#2442,#2443,#2444);
#2442 = CARTESIAN_POINT('',(5.40258989649,1.216884426779,21.85839397915)
  );
#2443 = DIRECTION('',(-9.635730082629E-13,1.,-1.491819869884E-16));
#2444 = DIRECTION('',(-0.927183854567,-8.934652205137E-13,
    -0.374606593416));
#2445 = ADVANCED_FACE('',(#2446),#2548,.F.);
#2446 = FACE_BOUND('',#2447,.F.);
#2447 = EDGE_LOOP('',(#2448,#2449,#2457,#2465,#2473,#2481,#2489,#2497,
    #2505,#2514,#2522,#2531,#2539,#2546,#2547));
#2448 = ORIENTED_EDGE('',*,*,#2426,.T.);
#2449 = ORIENTED_EDGE('',*,*,#2450,.T.);
#2450 = EDGE_CURVE('',#2427,#2451,#2453,.T.);
#2451 = VERTEX_POINT('',#2452);
#2452 = CARTESIAN_POINT('',(6.254447973747,0.466884426796,11.20151260774
    ));
#2453 = LINE('',#2454,#2455);
#2454 = CARTESIAN_POINT('',(6.254447973736,12.36688442678,11.20151260774
    ));
#2455 = VECTOR('',#2456,1.);
#2456 = DIRECTION('',(9.635730082629E-13,-1.,1.491819869884E-16));
#2457 = ORIENTED_EDGE('',*,*,#2458,.F.);
#2458 = EDGE_CURVE('',#2459,#2451,#2461,.T.);
#2459 = VERTEX_POINT('',#2460);
#2460 = CARTESIAN_POINT('',(6.265019354227,0.466884426796,
    11.205783722697));
#2461 = LINE('',#2462,#2463);
#2462 = CARTESIAN_POINT('',(8.005093055482,0.466884426794,11.90881913289
    ));
#2463 = VECTOR('',#2464,1.);
#2464 = DIRECTION('',(-0.927183854567,8.934249003101E-13,-0.374606593416
    ));
#2465 = ORIENTED_EDGE('',*,*,#2466,.T.);
#2466 = EDGE_CURVE('',#2459,#2467,#2469,.T.);
#2467 = VERTEX_POINT('',#2468);
#2468 = CARTESIAN_POINT('',(6.265019354227,0.166884426796,
    11.205783722696));
#2469 = LINE('',#2470,#2471);
#2470 = CARTESIAN_POINT('',(6.265019354227,0.466884426796,
    11.205783722697));
#2471 = VECTOR('',#2472,1.);
#2472 = DIRECTION('',(-9.635897949577E-13,-1.,0.));
#2473 = ORIENTED_EDGE('',*,*,#2474,.F.);
#2474 = EDGE_CURVE('',#2475,#2467,#2477,.T.);
#2475 = VERTEX_POINT('',#2476);
#2476 = CARTESIAN_POINT('',(6.254447973748,0.166884426796,11.20151260774
    ));
#2477 = LINE('',#2478,#2479);
#2478 = CARTESIAN_POINT('',(4.574941636629,0.166884426797,
    10.522948001087));
#2479 = VECTOR('',#2480,1.);
#2480 = DIRECTION('',(0.927183854567,-8.934249003101E-13,0.374606593416)
  );
#2481 = ORIENTED_EDGE('',*,*,#2482,.T.);
#2482 = EDGE_CURVE('',#2475,#2483,#2485,.T.);
#2483 = VERTEX_POINT('',#2484);
#2484 = CARTESIAN_POINT('',(6.254447973748,-3.311557322005E-02,
    11.20151260774));
#2485 = LINE('',#2486,#2487);
#2486 = CARTESIAN_POINT('',(6.254447973736,12.36688442678,11.20151260774
    ));
#2487 = VECTOR('',#2488,1.);
#2488 = DIRECTION('',(9.635730082629E-13,-1.,1.491819869884E-16));
#2489 = ORIENTED_EDGE('',*,*,#2490,.T.);
#2490 = EDGE_CURVE('',#2483,#2491,#2493,.T.);
#2491 = VERTEX_POINT('',#2492);
#2492 = CARTESIAN_POINT('',(6.76439909376,-3.311557321956E-02,
    11.407546234118));
#2493 = LINE('',#2494,#2495);
#2494 = CARTESIAN_POINT('',(6.254447973748,-3.311557322005E-02,
    11.20151260774));
#2495 = VECTOR('',#2496,1.);
#2496 = DIRECTION('',(0.927183854567,8.934652205137E-13,0.374606593416)
  );
#2497 = ORIENTED_EDGE('',*,*,#2498,.T.);
#2498 = EDGE_CURVE('',#2491,#2499,#2501,.T.);
#2499 = VERTEX_POINT('',#2500);
#2500 = CARTESIAN_POINT('',(6.764399093759,0.51688442678,11.407546234118
    ));
#2501 = LINE('',#2502,#2503);
#2502 = CARTESIAN_POINT('',(6.76439909376,-3.311557321956E-02,
    11.407546234118));
#2503 = VECTOR('',#2504,1.);
#2504 = DIRECTION('',(-9.635730082629E-13,1.,-1.491819869884E-16));
#2505 = ORIENTED_EDGE('',*,*,#2506,.F.);
#2506 = EDGE_CURVE('',#2507,#2499,#2509,.T.);
#2507 = VERTEX_POINT('',#2508);
#2508 = CARTESIAN_POINT('',(6.903476671944,0.666884426781,
    11.463737223131));
#2509 = CIRCLE('',#2510,0.15);
#2510 = AXIS2_PLACEMENT_3D('',#2511,#2512,#2513);
#2511 = CARTESIAN_POINT('',(6.903476671944,0.516884426781,
    11.463737223131));
#2512 = DIRECTION('',(-0.374606593416,-3.608224830032E-13,0.927183854567
    ));
#2513 = DIRECTION('',(0.927183854567,8.934652205137E-13,0.374606593416)
  );
#2514 = ORIENTED_EDGE('',*,*,#2515,.F.);
#2515 = EDGE_CURVE('',#2516,#2507,#2518,.T.);
#2516 = VERTEX_POINT('',#2517);
#2517 = CARTESIAN_POINT('',(7.274350213771,0.666884426781,
    11.613579860497));
#2518 = LINE('',#2519,#2520);
#2519 = CARTESIAN_POINT('',(8.969287486142,0.666884426783,
    12.298378969681));
#2520 = VECTOR('',#2521,1.);
#2521 = DIRECTION('',(-0.927183854567,-8.936201065383E-13,
    -0.374606593416));
#2522 = ORIENTED_EDGE('',*,*,#2523,.F.);
#2523 = EDGE_CURVE('',#2524,#2516,#2526,.T.);
#2524 = VERTEX_POINT('',#2525);
#2525 = CARTESIAN_POINT('',(7.413427791956,0.516884426781,
    11.669770849509));
#2526 = CIRCLE('',#2527,0.15);
#2527 = AXIS2_PLACEMENT_3D('',#2528,#2529,#2530);
#2528 = CARTESIAN_POINT('',(7.274350213771,0.516884426781,
    11.613579860497));
#2529 = DIRECTION('',(-0.374606593416,-3.608224830032E-13,0.927183854567
    ));
#2530 = DIRECTION('',(0.927183854567,8.934652205137E-13,0.374606593416)
  );
#2531 = ORIENTED_EDGE('',*,*,#2532,.F.);
#2532 = EDGE_CURVE('',#2533,#2524,#2535,.T.);
#2533 = VERTEX_POINT('',#2534);
#2534 = CARTESIAN_POINT('',(7.413427791956,0.316884426781,
    11.669770849509));
#2535 = LINE('',#2536,#2537);
#2536 = CARTESIAN_POINT('',(7.413427791944,12.366884426781,
    11.669770849509));
#2537 = VECTOR('',#2538,1.);
#2538 = DIRECTION('',(-9.635730082629E-13,1.,-1.491819869884E-16));
#2539 = ORIENTED_EDGE('',*,*,#2540,.F.);
#2540 = EDGE_CURVE('',#2281,#2533,#2541,.T.);
#2541 = CIRCLE('',#2542,0.15);
#2542 = AXIS2_PLACEMENT_3D('',#2543,#2544,#2545);
#2543 = CARTESIAN_POINT('',(7.552505370141,0.316884426781,
    11.725961838522));
#2544 = DIRECTION('',(0.374606593416,3.608224830032E-13,-0.927183854567)
  );
#2545 = DIRECTION('',(0.927183854567,8.934652205137E-13,0.374606593416)
  );
#2546 = ORIENTED_EDGE('',*,*,#2280,.F.);
#2547 = ORIENTED_EDGE('',*,*,#426,.T.);
#2548 = PLANE('',#2549);
#2549 = AXIS2_PLACEMENT_3D('',#2550,#2551,#2552);
#2550 = CARTESIAN_POINT('',(8.969287486131,12.366884426783,
    12.298378969681));
#2551 = DIRECTION('',(-0.374606593416,-3.608224830032E-13,0.927183854567
    ));
#2552 = DIRECTION('',(0.927183854567,8.934652205137E-13,0.374606593416)
  );
#2553 = ADVANCED_FACE('',(#2554),#2581,.F.);
#2554 = FACE_BOUND('',#2555,.F.);
#2555 = EDGE_LOOP('',(#2556,#2557,#2566,#2574));
#2556 = ORIENTED_EDGE('',*,*,#434,.F.);
#2557 = ORIENTED_EDGE('',*,*,#2558,.T.);
#2558 = EDGE_CURVE('',#435,#2559,#2561,.T.);
#2559 = VERTEX_POINT('',#2560);
#2560 = CARTESIAN_POINT('',(8.81256373814,6.166884426789,11.894992866169
    ));
#2561 = CIRCLE('',#2562,0.45);
#2562 = AXIS2_PLACEMENT_3D('',#2563,#2564,#2565);
#2563 = CARTESIAN_POINT('',(8.81256373814,6.166884426789,12.344992866169
    ));
#2564 = DIRECTION('',(-9.635897949577E-13,1.,-2.22044604925E-16));
#2565 = DIRECTION('',(1.,9.635897949577E-13,-1.197076221612E-28));
#2566 = ORIENTED_EDGE('',*,*,#2567,.T.);
#2567 = EDGE_CURVE('',#2559,#2568,#2570,.T.);
#2568 = VERTEX_POINT('',#2569);
#2569 = CARTESIAN_POINT('',(8.812563738139,6.366884426789,
    11.894992866169));
#2570 = LINE('',#2571,#2572);
#2571 = CARTESIAN_POINT('',(8.81256373814,5.666884426789,11.894992866169
    ));
#2572 = VECTOR('',#2573,1.);
#2573 = DIRECTION('',(-9.635897949577E-13,1.,-2.22044604925E-16));
#2574 = ORIENTED_EDGE('',*,*,#2575,.T.);
#2575 = EDGE_CURVE('',#2568,#437,#2576,.T.);
#2576 = CIRCLE('',#2577,0.45);
#2577 = AXIS2_PLACEMENT_3D('',#2578,#2579,#2580);
#2578 = CARTESIAN_POINT('',(8.812563738139,6.366884426789,
    12.344992866169));
#2579 = DIRECTION('',(9.635897949577E-13,-1.,2.22044604925E-16));
#2580 = DIRECTION('',(-1.,-9.635897949577E-13,1.197076221612E-28));
#2581 = CYLINDRICAL_SURFACE('',#2582,0.45);
#2582 = AXIS2_PLACEMENT_3D('',#2583,#2584,#2585);
#2583 = CARTESIAN_POINT('',(8.81256373814,5.666884426789,12.344992866169
    ));
#2584 = DIRECTION('',(-9.635897949577E-13,1.,-2.22044604925E-16));
#2585 = DIRECTION('',(-1.,-9.635897949577E-13,1.197076221612E-28));
#2586 = ADVANCED_FACE('',(#2587),#2606,.T.);
#2587 = FACE_BOUND('',#2588,.T.);
#2588 = EDGE_LOOP('',(#2589,#2590,#2591,#2600));
#2589 = ORIENTED_EDGE('',*,*,#2575,.T.);
#2590 = ORIENTED_EDGE('',*,*,#444,.T.);
#2591 = ORIENTED_EDGE('',*,*,#2592,.T.);
#2592 = EDGE_CURVE('',#445,#2593,#2595,.T.);
#2593 = VERTEX_POINT('',#2594);
#2594 = CARTESIAN_POINT('',(8.812563738139,6.366884426789,
    11.744992866169));
#2595 = CIRCLE('',#2596,0.6);
#2596 = AXIS2_PLACEMENT_3D('',#2597,#2598,#2599);
#2597 = CARTESIAN_POINT('',(8.812563738139,6.366884426789,
    12.344992866169));
#2598 = DIRECTION('',(-9.635897949577E-13,1.,-2.22044604925E-16));
#2599 = DIRECTION('',(-1.,-9.635897949577E-13,1.197076221612E-28));
#2600 = ORIENTED_EDGE('',*,*,#2601,.T.);
#2601 = EDGE_CURVE('',#2593,#2568,#2602,.T.);
#2602 = LINE('',#2603,#2604);
#2603 = CARTESIAN_POINT('',(8.812563738139,6.366884426789,
    11.894992866169));
#2604 = VECTOR('',#2605,1.);
#2605 = DIRECTION('',(-9.425229316996E-29,2.22044604925E-16,1.));
#2606 = PLANE('',#2607);
#2607 = AXIS2_PLACEMENT_3D('',#2608,#2609,#2610);
#2608 = CARTESIAN_POINT('',(8.212563738132,6.366884426788,
    13.271040225003));
#2609 = DIRECTION('',(-9.635897949577E-13,1.,-2.22044604925E-16));
#2610 = DIRECTION('',(-1.,-9.635897949577E-13,1.197076221612E-28));
#2611 = ADVANCED_FACE('',(#2612),#2631,.T.);
#2612 = FACE_BOUND('',#2613,.T.);
#2613 = EDGE_LOOP('',(#2614,#2615,#2616,#2625));
#2614 = ORIENTED_EDGE('',*,*,#2592,.F.);
#2615 = ORIENTED_EDGE('',*,*,#452,.F.);
#2616 = ORIENTED_EDGE('',*,*,#2617,.F.);
#2617 = EDGE_CURVE('',#2618,#453,#2620,.T.);
#2618 = VERTEX_POINT('',#2619);
#2619 = CARTESIAN_POINT('',(8.81256373814,6.166884426789,11.744992866169
    ));
#2620 = CIRCLE('',#2621,0.6);
#2621 = AXIS2_PLACEMENT_3D('',#2622,#2623,#2624);
#2622 = CARTESIAN_POINT('',(8.81256373814,6.166884426789,12.344992866169
    ));
#2623 = DIRECTION('',(9.635897949577E-13,-1.,2.22044604925E-16));
#2624 = DIRECTION('',(1.,9.635897949577E-13,-1.197076221612E-28));
#2625 = ORIENTED_EDGE('',*,*,#2626,.T.);
#2626 = EDGE_CURVE('',#2618,#2593,#2627,.T.);
#2627 = LINE('',#2628,#2629);
#2628 = CARTESIAN_POINT('',(8.81256373814,5.666884426789,11.744992866169
    ));
#2629 = VECTOR('',#2630,1.);
#2630 = DIRECTION('',(-9.635897949577E-13,1.,-2.22044604925E-16));
#2631 = CYLINDRICAL_SURFACE('',#2632,0.6);
#2632 = AXIS2_PLACEMENT_3D('',#2633,#2634,#2635);
#2633 = CARTESIAN_POINT('',(8.81256373814,5.666884426789,12.344992866169
    ));
#2634 = DIRECTION('',(-9.635897949577E-13,1.,-2.22044604925E-16));
#2635 = DIRECTION('',(-1.,-9.635897949577E-13,1.197076221612E-28));
#2636 = ADVANCED_FACE('',(#2637),#2648,.T.);
#2637 = FACE_BOUND('',#2638,.T.);
#2638 = EDGE_LOOP('',(#2639,#2640,#2641,#2647));
#2639 = ORIENTED_EDGE('',*,*,#460,.T.);
#2640 = ORIENTED_EDGE('',*,*,#2558,.T.);
#2641 = ORIENTED_EDGE('',*,*,#2642,.T.);
#2642 = EDGE_CURVE('',#2559,#2618,#2643,.T.);
#2643 = LINE('',#2644,#2645);
#2644 = CARTESIAN_POINT('',(8.81256373814,6.166884426789,11.894992866169
    ));
#2645 = VECTOR('',#2646,1.);
#2646 = DIRECTION('',(9.425229316996E-29,-2.22044604925E-16,-1.));
#2647 = ORIENTED_EDGE('',*,*,#2617,.T.);
#2648 = PLANE('',#2649);
#2649 = AXIS2_PLACEMENT_3D('',#2650,#2651,#2652);
#2650 = CARTESIAN_POINT('',(8.212563738132,6.166884426788,
    11.238253339757));
#2651 = DIRECTION('',(9.635897949577E-13,-1.,2.22044604925E-16));
#2652 = DIRECTION('',(1.,9.635897949577E-13,-1.197076221612E-28));
#2653 = ADVANCED_FACE('',(#2654),#2681,.T.);
#2654 = FACE_BOUND('',#2655,.T.);
#2655 = EDGE_LOOP('',(#2656,#2666,#2673,#2674));
#2656 = ORIENTED_EDGE('',*,*,#2657,.F.);
#2657 = EDGE_CURVE('',#2658,#2660,#2662,.T.);
#2658 = VERTEX_POINT('',#2659);
#2659 = CARTESIAN_POINT('',(0.71256373814,6.166884426781,11.744992866169
    ));
#2660 = VERTEX_POINT('',#2661);
#2661 = CARTESIAN_POINT('',(0.71256373814,6.366884426781,11.744992866169
    ));
#2662 = LINE('',#2663,#2664);
#2663 = CARTESIAN_POINT('',(0.71256373814,5.666884426781,11.744992866169
    ));
#2664 = VECTOR('',#2665,1.);
#2665 = DIRECTION('',(-9.635897949577E-13,1.,-2.22044604925E-16));
#2666 = ORIENTED_EDGE('',*,*,#2667,.T.);
#2667 = EDGE_CURVE('',#2658,#469,#2668,.T.);
#2668 = CIRCLE('',#2669,0.6);
#2669 = AXIS2_PLACEMENT_3D('',#2670,#2671,#2672);
#2670 = CARTESIAN_POINT('',(0.71256373814,6.166884426781,12.344992866169
    ));
#2671 = DIRECTION('',(-9.635897949577E-13,1.,-2.22044604925E-16));
#2672 = DIRECTION('',(-1.,-9.635897949577E-13,1.197076221612E-28));
#2673 = ORIENTED_EDGE('',*,*,#468,.T.);
#2674 = ORIENTED_EDGE('',*,*,#2675,.T.);
#2675 = EDGE_CURVE('',#471,#2660,#2676,.T.);
#2676 = CIRCLE('',#2677,0.6);
#2677 = AXIS2_PLACEMENT_3D('',#2678,#2679,#2680);
#2678 = CARTESIAN_POINT('',(0.71256373814,6.366884426781,12.344992866169
    ));
#2679 = DIRECTION('',(9.635897949577E-13,-1.,2.22044604925E-16));
#2680 = DIRECTION('',(1.,9.635897949577E-13,-1.197076221612E-28));
#2681 = CYLINDRICAL_SURFACE('',#2682,0.6);
#2682 = AXIS2_PLACEMENT_3D('',#2683,#2684,#2685);
#2683 = CARTESIAN_POINT('',(0.71256373814,5.666884426781,12.344992866169
    ));
#2684 = DIRECTION('',(-9.635897949577E-13,1.,-2.22044604925E-16));
#2685 = DIRECTION('',(-1.,-9.635897949577E-13,1.197076221612E-28));
#2686 = ADVANCED_FACE('',(#2687),#2706,.F.);
#2687 = FACE_BOUND('',#2688,.F.);
#2688 = EDGE_LOOP('',(#2689,#2697,#2704,#2705));
#2689 = ORIENTED_EDGE('',*,*,#2690,.T.);
#2690 = EDGE_CURVE('',#2660,#2691,#2693,.T.);
#2691 = VERTEX_POINT('',#2692);
#2692 = CARTESIAN_POINT('',(0.71256373814,6.366884426781,11.894992866169
    ));
#2693 = LINE('',#2694,#2695);
#2694 = CARTESIAN_POINT('',(0.71256373814,6.366884426781,11.894992866169
    ));
#2695 = VECTOR('',#2696,1.);
#2696 = DIRECTION('',(-9.425229316996E-29,2.22044604925E-16,1.));
#2697 = ORIENTED_EDGE('',*,*,#2698,.T.);
#2698 = EDGE_CURVE('',#2691,#479,#2699,.T.);
#2699 = CIRCLE('',#2700,0.45);
#2700 = AXIS2_PLACEMENT_3D('',#2701,#2702,#2703);
#2701 = CARTESIAN_POINT('',(0.71256373814,6.366884426781,12.344992866169
    ));
#2702 = DIRECTION('',(-9.635897949577E-13,1.,-2.22044604925E-16));
#2703 = DIRECTION('',(1.,9.635897949577E-13,-1.197076221612E-28));
#2704 = ORIENTED_EDGE('',*,*,#478,.T.);
#2705 = ORIENTED_EDGE('',*,*,#2675,.T.);
#2706 = PLANE('',#2707);
#2707 = AXIS2_PLACEMENT_3D('',#2708,#2709,#2710);
#2708 = CARTESIAN_POINT('',(1.312563738138,6.366884426781,
    13.395266090213));
#2709 = DIRECTION('',(9.635897949577E-13,-1.,2.22044604925E-16));
#2710 = DIRECTION('',(1.,9.635897949577E-13,-1.197076221612E-28));
#2711 = ADVANCED_FACE('',(#2712),#2731,.F.);
#2712 = FACE_BOUND('',#2713,.F.);
#2713 = EDGE_LOOP('',(#2714,#2715,#2723,#2730));
#2714 = ORIENTED_EDGE('',*,*,#2698,.F.);
#2715 = ORIENTED_EDGE('',*,*,#2716,.F.);
#2716 = EDGE_CURVE('',#2717,#2691,#2719,.T.);
#2717 = VERTEX_POINT('',#2718);
#2718 = CARTESIAN_POINT('',(0.71256373814,6.166884426781,11.894992866169
    ));
#2719 = LINE('',#2720,#2721);
#2720 = CARTESIAN_POINT('',(0.71256373814,5.666884426781,11.894992866169
    ));
#2721 = VECTOR('',#2722,1.);
#2722 = DIRECTION('',(-9.635897949577E-13,1.,-2.22044604925E-16));
#2723 = ORIENTED_EDGE('',*,*,#2724,.F.);
#2724 = EDGE_CURVE('',#487,#2717,#2725,.T.);
#2725 = CIRCLE('',#2726,0.45);
#2726 = AXIS2_PLACEMENT_3D('',#2727,#2728,#2729);
#2727 = CARTESIAN_POINT('',(0.71256373814,6.166884426781,12.344992866169
    ));
#2728 = DIRECTION('',(9.635897949577E-13,-1.,2.22044604925E-16));
#2729 = DIRECTION('',(-1.,-9.635897949577E-13,1.197076221612E-28));
#2730 = ORIENTED_EDGE('',*,*,#486,.T.);
#2731 = CYLINDRICAL_SURFACE('',#2732,0.45);
#2732 = AXIS2_PLACEMENT_3D('',#2733,#2734,#2735);
#2733 = CARTESIAN_POINT('',(0.71256373814,5.666884426781,12.344992866169
    ));
#2734 = DIRECTION('',(-9.635897949577E-13,1.,-2.22044604925E-16));
#2735 = DIRECTION('',(-1.,-9.635897949577E-13,1.197076221612E-28));
#2736 = ADVANCED_FACE('',(#2737),#2748,.F.);
#2737 = FACE_BOUND('',#2738,.F.);
#2738 = EDGE_LOOP('',(#2739,#2740,#2741,#2747));
#2739 = ORIENTED_EDGE('',*,*,#494,.T.);
#2740 = ORIENTED_EDGE('',*,*,#2724,.T.);
#2741 = ORIENTED_EDGE('',*,*,#2742,.T.);
#2742 = EDGE_CURVE('',#2717,#2658,#2743,.T.);
#2743 = LINE('',#2744,#2745);
#2744 = CARTESIAN_POINT('',(0.71256373814,6.166884426781,11.894992866169
    ));
#2745 = VECTOR('',#2746,1.);
#2746 = DIRECTION('',(9.425229316996E-29,-2.22044604925E-16,-1.));
#2747 = ORIENTED_EDGE('',*,*,#2667,.T.);
#2748 = PLANE('',#2749);
#2749 = AXIS2_PLACEMENT_3D('',#2750,#2751,#2752);
#2750 = CARTESIAN_POINT('',(1.312563738139,6.166884426781,
    11.317306163072));
#2751 = DIRECTION('',(-9.635897949577E-13,1.,-2.22044604925E-16));
#2752 = DIRECTION('',(-1.,-9.635897949577E-13,1.197076221612E-28));
#2753 = ADVANCED_FACE('',(#2754),#2766,.T.);
#2754 = FACE_BOUND('',#2755,.F.);
#2755 = EDGE_LOOP('',(#2756,#2757,#2758,#2765));
#2756 = ORIENTED_EDGE('',*,*,#559,.T.);
#2757 = ORIENTED_EDGE('',*,*,#609,.T.);
#2758 = ORIENTED_EDGE('',*,*,#2759,.F.);
#2759 = EDGE_CURVE('',#534,#610,#2760,.T.);
#2760 = CIRCLE('',#2761,0.5);
#2761 = AXIS2_PLACEMENT_3D('',#2762,#2763,#2764);
#2762 = CARTESIAN_POINT('',(11.759690899192,-1.229655025829,
    13.768880879118));
#2763 = DIRECTION('',(-1.,0.,9.30499770627E-13));
#2764 = DIRECTION('',(0.,-1.,0.));
#2765 = ORIENTED_EDGE('',*,*,#541,.F.);
#2766 = CYLINDRICAL_SURFACE('',#2767,0.5);
#2767 = AXIS2_PLACEMENT_3D('',#2768,#2769,#2770);
#2768 = CARTESIAN_POINT('',(-2.240309100808,-1.229655025829,
    13.768880879131));
#2769 = DIRECTION('',(1.,0.,-9.30499770627E-13));
#2770 = DIRECTION('',(0.,-1.,0.));
#2771 = ADVANCED_FACE('',(#2772),#2784,.T.);
#2772 = FACE_BOUND('',#2773,.F.);
#2773 = EDGE_LOOP('',(#2774,#2781,#2782,#2783));
#2774 = ORIENTED_EDGE('',*,*,#2775,.T.);
#2775 = EDGE_CURVE('',#662,#635,#2776,.T.);
#2776 = CIRCLE('',#2777,0.5);
#2777 = AXIS2_PLACEMENT_3D('',#2778,#2779,#2780);
#2778 = CARTESIAN_POINT('',(11.759690899192,13.770344974171,
    13.768880879118));
#2779 = DIRECTION('',(1.,-6.123233995737E-17,-9.305106424129E-13));
#2780 = DIRECTION('',(6.123233995737E-17,1.,-5.697734399017E-29));
#2781 = ORIENTED_EDGE('',*,*,#643,.T.);
#2782 = ORIENTED_EDGE('',*,*,#583,.F.);
#2783 = ORIENTED_EDGE('',*,*,#661,.F.);
#2784 = CYLINDRICAL_SURFACE('',#2785,0.5);
#2785 = AXIS2_PLACEMENT_3D('',#2786,#2787,#2788);
#2786 = CARTESIAN_POINT('',(11.759690899192,13.770344974171,
    13.768880879118));
#2787 = DIRECTION('',(-1.,0.,9.30499770627E-13));
#2788 = DIRECTION('',(0.,1.,0.));
#2789 = ADVANCED_FACE('',(#2790),#2802,.T.);
#2790 = FACE_BOUND('',#2791,.T.);
#2791 = EDGE_LOOP('',(#2792,#2793,#2794,#2801));
#2792 = ORIENTED_EDGE('',*,*,#2759,.F.);
#2793 = ORIENTED_EDGE('',*,*,#734,.T.);
#2794 = ORIENTED_EDGE('',*,*,#2795,.T.);
#2795 = EDGE_CURVE('',#711,#618,#2796,.T.);
#2796 = CIRCLE('',#2797,0.5);
#2797 = AXIS2_PLACEMENT_3D('',#2798,#2799,#2800);
#2798 = CARTESIAN_POINT('',(12.259690899192,-0.729655025829,
    13.768880879118));
#2799 = DIRECTION('',(-1.687418462921E-15,-1.,1.570160837952E-27));
#2800 = DIRECTION('',(1.,-1.687418462921E-15,-9.305106424129E-13));
#2801 = ORIENTED_EDGE('',*,*,#617,.F.);
#2802 = TOROIDAL_SURFACE('',#2803,0.5,0.5);
#2803 = AXIS2_PLACEMENT_3D('',#2804,#2805,#2806);
#2804 = CARTESIAN_POINT('',(11.759690899192,-0.729655025829,
    13.768880879118));
#2805 = DIRECTION('',(9.305106424129E-13,0.,1.));
#2806 = DIRECTION('',(-1.626186122964E-15,-1.,1.513183493962E-27));
#2807 = ADVANCED_FACE('',(#2808),#2820,.T.);
#2808 = FACE_BOUND('',#2809,.F.);
#2809 = EDGE_LOOP('',(#2810,#2811,#2812,#2819));
#2810 = ORIENTED_EDGE('',*,*,#2795,.T.);
#2811 = ORIENTED_EDGE('',*,*,#626,.T.);
#2812 = ORIENTED_EDGE('',*,*,#2813,.F.);
#2813 = EDGE_CURVE('',#686,#627,#2814,.T.);
#2814 = CIRCLE('',#2815,0.5);
#2815 = AXIS2_PLACEMENT_3D('',#2816,#2817,#2818);
#2816 = CARTESIAN_POINT('',(12.259690899192,13.270344974171,
    13.768880879118));
#2817 = DIRECTION('',(0.,-1.,0.));
#2818 = DIRECTION('',(1.,0.,-9.30499770627E-13));
#2819 = ORIENTED_EDGE('',*,*,#710,.F.);
#2820 = CYLINDRICAL_SURFACE('',#2821,0.5);
#2821 = AXIS2_PLACEMENT_3D('',#2822,#2823,#2824);
#2822 = CARTESIAN_POINT('',(12.259690899192,-0.729655025829,
    13.768880879118));
#2823 = DIRECTION('',(0.,1.,0.));
#2824 = DIRECTION('',(1.,0.,-9.30499770627E-13));
#2825 = ADVANCED_FACE('',(#2826),#2832,.T.);
#2826 = FACE_BOUND('',#2827,.T.);
#2827 = EDGE_LOOP('',(#2828,#2829,#2830,#2831));
#2828 = ORIENTED_EDGE('',*,*,#2813,.F.);
#2829 = ORIENTED_EDGE('',*,*,#685,.T.);
#2830 = ORIENTED_EDGE('',*,*,#2775,.T.);
#2831 = ORIENTED_EDGE('',*,*,#634,.F.);
#2832 = TOROIDAL_SURFACE('',#2833,0.5,0.5);
#2833 = AXIS2_PLACEMENT_3D('',#2834,#2835,#2836);
#2834 = CARTESIAN_POINT('',(11.759690899192,13.270344974171,
    13.768880879118));
#2835 = DIRECTION('',(9.305106424129E-13,0.,1.));
#2836 = DIRECTION('',(1.,0.,-9.305106424129E-13));
#2837 = ADVANCED_FACE('',(#2838),#2844,.F.);
#2838 = FACE_BOUND('',#2839,.T.);
#2839 = EDGE_LOOP('',(#2840,#2841,#2842,#2843));
#2840 = ORIENTED_EDGE('',*,*,#837,.F.);
#2841 = ORIENTED_EDGE('',*,*,#760,.T.);
#2842 = ORIENTED_EDGE('',*,*,#785,.T.);
#2843 = ORIENTED_EDGE('',*,*,#820,.T.);
#2844 = PLANE('',#2845);
#2845 = AXIS2_PLACEMENT_3D('',#2846,#2847,#2848);
#2846 = CARTESIAN_POINT('',(8.212563738133,5.666884426788,
    11.744992866169));
#2847 = DIRECTION('',(6.436075505079E-14,2.22044604987E-16,1.));
#2848 = DIRECTION('',(-1.,-9.635897949577E-13,6.436075505079E-14));
#2849 = ADVANCED_FACE('',(#2850),#2876,.T.);
#2850 = FACE_BOUND('',#2851,.T.);
#2851 = EDGE_LOOP('',(#2852,#2860,#2861,#2869));
#2852 = ORIENTED_EDGE('',*,*,#2853,.T.);
#2853 = EDGE_CURVE('',#2854,#854,#2856,.T.);
#2854 = VERTEX_POINT('',#2855);
#2855 = CARTESIAN_POINT('',(7.750511241734,2.216884426791,
    10.469444074953));
#2856 = LINE('',#2857,#2858);
#2857 = CARTESIAN_POINT('',(7.750511241734,2.216884426791,
    10.469444074953));
#2858 = VECTOR('',#2859,1.);
#2859 = DIRECTION('',(9.841024344769E-02,0.707106781187,0.7002252666));
#2860 = ORIENTED_EDGE('',*,*,#851,.F.);
#2861 = ORIENTED_EDGE('',*,*,#2862,.F.);
#2862 = EDGE_CURVE('',#2863,#852,#2865,.T.);
#2863 = VERTEX_POINT('',#2864);
#2864 = CARTESIAN_POINT('',(8.028857443654,2.216884426791,
    10.449980212436));
#2865 = LINE('',#2866,#2867);
#2866 = CARTESIAN_POINT('',(8.028857443654,2.216884426791,
    10.449980212436));
#2867 = VECTOR('',#2868,1.);
#2868 = DIRECTION('',(7.25356452892E-14,0.707106781187,0.707106781187));
#2869 = ORIENTED_EDGE('',*,*,#2870,.F.);
#2870 = EDGE_CURVE('',#2854,#2863,#2871,.T.);
#2871 = CIRCLE('',#2872,2.);
#2872 = AXIS2_PLACEMENT_3D('',#2873,#2874,#2875);
#2873 = CARTESIAN_POINT('',(8.028857443654,2.216884426791,
    12.449980212436));
#2874 = DIRECTION('',(-1.090933291192E-13,-1.,-1.523941150263E-17));
#2875 = DIRECTION('',(-0.13917310096,1.519794801018E-14,-0.990268068742)
  );
#2876 = CONICAL_SURFACE('',#2877,1.85,0.785398163397);
#2877 = AXIS2_PLACEMENT_3D('',#2878,#2879,#2880);
#2878 = CARTESIAN_POINT('',(8.028857443654,2.366884426791,
    12.449980212436));
#2879 = DIRECTION('',(-1.090933291192E-13,-1.,-1.523941150263E-17));
#2880 = DIRECTION('',(0.13917310096,-1.519794801018E-14,0.990268068742)
  );
#2881 = ADVANCED_FACE('',(#2882),#2900,.T.);
#2882 = FACE_BOUND('',#2883,.T.);
#2883 = EDGE_LOOP('',(#2884,#2885,#2886,#2894));
#2884 = ORIENTED_EDGE('',*,*,#2862,.T.);
#2885 = ORIENTED_EDGE('',*,*,#918,.F.);
#2886 = ORIENTED_EDGE('',*,*,#2887,.F.);
#2887 = EDGE_CURVE('',#2888,#911,#2890,.T.);
#2888 = VERTEX_POINT('',#2889);
#2889 = CARTESIAN_POINT('',(8.898831392286,2.216884426791,
    10.449980212436));
#2890 = LINE('',#2891,#2892);
#2891 = CARTESIAN_POINT('',(8.898831392286,2.216884426791,
    10.449980212436));
#2892 = VECTOR('',#2893,1.);
#2893 = DIRECTION('',(9.889026361075E-02,0.703640787534,0.703640787534)
  );
#2894 = ORIENTED_EDGE('',*,*,#2895,.F.);
#2895 = EDGE_CURVE('',#2863,#2888,#2896,.T.);
#2896 = LINE('',#2897,#2898);
#2897 = CARTESIAN_POINT('',(8.898831392286,2.216884426791,
    10.449980212436));
#2898 = VECTOR('',#2899,1.);
#2899 = DIRECTION('',(1.,-1.090933291192E-13,6.826616949525E-15));
#2900 = PLANE('',#2901);
#2901 = AXIS2_PLACEMENT_3D('',#2902,#2903,#2904);
#2902 = CARTESIAN_POINT('',(8.898831392286,2.216884426791,
    10.449980212436));
#2903 = DIRECTION('',(8.197879220829E-14,0.707106781187,-0.707106781187)
  );
#2904 = DIRECTION('',(-1.,1.090985880658E-13,-6.826616949525E-15));
#2905 = ADVANCED_FACE('',(#2906),#2938,.F.);
#2906 = FACE_BOUND('',#2907,.T.);
#2907 = EDGE_LOOP('',(#2908,#2914,#2915,#2916,#2922,#2923,#2931,#2937));
#2908 = ORIENTED_EDGE('',*,*,#2909,.T.);
#2909 = EDGE_CURVE('',#979,#2888,#2910,.T.);
#2910 = LINE('',#2911,#2912);
#2911 = CARTESIAN_POINT('',(8.879271888509,2.216884426791,
    10.310807111476));
#2912 = VECTOR('',#2913,1.);
#2913 = DIRECTION('',(-0.13917310096,1.519794801018E-14,-0.990268068742)
  );
#2914 = ORIENTED_EDGE('',*,*,#2887,.T.);
#2915 = ORIENTED_EDGE('',*,*,#910,.F.);
#2916 = ORIENTED_EDGE('',*,*,#2917,.T.);
#2917 = EDGE_CURVE('',#903,#1195,#2918,.T.);
#2918 = LINE('',#2919,#2920);
#2919 = CARTESIAN_POINT('',(8.997569024325,1.651331350998,
    11.152534969906));
#2920 = VECTOR('',#2921,1.);
#2921 = DIRECTION('',(1.090933291192E-13,1.,1.523941150263E-17));
#2922 = ORIENTED_EDGE('',*,*,#1194,.T.);
#2923 = ORIENTED_EDGE('',*,*,#2924,.T.);
#2924 = EDGE_CURVE('',#1187,#2925,#2927,.T.);
#2925 = VERTEX_POINT('',#2926);
#2926 = CARTESIAN_POINT('',(8.898831392286,5.016884426791,
    10.449980212436));
#2927 = LINE('',#2928,#2929);
#2928 = CARTESIAN_POINT('',(8.898831392286,5.016884426791,
    10.449980212436));
#2929 = VECTOR('',#2930,1.);
#2930 = DIRECTION('',(-9.889026361059E-02,0.703640787534,-0.703640787534
    ));
#2931 = ORIENTED_EDGE('',*,*,#2932,.T.);
#2932 = EDGE_CURVE('',#2925,#970,#2933,.T.);
#2933 = LINE('',#2934,#2935);
#2934 = CARTESIAN_POINT('',(8.879271888509,5.016884426791,
    10.310807111476));
#2935 = VECTOR('',#2936,1.);
#2936 = DIRECTION('',(0.13917310096,-1.519794801018E-14,0.990268068742)
  );
#2937 = ORIENTED_EDGE('',*,*,#978,.T.);
#2938 = PLANE('',#2939);
#2939 = AXIS2_PLACEMENT_3D('',#2940,#2941,#2942);
#2940 = CARTESIAN_POINT('',(8.879271888509,5.316884426791,
    10.310807111476));
#2941 = DIRECTION('',(-0.990268068742,1.077744130298E-13,0.13917310096)
  );
#2942 = DIRECTION('',(1.088407054036E-13,1.,5.074335936437E-17));
#2943 = ADVANCED_FACE('',(#2944),#2955,.F.);
#2944 = FACE_BOUND('',#2945,.T.);
#2945 = EDGE_LOOP('',(#2946,#2947,#2953,#2954));
#2946 = ORIENTED_EDGE('',*,*,#902,.T.);
#2947 = ORIENTED_EDGE('',*,*,#2948,.T.);
#2948 = EDGE_CURVE('',#895,#1203,#2949,.T.);
#2949 = LINE('',#2950,#2951);
#2950 = CARTESIAN_POINT('',(8.341181102188,1.651331350998,
    11.152534969906));
#2951 = VECTOR('',#2952,1.);
#2952 = DIRECTION('',(1.089181519595E-13,1.,1.523941150262E-17));
#2953 = ORIENTED_EDGE('',*,*,#1202,.T.);
#2954 = ORIENTED_EDGE('',*,*,#2917,.F.);
#2955 = PLANE('',#2956);
#2956 = AXIS2_PLACEMENT_3D('',#2957,#2958,#2959);
#2957 = CARTESIAN_POINT('',(8.997569024325,1.651331350998,
    11.152534969906));
#2958 = DIRECTION('',(-7.096839114654E-15,-1.523941150185E-17,1.));
#2959 = DIRECTION('',(1.,-1.090933291192E-13,7.101471552142E-15));
#2960 = ADVANCED_FACE('',(#2961),#2967,.F.);
#2961 = FACE_BOUND('',#2962,.T.);
#2962 = EDGE_LOOP('',(#2963,#2964,#2965,#2966));
#2963 = ORIENTED_EDGE('',*,*,#894,.T.);
#2964 = ORIENTED_EDGE('',*,*,#1003,.T.);
#2965 = ORIENTED_EDGE('',*,*,#1210,.F.);
#2966 = ORIENTED_EDGE('',*,*,#2948,.F.);
#2967 = PLANE('',#2968);
#2968 = AXIS2_PLACEMENT_3D('',#2969,#2970,#2971);
#2969 = CARTESIAN_POINT('',(7.038708975571,4.866884426791,1.884964235923
    ));
#2970 = DIRECTION('',(0.990268068742,-1.078560470757E-13,-0.13917310096)
  );
#2971 = DIRECTION('',(-1.089215449926E-13,-1.,-3.938209604861E-17));
#2972 = ADVANCED_FACE('',(#2973),#2992,.T.);
#2973 = FACE_BOUND('',#2974,.T.);
#2974 = EDGE_LOOP('',(#2975,#2976,#2977,#2985));
#2975 = ORIENTED_EDGE('',*,*,#1130,.T.);
#2976 = ORIENTED_EDGE('',*,*,#870,.F.);
#2977 = ORIENTED_EDGE('',*,*,#2978,.F.);
#2978 = EDGE_CURVE('',#2979,#863,#2981,.T.);
#2979 = VERTEX_POINT('',#2980);
#2980 = CARTESIAN_POINT('',(2.584523311918,2.216884426791,
    11.195476330672));
#2981 = LINE('',#2982,#2983);
#2982 = CARTESIAN_POINT('',(2.584523311918,2.216884426791,
    11.195476330672));
#2983 = VECTOR('',#2984,1.);
#2984 = DIRECTION('',(9.841024344769E-02,0.707106781187,0.7002252666));
#2985 = ORIENTED_EDGE('',*,*,#2986,.F.);
#2986 = EDGE_CURVE('',#1131,#2979,#2987,.T.);
#2987 = CIRCLE('',#2988,2.);
#2988 = AXIS2_PLACEMENT_3D('',#2989,#2990,#2991);
#2989 = CARTESIAN_POINT('',(2.862869513838,2.216884426791,
    13.176012468155));
#2990 = DIRECTION('',(-1.090933291192E-13,-1.,-1.523941150262E-17));
#2991 = DIRECTION('',(-0.13917310096,1.519794801017E-14,-0.990268068742)
  );
#2992 = CONICAL_SURFACE('',#2993,1.85,0.785398163397);
#2993 = AXIS2_PLACEMENT_3D('',#2994,#2995,#2996);
#2994 = CARTESIAN_POINT('',(2.862869513838,2.366884426791,
    13.176012468155));
#2995 = DIRECTION('',(-1.090933291192E-13,-1.,-1.523941150263E-17));
#2996 = DIRECTION('',(0.13917310096,-1.519794801018E-14,0.990268068742)
  );
#2997 = ADVANCED_FACE('',(#2998),#3009,.F.);
#2998 = FACE_BOUND('',#2999,.T.);
#2999 = EDGE_LOOP('',(#3000,#3001,#3002,#3003));
#3000 = ORIENTED_EDGE('',*,*,#2978,.T.);
#3001 = ORIENTED_EDGE('',*,*,#862,.F.);
#3002 = ORIENTED_EDGE('',*,*,#2853,.F.);
#3003 = ORIENTED_EDGE('',*,*,#3004,.F.);
#3004 = EDGE_CURVE('',#2979,#2854,#3005,.T.);
#3005 = LINE('',#3006,#3007);
#3006 = CARTESIAN_POINT('',(4.571605789483,2.216884426791,
    10.916210100652));
#3007 = VECTOR('',#3008,1.);
#3008 = DIRECTION('',(0.990268068742,-1.080295194233E-13,-0.13917310096)
  );
#3009 = PLANE('',#3010);
#3010 = AXIS2_PLACEMENT_3D('',#3011,#3012,#3013);
#3011 = CARTESIAN_POINT('',(8.206960205534,2.366884426791,
    10.556768492459));
#3012 = DIRECTION('',(9.841024344754E-02,-0.707106781187,0.7002252666));
#3013 = DIRECTION('',(-0.990268068742,1.080295194233E-13,0.13917310096)
  );
#3014 = ADVANCED_FACE('',(#3015),#3027,.F.);
#3015 = FACE_BOUND('',#3016,.F.);
#3016 = EDGE_LOOP('',(#3017,#3018,#3019,#3024,#3025,#3026));
#3017 = ORIENTED_EDGE('',*,*,#937,.F.);
#3018 = ORIENTED_EDGE('',*,*,#926,.F.);
#3019 = ORIENTED_EDGE('',*,*,#3020,.T.);
#3020 = EDGE_CURVE('',#927,#1078,#3021,.T.);
#3021 = B_SPLINE_CURVE_WITH_KNOTS('',1,(#3022,#3023),.UNSPECIFIED.,.F.,
  .F.,(2,2),(19.55,20.),.PIECEWISE_BEZIER_KNOTS.);
#3022 = CARTESIAN_POINT('',(8.045198820083,2.366884426791,
    11.417659457784));
#3023 = CARTESIAN_POINT('',(8.045198820083,1.916884426791,
    11.417659457784));
#3024 = ORIENTED_EDGE('',*,*,#1088,.F.);
#3025 = ORIENTED_EDGE('',*,*,#1077,.F.);
#3026 = ORIENTED_EDGE('',*,*,#3020,.F.);
#3027 = CYLINDRICAL_SURFACE('',#3028,0.28);
#3028 = AXIS2_PLACEMENT_3D('',#3029,#3030,#3031);
#3029 = CARTESIAN_POINT('',(8.006230351816,21.916884426791,
    11.140384398536));
#3030 = DIRECTION('',(-1.090933291192E-13,-1.,-1.523941150262E-17));
#3031 = DIRECTION('',(0.13917310096,-1.519794801018E-14,0.990268068742)
  );
#3032 = ADVANCED_FACE('',(#3033),#3045,.T.);
#3033 = FACE_BOUND('',#3034,.T.);
#3034 = EDGE_LOOP('',(#3035,#3042,#3043,#3044));
#3035 = ORIENTED_EDGE('',*,*,#3036,.F.);
#3036 = EDGE_CURVE('',#2888,#1028,#3037,.T.);
#3037 = ( BOUNDED_CURVE() B_SPLINE_CURVE(3,(#3038,#3039,#3040,#3041),
.UNSPECIFIED.,.F.,.F.) B_SPLINE_CURVE_WITH_KNOTS((4,4),(
7.228014483237E-16,1.570796326795),.PIECEWISE_BEZIER_KNOTS.) CURVE() 
GEOMETRIC_REPRESENTATION_ITEM() RATIONAL_B_SPLINE_CURVE((1.,
0.804737854124,0.804737854124,1.)) REPRESENTATION_ITEM('') );
#3038 = CARTESIAN_POINT('',(8.898831392286,2.216884426791,
    10.449980212436));
#3039 = CARTESIAN_POINT('',(8.898831392286,2.041148495502,
    10.449980212436));
#3040 = CARTESIAN_POINT('',(8.773346109427,1.916884426791,
    10.449980212436));
#3041 = CARTESIAN_POINT('',(8.59588312053,1.916884426791,10.449980212436
    ));
#3042 = ORIENTED_EDGE('',*,*,#2909,.F.);
#3043 = ORIENTED_EDGE('',*,*,#986,.F.);
#3044 = ORIENTED_EDGE('',*,*,#1027,.F.);
#3045 = CYLINDRICAL_SURFACE('',#3046,0.3);
#3046 = AXIS2_PLACEMENT_3D('',#3047,#3048,#3049);
#3047 = CARTESIAN_POINT('',(8.582191467887,2.216884426791,
    10.352559041764));
#3048 = DIRECTION('',(0.13917310096,-1.519794801018E-14,0.990268068742)
  );
#3049 = DIRECTION('',(0.990268068742,-1.080295194233E-13,-0.13917310096)
  );
#3050 = ADVANCED_FACE('',(#3051),#3063,.T.);
#3051 = FACE_BOUND('',#3052,.T.);
#3052 = EDGE_LOOP('',(#3053,#3060,#3061,#3062));
#3053 = ORIENTED_EDGE('',*,*,#3054,.F.);
#3054 = EDGE_CURVE('',#1338,#2925,#3055,.T.);
#3055 = ( BOUNDED_CURVE() B_SPLINE_CURVE(3,(#3056,#3057,#3058,#3059),
.UNSPECIFIED.,.F.,.F.) B_SPLINE_CURVE_WITH_KNOTS((4,4),(4.712388980385,
6.28318530718),.PIECEWISE_BEZIER_KNOTS.) CURVE() 
GEOMETRIC_REPRESENTATION_ITEM() RATIONAL_B_SPLINE_CURVE((1.,
0.804737854124,0.804737854124,1.)) REPRESENTATION_ITEM('') );
#3056 = CARTESIAN_POINT('',(8.595883120531,5.316884426791,
    10.449980212436));
#3057 = CARTESIAN_POINT('',(8.773346109428,5.316884426791,
    10.449980212436));
#3058 = CARTESIAN_POINT('',(8.898831392286,5.192620358079,
    10.449980212436));
#3059 = CARTESIAN_POINT('',(8.898831392286,5.016884426791,
    10.449980212436));
#3060 = ORIENTED_EDGE('',*,*,#1345,.F.);
#3061 = ORIENTED_EDGE('',*,*,#969,.F.);
#3062 = ORIENTED_EDGE('',*,*,#2932,.F.);
#3063 = CYLINDRICAL_SURFACE('',#3064,0.3);
#3064 = AXIS2_PLACEMENT_3D('',#3065,#3066,#3067);
#3065 = CARTESIAN_POINT('',(8.582191467887,5.016884426791,
    10.352559041764));
#3066 = DIRECTION('',(0.13917310096,-1.519794801018E-14,0.990268068742)
  );
#3067 = DIRECTION('',(0.990268068742,-1.080295194233E-13,-0.13917310096)
  );
#3068 = ADVANCED_FACE('',(#3069),#3080,.F.);
#3069 = FACE_BOUND('',#3070,.T.);
#3070 = EDGE_LOOP('',(#3071,#3072,#3073,#3074));
#3071 = ORIENTED_EDGE('',*,*,#1069,.F.);
#3072 = ORIENTED_EDGE('',*,*,#1113,.F.);
#3073 = ORIENTED_EDGE('',*,*,#1138,.T.);
#3074 = ORIENTED_EDGE('',*,*,#3075,.T.);
#3075 = EDGE_CURVE('',#1131,#1061,#3076,.T.);
#3076 = LINE('',#3077,#3078);
#3077 = CARTESIAN_POINT('',(1.773591443808,1.916884426791,
    11.498671332264));
#3078 = VECTOR('',#3079,1.);
#3079 = DIRECTION('',(-1.090933291192E-13,-1.,-1.523941150263E-17));
#3080 = PLANE('',#3081);
#3081 = AXIS2_PLACEMENT_3D('',#3082,#3083,#3084);
#3082 = CARTESIAN_POINT('',(2.145449021066,-4.683115573209,
    11.257184198004));
#3083 = DIRECTION('',(0.544639035015,-5.942926634397E-14,0.838670567945)
  );
#3084 = DIRECTION('',(0.838670567945,-9.14850643131E-14,-0.544639035015)
  );
#3085 = ADVANCED_FACE('',(#3086),#3097,.T.);
#3086 = FACE_BOUND('',#3087,.T.);
#3087 = EDGE_LOOP('',(#3088,#3089,#3090,#3096));
#3088 = ORIENTED_EDGE('',*,*,#3075,.F.);
#3089 = ORIENTED_EDGE('',*,*,#2986,.T.);
#3090 = ORIENTED_EDGE('',*,*,#3091,.F.);
#3091 = EDGE_CURVE('',#1053,#2979,#3092,.T.);
#3092 = LINE('',#3093,#3094);
#3093 = CARTESIAN_POINT('',(2.584523311918,2.366884426791,
    11.195476330672));
#3094 = VECTOR('',#3095,1.);
#3095 = DIRECTION('',(1.090933291192E-13,1.,1.523941150263E-17));
#3096 = ORIENTED_EDGE('',*,*,#1060,.F.);
#3097 = CYLINDRICAL_SURFACE('',#3098,2.);
#3098 = AXIS2_PLACEMENT_3D('',#3099,#3100,#3101);
#3099 = CARTESIAN_POINT('',(2.862869513838,3.616884426791,
    13.176012468155));
#3100 = DIRECTION('',(-1.090933291192E-13,-1.,-1.523941150263E-17));
#3101 = DIRECTION('',(0.13917310096,-1.519794801018E-14,0.990268068742)
  );
#3102 = ADVANCED_FACE('',(#3103),#3114,.T.);
#3103 = FACE_BOUND('',#3104,.T.);
#3104 = EDGE_LOOP('',(#3105,#3106,#3107,#3113));
#3105 = ORIENTED_EDGE('',*,*,#3091,.T.);
#3106 = ORIENTED_EDGE('',*,*,#3004,.T.);
#3107 = ORIENTED_EDGE('',*,*,#3108,.T.);
#3108 = EDGE_CURVE('',#2854,#1044,#3109,.T.);
#3109 = LINE('',#3110,#3111);
#3110 = CARTESIAN_POINT('',(7.750511241734,1.916884426791,
    10.469444074953));
#3111 = VECTOR('',#3112,1.);
#3112 = DIRECTION('',(-1.090933291192E-13,-1.,-1.523941150263E-17));
#3113 = ORIENTED_EDGE('',*,*,#1052,.T.);
#3114 = PLANE('',#3115);
#3115 = AXIS2_PLACEMENT_3D('',#3116,#3117,#3118);
#3116 = CARTESIAN_POINT('',(4.571605789483,3.616884426791,
    10.916210100652));
#3117 = DIRECTION('',(-0.13917310096,1.519794801018E-14,-0.990268068742)
  );
#3118 = DIRECTION('',(-0.990268068742,1.080295194233E-13,0.13917310096)
  );
#3119 = ADVANCED_FACE('',(#3120),#3131,.T.);
#3120 = FACE_BOUND('',#3121,.T.);
#3121 = EDGE_LOOP('',(#3122,#3123,#3124,#3130));
#3122 = ORIENTED_EDGE('',*,*,#3108,.F.);
#3123 = ORIENTED_EDGE('',*,*,#2870,.T.);
#3124 = ORIENTED_EDGE('',*,*,#3125,.F.);
#3125 = EDGE_CURVE('',#1036,#2863,#3126,.T.);
#3126 = LINE('',#3127,#3128);
#3127 = CARTESIAN_POINT('',(8.028857443654,2.366884426791,
    10.449980212436));
#3128 = VECTOR('',#3129,1.);
#3129 = DIRECTION('',(1.090933291192E-13,1.,1.523941150263E-17));
#3130 = ORIENTED_EDGE('',*,*,#1043,.F.);
#3131 = CYLINDRICAL_SURFACE('',#3132,2.);
#3132 = AXIS2_PLACEMENT_3D('',#3133,#3134,#3135);
#3133 = CARTESIAN_POINT('',(8.028857443654,-4.683115573209,
    12.449980212436));
#3134 = DIRECTION('',(-1.090933291192E-13,-1.,-1.523941150263E-17));
#3135 = DIRECTION('',(0.13917310096,-1.519794801018E-14,0.990268068742)
  );
#3136 = ADVANCED_FACE('',(#3137),#3143,.F.);
#3137 = FACE_BOUND('',#3138,.T.);
#3138 = EDGE_LOOP('',(#3139,#3140,#3141,#3142));
#3139 = ORIENTED_EDGE('',*,*,#3125,.T.);
#3140 = ORIENTED_EDGE('',*,*,#2895,.T.);
#3141 = ORIENTED_EDGE('',*,*,#3036,.T.);
#3142 = ORIENTED_EDGE('',*,*,#1035,.F.);
#3143 = PLANE('',#3144);
#3144 = AXIS2_PLACEMENT_3D('',#3145,#3146,#3147);
#3145 = CARTESIAN_POINT('',(8.898831392285,-4.683115573209,
    10.449980212436));
#3146 = DIRECTION('',(-6.819283358498E-15,-1.523941150188E-17,1.));
#3147 = DIRECTION('',(1.,-1.090933291192E-13,6.826616949525E-15));
#3148 = ADVANCED_FACE('',(#3149),#3167,.T.);
#3149 = FACE_BOUND('',#3150,.T.);
#3150 = EDGE_LOOP('',(#3151,#3152,#3153,#3161));
#3151 = ORIENTED_EDGE('',*,*,#2924,.F.);
#3152 = ORIENTED_EDGE('',*,*,#1186,.F.);
#3153 = ORIENTED_EDGE('',*,*,#3154,.F.);
#3154 = EDGE_CURVE('',#3155,#1178,#3157,.T.);
#3155 = VERTEX_POINT('',#3156);
#3156 = CARTESIAN_POINT('',(8.028857443655,5.016884426791,
    10.449980212436));
#3157 = LINE('',#3158,#3159);
#3158 = CARTESIAN_POINT('',(8.028857443655,5.016884426791,
    10.449980212436));
#3159 = VECTOR('',#3160,1.);
#3160 = DIRECTION('',(-8.145043071111E-14,-0.707106781187,0.707106781187
    ));
#3161 = ORIENTED_EDGE('',*,*,#3162,.F.);
#3162 = EDGE_CURVE('',#2925,#3155,#3163,.T.);
#3163 = LINE('',#3164,#3165);
#3164 = CARTESIAN_POINT('',(8.028857443655,5.016884426791,
    10.449980212436));
#3165 = VECTOR('',#3166,1.);
#3166 = DIRECTION('',(-1.,1.090933291192E-13,-6.826616949525E-15));
#3167 = PLANE('',#3168);
#3168 = AXIS2_PLACEMENT_3D('',#3169,#3170,#3171);
#3169 = CARTESIAN_POINT('',(8.898831392286,5.016884426791,
    10.449980212436));
#3170 = DIRECTION('',(-7.230372191179E-14,-0.707106781187,
    -0.707106781187));
#3171 = DIRECTION('',(1.,-1.090904864809E-13,6.826616949525E-15));
#3172 = ADVANCED_FACE('',(#3173),#3192,.T.);
#3173 = FACE_BOUND('',#3174,.T.);
#3174 = EDGE_LOOP('',(#3175,#3176,#3177,#3185));
#3175 = ORIENTED_EDGE('',*,*,#3154,.T.);
#3176 = ORIENTED_EDGE('',*,*,#1177,.F.);
#3177 = ORIENTED_EDGE('',*,*,#3178,.F.);
#3178 = EDGE_CURVE('',#3179,#1170,#3181,.T.);
#3179 = VERTEX_POINT('',#3180);
#3180 = CARTESIAN_POINT('',(7.750511241735,5.016884426791,
    10.469444074953));
#3181 = LINE('',#3182,#3183);
#3182 = CARTESIAN_POINT('',(7.750511241735,5.016884426791,
    10.469444074953));
#3183 = VECTOR('',#3184,1.);
#3184 = DIRECTION('',(9.841024344754E-02,-0.707106781187,0.7002252666));
#3185 = ORIENTED_EDGE('',*,*,#3186,.F.);
#3186 = EDGE_CURVE('',#3155,#3179,#3187,.T.);
#3187 = CIRCLE('',#3188,2.);
#3188 = AXIS2_PLACEMENT_3D('',#3189,#3190,#3191);
#3189 = CARTESIAN_POINT('',(8.028857443655,5.016884426791,
    12.449980212436));
#3190 = DIRECTION('',(1.090933291192E-13,1.,1.523941150262E-17));
#3191 = DIRECTION('',(0.13917310096,-1.519794801017E-14,0.990268068742)
  );
#3192 = CONICAL_SURFACE('',#3193,1.85,0.785398163397);
#3193 = AXIS2_PLACEMENT_3D('',#3194,#3195,#3196);
#3194 = CARTESIAN_POINT('',(8.028857443655,4.866884426791,
    12.449980212436));
#3195 = DIRECTION('',(1.090933291192E-13,1.,1.523941150263E-17));
#3196 = DIRECTION('',(-0.13917310096,1.519794801018E-14,-0.990268068742)
  );
#3197 = ADVANCED_FACE('',(#3198),#3216,.F.);
#3198 = FACE_BOUND('',#3199,.T.);
#3199 = EDGE_LOOP('',(#3200,#3201,#3202,#3210));
#3200 = ORIENTED_EDGE('',*,*,#3178,.T.);
#3201 = ORIENTED_EDGE('',*,*,#1169,.F.);
#3202 = ORIENTED_EDGE('',*,*,#3203,.F.);
#3203 = EDGE_CURVE('',#3204,#1161,#3206,.T.);
#3204 = VERTEX_POINT('',#3205);
#3205 = CARTESIAN_POINT('',(2.584523311918,5.016884426791,
    11.195476330672));
#3206 = LINE('',#3207,#3208);
#3207 = CARTESIAN_POINT('',(2.584523311918,5.016884426791,
    11.195476330672));
#3208 = VECTOR('',#3209,1.);
#3209 = DIRECTION('',(9.841024344754E-02,-0.707106781187,0.7002252666));
#3210 = ORIENTED_EDGE('',*,*,#3211,.F.);
#3211 = EDGE_CURVE('',#3179,#3204,#3212,.T.);
#3212 = LINE('',#3213,#3214);
#3213 = CARTESIAN_POINT('',(4.571605789483,5.016884426791,
    10.916210100652));
#3214 = VECTOR('',#3215,1.);
#3215 = DIRECTION('',(-0.990268068742,1.080295194233E-13,0.13917310096)
  );
#3216 = PLANE('',#3217);
#3217 = AXIS2_PLACEMENT_3D('',#3218,#3219,#3220);
#3218 = CARTESIAN_POINT('',(8.206960205534,4.866884426791,
    10.556768492459));
#3219 = DIRECTION('',(9.841024344769E-02,0.707106781187,0.7002252666));
#3220 = DIRECTION('',(0.990268068742,-1.080295194233E-13,-0.13917310096)
  );
#3221 = ADVANCED_FACE('',(#3222),#3234,.T.);
#3222 = FACE_BOUND('',#3223,.T.);
#3223 = EDGE_LOOP('',(#3224,#3225,#3226,#3227));
#3224 = ORIENTED_EDGE('',*,*,#3203,.T.);
#3225 = ORIENTED_EDGE('',*,*,#1160,.F.);
#3226 = ORIENTED_EDGE('',*,*,#1262,.F.);
#3227 = ORIENTED_EDGE('',*,*,#3228,.F.);
#3228 = EDGE_CURVE('',#3204,#1255,#3229,.T.);
#3229 = CIRCLE('',#3230,2.);
#3230 = AXIS2_PLACEMENT_3D('',#3231,#3232,#3233);
#3231 = CARTESIAN_POINT('',(2.862869513838,5.016884426791,
    13.176012468155));
#3232 = DIRECTION('',(1.090933291192E-13,1.,1.523941150263E-17));
#3233 = DIRECTION('',(0.13917310096,-1.519794801018E-14,0.990268068742)
  );
#3234 = CONICAL_SURFACE('',#3235,1.85,0.785398163397);
#3235 = AXIS2_PLACEMENT_3D('',#3236,#3237,#3238);
#3236 = CARTESIAN_POINT('',(2.862869513838,4.866884426791,
    13.176012468155));
#3237 = DIRECTION('',(1.090933291192E-13,1.,1.523941150263E-17));
#3238 = DIRECTION('',(-0.13917310096,1.519794801018E-14,-0.990268068742)
  );
#3239 = ADVANCED_FACE('',(#3240),#3252,.F.);
#3240 = FACE_BOUND('',#3241,.F.);
#3241 = EDGE_LOOP('',(#3242,#3243,#3248,#3249,#3250,#3251));
#3242 = ORIENTED_EDGE('',*,*,#1220,.F.);
#3243 = ORIENTED_EDGE('',*,*,#3244,.F.);
#3244 = EDGE_CURVE('',#1356,#1221,#3245,.T.);
#3245 = B_SPLINE_CURVE_WITH_KNOTS('',1,(#3246,#3247),.UNSPECIFIED.,.F.,
  .F.,(2,2),(16.6,17.05),.PIECEWISE_BEZIER_KNOTS.);
#3246 = CARTESIAN_POINT('',(8.045198820083,5.316884426791,
    11.417659457784));
#3247 = CARTESIAN_POINT('',(8.045198820083,4.866884426791,
    11.417659457784));
#3248 = ORIENTED_EDGE('',*,*,#1355,.T.);
#3249 = ORIENTED_EDGE('',*,*,#1366,.T.);
#3250 = ORIENTED_EDGE('',*,*,#3244,.T.);
#3251 = ORIENTED_EDGE('',*,*,#1231,.F.);
#3252 = CYLINDRICAL_SURFACE('',#3253,0.28);
#3253 = AXIS2_PLACEMENT_3D('',#3254,#3255,#3256);
#3254 = CARTESIAN_POINT('',(8.006230351816,21.916884426791,
    11.140384398536));
#3255 = DIRECTION('',(-1.090933291192E-13,-1.,-1.523941150262E-17));
#3256 = DIRECTION('',(0.13917310096,-1.519794801018E-14,0.990268068742)
  );
#3257 = ADVANCED_FACE('',(#3258),#3269,.F.);
#3258 = FACE_BOUND('',#3259,.T.);
#3259 = EDGE_LOOP('',(#3260,#3261,#3262,#3263));
#3260 = ORIENTED_EDGE('',*,*,#1254,.T.);
#3261 = ORIENTED_EDGE('',*,*,#1280,.T.);
#3262 = ORIENTED_EDGE('',*,*,#1303,.T.);
#3263 = ORIENTED_EDGE('',*,*,#3264,.T.);
#3264 = EDGE_CURVE('',#1304,#1255,#3265,.T.);
#3265 = LINE('',#3266,#3267);
#3266 = CARTESIAN_POINT('',(1.773591443808,4.866884426791,
    11.498671332264));
#3267 = VECTOR('',#3268,1.);
#3268 = DIRECTION('',(-1.090933291192E-13,-1.,-1.523941150263E-17));
#3269 = PLANE('',#3270);
#3270 = AXIS2_PLACEMENT_3D('',#3271,#3272,#3273);
#3271 = CARTESIAN_POINT('',(2.145449021066,-4.683115573209,
    11.257184198004));
#3272 = DIRECTION('',(0.544639035015,-5.942926634397E-14,0.838670567945)
  );
#3273 = DIRECTION('',(0.838670567945,-9.14850643131E-14,-0.544639035015)
  );
#3274 = ADVANCED_FACE('',(#3275),#3286,.F.);
#3275 = FACE_BOUND('',#3276,.T.);
#3276 = EDGE_LOOP('',(#3277,#3278,#3279,#3285));
#3277 = ORIENTED_EDGE('',*,*,#3054,.T.);
#3278 = ORIENTED_EDGE('',*,*,#3162,.T.);
#3279 = ORIENTED_EDGE('',*,*,#3280,.T.);
#3280 = EDGE_CURVE('',#3155,#1329,#3281,.T.);
#3281 = LINE('',#3282,#3283);
#3282 = CARTESIAN_POINT('',(8.028857443655,5.316884426791,
    10.449980212436));
#3283 = VECTOR('',#3284,1.);
#3284 = DIRECTION('',(1.090933291192E-13,1.,1.523941150263E-17));
#3285 = ORIENTED_EDGE('',*,*,#1337,.T.);
#3286 = PLANE('',#3287);
#3287 = AXIS2_PLACEMENT_3D('',#3288,#3289,#3290);
#3288 = CARTESIAN_POINT('',(8.898831392285,-4.683115573209,
    10.449980212436));
#3289 = DIRECTION('',(-6.819283358498E-15,-1.523941150188E-17,1.));
#3290 = DIRECTION('',(1.,-1.090933291192E-13,6.826616949525E-15));
#3291 = ADVANCED_FACE('',(#3292),#3303,.T.);
#3292 = FACE_BOUND('',#3293,.T.);
#3293 = EDGE_LOOP('',(#3294,#3295,#3296,#3302));
#3294 = ORIENTED_EDGE('',*,*,#3280,.F.);
#3295 = ORIENTED_EDGE('',*,*,#3186,.T.);
#3296 = ORIENTED_EDGE('',*,*,#3297,.F.);
#3297 = EDGE_CURVE('',#1321,#3179,#3298,.T.);
#3298 = LINE('',#3299,#3300);
#3299 = CARTESIAN_POINT('',(7.750511241735,4.866884426791,
    10.469444074953));
#3300 = VECTOR('',#3301,1.);
#3301 = DIRECTION('',(-1.090933291192E-13,-1.,-1.523941150263E-17));
#3302 = ORIENTED_EDGE('',*,*,#1328,.F.);
#3303 = CYLINDRICAL_SURFACE('',#3304,2.);
#3304 = AXIS2_PLACEMENT_3D('',#3305,#3306,#3307);
#3305 = CARTESIAN_POINT('',(8.028857443654,-4.683115573209,
    12.449980212436));
#3306 = DIRECTION('',(-1.090933291192E-13,-1.,-1.523941150263E-17));
#3307 = DIRECTION('',(0.13917310096,-1.519794801018E-14,0.990268068742)
  );
#3308 = ADVANCED_FACE('',(#3309),#3320,.T.);
#3309 = FACE_BOUND('',#3310,.T.);
#3310 = EDGE_LOOP('',(#3311,#3312,#3313,#3319));
#3311 = ORIENTED_EDGE('',*,*,#3297,.T.);
#3312 = ORIENTED_EDGE('',*,*,#3211,.T.);
#3313 = ORIENTED_EDGE('',*,*,#3314,.T.);
#3314 = EDGE_CURVE('',#3204,#1312,#3315,.T.);
#3315 = LINE('',#3316,#3317);
#3316 = CARTESIAN_POINT('',(2.584523311918,5.316884426791,
    11.195476330672));
#3317 = VECTOR('',#3318,1.);
#3318 = DIRECTION('',(1.090933291192E-13,1.,1.523941150263E-17));
#3319 = ORIENTED_EDGE('',*,*,#1320,.T.);
#3320 = PLANE('',#3321);
#3321 = AXIS2_PLACEMENT_3D('',#3322,#3323,#3324);
#3322 = CARTESIAN_POINT('',(4.571605789483,3.616884426791,
    10.916210100652));
#3323 = DIRECTION('',(-0.13917310096,1.519794801018E-14,-0.990268068742)
  );
#3324 = DIRECTION('',(-0.990268068742,1.080295194233E-13,0.13917310096)
  );
#3325 = ADVANCED_FACE('',(#3326),#3332,.T.);
#3326 = FACE_BOUND('',#3327,.T.);
#3327 = EDGE_LOOP('',(#3328,#3329,#3330,#3331));
#3328 = ORIENTED_EDGE('',*,*,#3314,.F.);
#3329 = ORIENTED_EDGE('',*,*,#3228,.T.);
#3330 = ORIENTED_EDGE('',*,*,#3264,.F.);
#3331 = ORIENTED_EDGE('',*,*,#1311,.F.);
#3332 = CYLINDRICAL_SURFACE('',#3333,2.);
#3333 = AXIS2_PLACEMENT_3D('',#3334,#3335,#3336);
#3334 = CARTESIAN_POINT('',(2.862869513838,3.616884426791,
    13.176012468155));
#3335 = DIRECTION('',(-1.090933291192E-13,-1.,-1.523941150263E-17));
#3336 = DIRECTION('',(0.13917310096,-1.519794801018E-14,0.990268068742)
  );
#3337 = ADVANCED_FACE('',(#3338),#3403,.F.);
#3338 = FACE_BOUND('',#3339,.F.);
#3339 = EDGE_LOOP('',(#3340,#3341,#3349,#3355,#3356,#3364,#3372,#3378,
    #3379,#3380,#3381,#3389,#3397));
#3340 = ORIENTED_EDGE('',*,*,#1644,.F.);
#3341 = ORIENTED_EDGE('',*,*,#3342,.T.);
#3342 = EDGE_CURVE('',#1637,#3343,#3345,.T.);
#3343 = VERTEX_POINT('',#3344);
#3344 = CARTESIAN_POINT('',(6.216987314394,12.51688442678,
    11.294230993196));
#3345 = LINE('',#3346,#3347);
#3346 = CARTESIAN_POINT('',(6.254447973736,12.51688442678,11.20151260774
    ));
#3347 = VECTOR('',#3348,1.);
#3348 = DIRECTION('',(-0.374606593416,-3.608224830032E-13,0.927183854567
    ));
#3349 = ORIENTED_EDGE('',*,*,#3350,.T.);
#3350 = EDGE_CURVE('',#3343,#1446,#3351,.T.);
#3351 = LINE('',#3352,#3353);
#3352 = CARTESIAN_POINT('',(6.254447973736,12.51688442678,11.20151260774
    ));
#3353 = VECTOR('',#3354,1.);
#3354 = DIRECTION('',(-0.374606593416,-3.608224830032E-13,0.927183854567
    ));
#3355 = ORIENTED_EDGE('',*,*,#1445,.T.);
#3356 = ORIENTED_EDGE('',*,*,#3357,.F.);
#3357 = EDGE_CURVE('',#3358,#1438,#3360,.T.);
#3358 = VERTEX_POINT('',#3359);
#3359 = CARTESIAN_POINT('',(6.184935942792,12.366884426786,
    11.373560921682));
#3360 = LINE('',#3361,#3362);
#3361 = CARTESIAN_POINT('',(5.892265256076,12.366884426786,
    12.097946290755));
#3362 = VECTOR('',#3363,1.);
#3363 = DIRECTION('',(-0.374606593416,-3.609670905394E-13,0.927183854567
    ));
#3364 = ORIENTED_EDGE('',*,*,#3365,.F.);
#3365 = EDGE_CURVE('',#3366,#3358,#3368,.T.);
#3366 = VERTEX_POINT('',#3367);
#3367 = CARTESIAN_POINT('',(6.184935942793,12.066884426786,
    11.373560921682));
#3368 = LINE('',#3369,#3370);
#3369 = CARTESIAN_POINT('',(6.184935942793,12.066884426786,
    11.373560921682));
#3370 = VECTOR('',#3371,1.);
#3371 = DIRECTION('',(-9.635897949577E-13,1.,0.));
#3372 = ORIENTED_EDGE('',*,*,#3373,.F.);
#3373 = EDGE_CURVE('',#1414,#3366,#3374,.T.);
#3374 = LINE('',#3375,#3376);
#3375 = CARTESIAN_POINT('',(5.855491246802,12.066884426785,
    12.188965157657));
#3376 = VECTOR('',#3377,1.);
#3377 = DIRECTION('',(0.374606593416,3.609670905394E-13,-0.927183854567)
  );
#3378 = ORIENTED_EDGE('',*,*,#1413,.T.);
#3379 = ORIENTED_EDGE('',*,*,#1398,.T.);
#3380 = ORIENTED_EDGE('',*,*,#1676,.F.);
#3381 = ORIENTED_EDGE('',*,*,#3382,.F.);
#3382 = EDGE_CURVE('',#3383,#1669,#3385,.T.);
#3383 = VERTEX_POINT('',#3384);
#3384 = CARTESIAN_POINT('',(6.249038685996,12.066884426786,
    11.214901064711));
#3385 = LINE('',#3386,#3387);
#3386 = CARTESIAN_POINT('',(5.855491246802,12.066884426785,
    12.188965157657));
#3387 = VECTOR('',#3388,1.);
#3388 = DIRECTION('',(0.374606593416,3.609670905394E-13,-0.927183854567)
  );
#3389 = ORIENTED_EDGE('',*,*,#3390,.T.);
#3390 = EDGE_CURVE('',#3383,#3391,#3393,.T.);
#3391 = VERTEX_POINT('',#3392);
#3392 = CARTESIAN_POINT('',(6.249038685996,12.366884426786,
    11.214901064711));
#3393 = LINE('',#3394,#3395);
#3394 = CARTESIAN_POINT('',(6.249038685996,12.066884426786,
    11.214901064711));
#3395 = VECTOR('',#3396,1.);
#3396 = DIRECTION('',(-9.635897949577E-13,1.,0.));
#3397 = ORIENTED_EDGE('',*,*,#3398,.F.);
#3398 = EDGE_CURVE('',#1645,#3391,#3399,.T.);
#3399 = LINE('',#3400,#3401);
#3400 = CARTESIAN_POINT('',(5.892265256076,12.366884426786,
    12.097946290755));
#3401 = VECTOR('',#3402,1.);
#3402 = DIRECTION('',(-0.374606593416,-3.609670905394E-13,0.927183854567
    ));
#3403 = PLANE('',#3404);
#3404 = AXIS2_PLACEMENT_3D('',#3405,#3406,#3407);
#3405 = CARTESIAN_POINT('',(6.254447973736,12.36688442678,11.20151260774
    ));
#3406 = DIRECTION('',(0.927183854567,8.934652205137E-13,0.374606593416)
  );
#3407 = DIRECTION('',(-9.635730082629E-13,1.,-1.491819869884E-16));
#3408 = ADVANCED_FACE('',(#3409),#3420,.T.);
#3409 = FACE_BOUND('',#3410,.T.);
#3410 = EDGE_LOOP('',(#3411,#3412,#3413,#3414));
#3411 = ORIENTED_EDGE('',*,*,#1519,.F.);
#3412 = ORIENTED_EDGE('',*,*,#1552,.F.);
#3413 = ORIENTED_EDGE('',*,*,#1569,.F.);
#3414 = ORIENTED_EDGE('',*,*,#3415,.F.);
#3415 = EDGE_CURVE('',#1512,#1570,#3416,.T.);
#3416 = LINE('',#3417,#3418);
#3417 = CARTESIAN_POINT('',(7.413427791944,12.216884426781,
    11.669770849509));
#3418 = VECTOR('',#3419,1.);
#3419 = DIRECTION('',(0.374606593416,3.608224830032E-13,-0.927183854567)
  );
#3420 = CYLINDRICAL_SURFACE('',#3421,0.15);
#3421 = AXIS2_PLACEMENT_3D('',#3422,#3423,#3424);
#3422 = CARTESIAN_POINT('',(11.223649985605,12.216884426785,
    2.639560063767));
#3423 = DIRECTION('',(-0.374606593416,-3.608224830032E-13,0.927183854567
    ));
#3424 = DIRECTION('',(0.927183854567,8.934652205137E-13,0.374606593416)
  );
#3425 = ADVANCED_FACE('',(#3426),#3437,.F.);
#3426 = FACE_BOUND('',#3427,.T.);
#3427 = EDGE_LOOP('',(#3428,#3429,#3430,#3431));
#3428 = ORIENTED_EDGE('',*,*,#1511,.T.);
#3429 = ORIENTED_EDGE('',*,*,#3415,.T.);
#3430 = ORIENTED_EDGE('',*,*,#1578,.F.);
#3431 = ORIENTED_EDGE('',*,*,#3432,.T.);
#3432 = EDGE_CURVE('',#1579,#1503,#3433,.T.);
#3433 = LINE('',#3434,#3435);
#3434 = CARTESIAN_POINT('',(7.338506473261,12.016884426781,
    11.855207620423));
#3435 = VECTOR('',#3436,1.);
#3436 = DIRECTION('',(-0.374606593416,-3.608224830032E-13,0.927183854567
    ));
#3437 = PLANE('',#3438);
#3438 = AXIS2_PLACEMENT_3D('',#3439,#3440,#3441);
#3439 = CARTESIAN_POINT('',(11.08457240742,12.566884426785,
    2.583369074755));
#3440 = DIRECTION('',(0.927183854567,8.934652205137E-13,0.374606593416)
  );
#3441 = DIRECTION('',(0.374606593416,3.608224830032E-13,-0.927183854567)
  );
#3442 = ADVANCED_FACE('',(#3443),#3454,.F.);
#3443 = FACE_BOUND('',#3444,.F.);
#3444 = EDGE_LOOP('',(#3445,#3446,#3447,#3453));
#3445 = ORIENTED_EDGE('',*,*,#3432,.T.);
#3446 = ORIENTED_EDGE('',*,*,#1502,.T.);
#3447 = ORIENTED_EDGE('',*,*,#3448,.T.);
#3448 = EDGE_CURVE('',#1495,#1587,#3449,.T.);
#3449 = LINE('',#3450,#3451);
#3450 = CARTESIAN_POINT('',(7.27435021376,11.866884426781,
    11.613579860497));
#3451 = VECTOR('',#3452,1.);
#3452 = DIRECTION('',(0.374606593416,3.608224830032E-13,-0.927183854567)
  );
#3453 = ORIENTED_EDGE('',*,*,#1586,.T.);
#3454 = CYLINDRICAL_SURFACE('',#3455,0.15);
#3455 = AXIS2_PLACEMENT_3D('',#3456,#3457,#3458);
#3456 = CARTESIAN_POINT('',(10.945494829236,12.016884426784,
    2.527178085743));
#3457 = DIRECTION('',(0.374606593416,3.608224830032E-13,-0.927183854567)
  );
#3458 = DIRECTION('',(-0.927183854567,-8.934652205137E-13,
    -0.374606593416));
#3459 = ADVANCED_FACE('',(#3460),#3471,.F.);
#3460 = FACE_BOUND('',#3461,.T.);
#3461 = EDGE_LOOP('',(#3462,#3463,#3469,#3470));
#3462 = ORIENTED_EDGE('',*,*,#1595,.F.);
#3463 = ORIENTED_EDGE('',*,*,#3464,.T.);
#3464 = EDGE_CURVE('',#1596,#1486,#3465,.T.);
#3465 = LINE('',#3466,#3467);
#3466 = CARTESIAN_POINT('',(6.82855535325,11.866884426781,
    11.649173994044));
#3467 = VECTOR('',#3468,1.);
#3468 = DIRECTION('',(-0.374606593416,-3.608224830032E-13,0.927183854567
    ));
#3469 = ORIENTED_EDGE('',*,*,#1494,.T.);
#3470 = ORIENTED_EDGE('',*,*,#3448,.T.);
#3471 = PLANE('',#3472);
#3472 = AXIS2_PLACEMENT_3D('',#3473,#3474,#3475);
#3473 = CARTESIAN_POINT('',(10.435543709224,11.866884426784,
    2.321144459364));
#3474 = DIRECTION('',(9.635730082629E-13,-1.,1.491819869884E-16));
#3475 = DIRECTION('',(0.927183854567,8.934652205137E-13,0.374606593416)
  );
#3476 = ADVANCED_FACE('',(#3477),#3488,.F.);
#3477 = FACE_BOUND('',#3478,.F.);
#3478 = EDGE_LOOP('',(#3479,#3480,#3481,#3487));
#3479 = ORIENTED_EDGE('',*,*,#3464,.T.);
#3480 = ORIENTED_EDGE('',*,*,#1485,.T.);
#3481 = ORIENTED_EDGE('',*,*,#3482,.T.);
#3482 = EDGE_CURVE('',#1478,#1604,#3483,.T.);
#3483 = LINE('',#3484,#3485);
#3484 = CARTESIAN_POINT('',(6.764399093748,12.01688442678,
    11.407546234118));
#3485 = VECTOR('',#3486,1.);
#3486 = DIRECTION('',(0.374606593416,3.608224830032E-13,-0.927183854567)
  );
#3487 = ORIENTED_EDGE('',*,*,#1603,.T.);
#3488 = CYLINDRICAL_SURFACE('',#3489,0.15);
#3489 = AXIS2_PLACEMENT_3D('',#3490,#3491,#3492);
#3490 = CARTESIAN_POINT('',(10.574621287409,12.016884426784,
    2.377335448376));
#3491 = DIRECTION('',(0.374606593416,3.608224830032E-13,-0.927183854567)
  );
#3492 = DIRECTION('',(9.635730082629E-13,-1.,1.491819869884E-16));
#3493 = ADVANCED_FACE('',(#3494),#3505,.F.);
#3494 = FACE_BOUND('',#3495,.T.);
#3495 = EDGE_LOOP('',(#3496,#3497,#3498,#3499));
#3496 = ORIENTED_EDGE('',*,*,#1477,.T.);
#3497 = ORIENTED_EDGE('',*,*,#3482,.T.);
#3498 = ORIENTED_EDGE('',*,*,#1612,.F.);
#3499 = ORIENTED_EDGE('',*,*,#3500,.F.);
#3500 = EDGE_CURVE('',#1470,#1613,#3501,.T.);
#3501 = LINE('',#3502,#3503);
#3502 = CARTESIAN_POINT('',(6.689477775064,12.56688442678,
    11.592983005032));
#3503 = VECTOR('',#3504,1.);
#3504 = DIRECTION('',(0.374606593416,3.608224830032E-13,-0.927183854567)
  );
#3505 = PLANE('',#3506);
#3506 = AXIS2_PLACEMENT_3D('',#3507,#3508,#3509);
#3507 = CARTESIAN_POINT('',(6.689477775064,12.56688442678,
    11.592983005032));
#3508 = DIRECTION('',(-0.927183854567,-8.934652205137E-13,
    -0.374606593416));
#3509 = DIRECTION('',(9.635730082629E-13,-1.,1.491819869884E-16));
#3510 = ADVANCED_FACE('',(#3511),#3532,.F.);
#3511 = FACE_BOUND('',#3512,.T.);
#3512 = EDGE_LOOP('',(#3513,#3514,#3523,#3530,#3531));
#3513 = ORIENTED_EDGE('',*,*,#1620,.T.);
#3514 = ORIENTED_EDGE('',*,*,#3515,.T.);
#3515 = EDGE_CURVE('',#1621,#3516,#3518,.T.);
#3516 = VERTEX_POINT('',#3517);
#3517 = CARTESIAN_POINT('',(6.216987314394,12.56688442678,
    11.294230993196));
#3518 = CIRCLE('',#3519,0.123205);
#3519 = AXIS2_PLACEMENT_3D('',#3520,#3521,#3522);
#3520 = CARTESIAN_POINT('',(6.331221001196,12.56688442678,
    11.340384398538));
#3521 = DIRECTION('',(-9.635730082629E-13,1.,-1.491819869883E-16));
#3522 = DIRECTION('',(0.927183854567,8.934652205137E-13,0.374606593416)
  );
#3523 = ORIENTED_EDGE('',*,*,#3524,.T.);
#3524 = EDGE_CURVE('',#3516,#1462,#3525,.T.);
#3525 = CIRCLE('',#3526,0.123205);
#3526 = AXIS2_PLACEMENT_3D('',#3527,#3528,#3529);
#3527 = CARTESIAN_POINT('',(6.331221001196,12.56688442678,
    11.340384398538));
#3528 = DIRECTION('',(-9.635730082629E-13,1.,-1.491819869883E-16));
#3529 = DIRECTION('',(0.927183854567,8.934652205137E-13,0.374606593416)
  );
#3530 = ORIENTED_EDGE('',*,*,#1469,.T.);
#3531 = ORIENTED_EDGE('',*,*,#3500,.T.);
#3532 = PLANE('',#3533);
#3533 = AXIS2_PLACEMENT_3D('',#3534,#3535,#3536);
#3534 = CARTESIAN_POINT('',(6.216987314394,12.56688442678,
    11.294230993196));
#3535 = DIRECTION('',(9.635730082629E-13,-1.,1.491819869884E-16));
#3536 = DIRECTION('',(0.927183854567,8.934652205137E-13,0.374606593416)
  );
#3537 = ADVANCED_FACE('',(#3538),#3558,.T.);
#3538 = FACE_BOUND('',#3539,.T.);
#3539 = EDGE_LOOP('',(#3540,#3541,#3542,#3543,#3550,#3557));
#3540 = ORIENTED_EDGE('',*,*,#3524,.F.);
#3541 = ORIENTED_EDGE('',*,*,#3515,.F.);
#3542 = ORIENTED_EDGE('',*,*,#1628,.F.);
#3543 = ORIENTED_EDGE('',*,*,#3544,.F.);
#3544 = EDGE_CURVE('',#3343,#1629,#3545,.T.);
#3545 = CIRCLE('',#3546,0.123205);
#3546 = AXIS2_PLACEMENT_3D('',#3547,#3548,#3549);
#3547 = CARTESIAN_POINT('',(6.331221001196,12.51688442678,
    11.340384398538));
#3548 = DIRECTION('',(9.635730082629E-13,-1.,1.491819869883E-16));
#3549 = DIRECTION('',(-0.927183854567,-8.934652205137E-13,
    -0.374606593416));
#3550 = ORIENTED_EDGE('',*,*,#3551,.F.);
#3551 = EDGE_CURVE('',#1454,#3343,#3552,.T.);
#3552 = CIRCLE('',#3553,0.123205);
#3553 = AXIS2_PLACEMENT_3D('',#3554,#3555,#3556);
#3554 = CARTESIAN_POINT('',(6.331221001196,12.51688442678,
    11.340384398538));
#3555 = DIRECTION('',(9.635730082629E-13,-1.,1.491819869883E-16));
#3556 = DIRECTION('',(-0.927183854567,-8.934652205137E-13,
    -0.374606593416));
#3557 = ORIENTED_EDGE('',*,*,#1461,.T.);
#3558 = CYLINDRICAL_SURFACE('',#3559,0.123205);
#3559 = AXIS2_PLACEMENT_3D('',#3560,#3561,#3562);
#3560 = CARTESIAN_POINT('',(6.331221001196,12.51688442678,
    11.340384398538));
#3561 = DIRECTION('',(-9.635730082629E-13,1.,-1.491819869883E-16));
#3562 = DIRECTION('',(-0.927183854567,-8.934652205137E-13,
    -0.374606593416));
#3563 = ADVANCED_FACE('',(#3564),#3569,.T.);
#3564 = FACE_BOUND('',#3565,.T.);
#3565 = EDGE_LOOP('',(#3566,#3567,#3568));
#3566 = ORIENTED_EDGE('',*,*,#3350,.T.);
#3567 = ORIENTED_EDGE('',*,*,#1453,.T.);
#3568 = ORIENTED_EDGE('',*,*,#3551,.T.);
#3569 = PLANE('',#3570);
#3570 = AXIS2_PLACEMENT_3D('',#3571,#3572,#3573);
#3571 = CARTESIAN_POINT('',(6.331221001196,12.51688442678,
    11.340384398538));
#3572 = DIRECTION('',(-9.635730082629E-13,1.,-1.491819869884E-16));
#3573 = DIRECTION('',(-0.927183854567,-8.934652205137E-13,
    -0.374606593416));
#3574 = ADVANCED_FACE('',(#3575),#3897,.F.);
#3575 = FACE_BOUND('',#3576,.F.);
#3576 = EDGE_LOOP('',(#3577,#3587,#3595,#3603,#3611,#3620,#3628,#3635,
    #3636,#3637,#3646,#3653,#3654,#3655,#3664,#3672,#3681,#3690,#3698,
    #3707,#3715,#3724,#3732,#3741,#3749,#3758,#3767,#3775,#3784,#3793,
    #3801,#3808,#3809,#3817,#3826,#3832,#3833,#3842,#3850,#3859,#3867,
    #3875,#3883,#3891));
#3577 = ORIENTED_EDGE('',*,*,#3578,.F.);
#3578 = EDGE_CURVE('',#3579,#3581,#3583,.T.);
#3579 = VERTEX_POINT('',#3580);
#3580 = CARTESIAN_POINT('',(10.056230351802,12.36688442679,
    11.040384398537));
#3581 = VERTEX_POINT('',#3582);
#3582 = CARTESIAN_POINT('',(10.056230351802,12.36688442679,
    10.540384398536));
#3583 = LINE('',#3584,#3585);
#3584 = CARTESIAN_POINT('',(10.056230351814,12.36688442679,
    10.540384398536));
#3585 = VECTOR('',#3586,1.);
#3586 = DIRECTION('',(-0.,-0.,-1.));
#3587 = ORIENTED_EDGE('',*,*,#3588,.F.);
#3588 = EDGE_CURVE('',#3589,#3579,#3591,.T.);
#3589 = VERTEX_POINT('',#3590);
#3590 = CARTESIAN_POINT('',(9.489102169839,12.366884426789,
    11.140384398538));
#3591 = LINE('',#3592,#3593);
#3592 = CARTESIAN_POINT('',(9.489102169839,12.366884426789,
    11.140384398538));
#3593 = VECTOR('',#3594,1.);
#3594 = DIRECTION('',(0.984807753012,7.711528201189E-13,-0.173648177667)
  );
#3595 = ORIENTED_EDGE('',*,*,#3596,.F.);
#3596 = EDGE_CURVE('',#3597,#3589,#3599,.T.);
#3597 = VERTEX_POINT('',#3598);
#3598 = CARTESIAN_POINT('',(8.85021767462,12.366884426789,
    11.140384398538));
#3599 = LINE('',#3600,#3601);
#3600 = CARTESIAN_POINT('',(8.85021767462,12.366884426789,
    11.140384398538));
#3601 = VECTOR('',#3602,1.);
#3602 = DIRECTION('',(1.,6.951009347907E-13,0.));
#3603 = ORIENTED_EDGE('',*,*,#3604,.F.);
#3604 = EDGE_CURVE('',#3605,#3597,#3607,.T.);
#3605 = VERTEX_POINT('',#3606);
#3606 = CARTESIAN_POINT('',(6.925578814223,12.366884426787,
    11.039518349943));
#3607 = LINE('',#3608,#3609);
#3608 = CARTESIAN_POINT('',(6.925578814223,12.366884426787,
    11.039518349943));
#3609 = VECTOR('',#3610,1.);
#3610 = DIRECTION('',(0.998629534755,9.216910458322E-13,
    5.233595624258E-02));
#3611 = ORIENTED_EDGE('',*,*,#3612,.F.);
#3612 = EDGE_CURVE('',#3613,#3605,#3615,.T.);
#3613 = VERTEX_POINT('',#3614);
#3614 = CARTESIAN_POINT('',(6.498636264566,12.366884426786,
    11.11096403013));
#3615 = CIRCLE('',#3616,1.);
#3616 = AXIS2_PLACEMENT_3D('',#3617,#3618,#3619);
#3617 = CARTESIAN_POINT('',(6.87324285798,12.366884426786,
    12.038147884698));
#3618 = DIRECTION('',(9.635897949577E-13,-1.,0.));
#3619 = DIRECTION('',(-1.,-9.635897949577E-13,0.));
#3620 = ORIENTED_EDGE('',*,*,#3621,.F.);
#3621 = EDGE_CURVE('',#3622,#3613,#3624,.T.);
#3622 = VERTEX_POINT('',#3623);
#3623 = CARTESIAN_POINT('',(6.275030012184,12.366884426786,
    11.201306820353));
#3624 = LINE('',#3625,#3626);
#3625 = CARTESIAN_POINT('',(6.275030012184,12.366884426786,
    11.201306820353));
#3626 = VECTOR('',#3627,1.);
#3627 = DIRECTION('',(0.927183854567,1.841416959383E-12,-0.374606593414)
  );
#3628 = ORIENTED_EDGE('',*,*,#3629,.F.);
#3629 = EDGE_CURVE('',#1653,#3622,#3630,.T.);
#3630 = CIRCLE('',#3631,0.15);
#3631 = AXIS2_PLACEMENT_3D('',#3632,#3633,#3634);
#3632 = CARTESIAN_POINT('',(6.331221001196,12.366884426786,
    11.340384398538));
#3633 = DIRECTION('',(9.635897949577E-13,-1.,0.));
#3634 = DIRECTION('',(-1.,-9.635897949577E-13,0.));
#3635 = ORIENTED_EDGE('',*,*,#1652,.T.);
#3636 = ORIENTED_EDGE('',*,*,#3398,.T.);
#3637 = ORIENTED_EDGE('',*,*,#3638,.F.);
#3638 = EDGE_CURVE('',#3639,#3391,#3641,.T.);
#3639 = VERTEX_POINT('',#3640);
#3640 = CARTESIAN_POINT('',(6.181221001196,12.366884426786,
    11.340384398538));
#3641 = CIRCLE('',#3642,0.15);
#3642 = AXIS2_PLACEMENT_3D('',#3643,#3644,#3645);
#3643 = CARTESIAN_POINT('',(6.331221001196,12.366884426786,
    11.340384398538));
#3644 = DIRECTION('',(9.635897949577E-13,-1.,0.));
#3645 = DIRECTION('',(-1.,-9.635897949577E-13,0.));
#3646 = ORIENTED_EDGE('',*,*,#3647,.F.);
#3647 = EDGE_CURVE('',#3358,#3639,#3648,.T.);
#3648 = CIRCLE('',#3649,0.15);
#3649 = AXIS2_PLACEMENT_3D('',#3650,#3651,#3652);
#3650 = CARTESIAN_POINT('',(6.331221001196,12.366884426786,
    11.340384398538));
#3651 = DIRECTION('',(9.635897949577E-13,-1.,0.));
#3652 = DIRECTION('',(-1.,-9.635897949577E-13,0.));
#3653 = ORIENTED_EDGE('',*,*,#3357,.T.);
#3654 = ORIENTED_EDGE('',*,*,#1437,.T.);
#3655 = ORIENTED_EDGE('',*,*,#3656,.F.);
#3656 = EDGE_CURVE('',#3657,#1430,#3659,.T.);
#3657 = VERTEX_POINT('',#3658);
#3658 = CARTESIAN_POINT('',(6.275030012184,12.366884426786,
    11.479461976723));
#3659 = CIRCLE('',#3660,0.15);
#3660 = AXIS2_PLACEMENT_3D('',#3661,#3662,#3663);
#3661 = CARTESIAN_POINT('',(6.331221001196,12.366884426786,
    11.340384398538));
#3662 = DIRECTION('',(9.635897949577E-13,-1.,0.));
#3663 = DIRECTION('',(-1.,-9.635897949577E-13,0.));
#3664 = ORIENTED_EDGE('',*,*,#3665,.F.);
#3665 = EDGE_CURVE('',#3666,#3657,#3668,.T.);
#3666 = VERTEX_POINT('',#3667);
#3667 = CARTESIAN_POINT('',(6.622732627377,12.366884426786,
    11.619942952053));
#3668 = LINE('',#3669,#3670);
#3669 = CARTESIAN_POINT('',(6.622732627377,12.366884426786,
    11.619942952053));
#3670 = VECTOR('',#3671,1.);
#3671 = DIRECTION('',(-0.927183854567,-1.184208364758E-12,
    -0.374606593415));
#3672 = ORIENTED_EDGE('',*,*,#3673,.F.);
#3673 = EDGE_CURVE('',#3674,#3666,#3676,.T.);
#3674 = VERTEX_POINT('',#3675);
#3675 = CARTESIAN_POINT('',(6.883090716974,12.366884426786,
    11.509427499822));
#3676 = CIRCLE('',#3677,0.2);
#3677 = AXIS2_PLACEMENT_3D('',#3678,#3679,#3680);
#3678 = CARTESIAN_POINT('',(6.69765394606,12.366884426786,
    11.434506181139));
#3679 = DIRECTION('',(9.635897949577E-13,-1.,0.));
#3680 = DIRECTION('',(-1.,-9.635897949577E-13,0.));
#3681 = ORIENTED_EDGE('',*,*,#3682,.F.);
#3682 = EDGE_CURVE('',#3683,#3674,#3685,.T.);
#3683 = VERTEX_POINT('',#3684);
#3684 = CARTESIAN_POINT('',(7.078359284171,12.366884426787,
    11.42654091065));
#3685 = CIRCLE('',#3686,0.15);
#3686 = AXIS2_PLACEMENT_3D('',#3687,#3688,#3689);
#3687 = CARTESIAN_POINT('',(7.022168295159,12.366884426787,
    11.565618488834));
#3688 = DIRECTION('',(-9.635897949577E-13,1.,0.));
#3689 = DIRECTION('',(-1.,-9.635897949577E-13,-0.));
#3690 = ORIENTED_EDGE('',*,*,#3691,.F.);
#3691 = EDGE_CURVE('',#3692,#3683,#3694,.T.);
#3692 = VERTEX_POINT('',#3693);
#3693 = CARTESIAN_POINT('',(7.124718476899,12.366884426787,
    11.44527124032));
#3694 = LINE('',#3695,#3696);
#3695 = CARTESIAN_POINT('',(7.124718476899,12.366884426787,
    11.44527124032));
#3696 = VECTOR('',#3697,1.);
#3697 = DIRECTION('',(-0.927183854566,0.,-0.374606593417));
#3698 = ORIENTED_EDGE('',*,*,#3699,.F.);
#3699 = EDGE_CURVE('',#3700,#3692,#3702,.T.);
#3700 = VERTEX_POINT('',#3701);
#3701 = CARTESIAN_POINT('',(7.207605066072,12.366884426787,
    11.640539807518));
#3702 = CIRCLE('',#3703,0.15);
#3703 = AXIS2_PLACEMENT_3D('',#3704,#3705,#3706);
#3704 = CARTESIAN_POINT('',(7.068527487887,12.366884426787,
    11.584348818506));
#3705 = DIRECTION('',(-9.635897949577E-13,1.,0.));
#3706 = DIRECTION('',(-1.,-9.635897949577E-13,-0.));
#3707 = ORIENTED_EDGE('',*,*,#3708,.F.);
#3708 = EDGE_CURVE('',#3709,#3700,#3711,.T.);
#3709 = VERTEX_POINT('',#3710);
#3710 = CARTESIAN_POINT('',(7.164763910867,12.366884426787,
    11.74657538755));
#3711 = LINE('',#3712,#3713);
#3712 = CARTESIAN_POINT('',(7.164763910867,12.366884426787,
    11.74657538755));
#3713 = VECTOR('',#3714,1.);
#3714 = DIRECTION('',(0.374606593417,0.,-0.927183854566));
#3715 = ORIENTED_EDGE('',*,*,#3716,.F.);
#3716 = EDGE_CURVE('',#3717,#3709,#3719,.T.);
#3717 = VERTEX_POINT('',#3718);
#3718 = CARTESIAN_POINT('',(7.025686332682,12.366884426787,
    11.840384398537));
#3719 = CIRCLE('',#3720,0.15);
#3720 = AXIS2_PLACEMENT_3D('',#3721,#3722,#3723);
#3721 = CARTESIAN_POINT('',(7.025686332682,12.366884426787,
    11.690384398537));
#3722 = DIRECTION('',(-9.635897949577E-13,1.,0.));
#3723 = DIRECTION('',(-1.,-9.635897949577E-13,-0.));
#3724 = ORIENTED_EDGE('',*,*,#3725,.F.);
#3725 = EDGE_CURVE('',#3726,#3717,#3728,.T.);
#3726 = VERTEX_POINT('',#3727);
#3727 = CARTESIAN_POINT('',(2.486774370921,12.366884426782,
    11.840384398537));
#3728 = LINE('',#3729,#3730);
#3729 = CARTESIAN_POINT('',(2.486774370921,12.366884426782,
    11.840384398537));
#3730 = VECTOR('',#3731,1.);
#3731 = DIRECTION('',(1.,9.784045462688E-13,6.592765009037E-15));
#3732 = ORIENTED_EDGE('',*,*,#3733,.F.);
#3733 = EDGE_CURVE('',#3734,#3726,#3736,.T.);
#3734 = VERTEX_POINT('',#3735);
#3735 = CARTESIAN_POINT('',(2.347696792736,12.366884426782,
    11.74657538755));
#3736 = CIRCLE('',#3737,0.15);
#3737 = AXIS2_PLACEMENT_3D('',#3738,#3739,#3740);
#3738 = CARTESIAN_POINT('',(2.486774370921,12.366884426782,
    11.690384398537));
#3739 = DIRECTION('',(-9.635897949577E-13,1.,0.));
#3740 = DIRECTION('',(-1.,-9.635897949577E-13,-0.));
#3741 = ORIENTED_EDGE('',*,*,#3742,.F.);
#3742 = EDGE_CURVE('',#3743,#3734,#3745,.T.);
#3743 = VERTEX_POINT('',#3744);
#3744 = CARTESIAN_POINT('',(2.304855637532,12.366884426782,
    11.640539807518));
#3745 = LINE('',#3746,#3747);
#3746 = CARTESIAN_POINT('',(2.304855637532,12.366884426782,
    11.640539807518));
#3747 = VECTOR('',#3748,1.);
#3748 = DIRECTION('',(0.374606593415,0.,0.927183854567));
#3749 = ORIENTED_EDGE('',*,*,#3750,.F.);
#3750 = EDGE_CURVE('',#3751,#3743,#3753,.T.);
#3751 = VERTEX_POINT('',#3752);
#3752 = CARTESIAN_POINT('',(2.293933215717,12.366884426782,
    11.584348818505));
#3753 = CIRCLE('',#3754,0.15);
#3754 = AXIS2_PLACEMENT_3D('',#3755,#3756,#3757);
#3755 = CARTESIAN_POINT('',(2.443933215716,12.366884426782,
    11.584348818505));
#3756 = DIRECTION('',(-9.635897949577E-13,1.,0.));
#3757 = DIRECTION('',(-1.,-9.635897949577E-13,-0.));
#3758 = ORIENTED_EDGE('',*,*,#3759,.F.);
#3759 = EDGE_CURVE('',#3760,#3751,#3762,.T.);
#3760 = VERTEX_POINT('',#3761);
#3761 = CARTESIAN_POINT('',(2.387742226704,12.366884426782,
    11.445271240321));
#3762 = CIRCLE('',#3763,0.15);
#3763 = AXIS2_PLACEMENT_3D('',#3764,#3765,#3766);
#3764 = CARTESIAN_POINT('',(2.443933215716,12.366884426782,
    11.584348818505));
#3765 = DIRECTION('',(-9.635897949577E-13,1.,0.));
#3766 = DIRECTION('',(-1.,-9.635897949577E-13,-0.));
#3767 = ORIENTED_EDGE('',*,*,#3768,.F.);
#3768 = EDGE_CURVE('',#3769,#3760,#3771,.T.);
#3769 = VERTEX_POINT('',#3770);
#3770 = CARTESIAN_POINT('',(2.434101419432,12.366884426782,
    11.42654091065));
#3771 = LINE('',#3772,#3773);
#3772 = CARTESIAN_POINT('',(2.434101419432,12.366884426782,
    11.42654091065));
#3773 = VECTOR('',#3774,1.);
#3774 = DIRECTION('',(-0.927183854563,0.,0.374606593425));
#3775 = ORIENTED_EDGE('',*,*,#3776,.F.);
#3776 = EDGE_CURVE('',#3777,#3769,#3779,.T.);
#3777 = VERTEX_POINT('',#3778);
#3778 = CARTESIAN_POINT('',(2.62936998663,12.366884426782,
    11.509427499822));
#3779 = CIRCLE('',#3780,0.15);
#3780 = AXIS2_PLACEMENT_3D('',#3781,#3782,#3783);
#3781 = CARTESIAN_POINT('',(2.490292408445,12.366884426782,
    11.565618488835));
#3782 = DIRECTION('',(-9.635897949577E-13,1.,0.));
#3783 = DIRECTION('',(-1.,-9.635897949577E-13,-0.));
#3784 = ORIENTED_EDGE('',*,*,#3785,.F.);
#3785 = EDGE_CURVE('',#3786,#3777,#3788,.T.);
#3786 = VERTEX_POINT('',#3787);
#3787 = CARTESIAN_POINT('',(2.889728076226,12.366884426783,
    11.619942952052));
#3788 = CIRCLE('',#3789,0.2);
#3789 = AXIS2_PLACEMENT_3D('',#3790,#3791,#3792);
#3790 = CARTESIAN_POINT('',(2.814806757543,12.366884426783,
    11.434506181139));
#3791 = DIRECTION('',(9.635897949577E-13,-1.,0.));
#3792 = DIRECTION('',(-1.,-9.635897949577E-13,0.));
#3793 = ORIENTED_EDGE('',*,*,#3794,.F.);
#3794 = EDGE_CURVE('',#3795,#3786,#3797,.T.);
#3795 = VERTEX_POINT('',#3796);
#3796 = CARTESIAN_POINT('',(3.23743069142,12.366884426783,
    11.479461976723));
#3797 = LINE('',#3798,#3799);
#3798 = CARTESIAN_POINT('',(3.23743069142,12.366884426783,
    11.479461976723));
#3799 = VECTOR('',#3800,1.);
#3800 = DIRECTION('',(-0.927183854567,-1.184208364758E-12,0.374606593415
    ));
#3801 = ORIENTED_EDGE('',*,*,#3802,.F.);
#3802 = EDGE_CURVE('',#2118,#3795,#3803,.T.);
#3803 = CIRCLE('',#3804,0.15);
#3804 = AXIS2_PLACEMENT_3D('',#3805,#3806,#3807);
#3805 = CARTESIAN_POINT('',(3.181239702408,12.366884426783,
    11.340384398538));
#3806 = DIRECTION('',(9.635897949577E-13,-1.,0.));
#3807 = DIRECTION('',(-1.,-9.635897949577E-13,0.));
#3808 = ORIENTED_EDGE('',*,*,#2117,.T.);
#3809 = ORIENTED_EDGE('',*,*,#3810,.T.);
#3810 = EDGE_CURVE('',#2110,#3811,#3813,.T.);
#3811 = VERTEX_POINT('',#3812);
#3812 = CARTESIAN_POINT('',(3.32752476082,12.366884426783,
    11.373560921644));
#3813 = LINE('',#3814,#3815);
#3814 = CARTESIAN_POINT('',(2.876445918447,12.366884426783,
    10.257101609034));
#3815 = VECTOR('',#3816,1.);
#3816 = DIRECTION('',(-0.374606593416,-3.609670905394E-13,
    -0.927183854567));
#3817 = ORIENTED_EDGE('',*,*,#3818,.F.);
#3818 = EDGE_CURVE('',#3819,#3811,#3821,.T.);
#3819 = VERTEX_POINT('',#3820);
#3820 = CARTESIAN_POINT('',(3.26342201764,12.366884426783,
    11.214901064732));
#3821 = CIRCLE('',#3822,0.15);
#3822 = AXIS2_PLACEMENT_3D('',#3823,#3824,#3825);
#3823 = CARTESIAN_POINT('',(3.181239702408,12.366884426783,
    11.340384398538));
#3824 = DIRECTION('',(9.635897949577E-13,-1.,0.));
#3825 = DIRECTION('',(-1.,-9.635897949577E-13,0.));
#3826 = ORIENTED_EDGE('',*,*,#3827,.T.);
#3827 = EDGE_CURVE('',#3819,#2197,#3828,.T.);
#3828 = LINE('',#3829,#3830);
#3829 = CARTESIAN_POINT('',(2.876445918447,12.366884426783,
    10.257101609034));
#3830 = VECTOR('',#3831,1.);
#3831 = DIRECTION('',(-0.374606593416,-3.609670905394E-13,
    -0.927183854567));
#3832 = ORIENTED_EDGE('',*,*,#2196,.T.);
#3833 = ORIENTED_EDGE('',*,*,#3834,.F.);
#3834 = EDGE_CURVE('',#3835,#2189,#3837,.T.);
#3835 = VERTEX_POINT('',#3836);
#3836 = CARTESIAN_POINT('',(3.23743069142,12.366884426783,
    11.201306820353));
#3837 = CIRCLE('',#3838,0.15);
#3838 = AXIS2_PLACEMENT_3D('',#3839,#3840,#3841);
#3839 = CARTESIAN_POINT('',(3.181239702408,12.366884426783,
    11.340384398538));
#3840 = DIRECTION('',(9.635897949577E-13,-1.,0.));
#3841 = DIRECTION('',(-1.,-9.635897949577E-13,0.));
#3842 = ORIENTED_EDGE('',*,*,#3843,.F.);
#3843 = EDGE_CURVE('',#3844,#3835,#3846,.T.);
#3844 = VERTEX_POINT('',#3845);
#3845 = CARTESIAN_POINT('',(3.013824439038,12.366884426783,
    11.11096403013));
#3846 = LINE('',#3847,#3848);
#3847 = CARTESIAN_POINT('',(3.013824439038,12.366884426783,
    11.11096403013));
#3848 = VECTOR('',#3849,1.);
#3849 = DIRECTION('',(0.927183854568,1.841416959383E-12,0.374606593414)
  );
#3850 = ORIENTED_EDGE('',*,*,#3851,.F.);
#3851 = EDGE_CURVE('',#3852,#3844,#3854,.T.);
#3852 = VERTEX_POINT('',#3853);
#3853 = CARTESIAN_POINT('',(2.58688188938,12.366884426782,
    11.039518349943));
#3854 = CIRCLE('',#3855,1.);
#3855 = AXIS2_PLACEMENT_3D('',#3856,#3857,#3858);
#3856 = CARTESIAN_POINT('',(2.639217845624,12.366884426782,
    12.038147884697));
#3857 = DIRECTION('',(9.635897949577E-13,-1.,0.));
#3858 = DIRECTION('',(-1.,-9.635897949577E-13,0.));
#3859 = ORIENTED_EDGE('',*,*,#3860,.F.);
#3860 = EDGE_CURVE('',#3861,#3852,#3863,.T.);
#3861 = VERTEX_POINT('',#3862);
#3862 = CARTESIAN_POINT('',(0.662243028984,12.36688442678,
    11.140384398537));
#3863 = LINE('',#3864,#3865);
#3864 = CARTESIAN_POINT('',(0.662243028984,12.36688442678,
    11.140384398537));
#3865 = VECTOR('',#3866,1.);
#3866 = DIRECTION('',(0.998629534755,9.216910458322E-13,
    -5.233595624258E-02));
#3867 = ORIENTED_EDGE('',*,*,#3868,.F.);
#3868 = EDGE_CURVE('',#3869,#3861,#3871,.T.);
#3869 = VERTEX_POINT('',#3870);
#3870 = CARTESIAN_POINT('',(2.335853376439E-02,12.36688442678,
    11.140384398537));
#3871 = LINE('',#3872,#3873);
#3872 = CARTESIAN_POINT('',(2.335853376439E-02,12.36688442678,
    11.140384398537));
#3873 = VECTOR('',#3874,1.);
#3874 = DIRECTION('',(1.,6.951009347907E-13,0.));
#3875 = ORIENTED_EDGE('',*,*,#3876,.F.);
#3876 = EDGE_CURVE('',#3877,#3869,#3879,.T.);
#3877 = VERTEX_POINT('',#3878);
#3878 = CARTESIAN_POINT('',(-0.543769648198,12.36688442678,
    11.040384398537));
#3879 = LINE('',#3880,#3881);
#3880 = CARTESIAN_POINT('',(-0.543769648198,12.36688442678,
    11.040384398537));
#3881 = VECTOR('',#3882,1.);
#3882 = DIRECTION('',(0.984807753012,1.542305640237E-12,0.173648177668)
  );
#3883 = ORIENTED_EDGE('',*,*,#3884,.T.);
#3884 = EDGE_CURVE('',#3877,#3885,#3887,.T.);
#3885 = VERTEX_POINT('',#3886);
#3886 = CARTESIAN_POINT('',(-0.543769648174,12.36688442679,
    10.540384398536));
#3887 = LINE('',#3888,#3889);
#3888 = CARTESIAN_POINT('',(-0.543769648187,12.36688442678,
    10.540384398536));
#3889 = VECTOR('',#3890,1.);
#3890 = DIRECTION('',(-0.,-0.,-1.));
#3891 = ORIENTED_EDGE('',*,*,#3892,.F.);
#3892 = EDGE_CURVE('',#3581,#3885,#3893,.T.);
#3893 = LINE('',#3894,#3895);
#3894 = CARTESIAN_POINT('',(-0.543769648187,12.36688442678,
    10.540384398536));
#3895 = VECTOR('',#3896,1.);
#3896 = DIRECTION('',(-1.,-9.635897949577E-13,0.));
#3897 = PLANE('',#3898);
#3898 = AXIS2_PLACEMENT_3D('',#3899,#3900,#3901);
#3899 = CARTESIAN_POINT('',(-0.543769648187,12.36688442678,
    10.540384398536));
#3900 = DIRECTION('',(9.635897949577E-13,-1.,0.));
#3901 = DIRECTION('',(1.,9.635897949577E-13,0.));
#3902 = ADVANCED_FACE('',(#3903),#3922,.F.);
#3903 = FACE_BOUND('',#3904,.F.);
#3904 = EDGE_LOOP('',(#3905,#3914,#3920,#3921));
#3905 = ORIENTED_EDGE('',*,*,#3906,.F.);
#3906 = EDGE_CURVE('',#3907,#1422,#3909,.T.);
#3907 = VERTEX_POINT('',#3908);
#3908 = CARTESIAN_POINT('',(6.275030012184,12.066884426786,
    11.479461976723));
#3909 = CIRCLE('',#3910,0.15);
#3910 = AXIS2_PLACEMENT_3D('',#3911,#3912,#3913);
#3911 = CARTESIAN_POINT('',(6.331221001196,12.066884426786,
    11.340384398538));
#3912 = DIRECTION('',(9.635897949577E-13,-1.,0.));
#3913 = DIRECTION('',(-1.,-9.635897949577E-13,0.));
#3914 = ORIENTED_EDGE('',*,*,#3915,.T.);
#3915 = EDGE_CURVE('',#3907,#3657,#3916,.T.);
#3916 = LINE('',#3917,#3918);
#3917 = CARTESIAN_POINT('',(6.275030012184,12.066884426786,
    11.479461976723));
#3918 = VECTOR('',#3919,1.);
#3919 = DIRECTION('',(-9.635897949577E-13,1.,0.));
#3920 = ORIENTED_EDGE('',*,*,#3656,.T.);
#3921 = ORIENTED_EDGE('',*,*,#1429,.F.);
#3922 = CYLINDRICAL_SURFACE('',#3923,0.15);
#3923 = AXIS2_PLACEMENT_3D('',#3924,#3925,#3926);
#3924 = CARTESIAN_POINT('',(6.331221001196,12.066884426786,
    11.340384398538));
#3925 = DIRECTION('',(-9.635897949577E-13,1.,0.));
#3926 = DIRECTION('',(-1.,-9.635897949577E-13,-0.));
#3927 = ADVANCED_FACE('',(#3928),#4242,.F.);
#3928 = FACE_BOUND('',#3929,.F.);
#3929 = EDGE_LOOP('',(#3930,#3940,#3948,#3956,#3964,#3972,#3980,#3989,
    #3997,#4004,#4005,#4013,#4022,#4028,#4029,#4038,#4046,#4055,#4064,
    #4072,#4081,#4090,#4098,#4107,#4115,#4124,#4132,#4141,#4149,#4158,
    #4167,#4173,#4174,#4175,#4176,#4185,#4192,#4193,#4194,#4203,#4211,
    #4220,#4228,#4236));
#3930 = ORIENTED_EDGE('',*,*,#3931,.T.);
#3931 = EDGE_CURVE('',#3932,#3934,#3936,.T.);
#3932 = VERTEX_POINT('',#3933);
#3933 = CARTESIAN_POINT('',(10.056230351802,12.066884426789,
    11.040384398537));
#3934 = VERTEX_POINT('',#3935);
#3935 = CARTESIAN_POINT('',(10.056230351802,12.066884426789,
    10.540384398536));
#3936 = LINE('',#3937,#3938);
#3937 = CARTESIAN_POINT('',(10.056230351802,12.066884426789,
    11.040384398537));
#3938 = VECTOR('',#3939,1.);
#3939 = DIRECTION('',(2.775557561558E-13,0.,-1.));
#3940 = ORIENTED_EDGE('',*,*,#3941,.T.);
#3941 = EDGE_CURVE('',#3934,#3942,#3944,.T.);
#3942 = VERTEX_POINT('',#3943);
#3943 = CARTESIAN_POINT('',(-0.543769648174,12.066884426784,
    10.540384398536));
#3944 = LINE('',#3945,#3946);
#3945 = CARTESIAN_POINT('',(-1.043769648197,12.066884426779,
    10.540384398536));
#3946 = VECTOR('',#3947,1.);
#3947 = DIRECTION('',(-1.,-9.635897949577E-13,0.));
#3948 = ORIENTED_EDGE('',*,*,#3949,.T.);
#3949 = EDGE_CURVE('',#3942,#3950,#3952,.T.);
#3950 = VERTEX_POINT('',#3951);
#3951 = CARTESIAN_POINT('',(-0.543769648198,12.066884426779,
    11.040384398537));
#3952 = LINE('',#3953,#3954);
#3953 = CARTESIAN_POINT('',(-0.543769648198,12.066884426779,
    10.240384398536));
#3954 = VECTOR('',#3955,1.);
#3955 = DIRECTION('',(0.,0.,1.));
#3956 = ORIENTED_EDGE('',*,*,#3957,.T.);
#3957 = EDGE_CURVE('',#3950,#3958,#3960,.T.);
#3958 = VERTEX_POINT('',#3959);
#3959 = CARTESIAN_POINT('',(2.335853376474E-02,12.06688442678,
    11.140384398537));
#3960 = LINE('',#3961,#3962);
#3961 = CARTESIAN_POINT('',(-0.543769648198,12.066884426779,
    11.040384398537));
#3962 = VECTOR('',#3963,1.);
#3963 = DIRECTION('',(0.984807753012,1.542305640237E-12,0.173648177668)
  );
#3964 = ORIENTED_EDGE('',*,*,#3965,.T.);
#3965 = EDGE_CURVE('',#3958,#3966,#3968,.T.);
#3966 = VERTEX_POINT('',#3967);
#3967 = CARTESIAN_POINT('',(0.662243028984,12.06688442678,
    11.140384398537));
#3968 = LINE('',#3969,#3970);
#3969 = CARTESIAN_POINT('',(2.335853376474E-02,12.06688442678,
    11.140384398537));
#3970 = VECTOR('',#3971,1.);
#3971 = DIRECTION('',(1.,6.951009347907E-13,0.));
#3972 = ORIENTED_EDGE('',*,*,#3973,.T.);
#3973 = EDGE_CURVE('',#3966,#3974,#3976,.T.);
#3974 = VERTEX_POINT('',#3975);
#3975 = CARTESIAN_POINT('',(2.586881889381,12.066884426782,
    11.039518349943));
#3976 = LINE('',#3977,#3978);
#3977 = CARTESIAN_POINT('',(0.662243028984,12.06688442678,
    11.140384398537));
#3978 = VECTOR('',#3979,1.);
#3979 = DIRECTION('',(0.998629534755,9.216910458322E-13,
    -5.233595624258E-02));
#3980 = ORIENTED_EDGE('',*,*,#3981,.T.);
#3981 = EDGE_CURVE('',#3974,#3982,#3984,.T.);
#3982 = VERTEX_POINT('',#3983);
#3983 = CARTESIAN_POINT('',(3.013824439038,12.066884426783,
    11.11096403013));
#3984 = CIRCLE('',#3985,1.);
#3985 = AXIS2_PLACEMENT_3D('',#3986,#3987,#3988);
#3986 = CARTESIAN_POINT('',(2.639217845624,12.066884426782,
    12.038147884697));
#3987 = DIRECTION('',(9.635897949577E-13,-1.,0.));
#3988 = DIRECTION('',(-1.,-9.635897949577E-13,0.));
#3989 = ORIENTED_EDGE('',*,*,#3990,.T.);
#3990 = EDGE_CURVE('',#3982,#3991,#3993,.T.);
#3991 = VERTEX_POINT('',#3992);
#3992 = CARTESIAN_POINT('',(3.23743069142,12.066884426783,
    11.201306820353));
#3993 = LINE('',#3994,#3995);
#3994 = CARTESIAN_POINT('',(3.013824439038,12.066884426783,
    11.11096403013));
#3995 = VECTOR('',#3996,1.);
#3996 = DIRECTION('',(0.927183854568,1.841416959383E-12,0.374606593414)
  );
#3997 = ORIENTED_EDGE('',*,*,#3998,.T.);
#3998 = EDGE_CURVE('',#3991,#2181,#3999,.T.);
#3999 = CIRCLE('',#4000,0.15);
#4000 = AXIS2_PLACEMENT_3D('',#4001,#4002,#4003);
#4001 = CARTESIAN_POINT('',(3.181239702408,12.066884426783,
    11.340384398538));
#4002 = DIRECTION('',(9.635897949577E-13,-1.,0.));
#4003 = DIRECTION('',(-1.,-9.635897949577E-13,0.));
#4004 = ORIENTED_EDGE('',*,*,#2180,.T.);
#4005 = ORIENTED_EDGE('',*,*,#4006,.T.);
#4006 = EDGE_CURVE('',#2173,#4007,#4009,.T.);
#4007 = VERTEX_POINT('',#4008);
#4008 = CARTESIAN_POINT('',(3.263422017639,12.066884426783,
    11.214901064731));
#4009 = LINE('',#4010,#4011);
#4010 = CARTESIAN_POINT('',(3.359888880488,12.066884426783,
    11.453664928757));
#4011 = VECTOR('',#4012,1.);
#4012 = DIRECTION('',(0.374606593416,3.609670905394E-13,0.927183854567)
  );
#4013 = ORIENTED_EDGE('',*,*,#4014,.T.);
#4014 = EDGE_CURVE('',#4007,#4015,#4017,.T.);
#4015 = VERTEX_POINT('',#4016);
#4016 = CARTESIAN_POINT('',(3.32752476082,12.066884426783,
    11.373560921645));
#4017 = CIRCLE('',#4018,0.15);
#4018 = AXIS2_PLACEMENT_3D('',#4019,#4020,#4021);
#4019 = CARTESIAN_POINT('',(3.181239702408,12.066884426783,
    11.340384398538));
#4020 = DIRECTION('',(9.635897949577E-13,-1.,0.));
#4021 = DIRECTION('',(-1.,-9.635897949577E-13,0.));
#4022 = ORIENTED_EDGE('',*,*,#4023,.T.);
#4023 = EDGE_CURVE('',#4015,#2035,#4024,.T.);
#4024 = LINE('',#4025,#4026);
#4025 = CARTESIAN_POINT('',(3.359888880488,12.066884426783,
    11.453664928757));
#4026 = VECTOR('',#4027,1.);
#4027 = DIRECTION('',(0.374606593416,3.609670905394E-13,0.927183854567)
  );
#4028 = ORIENTED_EDGE('',*,*,#2133,.T.);
#4029 = ORIENTED_EDGE('',*,*,#4030,.T.);
#4030 = EDGE_CURVE('',#2126,#4031,#4033,.T.);
#4031 = VERTEX_POINT('',#4032);
#4032 = CARTESIAN_POINT('',(3.23743069142,12.066884426783,
    11.479461976723));
#4033 = CIRCLE('',#4034,0.15);
#4034 = AXIS2_PLACEMENT_3D('',#4035,#4036,#4037);
#4035 = CARTESIAN_POINT('',(3.181239702408,12.066884426783,
    11.340384398538));
#4036 = DIRECTION('',(9.635897949577E-13,-1.,0.));
#4037 = DIRECTION('',(-1.,-9.635897949577E-13,0.));
#4038 = ORIENTED_EDGE('',*,*,#4039,.T.);
#4039 = EDGE_CURVE('',#4031,#4040,#4042,.T.);
#4040 = VERTEX_POINT('',#4041);
#4041 = CARTESIAN_POINT('',(2.889728076227,12.066884426783,
    11.619942952052));
#4042 = LINE('',#4043,#4044);
#4043 = CARTESIAN_POINT('',(3.23743069142,12.066884426783,
    11.479461976723));
#4044 = VECTOR('',#4045,1.);
#4045 = DIRECTION('',(-0.927183854567,-1.184208364758E-12,0.374606593415
    ));
#4046 = ORIENTED_EDGE('',*,*,#4047,.T.);
#4047 = EDGE_CURVE('',#4040,#4048,#4050,.T.);
#4048 = VERTEX_POINT('',#4049);
#4049 = CARTESIAN_POINT('',(2.62936998663,12.066884426782,
    11.509427499822));
#4050 = CIRCLE('',#4051,0.2);
#4051 = AXIS2_PLACEMENT_3D('',#4052,#4053,#4054);
#4052 = CARTESIAN_POINT('',(2.814806757543,12.066884426783,
    11.434506181139));
#4053 = DIRECTION('',(9.635897949577E-13,-1.,0.));
#4054 = DIRECTION('',(-1.,-9.635897949577E-13,0.));
#4055 = ORIENTED_EDGE('',*,*,#4056,.T.);
#4056 = EDGE_CURVE('',#4048,#4057,#4059,.T.);
#4057 = VERTEX_POINT('',#4058);
#4058 = CARTESIAN_POINT('',(2.434101419432,12.066884426782,
    11.42654091065));
#4059 = CIRCLE('',#4060,0.15);
#4060 = AXIS2_PLACEMENT_3D('',#4061,#4062,#4063);
#4061 = CARTESIAN_POINT('',(2.490292408445,12.066884426782,
    11.565618488835));
#4062 = DIRECTION('',(-9.635897949577E-13,1.,0.));
#4063 = DIRECTION('',(-1.,-9.635897949577E-13,-0.));
#4064 = ORIENTED_EDGE('',*,*,#4065,.T.);
#4065 = EDGE_CURVE('',#4057,#4066,#4068,.T.);
#4066 = VERTEX_POINT('',#4067);
#4067 = CARTESIAN_POINT('',(2.387742226704,12.066884426782,
    11.445271240321));
#4068 = LINE('',#4069,#4070);
#4069 = CARTESIAN_POINT('',(2.434101419432,12.066884426782,
    11.42654091065));
#4070 = VECTOR('',#4071,1.);
#4071 = DIRECTION('',(-0.927183854563,0.,0.374606593425));
#4072 = ORIENTED_EDGE('',*,*,#4073,.T.);
#4073 = EDGE_CURVE('',#4066,#4074,#4076,.T.);
#4074 = VERTEX_POINT('',#4075);
#4075 = CARTESIAN_POINT('',(2.293933215717,12.066884426782,
    11.584348818505));
#4076 = CIRCLE('',#4077,0.15);
#4077 = AXIS2_PLACEMENT_3D('',#4078,#4079,#4080);
#4078 = CARTESIAN_POINT('',(2.443933215717,12.066884426782,
    11.584348818505));
#4079 = DIRECTION('',(-9.635897949577E-13,1.,0.));
#4080 = DIRECTION('',(-1.,-9.635897949577E-13,-0.));
#4081 = ORIENTED_EDGE('',*,*,#4082,.T.);
#4082 = EDGE_CURVE('',#4074,#4083,#4085,.T.);
#4083 = VERTEX_POINT('',#4084);
#4084 = CARTESIAN_POINT('',(2.304855637532,12.066884426782,
    11.640539807518));
#4085 = CIRCLE('',#4086,0.15);
#4086 = AXIS2_PLACEMENT_3D('',#4087,#4088,#4089);
#4087 = CARTESIAN_POINT('',(2.443933215717,12.066884426782,
    11.584348818505));
#4088 = DIRECTION('',(-9.635897949577E-13,1.,0.));
#4089 = DIRECTION('',(-1.,-9.635897949577E-13,-0.));
#4090 = ORIENTED_EDGE('',*,*,#4091,.T.);
#4091 = EDGE_CURVE('',#4083,#4092,#4094,.T.);
#4092 = VERTEX_POINT('',#4093);
#4093 = CARTESIAN_POINT('',(2.347696792736,12.066884426782,
    11.74657538755));
#4094 = LINE('',#4095,#4096);
#4095 = CARTESIAN_POINT('',(2.304855637532,12.066884426782,
    11.640539807518));
#4096 = VECTOR('',#4097,1.);
#4097 = DIRECTION('',(0.374606593415,0.,0.927183854567));
#4098 = ORIENTED_EDGE('',*,*,#4099,.T.);
#4099 = EDGE_CURVE('',#4092,#4100,#4102,.T.);
#4100 = VERTEX_POINT('',#4101);
#4101 = CARTESIAN_POINT('',(2.486774370922,12.066884426782,
    11.840384398537));
#4102 = CIRCLE('',#4103,0.15);
#4103 = AXIS2_PLACEMENT_3D('',#4104,#4105,#4106);
#4104 = CARTESIAN_POINT('',(2.486774370921,12.066884426782,
    11.690384398537));
#4105 = DIRECTION('',(-9.635897949577E-13,1.,0.));
#4106 = DIRECTION('',(-1.,-9.635897949577E-13,-0.));
#4107 = ORIENTED_EDGE('',*,*,#4108,.T.);
#4108 = EDGE_CURVE('',#4100,#4109,#4111,.T.);
#4109 = VERTEX_POINT('',#4110);
#4110 = CARTESIAN_POINT('',(7.025686332683,12.066884426787,
    11.840384398537));
#4111 = LINE('',#4112,#4113);
#4112 = CARTESIAN_POINT('',(2.486774370922,12.066884426782,
    11.840384398537));
#4113 = VECTOR('',#4114,1.);
#4114 = DIRECTION('',(1.,9.784045462688E-13,6.592765009037E-15));
#4115 = ORIENTED_EDGE('',*,*,#4116,.T.);
#4116 = EDGE_CURVE('',#4109,#4117,#4119,.T.);
#4117 = VERTEX_POINT('',#4118);
#4118 = CARTESIAN_POINT('',(7.164763910868,12.066884426787,
    11.74657538755));
#4119 = CIRCLE('',#4120,0.15);
#4120 = AXIS2_PLACEMENT_3D('',#4121,#4122,#4123);
#4121 = CARTESIAN_POINT('',(7.025686332683,12.066884426787,
    11.690384398537));
#4122 = DIRECTION('',(-9.635897949577E-13,1.,0.));
#4123 = DIRECTION('',(-1.,-9.635897949577E-13,-0.));
#4124 = ORIENTED_EDGE('',*,*,#4125,.T.);
#4125 = EDGE_CURVE('',#4117,#4126,#4128,.T.);
#4126 = VERTEX_POINT('',#4127);
#4127 = CARTESIAN_POINT('',(7.207605066072,12.066884426787,
    11.640539807518));
#4128 = LINE('',#4129,#4130);
#4129 = CARTESIAN_POINT('',(7.164763910868,12.066884426787,
    11.74657538755));
#4130 = VECTOR('',#4131,1.);
#4131 = DIRECTION('',(0.374606593417,0.,-0.927183854566));
#4132 = ORIENTED_EDGE('',*,*,#4133,.T.);
#4133 = EDGE_CURVE('',#4126,#4134,#4136,.T.);
#4134 = VERTEX_POINT('',#4135);
#4135 = CARTESIAN_POINT('',(7.1247184769,12.066884426787,11.44527124032)
  );
#4136 = CIRCLE('',#4137,0.15);
#4137 = AXIS2_PLACEMENT_3D('',#4138,#4139,#4140);
#4138 = CARTESIAN_POINT('',(7.068527487887,12.066884426787,
    11.584348818506));
#4139 = DIRECTION('',(-9.635897949577E-13,1.,0.));
#4140 = DIRECTION('',(-1.,-9.635897949577E-13,-0.));
#4141 = ORIENTED_EDGE('',*,*,#4142,.T.);
#4142 = EDGE_CURVE('',#4134,#4143,#4145,.T.);
#4143 = VERTEX_POINT('',#4144);
#4144 = CARTESIAN_POINT('',(7.078359284172,12.066884426787,
    11.42654091065));
#4145 = LINE('',#4146,#4147);
#4146 = CARTESIAN_POINT('',(7.1247184769,12.066884426787,11.44527124032)
  );
#4147 = VECTOR('',#4148,1.);
#4148 = DIRECTION('',(-0.927183854566,0.,-0.374606593417));
#4149 = ORIENTED_EDGE('',*,*,#4150,.T.);
#4150 = EDGE_CURVE('',#4143,#4151,#4153,.T.);
#4151 = VERTEX_POINT('',#4152);
#4152 = CARTESIAN_POINT('',(6.883090716974,12.066884426786,
    11.509427499822));
#4153 = CIRCLE('',#4154,0.15);
#4154 = AXIS2_PLACEMENT_3D('',#4155,#4156,#4157);
#4155 = CARTESIAN_POINT('',(7.022168295159,12.066884426787,
    11.565618488834));
#4156 = DIRECTION('',(-9.635897949577E-13,1.,0.));
#4157 = DIRECTION('',(-1.,-9.635897949577E-13,-0.));
#4158 = ORIENTED_EDGE('',*,*,#4159,.T.);
#4159 = EDGE_CURVE('',#4151,#4160,#4162,.T.);
#4160 = VERTEX_POINT('',#4161);
#4161 = CARTESIAN_POINT('',(6.622732627378,12.066884426786,
    11.619942952053));
#4162 = CIRCLE('',#4163,0.2);
#4163 = AXIS2_PLACEMENT_3D('',#4164,#4165,#4166);
#4164 = CARTESIAN_POINT('',(6.697653946061,12.066884426786,
    11.434506181139));
#4165 = DIRECTION('',(9.635897949577E-13,-1.,0.));
#4166 = DIRECTION('',(-1.,-9.635897949577E-13,0.));
#4167 = ORIENTED_EDGE('',*,*,#4168,.T.);
#4168 = EDGE_CURVE('',#4160,#3907,#4169,.T.);
#4169 = LINE('',#4170,#4171);
#4170 = CARTESIAN_POINT('',(6.622732627378,12.066884426786,
    11.619942952053));
#4171 = VECTOR('',#4172,1.);
#4172 = DIRECTION('',(-0.927183854567,-1.184208364758E-12,
    -0.374606593415));
#4173 = ORIENTED_EDGE('',*,*,#3906,.T.);
#4174 = ORIENTED_EDGE('',*,*,#1421,.T.);
#4175 = ORIENTED_EDGE('',*,*,#3373,.T.);
#4176 = ORIENTED_EDGE('',*,*,#4177,.T.);
#4177 = EDGE_CURVE('',#3366,#4178,#4180,.T.);
#4178 = VERTEX_POINT('',#4179);
#4179 = CARTESIAN_POINT('',(6.181221001196,12.066884426786,
    11.340384398538));
#4180 = CIRCLE('',#4181,0.15);
#4181 = AXIS2_PLACEMENT_3D('',#4182,#4183,#4184);
#4182 = CARTESIAN_POINT('',(6.331221001196,12.066884426786,
    11.340384398538));
#4183 = DIRECTION('',(9.635897949577E-13,-1.,0.));
#4184 = DIRECTION('',(-1.,-9.635897949577E-13,0.));
#4185 = ORIENTED_EDGE('',*,*,#4186,.T.);
#4186 = EDGE_CURVE('',#4178,#3383,#4187,.T.);
#4187 = CIRCLE('',#4188,0.15);
#4188 = AXIS2_PLACEMENT_3D('',#4189,#4190,#4191);
#4189 = CARTESIAN_POINT('',(6.331221001196,12.066884426786,
    11.340384398538));
#4190 = DIRECTION('',(9.635897949577E-13,-1.,0.));
#4191 = DIRECTION('',(-1.,-9.635897949577E-13,0.));
#4192 = ORIENTED_EDGE('',*,*,#3382,.T.);
#4193 = ORIENTED_EDGE('',*,*,#1668,.T.);
#4194 = ORIENTED_EDGE('',*,*,#4195,.T.);
#4195 = EDGE_CURVE('',#1661,#4196,#4198,.T.);
#4196 = VERTEX_POINT('',#4197);
#4197 = CARTESIAN_POINT('',(6.275030012184,12.066884426786,
    11.201306820353));
#4198 = CIRCLE('',#4199,0.15);
#4199 = AXIS2_PLACEMENT_3D('',#4200,#4201,#4202);
#4200 = CARTESIAN_POINT('',(6.331221001196,12.066884426786,
    11.340384398538));
#4201 = DIRECTION('',(9.635897949577E-13,-1.,0.));
#4202 = DIRECTION('',(-1.,-9.635897949577E-13,0.));
#4203 = ORIENTED_EDGE('',*,*,#4204,.T.);
#4204 = EDGE_CURVE('',#4196,#4205,#4207,.T.);
#4205 = VERTEX_POINT('',#4206);
#4206 = CARTESIAN_POINT('',(6.498636264566,12.066884426786,
    11.11096403013));
#4207 = LINE('',#4208,#4209);
#4208 = CARTESIAN_POINT('',(6.275030012184,12.066884426786,
    11.201306820353));
#4209 = VECTOR('',#4210,1.);
#4210 = DIRECTION('',(0.927183854567,1.841416959383E-12,-0.374606593414)
  );
#4211 = ORIENTED_EDGE('',*,*,#4212,.T.);
#4212 = EDGE_CURVE('',#4205,#4213,#4215,.T.);
#4213 = VERTEX_POINT('',#4214);
#4214 = CARTESIAN_POINT('',(6.925578814223,12.066884426787,
    11.039518349943));
#4215 = CIRCLE('',#4216,1.);
#4216 = AXIS2_PLACEMENT_3D('',#4217,#4218,#4219);
#4217 = CARTESIAN_POINT('',(6.87324285798,12.066884426786,
    12.038147884698));
#4218 = DIRECTION('',(9.635897949577E-13,-1.,0.));
#4219 = DIRECTION('',(-1.,-9.635897949577E-13,0.));
#4220 = ORIENTED_EDGE('',*,*,#4221,.T.);
#4221 = EDGE_CURVE('',#4213,#4222,#4224,.T.);
#4222 = VERTEX_POINT('',#4223);
#4223 = CARTESIAN_POINT('',(8.85021767462,12.066884426788,
    11.140384398538));
#4224 = LINE('',#4225,#4226);
#4225 = CARTESIAN_POINT('',(6.925578814223,12.066884426787,
    11.039518349943));
#4226 = VECTOR('',#4227,1.);
#4227 = DIRECTION('',(0.998629534755,9.216910458322E-13,
    5.233595624258E-02));
#4228 = ORIENTED_EDGE('',*,*,#4229,.T.);
#4229 = EDGE_CURVE('',#4222,#4230,#4232,.T.);
#4230 = VERTEX_POINT('',#4231);
#4231 = CARTESIAN_POINT('',(9.489102169839,12.066884426789,
    11.140384398538));
#4232 = LINE('',#4233,#4234);
#4233 = CARTESIAN_POINT('',(8.85021767462,12.066884426788,
    11.140384398538));
#4234 = VECTOR('',#4235,1.);
#4235 = DIRECTION('',(1.,6.951009347907E-13,0.));
#4236 = ORIENTED_EDGE('',*,*,#4237,.T.);
#4237 = EDGE_CURVE('',#4230,#3932,#4238,.T.);
#4238 = LINE('',#4239,#4240);
#4239 = CARTESIAN_POINT('',(9.489102169839,12.066884426789,
    11.140384398538));
#4240 = VECTOR('',#4241,1.);
#4241 = DIRECTION('',(0.984807753012,7.711528201189E-13,-0.173648177667)
  );
#4242 = PLANE('',#4243);
#4243 = AXIS2_PLACEMENT_3D('',#4244,#4245,#4246);
#4244 = CARTESIAN_POINT('',(2.639217845624,12.066884426782,
    12.038147884697));
#4245 = DIRECTION('',(-9.635897949577E-13,1.,0.));
#4246 = DIRECTION('',(-1.,-9.635897949577E-13,0.));
#4247 = ADVANCED_FACE('',(#4248),#4259,.F.);
#4248 = FACE_BOUND('',#4249,.F.);
#4249 = EDGE_LOOP('',(#4250,#4251,#4252,#4258));
#4250 = ORIENTED_EDGE('',*,*,#1660,.T.);
#4251 = ORIENTED_EDGE('',*,*,#3629,.T.);
#4252 = ORIENTED_EDGE('',*,*,#4253,.F.);
#4253 = EDGE_CURVE('',#4196,#3622,#4254,.T.);
#4254 = LINE('',#4255,#4256);
#4255 = CARTESIAN_POINT('',(6.275030012184,12.066884426786,
    11.201306820353));
#4256 = VECTOR('',#4257,1.);
#4257 = DIRECTION('',(-9.635897949577E-13,1.,0.));
#4258 = ORIENTED_EDGE('',*,*,#4195,.F.);
#4259 = CYLINDRICAL_SURFACE('',#4260,0.15);
#4260 = AXIS2_PLACEMENT_3D('',#4261,#4262,#4263);
#4261 = CARTESIAN_POINT('',(6.331221001196,12.066884426786,
    11.340384398538));
#4262 = DIRECTION('',(-9.635897949577E-13,1.,0.));
#4263 = DIRECTION('',(-1.,-9.635897949577E-13,-0.));
#4264 = ADVANCED_FACE('',(#4265),#4270,.T.);
#4265 = FACE_BOUND('',#4266,.T.);
#4266 = EDGE_LOOP('',(#4267,#4268,#4269));
#4267 = ORIENTED_EDGE('',*,*,#3342,.T.);
#4268 = ORIENTED_EDGE('',*,*,#3544,.T.);
#4269 = ORIENTED_EDGE('',*,*,#1636,.T.);
#4270 = PLANE('',#4271);
#4271 = AXIS2_PLACEMENT_3D('',#4272,#4273,#4274);
#4272 = CARTESIAN_POINT('',(6.331221001196,12.51688442678,
    11.340384398538));
#4273 = DIRECTION('',(-9.635730082629E-13,1.,-1.491819869884E-16));
#4274 = DIRECTION('',(-0.927183854567,-8.934652205137E-13,
    -0.374606593416));
#4275 = ADVANCED_FACE('',(#4276),#4341,.F.);
#4276 = FACE_BOUND('',#4277,.F.);
#4277 = EDGE_LOOP('',(#4278,#4279,#4287,#4293,#4294,#4302,#4310,#4316,
    #4317,#4318,#4319,#4327,#4335));
#4278 = ORIENTED_EDGE('',*,*,#1963,.F.);
#4279 = ORIENTED_EDGE('',*,*,#4280,.T.);
#4280 = EDGE_CURVE('',#1956,#4281,#4283,.T.);
#4281 = VERTEX_POINT('',#4282);
#4282 = CARTESIAN_POINT('',(3.295473389221,1.688442678295E-02,
    11.294230993196));
#4283 = LINE('',#4284,#4285);
#4284 = CARTESIAN_POINT('',(3.25801272988,1.688442678298E-02,
    11.201512607739));
#4285 = VECTOR('',#4286,1.);
#4286 = DIRECTION('',(0.374606593416,-3.608224830032E-13,0.927183854567)
  );
#4287 = ORIENTED_EDGE('',*,*,#4288,.T.);
#4288 = EDGE_CURVE('',#4281,#1723,#4289,.T.);
#4289 = LINE('',#4290,#4291);
#4290 = CARTESIAN_POINT('',(3.25801272988,1.688442678298E-02,
    11.201512607739));
#4291 = VECTOR('',#4292,1.);
#4292 = DIRECTION('',(0.374606593416,-3.608224830032E-13,0.927183854567)
  );
#4293 = ORIENTED_EDGE('',*,*,#1722,.T.);
#4294 = ORIENTED_EDGE('',*,*,#4295,.F.);
#4295 = EDGE_CURVE('',#4296,#1725,#4298,.T.);
#4296 = VERTEX_POINT('',#4297);
#4297 = CARTESIAN_POINT('',(3.327524760823,0.166884426799,
    11.373560921681));
#4298 = LINE('',#4299,#4300);
#4299 = CARTESIAN_POINT('',(2.876445918438,0.166884426799,10.25710160904
    ));
#4300 = VECTOR('',#4301,1.);
#4301 = DIRECTION('',(0.374606593416,-3.609670905394E-13,0.927183854567)
  );
#4302 = ORIENTED_EDGE('',*,*,#4303,.F.);
#4303 = EDGE_CURVE('',#4304,#4296,#4306,.T.);
#4304 = VERTEX_POINT('',#4305);
#4305 = CARTESIAN_POINT('',(3.327524760823,0.466884426799,
    11.373560921681));
#4306 = LINE('',#4307,#4308);
#4307 = CARTESIAN_POINT('',(3.327524760823,0.466884426799,
    11.373560921681));
#4308 = VECTOR('',#4309,1.);
#4309 = DIRECTION('',(-9.635897949577E-13,-1.,0.));
#4310 = ORIENTED_EDGE('',*,*,#4311,.F.);
#4311 = EDGE_CURVE('',#1816,#4304,#4312,.T.);
#4312 = LINE('',#4313,#4314);
#4313 = CARTESIAN_POINT('',(3.585357192517,0.466884426799,12.01171858375
    ));
#4314 = VECTOR('',#4315,1.);
#4315 = DIRECTION('',(-0.374606593416,3.609670905394E-13,-0.927183854567
    ));
#4316 = ORIENTED_EDGE('',*,*,#1815,.T.);
#4317 = ORIENTED_EDGE('',*,*,#1700,.F.);
#4318 = ORIENTED_EDGE('',*,*,#1877,.F.);
#4319 = ORIENTED_EDGE('',*,*,#4320,.F.);
#4320 = EDGE_CURVE('',#4321,#1878,#4323,.T.);
#4321 = VERTEX_POINT('',#4322);
#4322 = CARTESIAN_POINT('',(3.26342201762,0.466884426799,11.214901064711
    ));
#4323 = LINE('',#4324,#4325);
#4324 = CARTESIAN_POINT('',(3.585357192517,0.466884426799,12.01171858375
    ));
#4325 = VECTOR('',#4326,1.);
#4326 = DIRECTION('',(-0.374606593416,3.609670905394E-13,-0.927183854567
    ));
#4327 = ORIENTED_EDGE('',*,*,#4328,.T.);
#4328 = EDGE_CURVE('',#4321,#4329,#4331,.T.);
#4329 = VERTEX_POINT('',#4330);
#4330 = CARTESIAN_POINT('',(3.26342201762,0.166884426799,11.214901064711
    ));
#4331 = LINE('',#4332,#4333);
#4332 = CARTESIAN_POINT('',(3.26342201762,0.466884426799,11.214901064711
    ));
#4333 = VECTOR('',#4334,1.);
#4334 = DIRECTION('',(-9.635897949577E-13,-1.,0.));
#4335 = ORIENTED_EDGE('',*,*,#4336,.F.);
#4336 = EDGE_CURVE('',#1964,#4329,#4337,.T.);
#4337 = LINE('',#4338,#4339);
#4338 = CARTESIAN_POINT('',(2.876445918438,0.166884426799,10.25710160904
    ));
#4339 = VECTOR('',#4340,1.);
#4340 = DIRECTION('',(0.374606593416,-3.609670905394E-13,0.927183854567)
  );
#4341 = PLANE('',#4342);
#4342 = AXIS2_PLACEMENT_3D('',#4343,#4344,#4345);
#4343 = CARTESIAN_POINT('',(3.25801272988,0.166884426783,11.201512607739
    ));
#4344 = DIRECTION('',(-0.927183854567,8.934387044591E-13,0.374606593416)
  );
#4345 = DIRECTION('',(-9.635484230053E-13,-1.,1.392488981105E-16));
#4346 = ADVANCED_FACE('',(#4347),#4669,.F.);
#4347 = FACE_BOUND('',#4348,.F.);
#4348 = EDGE_LOOP('',(#4349,#4359,#4367,#4375,#4383,#4392,#4400,#4407,
    #4408,#4409,#4418,#4425,#4426,#4427,#4436,#4444,#4453,#4462,#4470,
    #4479,#4487,#4496,#4504,#4513,#4521,#4530,#4539,#4547,#4556,#4565,
    #4573,#4580,#4581,#4589,#4598,#4604,#4605,#4614,#4622,#4631,#4639,
    #4647,#4655,#4663));
#4349 = ORIENTED_EDGE('',*,*,#4350,.F.);
#4350 = EDGE_CURVE('',#4351,#4353,#4355,.T.);
#4351 = VERTEX_POINT('',#4352);
#4352 = CARTESIAN_POINT('',(-0.543769648187,0.166884426802,
    11.040384398537));
#4353 = VERTEX_POINT('',#4354);
#4354 = CARTESIAN_POINT('',(-0.543769648174,0.166884426801,
    10.540384398536));
#4355 = LINE('',#4356,#4357);
#4356 = CARTESIAN_POINT('',(-0.543769648187,0.166884426802,
    10.540384398536));
#4357 = VECTOR('',#4358,1.);
#4358 = DIRECTION('',(-0.,-0.,-1.));
#4359 = ORIENTED_EDGE('',*,*,#4360,.F.);
#4360 = EDGE_CURVE('',#4361,#4351,#4363,.T.);
#4361 = VERTEX_POINT('',#4362);
#4362 = CARTESIAN_POINT('',(2.335853377622E-02,0.166884426802,
    11.140384398537));
#4363 = LINE('',#4364,#4365);
#4364 = CARTESIAN_POINT('',(2.335853377622E-02,0.166884426802,
    11.140384398537));
#4365 = VECTOR('',#4366,1.);
#4366 = DIRECTION('',(-0.984807753012,7.711528201187E-13,-0.173648177668
    ));
#4367 = ORIENTED_EDGE('',*,*,#4368,.F.);
#4368 = EDGE_CURVE('',#4369,#4361,#4371,.T.);
#4369 = VERTEX_POINT('',#4370);
#4370 = CARTESIAN_POINT('',(0.662243028995,0.166884426801,
    11.140384398537));
#4371 = LINE('',#4372,#4373);
#4372 = CARTESIAN_POINT('',(0.662243028995,0.166884426801,
    11.140384398537));
#4373 = VECTOR('',#4374,1.);
#4374 = DIRECTION('',(-1.,1.390201869581E-12,0.));
#4375 = ORIENTED_EDGE('',*,*,#4376,.F.);
#4376 = EDGE_CURVE('',#4377,#4369,#4379,.T.);
#4377 = VERTEX_POINT('',#4378);
#4378 = CARTESIAN_POINT('',(2.586881889392,0.166884426799,
    11.039518349943));
#4379 = LINE('',#4380,#4381);
#4380 = CARTESIAN_POINT('',(2.586881889392,0.166884426799,
    11.039518349943));
#4381 = VECTOR('',#4382,1.);
#4382 = DIRECTION('',(-0.998629534755,9.216910458322E-13,
    5.233595624257E-02));
#4383 = ORIENTED_EDGE('',*,*,#4384,.F.);
#4384 = EDGE_CURVE('',#4385,#4377,#4387,.T.);
#4385 = VERTEX_POINT('',#4386);
#4386 = CARTESIAN_POINT('',(3.013824439049,0.166884426799,11.11096403013
    ));
#4387 = CIRCLE('',#4388,1.);
#4388 = AXIS2_PLACEMENT_3D('',#4389,#4390,#4391);
#4389 = CARTESIAN_POINT('',(2.639217845635,0.166884426799,
    12.038147884697));
#4390 = DIRECTION('',(9.635897949577E-13,1.,0.));
#4391 = DIRECTION('',(1.,-9.635897949577E-13,0.));
#4392 = ORIENTED_EDGE('',*,*,#4393,.F.);
#4393 = EDGE_CURVE('',#4394,#4385,#4396,.T.);
#4394 = VERTEX_POINT('',#4395);
#4395 = CARTESIAN_POINT('',(3.237430691432,0.166884426799,
    11.201306820353));
#4396 = LINE('',#4397,#4398);
#4397 = CARTESIAN_POINT('',(3.237430691432,0.166884426799,
    11.201306820353));
#4398 = VECTOR('',#4399,1.);
#4399 = DIRECTION('',(-0.927183854567,0.,-0.374606593414));
#4400 = ORIENTED_EDGE('',*,*,#4401,.F.);
#4401 = EDGE_CURVE('',#1972,#4394,#4402,.T.);
#4402 = CIRCLE('',#4403,0.15);
#4403 = AXIS2_PLACEMENT_3D('',#4404,#4405,#4406);
#4404 = CARTESIAN_POINT('',(3.181239702419,0.166884426799,
    11.340384398538));
#4405 = DIRECTION('',(9.635897949577E-13,1.,0.));
#4406 = DIRECTION('',(1.,-9.635897949577E-13,0.));
#4407 = ORIENTED_EDGE('',*,*,#1971,.T.);
#4408 = ORIENTED_EDGE('',*,*,#4336,.T.);
#4409 = ORIENTED_EDGE('',*,*,#4410,.F.);
#4410 = EDGE_CURVE('',#4411,#4329,#4413,.T.);
#4411 = VERTEX_POINT('',#4412);
#4412 = CARTESIAN_POINT('',(3.331239702419,0.166884426799,
    11.340384398538));
#4413 = CIRCLE('',#4414,0.15);
#4414 = AXIS2_PLACEMENT_3D('',#4415,#4416,#4417);
#4415 = CARTESIAN_POINT('',(3.181239702419,0.166884426799,
    11.340384398538));
#4416 = DIRECTION('',(9.635897949577E-13,1.,0.));
#4417 = DIRECTION('',(1.,-9.635897949577E-13,0.));
#4418 = ORIENTED_EDGE('',*,*,#4419,.F.);
#4419 = EDGE_CURVE('',#4296,#4411,#4420,.T.);
#4420 = CIRCLE('',#4421,0.15);
#4421 = AXIS2_PLACEMENT_3D('',#4422,#4423,#4424);
#4422 = CARTESIAN_POINT('',(3.181239702419,0.166884426799,
    11.340384398538));
#4423 = DIRECTION('',(9.635897949577E-13,1.,0.));
#4424 = DIRECTION('',(1.,-9.635897949577E-13,0.));
#4425 = ORIENTED_EDGE('',*,*,#4295,.T.);
#4426 = ORIENTED_EDGE('',*,*,#1839,.T.);
#4427 = ORIENTED_EDGE('',*,*,#4428,.F.);
#4428 = EDGE_CURVE('',#4429,#1832,#4431,.T.);
#4429 = VERTEX_POINT('',#4430);
#4430 = CARTESIAN_POINT('',(3.237430691432,0.166884426799,
    11.479461976723));
#4431 = CIRCLE('',#4432,0.15);
#4432 = AXIS2_PLACEMENT_3D('',#4433,#4434,#4435);
#4433 = CARTESIAN_POINT('',(3.181239702419,0.166884426799,
    11.340384398538));
#4434 = DIRECTION('',(9.635897949577E-13,1.,0.));
#4435 = DIRECTION('',(1.,-9.635897949577E-13,0.));
#4436 = ORIENTED_EDGE('',*,*,#4437,.F.);
#4437 = EDGE_CURVE('',#4438,#4429,#4440,.T.);
#4438 = VERTEX_POINT('',#4439);
#4439 = CARTESIAN_POINT('',(2.889728076238,0.166884426799,
    11.619942952052));
#4440 = LINE('',#4441,#4442);
#4441 = CARTESIAN_POINT('',(2.889728076238,0.166884426799,
    11.619942952052));
#4442 = VECTOR('',#4443,1.);
#4443 = DIRECTION('',(0.927183854567,-1.184208364758E-12,-0.374606593415
    ));
#4444 = ORIENTED_EDGE('',*,*,#4445,.F.);
#4445 = EDGE_CURVE('',#4446,#4438,#4448,.T.);
#4446 = VERTEX_POINT('',#4447);
#4447 = CARTESIAN_POINT('',(2.629369986642,0.166884426799,
    11.509427499822));
#4448 = CIRCLE('',#4449,0.2);
#4449 = AXIS2_PLACEMENT_3D('',#4450,#4451,#4452);
#4450 = CARTESIAN_POINT('',(2.814806757555,0.166884426799,
    11.434506181139));
#4451 = DIRECTION('',(9.635897949577E-13,1.,0.));
#4452 = DIRECTION('',(1.,-9.635897949577E-13,0.));
#4453 = ORIENTED_EDGE('',*,*,#4454,.F.);
#4454 = EDGE_CURVE('',#4455,#4446,#4457,.T.);
#4455 = VERTEX_POINT('',#4456);
#4456 = CARTESIAN_POINT('',(2.434101419444,0.166884426799,11.42654091065
    ));
#4457 = CIRCLE('',#4458,0.15);
#4458 = AXIS2_PLACEMENT_3D('',#4459,#4460,#4461);
#4459 = CARTESIAN_POINT('',(2.490292408456,0.166884426799,
    11.565618488835));
#4460 = DIRECTION('',(-9.635897949577E-13,-1.,0.));
#4461 = DIRECTION('',(1.,-9.635897949577E-13,0.));
#4462 = ORIENTED_EDGE('',*,*,#4463,.F.);
#4463 = EDGE_CURVE('',#4464,#4455,#4466,.T.);
#4464 = VERTEX_POINT('',#4465);
#4465 = CARTESIAN_POINT('',(2.387742226716,0.1668844268,11.445271240321)
  );
#4466 = LINE('',#4467,#4468);
#4467 = CARTESIAN_POINT('',(2.387742226716,0.1668844268,11.445271240321)
  );
#4468 = VECTOR('',#4469,1.);
#4469 = DIRECTION('',(0.927183854563,0.,-0.374606593426));
#4470 = ORIENTED_EDGE('',*,*,#4471,.F.);
#4471 = EDGE_CURVE('',#4472,#4464,#4474,.T.);
#4472 = VERTEX_POINT('',#4473);
#4473 = CARTESIAN_POINT('',(2.304855637543,0.1668844268,11.640539807518)
  );
#4474 = CIRCLE('',#4475,0.15);
#4475 = AXIS2_PLACEMENT_3D('',#4476,#4477,#4478);
#4476 = CARTESIAN_POINT('',(2.443933215728,0.1668844268,11.584348818505)
  );
#4477 = DIRECTION('',(-9.635897949577E-13,-1.,0.));
#4478 = DIRECTION('',(1.,-9.635897949577E-13,0.));
#4479 = ORIENTED_EDGE('',*,*,#4480,.F.);
#4480 = EDGE_CURVE('',#4481,#4472,#4483,.T.);
#4481 = VERTEX_POINT('',#4482);
#4482 = CARTESIAN_POINT('',(2.347696792748,0.1668844268,11.74657538755)
  );
#4483 = LINE('',#4484,#4485);
#4484 = CARTESIAN_POINT('',(2.347696792748,0.1668844268,11.74657538755)
  );
#4485 = VECTOR('',#4486,1.);
#4486 = DIRECTION('',(-0.374606593415,0.,-0.927183854567));
#4487 = ORIENTED_EDGE('',*,*,#4488,.F.);
#4488 = EDGE_CURVE('',#4489,#4481,#4491,.T.);
#4489 = VERTEX_POINT('',#4490);
#4490 = CARTESIAN_POINT('',(2.486774370933,0.166884426799,
    11.840384398537));
#4491 = CIRCLE('',#4492,0.15);
#4492 = AXIS2_PLACEMENT_3D('',#4493,#4494,#4495);
#4493 = CARTESIAN_POINT('',(2.486774370933,0.166884426799,
    11.690384398537));
#4494 = DIRECTION('',(-9.635897949577E-13,-1.,0.));
#4495 = DIRECTION('',(1.,-9.635897949577E-13,0.));
#4496 = ORIENTED_EDGE('',*,*,#4497,.F.);
#4497 = EDGE_CURVE('',#4498,#4489,#4500,.T.);
#4498 = VERTEX_POINT('',#4499);
#4499 = CARTESIAN_POINT('',(7.025686332694,0.166884426795,
    11.840384398537));
#4500 = LINE('',#4501,#4502);
#4501 = CARTESIAN_POINT('',(7.025686332694,0.166884426795,
    11.840384398537));
#4502 = VECTOR('',#4503,1.);
#4503 = DIRECTION('',(-1.,8.805640916419E-13,0.));
#4504 = ORIENTED_EDGE('',*,*,#4505,.F.);
#4505 = EDGE_CURVE('',#4506,#4498,#4508,.T.);
#4506 = VERTEX_POINT('',#4507);
#4507 = CARTESIAN_POINT('',(7.164763910879,0.166884426795,11.74657538755
    ));
#4508 = CIRCLE('',#4509,0.15);
#4509 = AXIS2_PLACEMENT_3D('',#4510,#4511,#4512);
#4510 = CARTESIAN_POINT('',(7.025686332694,0.166884426795,
    11.690384398537));
#4511 = DIRECTION('',(-9.635897949577E-13,-1.,0.));
#4512 = DIRECTION('',(1.,-9.635897949577E-13,0.));
#4513 = ORIENTED_EDGE('',*,*,#4514,.F.);
#4514 = EDGE_CURVE('',#4515,#4506,#4517,.T.);
#4515 = VERTEX_POINT('',#4516);
#4516 = CARTESIAN_POINT('',(7.207605066084,0.166884426795,
    11.640539807518));
#4517 = LINE('',#4518,#4519);
#4518 = CARTESIAN_POINT('',(7.207605066084,0.166884426795,
    11.640539807518));
#4519 = VECTOR('',#4520,1.);
#4520 = DIRECTION('',(-0.374606593417,0.,0.927183854566));
#4521 = ORIENTED_EDGE('',*,*,#4522,.F.);
#4522 = EDGE_CURVE('',#4523,#4515,#4525,.T.);
#4523 = VERTEX_POINT('',#4524);
#4524 = CARTESIAN_POINT('',(7.218527487899,0.166884426795,
    11.584348818506));
#4525 = CIRCLE('',#4526,0.15);
#4526 = AXIS2_PLACEMENT_3D('',#4527,#4528,#4529);
#4527 = CARTESIAN_POINT('',(7.068527487899,0.166884426795,
    11.584348818506));
#4528 = DIRECTION('',(-9.635897949577E-13,-1.,0.));
#4529 = DIRECTION('',(1.,-9.635897949577E-13,0.));
#4530 = ORIENTED_EDGE('',*,*,#4531,.F.);
#4531 = EDGE_CURVE('',#4532,#4523,#4534,.T.);
#4532 = VERTEX_POINT('',#4533);
#4533 = CARTESIAN_POINT('',(7.124718476911,0.166884426795,11.44527124032
    ));
#4534 = CIRCLE('',#4535,0.15);
#4535 = AXIS2_PLACEMENT_3D('',#4536,#4537,#4538);
#4536 = CARTESIAN_POINT('',(7.068527487899,0.166884426795,
    11.584348818506));
#4537 = DIRECTION('',(-9.635897949577E-13,-1.,0.));
#4538 = DIRECTION('',(1.,-9.635897949577E-13,0.));
#4539 = ORIENTED_EDGE('',*,*,#4540,.F.);
#4540 = EDGE_CURVE('',#4541,#4532,#4543,.T.);
#4541 = VERTEX_POINT('',#4542);
#4542 = CARTESIAN_POINT('',(7.078359284183,0.166884426795,11.42654091065
    ));
#4543 = LINE('',#4544,#4545);
#4544 = CARTESIAN_POINT('',(7.078359284183,0.166884426795,11.42654091065
    ));
#4545 = VECTOR('',#4546,1.);
#4546 = DIRECTION('',(0.927183854566,0.,0.374606593417));
#4547 = ORIENTED_EDGE('',*,*,#4548,.F.);
#4548 = EDGE_CURVE('',#4549,#4541,#4551,.T.);
#4549 = VERTEX_POINT('',#4550);
#4550 = CARTESIAN_POINT('',(6.883090716985,0.166884426795,
    11.509427499822));
#4551 = CIRCLE('',#4552,0.15);
#4552 = AXIS2_PLACEMENT_3D('',#4553,#4554,#4555);
#4553 = CARTESIAN_POINT('',(7.02216829517,0.166884426795,11.565618488834
    ));
#4554 = DIRECTION('',(-9.635897949577E-13,-1.,0.));
#4555 = DIRECTION('',(1.,-9.635897949577E-13,0.));
#4556 = ORIENTED_EDGE('',*,*,#4557,.F.);
#4557 = EDGE_CURVE('',#4558,#4549,#4560,.T.);
#4558 = VERTEX_POINT('',#4559);
#4559 = CARTESIAN_POINT('',(6.622732627389,0.166884426795,
    11.619942952053));
#4560 = CIRCLE('',#4561,0.2);
#4561 = AXIS2_PLACEMENT_3D('',#4562,#4563,#4564);
#4562 = CARTESIAN_POINT('',(6.697653946072,0.166884426795,
    11.434506181139));
#4563 = DIRECTION('',(9.635897949577E-13,1.,0.));
#4564 = DIRECTION('',(1.,-9.635897949577E-13,0.));
#4565 = ORIENTED_EDGE('',*,*,#4566,.F.);
#4566 = EDGE_CURVE('',#4567,#4558,#4569,.T.);
#4567 = VERTEX_POINT('',#4568);
#4568 = CARTESIAN_POINT('',(6.275030012195,0.166884426796,
    11.479461976723));
#4569 = LINE('',#4570,#4571);
#4570 = CARTESIAN_POINT('',(6.275030012195,0.166884426796,
    11.479461976723));
#4571 = VECTOR('',#4572,1.);
#4572 = DIRECTION('',(0.927183854567,-1.184208364758E-12,0.374606593415)
  );
#4573 = ORIENTED_EDGE('',*,*,#4574,.F.);
#4574 = EDGE_CURVE('',#2396,#4567,#4575,.T.);
#4575 = CIRCLE('',#4576,0.15);
#4576 = AXIS2_PLACEMENT_3D('',#4577,#4578,#4579);
#4577 = CARTESIAN_POINT('',(6.331221001208,0.166884426796,
    11.340384398538));
#4578 = DIRECTION('',(9.635897949577E-13,1.,0.));
#4579 = DIRECTION('',(1.,-9.635897949577E-13,0.));
#4580 = ORIENTED_EDGE('',*,*,#2395,.T.);
#4581 = ORIENTED_EDGE('',*,*,#4582,.T.);
#4582 = EDGE_CURVE('',#2388,#4583,#4585,.T.);
#4583 = VERTEX_POINT('',#4584);
#4584 = CARTESIAN_POINT('',(6.184935942804,0.166884426796,
    11.373560921682));
#4585 = LINE('',#4586,#4587);
#4586 = CARTESIAN_POINT('',(5.892265256085,0.166884426796,
    12.097946290761));
#4587 = VECTOR('',#4588,1.);
#4588 = DIRECTION('',(0.374606593416,-3.609670905394E-13,-0.927183854567
    ));
#4589 = ORIENTED_EDGE('',*,*,#4590,.F.);
#4590 = EDGE_CURVE('',#4591,#4583,#4593,.T.);
#4591 = VERTEX_POINT('',#4592);
#4592 = CARTESIAN_POINT('',(6.249038686008,0.166884426796,
    11.214901064711));
#4593 = CIRCLE('',#4594,0.15);
#4594 = AXIS2_PLACEMENT_3D('',#4595,#4596,#4597);
#4595 = CARTESIAN_POINT('',(6.331221001208,0.166884426796,
    11.340384398538));
#4596 = DIRECTION('',(9.635897949577E-13,1.,0.));
#4597 = DIRECTION('',(1.,-9.635897949577E-13,0.));
#4598 = ORIENTED_EDGE('',*,*,#4599,.T.);
#4599 = EDGE_CURVE('',#4591,#2475,#4600,.T.);
#4600 = LINE('',#4601,#4602);
#4601 = CARTESIAN_POINT('',(5.892265256085,0.166884426796,
    12.097946290761));
#4602 = VECTOR('',#4603,1.);
#4603 = DIRECTION('',(0.374606593416,-3.609670905394E-13,-0.927183854567
    ));
#4604 = ORIENTED_EDGE('',*,*,#2474,.T.);
#4605 = ORIENTED_EDGE('',*,*,#4606,.F.);
#4606 = EDGE_CURVE('',#4607,#2467,#4609,.T.);
#4607 = VERTEX_POINT('',#4608);
#4608 = CARTESIAN_POINT('',(6.275030012195,0.166884426796,
    11.201306820353));
#4609 = CIRCLE('',#4610,0.15);
#4610 = AXIS2_PLACEMENT_3D('',#4611,#4612,#4613);
#4611 = CARTESIAN_POINT('',(6.331221001208,0.166884426796,
    11.340384398538));
#4612 = DIRECTION('',(9.635897949577E-13,1.,0.));
#4613 = DIRECTION('',(1.,-9.635897949577E-13,0.));
#4614 = ORIENTED_EDGE('',*,*,#4615,.F.);
#4615 = EDGE_CURVE('',#4616,#4607,#4618,.T.);
#4616 = VERTEX_POINT('',#4617);
#4617 = CARTESIAN_POINT('',(6.498636264578,0.166884426796,11.11096403013
    ));
#4618 = LINE('',#4619,#4620);
#4619 = CARTESIAN_POINT('',(6.498636264578,0.166884426796,11.11096403013
    ));
#4620 = VECTOR('',#4621,1.);
#4621 = DIRECTION('',(-0.927183854567,0.,0.374606593414));
#4622 = ORIENTED_EDGE('',*,*,#4623,.F.);
#4623 = EDGE_CURVE('',#4624,#4616,#4626,.T.);
#4624 = VERTEX_POINT('',#4625);
#4625 = CARTESIAN_POINT('',(6.925578814235,0.166884426795,
    11.039518349943));
#4626 = CIRCLE('',#4627,1.);
#4627 = AXIS2_PLACEMENT_3D('',#4628,#4629,#4630);
#4628 = CARTESIAN_POINT('',(6.873242857992,0.166884426795,
    12.038147884698));
#4629 = DIRECTION('',(9.635897949577E-13,1.,0.));
#4630 = DIRECTION('',(1.,-9.635897949577E-13,0.));
#4631 = ORIENTED_EDGE('',*,*,#4632,.F.);
#4632 = EDGE_CURVE('',#4633,#4624,#4635,.T.);
#4633 = VERTEX_POINT('',#4634);
#4634 = CARTESIAN_POINT('',(8.850217674632,0.166884426793,
    11.140384398538));
#4635 = LINE('',#4636,#4637);
#4636 = CARTESIAN_POINT('',(8.850217674632,0.166884426793,
    11.140384398538));
#4637 = VECTOR('',#4638,1.);
#4638 = DIRECTION('',(-0.998629534755,9.216910458322E-13,
    -5.233595624257E-02));
#4639 = ORIENTED_EDGE('',*,*,#4640,.F.);
#4640 = EDGE_CURVE('',#4641,#4633,#4643,.T.);
#4641 = VERTEX_POINT('',#4642);
#4642 = CARTESIAN_POINT('',(9.489102169851,0.166884426792,
    11.140384398538));
#4643 = LINE('',#4644,#4645);
#4644 = CARTESIAN_POINT('',(9.489102169851,0.166884426792,
    11.140384398538));
#4645 = VECTOR('',#4646,1.);
#4646 = DIRECTION('',(-1.,1.390201869581E-12,0.));
#4647 = ORIENTED_EDGE('',*,*,#4648,.F.);
#4648 = EDGE_CURVE('',#4649,#4641,#4651,.T.);
#4649 = VERTEX_POINT('',#4650);
#4650 = CARTESIAN_POINT('',(10.056230351813,0.166884426792,
    11.040384398537));
#4651 = LINE('',#4652,#4653);
#4652 = CARTESIAN_POINT('',(10.056230351813,0.166884426792,
    11.040384398537));
#4653 = VECTOR('',#4654,1.);
#4654 = DIRECTION('',(-0.984807753012,7.711528201189E-13,0.173648177667)
  );
#4655 = ORIENTED_EDGE('',*,*,#4656,.T.);
#4656 = EDGE_CURVE('',#4649,#4657,#4659,.T.);
#4657 = VERTEX_POINT('',#4658);
#4658 = CARTESIAN_POINT('',(10.056230351802,0.166884426801,
    10.540384398536));
#4659 = LINE('',#4660,#4661);
#4660 = CARTESIAN_POINT('',(10.056230351814,0.166884426792,
    10.540384398536));
#4661 = VECTOR('',#4662,1.);
#4662 = DIRECTION('',(-0.,-0.,-1.));
#4663 = ORIENTED_EDGE('',*,*,#4664,.F.);
#4664 = EDGE_CURVE('',#4353,#4657,#4665,.T.);
#4665 = LINE('',#4666,#4667);
#4666 = CARTESIAN_POINT('',(-0.543769648187,0.166884426802,
    10.540384398536));
#4667 = VECTOR('',#4668,1.);
#4668 = DIRECTION('',(1.,-9.635897949577E-13,0.));
#4669 = PLANE('',#4670);
#4670 = AXIS2_PLACEMENT_3D('',#4671,#4672,#4673);
#4671 = CARTESIAN_POINT('',(-0.543769648187,0.166884426802,
    10.540384398536));
#4672 = DIRECTION('',(9.635897949577E-13,1.,0.));
#4673 = DIRECTION('',(-1.,9.635897949577E-13,0.));
#4674 = ADVANCED_FACE('',(#4675),#4694,.F.);
#4675 = FACE_BOUND('',#4676,.F.);
#4676 = EDGE_LOOP('',(#4677,#4686,#4692,#4693));
#4677 = ORIENTED_EDGE('',*,*,#4678,.F.);
#4678 = EDGE_CURVE('',#4679,#1824,#4681,.T.);
#4679 = VERTEX_POINT('',#4680);
#4680 = CARTESIAN_POINT('',(3.237430691432,0.466884426799,
    11.479461976723));
#4681 = CIRCLE('',#4682,0.15);
#4682 = AXIS2_PLACEMENT_3D('',#4683,#4684,#4685);
#4683 = CARTESIAN_POINT('',(3.18123970242,0.466884426799,11.340384398538
    ));
#4684 = DIRECTION('',(9.635897949577E-13,1.,0.));
#4685 = DIRECTION('',(1.,-9.635897949577E-13,0.));
#4686 = ORIENTED_EDGE('',*,*,#4687,.T.);
#4687 = EDGE_CURVE('',#4679,#4429,#4688,.T.);
#4688 = LINE('',#4689,#4690);
#4689 = CARTESIAN_POINT('',(3.237430691432,0.466884426799,
    11.479461976723));
#4690 = VECTOR('',#4691,1.);
#4691 = DIRECTION('',(-9.635897949577E-13,-1.,0.));
#4692 = ORIENTED_EDGE('',*,*,#4428,.T.);
#4693 = ORIENTED_EDGE('',*,*,#1831,.F.);
#4694 = CYLINDRICAL_SURFACE('',#4695,0.15);
#4695 = AXIS2_PLACEMENT_3D('',#4696,#4697,#4698);
#4696 = CARTESIAN_POINT('',(3.18123970242,0.466884426799,11.340384398538
    ));
#4697 = DIRECTION('',(-9.635897949577E-13,-1.,0.));
#4698 = DIRECTION('',(1.,-9.635897949577E-13,0.));
#4699 = ADVANCED_FACE('',(#4700),#5014,.F.);
#4700 = FACE_BOUND('',#4701,.F.);
#4701 = EDGE_LOOP('',(#4702,#4712,#4720,#4728,#4736,#4744,#4752,#4761,
    #4769,#4776,#4777,#4785,#4794,#4800,#4801,#4810,#4818,#4827,#4836,
    #4844,#4853,#4862,#4870,#4879,#4887,#4896,#4904,#4913,#4921,#4930,
    #4939,#4945,#4946,#4947,#4948,#4957,#4964,#4965,#4966,#4975,#4983,
    #4992,#5000,#5008));
#4702 = ORIENTED_EDGE('',*,*,#4703,.T.);
#4703 = EDGE_CURVE('',#4704,#4706,#4708,.T.);
#4704 = VERTEX_POINT('',#4705);
#4705 = CARTESIAN_POINT('',(-0.543769648186,0.466884426803,
    11.040384398537));
#4706 = VERTEX_POINT('',#4707);
#4707 = CARTESIAN_POINT('',(-0.543769648174,0.466884426803,
    10.540384398536));
#4708 = LINE('',#4709,#4710);
#4709 = CARTESIAN_POINT('',(-0.543769648186,0.466884426803,
    11.040384398537));
#4710 = VECTOR('',#4711,1.);
#4711 = DIRECTION('',(0.,0.,-1.));
#4712 = ORIENTED_EDGE('',*,*,#4713,.T.);
#4713 = EDGE_CURVE('',#4706,#4714,#4716,.T.);
#4714 = VERTEX_POINT('',#4715);
#4715 = CARTESIAN_POINT('',(10.056230351802,0.466884426798,
    10.540384398536));
#4716 = LINE('',#4717,#4718);
#4717 = CARTESIAN_POINT('',(-1.043769648187,0.466884426804,
    10.540384398536));
#4718 = VECTOR('',#4719,1.);
#4719 = DIRECTION('',(1.,-9.635897949577E-13,0.));
#4720 = ORIENTED_EDGE('',*,*,#4721,.T.);
#4721 = EDGE_CURVE('',#4714,#4722,#4724,.T.);
#4722 = VERTEX_POINT('',#4723);
#4723 = CARTESIAN_POINT('',(10.056230351814,0.466884426793,
    11.040384398537));
#4724 = LINE('',#4725,#4726);
#4725 = CARTESIAN_POINT('',(10.056230351814,0.466884426793,
    10.240384398536));
#4726 = VECTOR('',#4727,1.);
#4727 = DIRECTION('',(0.,0.,1.));
#4728 = ORIENTED_EDGE('',*,*,#4729,.T.);
#4729 = EDGE_CURVE('',#4722,#4730,#4732,.T.);
#4730 = VERTEX_POINT('',#4731);
#4731 = CARTESIAN_POINT('',(9.489102169851,0.466884426793,
    11.140384398538));
#4732 = LINE('',#4733,#4734);
#4733 = CARTESIAN_POINT('',(10.056230351814,0.466884426793,
    11.040384398537));
#4734 = VECTOR('',#4735,1.);
#4735 = DIRECTION('',(-0.984807753012,7.711528201189E-13,0.173648177667)
  );
#4736 = ORIENTED_EDGE('',*,*,#4737,.T.);
#4737 = EDGE_CURVE('',#4730,#4738,#4740,.T.);
#4738 = VERTEX_POINT('',#4739);
#4739 = CARTESIAN_POINT('',(8.850217674632,0.466884426794,
    11.140384398538));
#4740 = LINE('',#4741,#4742);
#4741 = CARTESIAN_POINT('',(9.489102169851,0.466884426793,
    11.140384398538));
#4742 = VECTOR('',#4743,1.);
#4743 = DIRECTION('',(-1.,1.390201869581E-12,0.));
#4744 = ORIENTED_EDGE('',*,*,#4745,.T.);
#4745 = EDGE_CURVE('',#4738,#4746,#4748,.T.);
#4746 = VERTEX_POINT('',#4747);
#4747 = CARTESIAN_POINT('',(6.925578814235,0.466884426795,
    11.039518349943));
#4748 = LINE('',#4749,#4750);
#4749 = CARTESIAN_POINT('',(8.850217674632,0.466884426794,
    11.140384398538));
#4750 = VECTOR('',#4751,1.);
#4751 = DIRECTION('',(-0.998629534755,9.216910458322E-13,
    -5.233595624257E-02));
#4752 = ORIENTED_EDGE('',*,*,#4753,.T.);
#4753 = EDGE_CURVE('',#4746,#4754,#4756,.T.);
#4754 = VERTEX_POINT('',#4755);
#4755 = CARTESIAN_POINT('',(6.498636264578,0.466884426796,11.11096403013
    ));
#4756 = CIRCLE('',#4757,1.);
#4757 = AXIS2_PLACEMENT_3D('',#4758,#4759,#4760);
#4758 = CARTESIAN_POINT('',(6.873242857992,0.466884426795,
    12.038147884698));
#4759 = DIRECTION('',(9.635897949577E-13,1.,0.));
#4760 = DIRECTION('',(1.,-9.635897949577E-13,0.));
#4761 = ORIENTED_EDGE('',*,*,#4762,.T.);
#4762 = EDGE_CURVE('',#4754,#4763,#4765,.T.);
#4763 = VERTEX_POINT('',#4764);
#4764 = CARTESIAN_POINT('',(6.275030012196,0.466884426796,
    11.201306820353));
#4765 = LINE('',#4766,#4767);
#4766 = CARTESIAN_POINT('',(6.498636264578,0.466884426796,11.11096403013
    ));
#4767 = VECTOR('',#4768,1.);
#4768 = DIRECTION('',(-0.927183854567,0.,0.374606593414));
#4769 = ORIENTED_EDGE('',*,*,#4770,.T.);
#4770 = EDGE_CURVE('',#4763,#2459,#4771,.T.);
#4771 = CIRCLE('',#4772,0.15);
#4772 = AXIS2_PLACEMENT_3D('',#4773,#4774,#4775);
#4773 = CARTESIAN_POINT('',(6.331221001208,0.466884426796,
    11.340384398538));
#4774 = DIRECTION('',(9.635897949577E-13,1.,0.));
#4775 = DIRECTION('',(1.,-9.635897949577E-13,0.));
#4776 = ORIENTED_EDGE('',*,*,#2458,.T.);
#4777 = ORIENTED_EDGE('',*,*,#4778,.T.);
#4778 = EDGE_CURVE('',#2451,#4779,#4781,.T.);
#4779 = VERTEX_POINT('',#4780);
#4780 = CARTESIAN_POINT('',(6.249038686007,0.466884426796,
    11.214901064711));
#4781 = LINE('',#4782,#4783);
#4782 = CARTESIAN_POINT('',(6.24508280891,0.466884426796,11.224692204107
    ));
#4783 = VECTOR('',#4784,1.);
#4784 = DIRECTION('',(-0.374606593416,3.609670905394E-13,0.927183854567)
  );
#4785 = ORIENTED_EDGE('',*,*,#4786,.T.);
#4786 = EDGE_CURVE('',#4779,#4787,#4789,.T.);
#4787 = VERTEX_POINT('',#4788);
#4788 = CARTESIAN_POINT('',(6.184935942804,0.466884426796,
    11.373560921681));
#4789 = CIRCLE('',#4790,0.15);
#4790 = AXIS2_PLACEMENT_3D('',#4791,#4792,#4793);
#4791 = CARTESIAN_POINT('',(6.331221001208,0.466884426796,
    11.340384398538));
#4792 = DIRECTION('',(9.635897949577E-13,1.,0.));
#4793 = DIRECTION('',(1.,-9.635897949577E-13,0.));
#4794 = ORIENTED_EDGE('',*,*,#4795,.T.);
#4795 = EDGE_CURVE('',#4787,#2313,#4796,.T.);
#4796 = LINE('',#4797,#4798);
#4797 = CARTESIAN_POINT('',(6.24508280891,0.466884426796,11.224692204107
    ));
#4798 = VECTOR('',#4799,1.);
#4799 = DIRECTION('',(-0.374606593416,3.609670905394E-13,0.927183854567)
  );
#4800 = ORIENTED_EDGE('',*,*,#2411,.T.);
#4801 = ORIENTED_EDGE('',*,*,#4802,.T.);
#4802 = EDGE_CURVE('',#2404,#4803,#4805,.T.);
#4803 = VERTEX_POINT('',#4804);
#4804 = CARTESIAN_POINT('',(6.275030012196,0.466884426796,
    11.479461976723));
#4805 = CIRCLE('',#4806,0.15);
#4806 = AXIS2_PLACEMENT_3D('',#4807,#4808,#4809);
#4807 = CARTESIAN_POINT('',(6.331221001208,0.466884426796,
    11.340384398538));
#4808 = DIRECTION('',(9.635897949577E-13,1.,0.));
#4809 = DIRECTION('',(1.,-9.635897949577E-13,0.));
#4810 = ORIENTED_EDGE('',*,*,#4811,.T.);
#4811 = EDGE_CURVE('',#4803,#4812,#4814,.T.);
#4812 = VERTEX_POINT('',#4813);
#4813 = CARTESIAN_POINT('',(6.622732627389,0.466884426795,
    11.619942952053));
#4814 = LINE('',#4815,#4816);
#4815 = CARTESIAN_POINT('',(6.275030012196,0.466884426796,
    11.479461976723));
#4816 = VECTOR('',#4817,1.);
#4817 = DIRECTION('',(0.927183854567,-1.184208364758E-12,0.374606593415)
  );
#4818 = ORIENTED_EDGE('',*,*,#4819,.T.);
#4819 = EDGE_CURVE('',#4812,#4820,#4822,.T.);
#4820 = VERTEX_POINT('',#4821);
#4821 = CARTESIAN_POINT('',(6.883090716986,0.466884426795,
    11.509427499822));
#4822 = CIRCLE('',#4823,0.2);
#4823 = AXIS2_PLACEMENT_3D('',#4824,#4825,#4826);
#4824 = CARTESIAN_POINT('',(6.697653946072,0.466884426795,
    11.434506181139));
#4825 = DIRECTION('',(9.635897949577E-13,1.,0.));
#4826 = DIRECTION('',(1.,-9.635897949577E-13,0.));
#4827 = ORIENTED_EDGE('',*,*,#4828,.T.);
#4828 = EDGE_CURVE('',#4820,#4829,#4831,.T.);
#4829 = VERTEX_POINT('',#4830);
#4830 = CARTESIAN_POINT('',(7.078359284184,0.466884426795,11.42654091065
    ));
#4831 = CIRCLE('',#4832,0.15);
#4832 = AXIS2_PLACEMENT_3D('',#4833,#4834,#4835);
#4833 = CARTESIAN_POINT('',(7.022168295171,0.466884426795,
    11.565618488834));
#4834 = DIRECTION('',(-9.635897949577E-13,-1.,0.));
#4835 = DIRECTION('',(1.,-9.635897949577E-13,0.));
#4836 = ORIENTED_EDGE('',*,*,#4837,.T.);
#4837 = EDGE_CURVE('',#4829,#4838,#4840,.T.);
#4838 = VERTEX_POINT('',#4839);
#4839 = CARTESIAN_POINT('',(7.124718476912,0.466884426795,11.44527124032
    ));
#4840 = LINE('',#4841,#4842);
#4841 = CARTESIAN_POINT('',(7.078359284184,0.466884426795,11.42654091065
    ));
#4842 = VECTOR('',#4843,1.);
#4843 = DIRECTION('',(0.927183854566,0.,0.374606593417));
#4844 = ORIENTED_EDGE('',*,*,#4845,.T.);
#4845 = EDGE_CURVE('',#4838,#4846,#4848,.T.);
#4846 = VERTEX_POINT('',#4847);
#4847 = CARTESIAN_POINT('',(7.218527487899,0.466884426795,
    11.584348818506));
#4848 = CIRCLE('',#4849,0.15);
#4849 = AXIS2_PLACEMENT_3D('',#4850,#4851,#4852);
#4850 = CARTESIAN_POINT('',(7.068527487899,0.466884426795,
    11.584348818506));
#4851 = DIRECTION('',(-9.635897949577E-13,-1.,0.));
#4852 = DIRECTION('',(1.,-9.635897949577E-13,0.));
#4853 = ORIENTED_EDGE('',*,*,#4854,.T.);
#4854 = EDGE_CURVE('',#4846,#4855,#4857,.T.);
#4855 = VERTEX_POINT('',#4856);
#4856 = CARTESIAN_POINT('',(7.207605066084,0.466884426795,
    11.640539807518));
#4857 = CIRCLE('',#4858,0.15);
#4858 = AXIS2_PLACEMENT_3D('',#4859,#4860,#4861);
#4859 = CARTESIAN_POINT('',(7.068527487899,0.466884426795,
    11.584348818506));
#4860 = DIRECTION('',(-9.635897949577E-13,-1.,0.));
#4861 = DIRECTION('',(1.,-9.635897949577E-13,0.));
#4862 = ORIENTED_EDGE('',*,*,#4863,.T.);
#4863 = EDGE_CURVE('',#4855,#4864,#4866,.T.);
#4864 = VERTEX_POINT('',#4865);
#4865 = CARTESIAN_POINT('',(7.164763910879,0.466884426795,11.74657538755
    ));
#4866 = LINE('',#4867,#4868);
#4867 = CARTESIAN_POINT('',(7.207605066084,0.466884426795,
    11.640539807518));
#4868 = VECTOR('',#4869,1.);
#4869 = DIRECTION('',(-0.374606593417,0.,0.927183854566));
#4870 = ORIENTED_EDGE('',*,*,#4871,.T.);
#4871 = EDGE_CURVE('',#4864,#4872,#4874,.T.);
#4872 = VERTEX_POINT('',#4873);
#4873 = CARTESIAN_POINT('',(7.025686332694,0.466884426795,
    11.840384398537));
#4874 = CIRCLE('',#4875,0.15);
#4875 = AXIS2_PLACEMENT_3D('',#4876,#4877,#4878);
#4876 = CARTESIAN_POINT('',(7.025686332694,0.466884426795,
    11.690384398537));
#4877 = DIRECTION('',(-9.635897949577E-13,-1.,0.));
#4878 = DIRECTION('',(1.,-9.635897949577E-13,0.));
#4879 = ORIENTED_EDGE('',*,*,#4880,.T.);
#4880 = EDGE_CURVE('',#4872,#4881,#4883,.T.);
#4881 = VERTEX_POINT('',#4882);
#4882 = CARTESIAN_POINT('',(2.486774370933,0.466884426799,
    11.840384398537));
#4883 = LINE('',#4884,#4885);
#4884 = CARTESIAN_POINT('',(7.025686332694,0.466884426795,
    11.840384398537));
#4885 = VECTOR('',#4886,1.);
#4886 = DIRECTION('',(-1.,8.805640916419E-13,0.));
#4887 = ORIENTED_EDGE('',*,*,#4888,.T.);
#4888 = EDGE_CURVE('',#4881,#4889,#4891,.T.);
#4889 = VERTEX_POINT('',#4890);
#4890 = CARTESIAN_POINT('',(2.347696792748,0.4668844268,11.74657538755)
  );
#4891 = CIRCLE('',#4892,0.15);
#4892 = AXIS2_PLACEMENT_3D('',#4893,#4894,#4895);
#4893 = CARTESIAN_POINT('',(2.486774370933,0.466884426799,
    11.690384398537));
#4894 = DIRECTION('',(-9.635897949577E-13,-1.,0.));
#4895 = DIRECTION('',(1.,-9.635897949577E-13,0.));
#4896 = ORIENTED_EDGE('',*,*,#4897,.T.);
#4897 = EDGE_CURVE('',#4889,#4898,#4900,.T.);
#4898 = VERTEX_POINT('',#4899);
#4899 = CARTESIAN_POINT('',(2.304855637544,0.4668844268,11.640539807518)
  );
#4900 = LINE('',#4901,#4902);
#4901 = CARTESIAN_POINT('',(2.347696792748,0.4668844268,11.74657538755)
  );
#4902 = VECTOR('',#4903,1.);
#4903 = DIRECTION('',(-0.374606593415,0.,-0.927183854567));
#4904 = ORIENTED_EDGE('',*,*,#4905,.T.);
#4905 = EDGE_CURVE('',#4898,#4906,#4908,.T.);
#4906 = VERTEX_POINT('',#4907);
#4907 = CARTESIAN_POINT('',(2.387742226716,0.4668844268,11.445271240321)
  );
#4908 = CIRCLE('',#4909,0.15);
#4909 = AXIS2_PLACEMENT_3D('',#4910,#4911,#4912);
#4910 = CARTESIAN_POINT('',(2.443933215729,0.4668844268,11.584348818505)
  );
#4911 = DIRECTION('',(-9.635897949577E-13,-1.,0.));
#4912 = DIRECTION('',(1.,-9.635897949577E-13,0.));
#4913 = ORIENTED_EDGE('',*,*,#4914,.T.);
#4914 = EDGE_CURVE('',#4906,#4915,#4917,.T.);
#4915 = VERTEX_POINT('',#4916);
#4916 = CARTESIAN_POINT('',(2.434101419444,0.466884426799,11.42654091065
    ));
#4917 = LINE('',#4918,#4919);
#4918 = CARTESIAN_POINT('',(2.387742226716,0.4668844268,11.445271240321)
  );
#4919 = VECTOR('',#4920,1.);
#4920 = DIRECTION('',(0.927183854563,0.,-0.374606593426));
#4921 = ORIENTED_EDGE('',*,*,#4922,.T.);
#4922 = EDGE_CURVE('',#4915,#4923,#4925,.T.);
#4923 = VERTEX_POINT('',#4924);
#4924 = CARTESIAN_POINT('',(2.629369986642,0.466884426799,
    11.509427499822));
#4925 = CIRCLE('',#4926,0.15);
#4926 = AXIS2_PLACEMENT_3D('',#4927,#4928,#4929);
#4927 = CARTESIAN_POINT('',(2.490292408457,0.466884426799,
    11.565618488835));
#4928 = DIRECTION('',(-9.635897949577E-13,-1.,0.));
#4929 = DIRECTION('',(1.,-9.635897949577E-13,0.));
#4930 = ORIENTED_EDGE('',*,*,#4931,.T.);
#4931 = EDGE_CURVE('',#4923,#4932,#4934,.T.);
#4932 = VERTEX_POINT('',#4933);
#4933 = CARTESIAN_POINT('',(2.889728076238,0.466884426799,
    11.619942952052));
#4934 = CIRCLE('',#4935,0.2);
#4935 = AXIS2_PLACEMENT_3D('',#4936,#4937,#4938);
#4936 = CARTESIAN_POINT('',(2.814806757555,0.466884426799,
    11.434506181139));
#4937 = DIRECTION('',(9.635897949577E-13,1.,0.));
#4938 = DIRECTION('',(1.,-9.635897949577E-13,0.));
#4939 = ORIENTED_EDGE('',*,*,#4940,.T.);
#4940 = EDGE_CURVE('',#4932,#4679,#4941,.T.);
#4941 = LINE('',#4942,#4943);
#4942 = CARTESIAN_POINT('',(2.889728076238,0.466884426799,
    11.619942952052));
#4943 = VECTOR('',#4944,1.);
#4944 = DIRECTION('',(0.927183854567,-1.184208364758E-12,-0.374606593415
    ));
#4945 = ORIENTED_EDGE('',*,*,#4678,.T.);
#4946 = ORIENTED_EDGE('',*,*,#1823,.T.);
#4947 = ORIENTED_EDGE('',*,*,#4311,.T.);
#4948 = ORIENTED_EDGE('',*,*,#4949,.T.);
#4949 = EDGE_CURVE('',#4304,#4950,#4952,.T.);
#4950 = VERTEX_POINT('',#4951);
#4951 = CARTESIAN_POINT('',(3.33123970242,0.466884426799,11.340384398538
    ));
#4952 = CIRCLE('',#4953,0.15);
#4953 = AXIS2_PLACEMENT_3D('',#4954,#4955,#4956);
#4954 = CARTESIAN_POINT('',(3.18123970242,0.466884426799,11.340384398538
    ));
#4955 = DIRECTION('',(9.635897949577E-13,1.,0.));
#4956 = DIRECTION('',(1.,-9.635897949577E-13,0.));
#4957 = ORIENTED_EDGE('',*,*,#4958,.T.);
#4958 = EDGE_CURVE('',#4950,#4321,#4959,.T.);
#4959 = CIRCLE('',#4960,0.15);
#4960 = AXIS2_PLACEMENT_3D('',#4961,#4962,#4963);
#4961 = CARTESIAN_POINT('',(3.18123970242,0.466884426799,11.340384398538
    ));
#4962 = DIRECTION('',(9.635897949577E-13,1.,0.));
#4963 = DIRECTION('',(1.,-9.635897949577E-13,0.));
#4964 = ORIENTED_EDGE('',*,*,#4320,.T.);
#4965 = ORIENTED_EDGE('',*,*,#1987,.T.);
#4966 = ORIENTED_EDGE('',*,*,#4967,.T.);
#4967 = EDGE_CURVE('',#1980,#4968,#4970,.T.);
#4968 = VERTEX_POINT('',#4969);
#4969 = CARTESIAN_POINT('',(3.237430691432,0.466884426799,
    11.201306820353));
#4970 = CIRCLE('',#4971,0.15);
#4971 = AXIS2_PLACEMENT_3D('',#4972,#4973,#4974);
#4972 = CARTESIAN_POINT('',(3.18123970242,0.466884426799,11.340384398538
    ));
#4973 = DIRECTION('',(9.635897949577E-13,1.,0.));
#4974 = DIRECTION('',(1.,-9.635897949577E-13,0.));
#4975 = ORIENTED_EDGE('',*,*,#4976,.T.);
#4976 = EDGE_CURVE('',#4968,#4977,#4979,.T.);
#4977 = VERTEX_POINT('',#4978);
#4978 = CARTESIAN_POINT('',(3.01382443905,0.466884426799,11.11096403013)
  );
#4979 = LINE('',#4980,#4981);
#4980 = CARTESIAN_POINT('',(3.237430691432,0.466884426799,
    11.201306820353));
#4981 = VECTOR('',#4982,1.);
#4982 = DIRECTION('',(-0.927183854567,0.,-0.374606593414));
#4983 = ORIENTED_EDGE('',*,*,#4984,.T.);
#4984 = EDGE_CURVE('',#4977,#4985,#4987,.T.);
#4985 = VERTEX_POINT('',#4986);
#4986 = CARTESIAN_POINT('',(2.586881889392,0.466884426799,
    11.039518349943));
#4987 = CIRCLE('',#4988,1.);
#4988 = AXIS2_PLACEMENT_3D('',#4989,#4990,#4991);
#4989 = CARTESIAN_POINT('',(2.639217845636,0.466884426799,
    12.038147884697));
#4990 = DIRECTION('',(9.635897949577E-13,1.,0.));
#4991 = DIRECTION('',(1.,-9.635897949577E-13,0.));
#4992 = ORIENTED_EDGE('',*,*,#4993,.T.);
#4993 = EDGE_CURVE('',#4985,#4994,#4996,.T.);
#4994 = VERTEX_POINT('',#4995);
#4995 = CARTESIAN_POINT('',(0.662243028996,0.466884426801,
    11.140384398537));
#4996 = LINE('',#4997,#4998);
#4997 = CARTESIAN_POINT('',(2.586881889392,0.466884426799,
    11.039518349943));
#4998 = VECTOR('',#4999,1.);
#4999 = DIRECTION('',(-0.998629534755,9.216910458322E-13,
    5.233595624257E-02));
#5000 = ORIENTED_EDGE('',*,*,#5001,.T.);
#5001 = EDGE_CURVE('',#4994,#5002,#5004,.T.);
#5002 = VERTEX_POINT('',#5003);
#5003 = CARTESIAN_POINT('',(2.335853377645E-02,0.466884426802,
    11.140384398537));
#5004 = LINE('',#5005,#5006);
#5005 = CARTESIAN_POINT('',(0.662243028996,0.466884426801,
    11.140384398537));
#5006 = VECTOR('',#5007,1.);
#5007 = DIRECTION('',(-1.,1.390201869581E-12,0.));
#5008 = ORIENTED_EDGE('',*,*,#5009,.T.);
#5009 = EDGE_CURVE('',#5002,#4704,#5010,.T.);
#5010 = LINE('',#5011,#5012);
#5011 = CARTESIAN_POINT('',(2.335853377645E-02,0.466884426802,
    11.140384398537));
#5012 = VECTOR('',#5013,1.);
#5013 = DIRECTION('',(-0.984807753012,7.711528201187E-13,-0.173648177668
    ));
#5014 = PLANE('',#5015);
#5015 = AXIS2_PLACEMENT_3D('',#5016,#5017,#5018);
#5016 = CARTESIAN_POINT('',(7.022168295171,0.466884426795,
    11.565618488834));
#5017 = DIRECTION('',(-9.635897949577E-13,-1.,0.));
#5018 = DIRECTION('',(1.,-9.635897949577E-13,0.));
#5019 = ADVANCED_FACE('',(#5020),#5031,.T.);
#5020 = FACE_BOUND('',#5021,.T.);
#5021 = EDGE_LOOP('',(#5022,#5023,#5024,#5025));
#5022 = ORIENTED_EDGE('',*,*,#1798,.F.);
#5023 = ORIENTED_EDGE('',*,*,#1862,.F.);
#5024 = ORIENTED_EDGE('',*,*,#1888,.F.);
#5025 = ORIENTED_EDGE('',*,*,#5026,.F.);
#5026 = EDGE_CURVE('',#1791,#1889,#5027,.T.);
#5027 = LINE('',#5028,#5029);
#5028 = CARTESIAN_POINT('',(2.099032911671,0.316884426784,
    11.669770849509));
#5029 = VECTOR('',#5030,1.);
#5030 = DIRECTION('',(-0.374606593416,3.608224830032E-13,-0.927183854567
    ));
#5031 = CYLINDRICAL_SURFACE('',#5032,0.15);
#5032 = AXIS2_PLACEMENT_3D('',#5033,#5034,#5035);
#5033 = CARTESIAN_POINT('',(-1.71118928199,0.316884426788,2.639560063767
    ));
#5034 = DIRECTION('',(0.374606593416,-3.608224830032E-13,0.927183854567)
  );
#5035 = DIRECTION('',(-0.927183854567,8.934387044591E-13,0.374606593416)
  );
#5036 = ADVANCED_FACE('',(#5037),#5048,.F.);
#5037 = FACE_BOUND('',#5038,.T.);
#5038 = EDGE_LOOP('',(#5039,#5040,#5041,#5042));
#5039 = ORIENTED_EDGE('',*,*,#1790,.T.);
#5040 = ORIENTED_EDGE('',*,*,#5026,.T.);
#5041 = ORIENTED_EDGE('',*,*,#1897,.F.);
#5042 = ORIENTED_EDGE('',*,*,#5043,.T.);
#5043 = EDGE_CURVE('',#1898,#1782,#5044,.T.);
#5044 = LINE('',#5045,#5046);
#5045 = CARTESIAN_POINT('',(2.173954230355,0.516884426784,
    11.855207620423));
#5046 = VECTOR('',#5047,1.);
#5047 = DIRECTION('',(0.374606593416,-3.608224830032E-13,0.927183854567)
  );
#5048 = PLANE('',#5049);
#5049 = AXIS2_PLACEMENT_3D('',#5050,#5051,#5052);
#5050 = CARTESIAN_POINT('',(-1.572111703805,-3.311557321236E-02,
    2.583369074755));
#5051 = DIRECTION('',(-0.927183854567,8.934387044591E-13,0.374606593416)
  );
#5052 = DIRECTION('',(-0.374606593416,3.608224830032E-13,-0.927183854567
    ));
#5053 = ADVANCED_FACE('',(#5054),#5065,.F.);
#5054 = FACE_BOUND('',#5055,.F.);
#5055 = EDGE_LOOP('',(#5056,#5057,#5058,#5064));
#5056 = ORIENTED_EDGE('',*,*,#5043,.T.);
#5057 = ORIENTED_EDGE('',*,*,#1781,.T.);
#5058 = ORIENTED_EDGE('',*,*,#5059,.T.);
#5059 = EDGE_CURVE('',#1774,#1906,#5060,.T.);
#5060 = LINE('',#5061,#5062);
#5061 = CARTESIAN_POINT('',(2.238110489857,0.666884426784,
    11.613579860497));
#5062 = VECTOR('',#5063,1.);
#5063 = DIRECTION('',(-0.374606593416,3.608224830032E-13,-0.927183854567
    ));
#5064 = ORIENTED_EDGE('',*,*,#1905,.T.);
#5065 = CYLINDRICAL_SURFACE('',#5066,0.15);
#5066 = AXIS2_PLACEMENT_3D('',#5067,#5068,#5069);
#5067 = CARTESIAN_POINT('',(-1.433034125619,0.516884426788,
    2.527178085742));
#5068 = DIRECTION('',(-0.374606593416,3.608224830032E-13,-0.927183854567
    ));
#5069 = DIRECTION('',(0.927183854567,-8.934387044591E-13,-0.374606593416
    ));
#5070 = ADVANCED_FACE('',(#5071),#5082,.F.);
#5071 = FACE_BOUND('',#5072,.T.);
#5072 = EDGE_LOOP('',(#5073,#5074,#5080,#5081));
#5073 = ORIENTED_EDGE('',*,*,#1914,.F.);
#5074 = ORIENTED_EDGE('',*,*,#5075,.T.);
#5075 = EDGE_CURVE('',#1915,#1765,#5076,.T.);
#5076 = LINE('',#5077,#5078);
#5077 = CARTESIAN_POINT('',(2.683905350367,0.666884426784,
    11.649173994044));
#5078 = VECTOR('',#5079,1.);
#5079 = DIRECTION('',(0.374606593416,-3.608224830032E-13,0.927183854567)
  );
#5080 = ORIENTED_EDGE('',*,*,#1773,.T.);
#5081 = ORIENTED_EDGE('',*,*,#5059,.T.);
#5082 = PLANE('',#5083);
#5083 = AXIS2_PLACEMENT_3D('',#5084,#5085,#5086);
#5084 = CARTESIAN_POINT('',(-0.923083005607,0.666884426787,
    2.321144459363));
#5085 = DIRECTION('',(9.635484230053E-13,1.,-1.392488981105E-16));
#5086 = DIRECTION('',(-0.927183854567,8.934387044591E-13,0.374606593416)
  );
#5087 = ADVANCED_FACE('',(#5088),#5099,.F.);
#5088 = FACE_BOUND('',#5089,.F.);
#5089 = EDGE_LOOP('',(#5090,#5091,#5092,#5098));
#5090 = ORIENTED_EDGE('',*,*,#5075,.T.);
#5091 = ORIENTED_EDGE('',*,*,#1764,.T.);
#5092 = ORIENTED_EDGE('',*,*,#5093,.T.);
#5093 = EDGE_CURVE('',#1757,#1923,#5094,.T.);
#5094 = LINE('',#5095,#5096);
#5095 = CARTESIAN_POINT('',(2.748061609868,0.516884426783,
    11.407546234118));
#5096 = VECTOR('',#5097,1.);
#5097 = DIRECTION('',(-0.374606593416,3.608224830032E-13,-0.927183854567
    ));
#5098 = ORIENTED_EDGE('',*,*,#1922,.T.);
#5099 = CYLINDRICAL_SURFACE('',#5100,0.15);
#5100 = AXIS2_PLACEMENT_3D('',#5101,#5102,#5103);
#5101 = CARTESIAN_POINT('',(-1.062160583793,0.516884426787,
    2.377335448376));
#5102 = DIRECTION('',(-0.374606593416,3.608224830032E-13,-0.927183854567
    ));
#5103 = DIRECTION('',(9.635484230053E-13,1.,-1.392488981105E-16));
#5104 = ADVANCED_FACE('',(#5105),#5116,.F.);
#5105 = FACE_BOUND('',#5106,.T.);
#5106 = EDGE_LOOP('',(#5107,#5108,#5109,#5110));
#5107 = ORIENTED_EDGE('',*,*,#1756,.T.);
#5108 = ORIENTED_EDGE('',*,*,#5093,.T.);
#5109 = ORIENTED_EDGE('',*,*,#1931,.F.);
#5110 = ORIENTED_EDGE('',*,*,#5111,.F.);
#5111 = EDGE_CURVE('',#1749,#1932,#5112,.T.);
#5112 = LINE('',#5113,#5114);
#5113 = CARTESIAN_POINT('',(2.822982928551,-3.31155732166E-02,
    11.592983005031));
#5114 = VECTOR('',#5115,1.);
#5115 = DIRECTION('',(-0.374606593416,3.608224830032E-13,-0.927183854567
    ));
#5116 = PLANE('',#5117);
#5117 = AXIS2_PLACEMENT_3D('',#5118,#5119,#5120);
#5118 = CARTESIAN_POINT('',(2.822982928551,-3.31155732166E-02,
    11.592983005031));
#5119 = DIRECTION('',(0.927183854567,-8.934387044591E-13,-0.374606593416
    ));
#5120 = DIRECTION('',(9.635484230053E-13,1.,-1.392488981105E-16));
#5121 = ADVANCED_FACE('',(#5122),#5143,.F.);
#5122 = FACE_BOUND('',#5123,.T.);
#5123 = EDGE_LOOP('',(#5124,#5125,#5134,#5141,#5142));
#5124 = ORIENTED_EDGE('',*,*,#1939,.T.);
#5125 = ORIENTED_EDGE('',*,*,#5126,.T.);
#5126 = EDGE_CURVE('',#1940,#5127,#5129,.T.);
#5127 = VERTEX_POINT('',#5128);
#5128 = CARTESIAN_POINT('',(3.295473389221,-3.311557321705E-02,
    11.294230993196));
#5129 = CIRCLE('',#5130,0.123205);
#5130 = AXIS2_PLACEMENT_3D('',#5131,#5132,#5133);
#5131 = CARTESIAN_POINT('',(3.181239702419,-3.311557321694E-02,
    11.340384398538));
#5132 = DIRECTION('',(-9.635484230053E-13,-1.,1.392488981104E-16));
#5133 = DIRECTION('',(-0.927183854567,8.934387044591E-13,0.374606593416)
  );
#5134 = ORIENTED_EDGE('',*,*,#5135,.T.);
#5135 = EDGE_CURVE('',#5127,#1741,#5136,.T.);
#5136 = CIRCLE('',#5137,0.123205);
#5137 = AXIS2_PLACEMENT_3D('',#5138,#5139,#5140);
#5138 = CARTESIAN_POINT('',(3.181239702419,-3.311557321694E-02,
    11.340384398538));
#5139 = DIRECTION('',(-9.635484230053E-13,-1.,1.392488981104E-16));
#5140 = DIRECTION('',(-0.927183854567,8.934387044591E-13,0.374606593416)
  );
#5141 = ORIENTED_EDGE('',*,*,#1748,.T.);
#5142 = ORIENTED_EDGE('',*,*,#5111,.T.);
#5143 = PLANE('',#5144);
#5144 = AXIS2_PLACEMENT_3D('',#5145,#5146,#5147);
#5145 = CARTESIAN_POINT('',(3.295473389221,-3.311557321705E-02,
    11.294230993196));
#5146 = DIRECTION('',(9.635484230053E-13,1.,-1.392488981105E-16));
#5147 = DIRECTION('',(-0.927183854567,8.934387044591E-13,0.374606593416)
  );
#5148 = ADVANCED_FACE('',(#5149),#5169,.T.);
#5149 = FACE_BOUND('',#5150,.T.);
#5150 = EDGE_LOOP('',(#5151,#5152,#5159,#5166,#5167,#5168));
#5151 = ORIENTED_EDGE('',*,*,#1947,.F.);
#5152 = ORIENTED_EDGE('',*,*,#5153,.F.);
#5153 = EDGE_CURVE('',#4281,#1948,#5154,.T.);
#5154 = CIRCLE('',#5155,0.123205);
#5155 = AXIS2_PLACEMENT_3D('',#5156,#5157,#5158);
#5156 = CARTESIAN_POINT('',(3.181239702419,1.688442678306E-02,
    11.340384398538));
#5157 = DIRECTION('',(9.635484230053E-13,1.,-1.392488981104E-16));
#5158 = DIRECTION('',(0.927183854567,-8.934387044591E-13,-0.374606593416
    ));
#5159 = ORIENTED_EDGE('',*,*,#5160,.F.);
#5160 = EDGE_CURVE('',#1733,#4281,#5161,.T.);
#5161 = CIRCLE('',#5162,0.123205);
#5162 = AXIS2_PLACEMENT_3D('',#5163,#5164,#5165);
#5163 = CARTESIAN_POINT('',(3.181239702419,1.688442678306E-02,
    11.340384398538));
#5164 = DIRECTION('',(9.635484230053E-13,1.,-1.392488981104E-16));
#5165 = DIRECTION('',(0.927183854567,-8.934387044591E-13,-0.374606593416
    ));
#5166 = ORIENTED_EDGE('',*,*,#1740,.T.);
#5167 = ORIENTED_EDGE('',*,*,#5135,.F.);
#5168 = ORIENTED_EDGE('',*,*,#5126,.F.);
#5169 = CYLINDRICAL_SURFACE('',#5170,0.123205);
#5170 = AXIS2_PLACEMENT_3D('',#5171,#5172,#5173);
#5171 = CARTESIAN_POINT('',(3.181239702419,1.688442678306E-02,
    11.340384398538));
#5172 = DIRECTION('',(-9.635484230053E-13,-1.,1.392488981105E-16));
#5173 = DIRECTION('',(0.927183854567,-8.934387044591E-13,-0.374606593416
    ));
#5174 = ADVANCED_FACE('',(#5175),#5180,.T.);
#5175 = FACE_BOUND('',#5176,.T.);
#5176 = EDGE_LOOP('',(#5177,#5178,#5179));
#5177 = ORIENTED_EDGE('',*,*,#4288,.T.);
#5178 = ORIENTED_EDGE('',*,*,#1732,.T.);
#5179 = ORIENTED_EDGE('',*,*,#5160,.T.);
#5180 = PLANE('',#5181);
#5181 = AXIS2_PLACEMENT_3D('',#5182,#5183,#5184);
#5182 = CARTESIAN_POINT('',(3.181239702419,1.688442678306E-02,
    11.340384398538));
#5183 = DIRECTION('',(-9.635484230053E-13,-1.,1.392488981105E-16));
#5184 = DIRECTION('',(0.927183854567,-8.934387044591E-13,-0.374606593416
    ));
#5185 = ADVANCED_FACE('',(#5186),#5197,.F.);
#5186 = FACE_BOUND('',#5187,.F.);
#5187 = EDGE_LOOP('',(#5188,#5189,#5190,#5196));
#5188 = ORIENTED_EDGE('',*,*,#1979,.T.);
#5189 = ORIENTED_EDGE('',*,*,#4401,.T.);
#5190 = ORIENTED_EDGE('',*,*,#5191,.F.);
#5191 = EDGE_CURVE('',#4968,#4394,#5192,.T.);
#5192 = LINE('',#5193,#5194);
#5193 = CARTESIAN_POINT('',(3.237430691432,0.466884426799,
    11.201306820353));
#5194 = VECTOR('',#5195,1.);
#5195 = DIRECTION('',(-9.635897949577E-13,-1.,0.));
#5196 = ORIENTED_EDGE('',*,*,#4967,.F.);
#5197 = CYLINDRICAL_SURFACE('',#5198,0.15);
#5198 = AXIS2_PLACEMENT_3D('',#5199,#5200,#5201);
#5199 = CARTESIAN_POINT('',(3.18123970242,0.466884426799,11.340384398538
    ));
#5200 = DIRECTION('',(-9.635897949577E-13,-1.,0.));
#5201 = DIRECTION('',(1.,-9.635897949577E-13,0.));
#5202 = ADVANCED_FACE('',(#5203),#5208,.T.);
#5203 = FACE_BOUND('',#5204,.T.);
#5204 = EDGE_LOOP('',(#5205,#5206,#5207));
#5205 = ORIENTED_EDGE('',*,*,#4280,.T.);
#5206 = ORIENTED_EDGE('',*,*,#5153,.T.);
#5207 = ORIENTED_EDGE('',*,*,#1955,.T.);
#5208 = PLANE('',#5209);
#5209 = AXIS2_PLACEMENT_3D('',#5210,#5211,#5212);
#5210 = CARTESIAN_POINT('',(3.181239702419,1.688442678306E-02,
    11.340384398538));
#5211 = DIRECTION('',(-9.635484230053E-13,-1.,1.392488981105E-16));
#5212 = DIRECTION('',(0.927183854567,-8.934387044591E-13,-0.374606593416
    ));
#5213 = ADVANCED_FACE('',(#5214),#5225,.T.);
#5214 = FACE_BOUND('',#5215,.T.);
#5215 = EDGE_LOOP('',(#5216,#5217,#5218,#5219));
#5216 = ORIENTED_EDGE('',*,*,#2262,.F.);
#5217 = ORIENTED_EDGE('',*,*,#2010,.F.);
#5218 = ORIENTED_EDGE('',*,*,#2050,.F.);
#5219 = ORIENTED_EDGE('',*,*,#5220,.F.);
#5220 = EDGE_CURVE('',#2255,#2051,#5221,.T.);
#5221 = LINE('',#5222,#5223);
#5222 = CARTESIAN_POINT('',(-1.572111703793,12.216884426788,
    2.583369074755));
#5223 = VECTOR('',#5224,1.);
#5224 = DIRECTION('',(0.374606593416,-3.608224830032E-13,0.927183854567)
  );
#5225 = CYLINDRICAL_SURFACE('',#5226,0.15);
#5226 = AXIS2_PLACEMENT_3D('',#5227,#5228,#5229);
#5227 = CARTESIAN_POINT('',(-1.711189281978,12.216884426788,
    2.639560063767));
#5228 = DIRECTION('',(0.374606593416,-3.608224830032E-13,0.927183854567)
  );
#5229 = DIRECTION('',(-0.927183854567,8.934387044591E-13,0.374606593416)
  );
#5230 = ADVANCED_FACE('',(#5231),#5260,.F.);
#5231 = FACE_BOUND('',#5232,.F.);
#5232 = EDGE_LOOP('',(#5233,#5234,#5235,#5236,#5242,#5243,#5244,#5250,
    #5251,#5252,#5258,#5259));
#5233 = ORIENTED_EDGE('',*,*,#2156,.F.);
#5234 = ORIENTED_EDGE('',*,*,#2032,.T.);
#5235 = ORIENTED_EDGE('',*,*,#4023,.F.);
#5236 = ORIENTED_EDGE('',*,*,#5237,.T.);
#5237 = EDGE_CURVE('',#4015,#3811,#5238,.T.);
#5238 = LINE('',#5239,#5240);
#5239 = CARTESIAN_POINT('',(3.32752476082,12.066884426782,
    11.373560921645));
#5240 = VECTOR('',#5241,1.);
#5241 = DIRECTION('',(-9.635897949577E-13,1.,0.));
#5242 = ORIENTED_EDGE('',*,*,#3810,.F.);
#5243 = ORIENTED_EDGE('',*,*,#2109,.T.);
#5244 = ORIENTED_EDGE('',*,*,#5245,.T.);
#5245 = EDGE_CURVE('',#2102,#2205,#5246,.T.);
#5246 = LINE('',#5247,#5248);
#5247 = CARTESIAN_POINT('',(3.332934048575,12.566884426783,
    11.386949378653));
#5248 = VECTOR('',#5249,1.);
#5249 = DIRECTION('',(-0.374606593416,3.608224830032E-13,-0.927183854567
    ));
#5250 = ORIENTED_EDGE('',*,*,#2204,.F.);
#5251 = ORIENTED_EDGE('',*,*,#3827,.F.);
#5252 = ORIENTED_EDGE('',*,*,#5253,.F.);
#5253 = EDGE_CURVE('',#4007,#3819,#5254,.T.);
#5254 = LINE('',#5255,#5256);
#5255 = CARTESIAN_POINT('',(3.263422017639,12.066884426782,
    11.214901064731));
#5256 = VECTOR('',#5257,1.);
#5257 = DIRECTION('',(-9.635897949577E-13,1.,0.));
#5258 = ORIENTED_EDGE('',*,*,#4006,.F.);
#5259 = ORIENTED_EDGE('',*,*,#2172,.F.);
#5260 = PLANE('',#5261);
#5261 = AXIS2_PLACEMENT_3D('',#5262,#5263,#5264);
#5262 = CARTESIAN_POINT('',(3.25801272988,0.166884426783,11.201512607739
    ));
#5263 = DIRECTION('',(-0.927183854567,8.934387044591E-13,0.374606593416)
  );
#5264 = DIRECTION('',(-9.635484230053E-13,-1.,1.392488981105E-16));
#5265 = ADVANCED_FACE('',(#5266),#5277,.F.);
#5266 = FACE_BOUND('',#5267,.F.);
#5267 = EDGE_LOOP('',(#5268,#5274,#5275,#5276));
#5268 = ORIENTED_EDGE('',*,*,#5269,.F.);
#5269 = EDGE_CURVE('',#4031,#3795,#5270,.T.);
#5270 = LINE('',#5271,#5272);
#5271 = CARTESIAN_POINT('',(3.23743069142,12.066884426783,
    11.479461976723));
#5272 = VECTOR('',#5273,1.);
#5273 = DIRECTION('',(-9.635897949577E-13,1.,0.));
#5274 = ORIENTED_EDGE('',*,*,#4030,.F.);
#5275 = ORIENTED_EDGE('',*,*,#2125,.T.);
#5276 = ORIENTED_EDGE('',*,*,#3802,.T.);
#5277 = CYLINDRICAL_SURFACE('',#5278,0.15);
#5278 = AXIS2_PLACEMENT_3D('',#5279,#5280,#5281);
#5279 = CARTESIAN_POINT('',(3.181239702408,12.066884426783,
    11.340384398538));
#5280 = DIRECTION('',(-9.635897949577E-13,1.,0.));
#5281 = DIRECTION('',(-1.,-9.635897949577E-13,-0.));
#5282 = ADVANCED_FACE('',(#5283),#5294,.T.);
#5283 = FACE_BOUND('',#5284,.T.);
#5284 = EDGE_LOOP('',(#5285,#5286,#5292,#5293));
#5285 = ORIENTED_EDGE('',*,*,#2212,.T.);
#5286 = ORIENTED_EDGE('',*,*,#5287,.T.);
#5287 = EDGE_CURVE('',#2213,#2094,#5288,.T.);
#5288 = LINE('',#5289,#5290);
#5289 = CARTESIAN_POINT('',(2.74806160988,12.566884426783,
    11.407546234118));
#5290 = VECTOR('',#5291,1.);
#5291 = DIRECTION('',(0.374606593416,-3.608224830032E-13,0.927183854567)
  );
#5292 = ORIENTED_EDGE('',*,*,#2101,.T.);
#5293 = ORIENTED_EDGE('',*,*,#5245,.T.);
#5294 = PLANE('',#5295);
#5295 = AXIS2_PLACEMENT_3D('',#5296,#5297,#5298);
#5296 = CARTESIAN_POINT('',(3.295473389233,12.566884426783,
    11.294230993196));
#5297 = DIRECTION('',(9.635484230053E-13,1.,-1.392488981105E-16));
#5298 = DIRECTION('',(-0.927183854567,8.934387044591E-13,0.374606593416)
  );
#5299 = ADVANCED_FACE('',(#5300),#5311,.F.);
#5300 = FACE_BOUND('',#5301,.T.);
#5301 = EDGE_LOOP('',(#5302,#5303,#5309,#5310));
#5302 = ORIENTED_EDGE('',*,*,#2220,.T.);
#5303 = ORIENTED_EDGE('',*,*,#5304,.T.);
#5304 = EDGE_CURVE('',#2221,#2085,#5305,.T.);
#5305 = LINE('',#5306,#5307);
#5306 = CARTESIAN_POINT('',(2.822982928563,12.016884426783,
    11.592983005031));
#5307 = VECTOR('',#5308,1.);
#5308 = DIRECTION('',(0.374606593416,-3.608224830032E-13,0.927183854567)
  );
#5309 = ORIENTED_EDGE('',*,*,#2093,.F.);
#5310 = ORIENTED_EDGE('',*,*,#5287,.F.);
#5311 = PLANE('',#5312);
#5312 = AXIS2_PLACEMENT_3D('',#5313,#5314,#5315);
#5313 = CARTESIAN_POINT('',(2.74806160988,12.566884426783,
    11.407546234118));
#5314 = DIRECTION('',(0.927183854567,-8.934387044591E-13,-0.374606593416
    ));
#5315 = DIRECTION('',(9.635484230053E-13,1.,-1.392488981105E-16));
#5316 = ADVANCED_FACE('',(#5317),#5328,.F.);
#5317 = FACE_BOUND('',#5318,.F.);
#5318 = EDGE_LOOP('',(#5319,#5320,#5321,#5327));
#5319 = ORIENTED_EDGE('',*,*,#5304,.T.);
#5320 = ORIENTED_EDGE('',*,*,#2084,.T.);
#5321 = ORIENTED_EDGE('',*,*,#5322,.T.);
#5322 = EDGE_CURVE('',#2077,#2229,#5323,.T.);
#5323 = LINE('',#5324,#5325);
#5324 = CARTESIAN_POINT('',(2.608984031694,11.866884426784,
    11.46373722313));
#5325 = VECTOR('',#5326,1.);
#5326 = DIRECTION('',(-0.374606593416,3.608224830032E-13,-0.927183854567
    ));
#5327 = ORIENTED_EDGE('',*,*,#2228,.T.);
#5328 = CYLINDRICAL_SURFACE('',#5329,0.15);
#5329 = AXIS2_PLACEMENT_3D('',#5330,#5331,#5332);
#5330 = CARTESIAN_POINT('',(2.608984031694,12.016884426784,
    11.46373722313));
#5331 = DIRECTION('',(-0.374606593416,3.608224830032E-13,-0.927183854567
    ));
#5332 = DIRECTION('',(9.635484230053E-13,1.,-1.392488981105E-16));
#5333 = ADVANCED_FACE('',(#5334),#5345,.F.);
#5334 = FACE_BOUND('',#5335,.T.);
#5335 = EDGE_LOOP('',(#5336,#5337,#5338,#5339));
#5336 = ORIENTED_EDGE('',*,*,#2076,.T.);
#5337 = ORIENTED_EDGE('',*,*,#5322,.T.);
#5338 = ORIENTED_EDGE('',*,*,#2237,.F.);
#5339 = ORIENTED_EDGE('',*,*,#5340,.T.);
#5340 = EDGE_CURVE('',#2238,#2068,#5341,.T.);
#5341 = LINE('',#5342,#5343);
#5342 = CARTESIAN_POINT('',(2.313031808551,11.866884426784,
    11.79901663141));
#5343 = VECTOR('',#5344,1.);
#5344 = DIRECTION('',(0.374606593416,-3.608224830032E-13,0.927183854567)
  );
#5345 = PLANE('',#5346);
#5346 = AXIS2_PLACEMENT_3D('',#5347,#5348,#5349);
#5347 = CARTESIAN_POINT('',(-0.923083005597,11.866884426787,
    2.321144459363));
#5348 = DIRECTION('',(-9.634048151839E-13,-1.,8.122757205204E-17));
#5349 = DIRECTION('',(0.927183854567,-8.932838184345E-13,-0.374606593416
    ));
#5350 = ADVANCED_FACE('',(#5351),#5362,.F.);
#5351 = FACE_BOUND('',#5352,.F.);
#5352 = EDGE_LOOP('',(#5353,#5354,#5355,#5361));
#5353 = ORIENTED_EDGE('',*,*,#5340,.T.);
#5354 = ORIENTED_EDGE('',*,*,#2067,.T.);
#5355 = ORIENTED_EDGE('',*,*,#5356,.T.);
#5356 = EDGE_CURVE('',#2060,#2246,#5357,.T.);
#5357 = LINE('',#5358,#5359);
#5358 = CARTESIAN_POINT('',(2.099032911683,12.016884426784,
    11.669770849509));
#5359 = VECTOR('',#5360,1.);
#5360 = DIRECTION('',(-0.374606593416,3.608224830032E-13,-0.927183854567
    ));
#5361 = ORIENTED_EDGE('',*,*,#2245,.T.);
#5362 = CYLINDRICAL_SURFACE('',#5363,0.15);
#5363 = AXIS2_PLACEMENT_3D('',#5364,#5365,#5366);
#5364 = CARTESIAN_POINT('',(-1.433034125608,12.016884426788,
    2.527178085742));
#5365 = DIRECTION('',(-0.374606593416,3.608224830032E-13,-0.927183854567
    ));
#5366 = DIRECTION('',(0.927183854567,-8.934387044591E-13,-0.374606593416
    ));
#5367 = ADVANCED_FACE('',(#5368),#5374,.F.);
#5368 = FACE_BOUND('',#5369,.T.);
#5369 = EDGE_LOOP('',(#5370,#5371,#5372,#5373));
#5370 = ORIENTED_EDGE('',*,*,#2059,.T.);
#5371 = ORIENTED_EDGE('',*,*,#5356,.T.);
#5372 = ORIENTED_EDGE('',*,*,#2254,.F.);
#5373 = ORIENTED_EDGE('',*,*,#5220,.T.);
#5374 = PLANE('',#5375);
#5375 = AXIS2_PLACEMENT_3D('',#5376,#5377,#5378);
#5376 = CARTESIAN_POINT('',(-1.572111703793,12.366884426788,
    2.583369074755));
#5377 = DIRECTION('',(-0.927183854567,8.934387044591E-13,0.374606593416)
  );
#5378 = DIRECTION('',(-0.374606593416,3.608224830032E-13,-0.927183854567
    ));
#5379 = ADVANCED_FACE('',(#5380),#5391,.F.);
#5380 = FACE_BOUND('',#5381,.F.);
#5381 = EDGE_LOOP('',(#5382,#5383,#5384,#5390));
#5382 = ORIENTED_EDGE('',*,*,#2188,.F.);
#5383 = ORIENTED_EDGE('',*,*,#3998,.F.);
#5384 = ORIENTED_EDGE('',*,*,#5385,.T.);
#5385 = EDGE_CURVE('',#3991,#3835,#5386,.T.);
#5386 = LINE('',#5387,#5388);
#5387 = CARTESIAN_POINT('',(3.23743069142,12.066884426783,
    11.201306820353));
#5388 = VECTOR('',#5389,1.);
#5389 = DIRECTION('',(-9.635897949577E-13,1.,0.));
#5390 = ORIENTED_EDGE('',*,*,#3834,.T.);
#5391 = CYLINDRICAL_SURFACE('',#5392,0.15);
#5392 = AXIS2_PLACEMENT_3D('',#5393,#5394,#5395);
#5393 = CARTESIAN_POINT('',(3.181239702408,12.066884426783,
    11.340384398538));
#5394 = DIRECTION('',(-9.635897949577E-13,1.,0.));
#5395 = DIRECTION('',(-1.,-9.635897949577E-13,-0.));
#5396 = ADVANCED_FACE('',(#5397),#5408,.T.);
#5397 = FACE_BOUND('',#5398,.T.);
#5398 = EDGE_LOOP('',(#5399,#5400,#5401,#5402));
#5399 = ORIENTED_EDGE('',*,*,#2540,.F.);
#5400 = ORIENTED_EDGE('',*,*,#2288,.F.);
#5401 = ORIENTED_EDGE('',*,*,#2328,.F.);
#5402 = ORIENTED_EDGE('',*,*,#5403,.F.);
#5403 = EDGE_CURVE('',#2533,#2329,#5404,.T.);
#5404 = LINE('',#5405,#5406);
#5405 = CARTESIAN_POINT('',(11.084572407432,0.316884426785,
    2.583369074755));
#5406 = VECTOR('',#5407,1.);
#5407 = DIRECTION('',(-0.374606593416,-3.608224830032E-13,0.927183854567
    ));
#5408 = CYLINDRICAL_SURFACE('',#5409,0.15);
#5409 = AXIS2_PLACEMENT_3D('',#5410,#5411,#5412);
#5410 = CARTESIAN_POINT('',(11.223649985617,0.316884426785,
    2.639560063767));
#5411 = DIRECTION('',(-0.374606593416,-3.608224830032E-13,0.927183854567
    ));
#5412 = DIRECTION('',(0.927183854567,8.934652205137E-13,0.374606593416)
  );
#5413 = ADVANCED_FACE('',(#5414),#5443,.F.);
#5414 = FACE_BOUND('',#5415,.F.);
#5415 = EDGE_LOOP('',(#5416,#5417,#5418,#5419,#5425,#5426,#5427,#5433,
    #5434,#5435,#5441,#5442));
#5416 = ORIENTED_EDGE('',*,*,#2434,.F.);
#5417 = ORIENTED_EDGE('',*,*,#2310,.T.);
#5418 = ORIENTED_EDGE('',*,*,#4795,.F.);
#5419 = ORIENTED_EDGE('',*,*,#5420,.T.);
#5420 = EDGE_CURVE('',#4787,#4583,#5421,.T.);
#5421 = LINE('',#5422,#5423);
#5422 = CARTESIAN_POINT('',(6.184935942804,0.466884426796,
    11.373560921681));
#5423 = VECTOR('',#5424,1.);
#5424 = DIRECTION('',(-9.635897949577E-13,-1.,0.));
#5425 = ORIENTED_EDGE('',*,*,#4582,.F.);
#5426 = ORIENTED_EDGE('',*,*,#2387,.T.);
#5427 = ORIENTED_EDGE('',*,*,#5428,.T.);
#5428 = EDGE_CURVE('',#2380,#2483,#5429,.T.);
#5429 = LINE('',#5430,#5431);
#5430 = CARTESIAN_POINT('',(6.179526655065,-3.311557322012E-02,
    11.386949378653));
#5431 = VECTOR('',#5432,1.);
#5432 = DIRECTION('',(0.374606593416,3.608224830032E-13,-0.927183854567)
  );
#5433 = ORIENTED_EDGE('',*,*,#2482,.F.);
#5434 = ORIENTED_EDGE('',*,*,#4599,.F.);
#5435 = ORIENTED_EDGE('',*,*,#5436,.F.);
#5436 = EDGE_CURVE('',#4779,#4591,#5437,.T.);
#5437 = LINE('',#5438,#5439);
#5438 = CARTESIAN_POINT('',(6.249038686007,0.466884426796,
    11.214901064711));
#5439 = VECTOR('',#5440,1.);
#5440 = DIRECTION('',(-9.635897949577E-13,-1.,0.));
#5441 = ORIENTED_EDGE('',*,*,#4778,.F.);
#5442 = ORIENTED_EDGE('',*,*,#2450,.F.);
#5443 = PLANE('',#5444);
#5444 = AXIS2_PLACEMENT_3D('',#5445,#5446,#5447);
#5445 = CARTESIAN_POINT('',(6.254447973736,12.36688442678,11.20151260774
    ));
#5446 = DIRECTION('',(0.927183854567,8.934652205137E-13,0.374606593416)
  );
#5447 = DIRECTION('',(-9.635730082629E-13,1.,-1.491819869884E-16));
#5448 = ADVANCED_FACE('',(#5449),#5460,.F.);
#5449 = FACE_BOUND('',#5450,.F.);
#5450 = EDGE_LOOP('',(#5451,#5457,#5458,#5459));
#5451 = ORIENTED_EDGE('',*,*,#5452,.F.);
#5452 = EDGE_CURVE('',#4803,#4567,#5453,.T.);
#5453 = LINE('',#5454,#5455);
#5454 = CARTESIAN_POINT('',(6.275030012196,0.466884426796,
    11.479461976723));
#5455 = VECTOR('',#5456,1.);
#5456 = DIRECTION('',(-9.635897949577E-13,-1.,0.));
#5457 = ORIENTED_EDGE('',*,*,#4802,.F.);
#5458 = ORIENTED_EDGE('',*,*,#2403,.T.);
#5459 = ORIENTED_EDGE('',*,*,#4574,.T.);
#5460 = CYLINDRICAL_SURFACE('',#5461,0.15);
#5461 = AXIS2_PLACEMENT_3D('',#5462,#5463,#5464);
#5462 = CARTESIAN_POINT('',(6.331221001208,0.466884426796,
    11.340384398538));
#5463 = DIRECTION('',(-9.635897949577E-13,-1.,0.));
#5464 = DIRECTION('',(1.,-9.635897949577E-13,0.));
#5465 = ADVANCED_FACE('',(#5466),#5477,.T.);
#5466 = FACE_BOUND('',#5467,.T.);
#5467 = EDGE_LOOP('',(#5468,#5469,#5475,#5476));
#5468 = ORIENTED_EDGE('',*,*,#2490,.T.);
#5469 = ORIENTED_EDGE('',*,*,#5470,.T.);
#5470 = EDGE_CURVE('',#2491,#2372,#5471,.T.);
#5471 = LINE('',#5472,#5473);
#5472 = CARTESIAN_POINT('',(6.76439909376,-3.311557321956E-02,
    11.407546234118));
#5473 = VECTOR('',#5474,1.);
#5474 = DIRECTION('',(-0.374606593416,-3.608224830032E-13,0.927183854567
    ));
#5475 = ORIENTED_EDGE('',*,*,#2379,.T.);
#5476 = ORIENTED_EDGE('',*,*,#5428,.T.);
#5477 = PLANE('',#5478);
#5478 = AXIS2_PLACEMENT_3D('',#5479,#5480,#5481);
#5479 = CARTESIAN_POINT('',(6.216987314406,-3.311557322008E-02,
    11.294230993196));
#5480 = DIRECTION('',(9.635730082629E-13,-1.,1.491819869884E-16));
#5481 = DIRECTION('',(0.927183854567,8.934652205137E-13,0.374606593416)
  );
#5482 = ADVANCED_FACE('',(#5483),#5494,.F.);
#5483 = FACE_BOUND('',#5484,.T.);
#5484 = EDGE_LOOP('',(#5485,#5486,#5492,#5493));
#5485 = ORIENTED_EDGE('',*,*,#2498,.T.);
#5486 = ORIENTED_EDGE('',*,*,#5487,.T.);
#5487 = EDGE_CURVE('',#2499,#2363,#5488,.T.);
#5488 = LINE('',#5489,#5490);
#5489 = CARTESIAN_POINT('',(6.689477775076,0.51688442678,11.592983005032
    ));
#5490 = VECTOR('',#5491,1.);
#5491 = DIRECTION('',(-0.374606593416,-3.608224830032E-13,0.927183854567
    ));
#5492 = ORIENTED_EDGE('',*,*,#2371,.F.);
#5493 = ORIENTED_EDGE('',*,*,#5470,.F.);
#5494 = PLANE('',#5495);
#5495 = AXIS2_PLACEMENT_3D('',#5496,#5497,#5498);
#5496 = CARTESIAN_POINT('',(6.76439909376,-3.311557321956E-02,
    11.407546234118));
#5497 = DIRECTION('',(-0.927183854567,-8.934652205137E-13,
    -0.374606593416));
#5498 = DIRECTION('',(9.635730082629E-13,-1.,1.491819869884E-16));
#5499 = ADVANCED_FACE('',(#5500),#5511,.F.);
#5500 = FACE_BOUND('',#5501,.F.);
#5501 = EDGE_LOOP('',(#5502,#5503,#5504,#5510));
#5502 = ORIENTED_EDGE('',*,*,#5487,.T.);
#5503 = ORIENTED_EDGE('',*,*,#2362,.T.);
#5504 = ORIENTED_EDGE('',*,*,#5505,.T.);
#5505 = EDGE_CURVE('',#2355,#2507,#5506,.T.);
#5506 = LINE('',#5507,#5508);
#5507 = CARTESIAN_POINT('',(6.903476671944,0.666884426781,
    11.463737223131));
#5508 = VECTOR('',#5509,1.);
#5509 = DIRECTION('',(0.374606593416,3.608224830032E-13,-0.927183854567)
  );
#5510 = ORIENTED_EDGE('',*,*,#2506,.T.);
#5511 = CYLINDRICAL_SURFACE('',#5512,0.15);
#5512 = AXIS2_PLACEMENT_3D('',#5513,#5514,#5515);
#5513 = CARTESIAN_POINT('',(6.903476671944,0.516884426781,
    11.463737223131));
#5514 = DIRECTION('',(0.374606593416,3.608224830032E-13,-0.927183854567)
  );
#5515 = DIRECTION('',(9.635730082629E-13,-1.,1.491819869884E-16));
#5516 = ADVANCED_FACE('',(#5517),#5528,.F.);
#5517 = FACE_BOUND('',#5518,.T.);
#5518 = EDGE_LOOP('',(#5519,#5520,#5521,#5522));
#5519 = ORIENTED_EDGE('',*,*,#2354,.T.);
#5520 = ORIENTED_EDGE('',*,*,#5505,.T.);
#5521 = ORIENTED_EDGE('',*,*,#2515,.F.);
#5522 = ORIENTED_EDGE('',*,*,#5523,.T.);
#5523 = EDGE_CURVE('',#2516,#2346,#5524,.T.);
#5524 = LINE('',#5525,#5526);
#5525 = CARTESIAN_POINT('',(7.199428895087,0.666884426781,11.79901663141
    ));
#5526 = VECTOR('',#5527,1.);
#5527 = DIRECTION('',(-0.374606593416,-3.608224830032E-13,0.927183854567
    ));
#5528 = PLANE('',#5529);
#5529 = AXIS2_PLACEMENT_3D('',#5530,#5531,#5532);
#5530 = CARTESIAN_POINT('',(10.435543709235,0.666884426784,
    2.321144459364));
#5531 = DIRECTION('',(-9.637166160843E-13,1.,-2.072033130468E-16));
#5532 = DIRECTION('',(-0.927183854567,-8.936201065383E-13,
    -0.374606593416));
#5533 = ADVANCED_FACE('',(#5534),#5545,.F.);
#5534 = FACE_BOUND('',#5535,.F.);
#5535 = EDGE_LOOP('',(#5536,#5537,#5538,#5544));
#5536 = ORIENTED_EDGE('',*,*,#5523,.T.);
#5537 = ORIENTED_EDGE('',*,*,#2345,.T.);
#5538 = ORIENTED_EDGE('',*,*,#5539,.T.);
#5539 = EDGE_CURVE('',#2338,#2524,#5540,.T.);
#5540 = LINE('',#5541,#5542);
#5541 = CARTESIAN_POINT('',(7.413427791956,0.516884426781,
    11.669770849509));
#5542 = VECTOR('',#5543,1.);
#5543 = DIRECTION('',(0.374606593416,3.608224830032E-13,-0.927183854567)
  );
#5544 = ORIENTED_EDGE('',*,*,#2523,.T.);
#5545 = CYLINDRICAL_SURFACE('',#5546,0.15);
#5546 = AXIS2_PLACEMENT_3D('',#5547,#5548,#5549);
#5547 = CARTESIAN_POINT('',(10.945494829247,0.516884426784,
    2.527178085743));
#5548 = DIRECTION('',(0.374606593416,3.608224830032E-13,-0.927183854567)
  );
#5549 = DIRECTION('',(-0.927183854567,-8.934652205137E-13,
    -0.374606593416));
#5550 = ADVANCED_FACE('',(#5551),#5557,.F.);
#5551 = FACE_BOUND('',#5552,.T.);
#5552 = EDGE_LOOP('',(#5553,#5554,#5555,#5556));
#5553 = ORIENTED_EDGE('',*,*,#2337,.T.);
#5554 = ORIENTED_EDGE('',*,*,#5539,.T.);
#5555 = ORIENTED_EDGE('',*,*,#2532,.F.);
#5556 = ORIENTED_EDGE('',*,*,#5403,.T.);
#5557 = PLANE('',#5558);
#5558 = AXIS2_PLACEMENT_3D('',#5559,#5560,#5561);
#5559 = CARTESIAN_POINT('',(11.084572407432,0.166884426785,
    2.583369074755));
#5560 = DIRECTION('',(0.927183854567,8.934652205137E-13,0.374606593416)
  );
#5561 = DIRECTION('',(0.374606593416,3.608224830032E-13,-0.927183854567)
  );
#5562 = ADVANCED_FACE('',(#5563),#5574,.F.);
#5563 = FACE_BOUND('',#5564,.F.);
#5564 = EDGE_LOOP('',(#5565,#5566,#5567,#5573));
#5565 = ORIENTED_EDGE('',*,*,#2466,.F.);
#5566 = ORIENTED_EDGE('',*,*,#4770,.F.);
#5567 = ORIENTED_EDGE('',*,*,#5568,.T.);
#5568 = EDGE_CURVE('',#4763,#4607,#5569,.T.);
#5569 = LINE('',#5570,#5571);
#5570 = CARTESIAN_POINT('',(6.275030012196,0.466884426796,
    11.201306820353));
#5571 = VECTOR('',#5572,1.);
#5572 = DIRECTION('',(-9.635897949577E-13,-1.,0.));
#5573 = ORIENTED_EDGE('',*,*,#4606,.T.);
#5574 = CYLINDRICAL_SURFACE('',#5575,0.15);
#5575 = AXIS2_PLACEMENT_3D('',#5576,#5577,#5578);
#5576 = CARTESIAN_POINT('',(6.331221001208,0.466884426796,
    11.340384398538));
#5577 = DIRECTION('',(-9.635897949577E-13,-1.,0.));
#5578 = DIRECTION('',(1.,-9.635897949577E-13,0.));
#5579 = ADVANCED_FACE('',(#5580),#5586,.F.);
#5580 = FACE_BOUND('',#5581,.T.);
#5581 = EDGE_LOOP('',(#5582,#5583,#5584,#5585));
#5582 = ORIENTED_EDGE('',*,*,#2601,.F.);
#5583 = ORIENTED_EDGE('',*,*,#2626,.F.);
#5584 = ORIENTED_EDGE('',*,*,#2642,.F.);
#5585 = ORIENTED_EDGE('',*,*,#2567,.T.);
#5586 = PLANE('',#5587);
#5587 = AXIS2_PLACEMENT_3D('',#5588,#5589,#5590);
#5588 = CARTESIAN_POINT('',(8.81256373814,5.666884426789,11.894992866169
    ));
#5589 = DIRECTION('',(1.,9.635897949577E-13,-1.197076221612E-28));
#5590 = DIRECTION('',(-9.635897949577E-13,1.,-2.22044604925E-16));
#5591 = ADVANCED_FACE('',(#5592),#5598,.F.);
#5592 = FACE_BOUND('',#5593,.T.);
#5593 = EDGE_LOOP('',(#5594,#5595,#5596,#5597));
#5594 = ORIENTED_EDGE('',*,*,#2657,.T.);
#5595 = ORIENTED_EDGE('',*,*,#2690,.T.);
#5596 = ORIENTED_EDGE('',*,*,#2716,.F.);
#5597 = ORIENTED_EDGE('',*,*,#2742,.T.);
#5598 = PLANE('',#5599);
#5599 = AXIS2_PLACEMENT_3D('',#5600,#5601,#5602);
#5600 = CARTESIAN_POINT('',(0.71256373814,5.666884426781,11.894992866169
    ));
#5601 = DIRECTION('',(-1.,-9.635897949577E-13,1.197076221612E-28));
#5602 = DIRECTION('',(9.635897949577E-13,-1.,2.22044604925E-16));
#5603 = ADVANCED_FACE('',(#5604),#5612,.F.);
#5604 = FACE_BOUND('',#5605,.F.);
#5605 = EDGE_LOOP('',(#5606,#5607,#5608,#5609,#5610,#5611));
#5606 = ORIENTED_EDGE('',*,*,#3647,.T.);
#5607 = ORIENTED_EDGE('',*,*,#3638,.T.);
#5608 = ORIENTED_EDGE('',*,*,#3390,.F.);
#5609 = ORIENTED_EDGE('',*,*,#4186,.F.);
#5610 = ORIENTED_EDGE('',*,*,#4177,.F.);
#5611 = ORIENTED_EDGE('',*,*,#3365,.T.);
#5612 = CYLINDRICAL_SURFACE('',#5613,0.15);
#5613 = AXIS2_PLACEMENT_3D('',#5614,#5615,#5616);
#5614 = CARTESIAN_POINT('',(6.331221001196,12.066884426786,
    11.340384398538));
#5615 = DIRECTION('',(-9.635897949577E-13,1.,0.));
#5616 = DIRECTION('',(-1.,-9.635897949577E-13,-0.));
#5617 = ADVANCED_FACE('',(#5618),#5659,.F.);
#5618 = FACE_BOUND('',#5619,.T.);
#5619 = EDGE_LOOP('',(#5620,#5628,#5636,#5644,#5651,#5652,#5658));
#5620 = ORIENTED_EDGE('',*,*,#5621,.T.);
#5621 = EDGE_CURVE('',#3934,#5622,#5624,.T.);
#5622 = VERTEX_POINT('',#5623);
#5623 = CARTESIAN_POINT('',(10.056230351802,11.691884426796,
    10.540384398536));
#5624 = LINE('',#5625,#5626);
#5625 = CARTESIAN_POINT('',(10.056230351802,12.36688442679,
    10.540384398536));
#5626 = VECTOR('',#5627,1.);
#5627 = DIRECTION('',(0.,-1.,0.));
#5628 = ORIENTED_EDGE('',*,*,#5629,.T.);
#5629 = EDGE_CURVE('',#5622,#5630,#5632,.T.);
#5630 = VERTEX_POINT('',#5631);
#5631 = CARTESIAN_POINT('',(10.056230351802,11.691884426796,
    10.240384398536));
#5632 = LINE('',#5633,#5634);
#5633 = CARTESIAN_POINT('',(10.056230351813,11.691884426796,
    10.240384398536));
#5634 = VECTOR('',#5635,1.);
#5635 = DIRECTION('',(0.,0.,-1.));
#5636 = ORIENTED_EDGE('',*,*,#5637,.F.);
#5637 = EDGE_CURVE('',#5638,#5630,#5640,.T.);
#5638 = VERTEX_POINT('',#5639);
#5639 = CARTESIAN_POINT('',(10.056230351802,12.066884426789,
    10.240384398536));
#5640 = LINE('',#5641,#5642);
#5641 = CARTESIAN_POINT('',(10.056230351802,0.666884426792,
    10.240384398536));
#5642 = VECTOR('',#5643,1.);
#5643 = DIRECTION('',(0.,-1.,0.));
#5644 = ORIENTED_EDGE('',*,*,#5645,.T.);
#5645 = EDGE_CURVE('',#5638,#3581,#5646,.T.);
#5646 = CIRCLE('',#5647,0.3);
#5647 = AXIS2_PLACEMENT_3D('',#5648,#5649,#5650);
#5648 = CARTESIAN_POINT('',(10.056230351813,12.066884426789,
    10.540384398536));
#5649 = DIRECTION('',(1.,-4.440892098515E-13,0.));
#5650 = DIRECTION('',(-4.440892098515E-13,-1.,0.));
#5651 = ORIENTED_EDGE('',*,*,#3578,.F.);
#5652 = ORIENTED_EDGE('',*,*,#5653,.F.);
#5653 = EDGE_CURVE('',#3932,#3579,#5654,.T.);
#5654 = LINE('',#5655,#5656);
#5655 = CARTESIAN_POINT('',(10.056230351802,12.066884426789,
    11.040384398537));
#5656 = VECTOR('',#5657,1.);
#5657 = DIRECTION('',(-9.635897949577E-13,1.,0.));
#5658 = ORIENTED_EDGE('',*,*,#3931,.T.);
#5659 = PLANE('',#5660);
#5660 = AXIS2_PLACEMENT_3D('',#5661,#5662,#5663);
#5661 = CARTESIAN_POINT('',(10.056230351813,11.866884426791,
    10.540384398536));
#5662 = DIRECTION('',(-1.,4.440892098515E-13,0.));
#5663 = DIRECTION('',(-4.440892098515E-13,-1.,0.));
#5664 = ADVANCED_FACE('',(#5665),#5684,.T.);
#5665 = FACE_BOUND('',#5666,.T.);
#5666 = EDGE_LOOP('',(#5667,#5668,#5676,#5683));
#5667 = ORIENTED_EDGE('',*,*,#5645,.F.);
#5668 = ORIENTED_EDGE('',*,*,#5669,.F.);
#5669 = EDGE_CURVE('',#5670,#5638,#5672,.T.);
#5670 = VERTEX_POINT('',#5671);
#5671 = CARTESIAN_POINT('',(-0.543769648174,12.066884426779,
    10.240384398536));
#5672 = LINE('',#5673,#5674);
#5673 = CARTESIAN_POINT('',(-1.043769648197,12.066884426779,
    10.240384398536));
#5674 = VECTOR('',#5675,1.);
#5675 = DIRECTION('',(1.,9.635897949577E-13,0.));
#5676 = ORIENTED_EDGE('',*,*,#5677,.F.);
#5677 = EDGE_CURVE('',#3885,#5670,#5678,.T.);
#5678 = CIRCLE('',#5679,0.3);
#5679 = AXIS2_PLACEMENT_3D('',#5680,#5681,#5682);
#5680 = CARTESIAN_POINT('',(-0.543769648186,12.066884426779,
    10.540384398536));
#5681 = DIRECTION('',(-1.,-4.440892098606E-13,-0.));
#5682 = DIRECTION('',(-4.440892098606E-13,1.,0.));
#5683 = ORIENTED_EDGE('',*,*,#3892,.F.);
#5684 = CYLINDRICAL_SURFACE('',#5685,0.3);
#5685 = AXIS2_PLACEMENT_3D('',#5686,#5687,#5688);
#5686 = CARTESIAN_POINT('',(-0.543769648186,12.066884426779,
    10.540384398536));
#5687 = DIRECTION('',(-1.,-9.635897949577E-13,0.));
#5688 = DIRECTION('',(9.635897949577E-13,-1.,0.));
#5689 = ADVANCED_FACE('',(#5690),#5723,.F.);
#5690 = FACE_BOUND('',#5691,.T.);
#5691 = EDGE_LOOP('',(#5692,#5700,#5708,#5714,#5715,#5721,#5722));
#5692 = ORIENTED_EDGE('',*,*,#5693,.F.);
#5693 = EDGE_CURVE('',#5694,#5670,#5696,.T.);
#5694 = VERTEX_POINT('',#5695);
#5695 = CARTESIAN_POINT('',(-0.543769648174,11.691884426796,
    10.240384398536));
#5696 = LINE('',#5697,#5698);
#5697 = CARTESIAN_POINT('',(-0.543769648174,0.666884426792,
    10.240384398536));
#5698 = VECTOR('',#5699,1.);
#5699 = DIRECTION('',(0.,1.,0.));
#5700 = ORIENTED_EDGE('',*,*,#5701,.T.);
#5701 = EDGE_CURVE('',#5694,#5702,#5704,.T.);
#5702 = VERTEX_POINT('',#5703);
#5703 = CARTESIAN_POINT('',(-0.543769648174,11.691884426796,
    10.540384398536));
#5704 = LINE('',#5705,#5706);
#5705 = CARTESIAN_POINT('',(-0.543769648186,11.691884426796,
    10.540384398536));
#5706 = VECTOR('',#5707,1.);
#5707 = DIRECTION('',(0.,0.,1.));
#5708 = ORIENTED_EDGE('',*,*,#5709,.T.);
#5709 = EDGE_CURVE('',#5702,#3942,#5710,.T.);
#5710 = LINE('',#5711,#5712);
#5711 = CARTESIAN_POINT('',(-0.543769648174,12.36688442679,
    10.540384398536));
#5712 = VECTOR('',#5713,1.);
#5713 = DIRECTION('',(0.,1.,0.));
#5714 = ORIENTED_EDGE('',*,*,#3949,.T.);
#5715 = ORIENTED_EDGE('',*,*,#5716,.T.);
#5716 = EDGE_CURVE('',#3950,#3877,#5717,.T.);
#5717 = LINE('',#5718,#5719);
#5718 = CARTESIAN_POINT('',(-0.543769648198,12.066884426779,
    11.040384398537));
#5719 = VECTOR('',#5720,1.);
#5720 = DIRECTION('',(-9.635897949577E-13,1.,0.));
#5721 = ORIENTED_EDGE('',*,*,#3884,.T.);
#5722 = ORIENTED_EDGE('',*,*,#5677,.T.);
#5723 = PLANE('',#5724);
#5724 = AXIS2_PLACEMENT_3D('',#5725,#5726,#5727);
#5725 = CARTESIAN_POINT('',(-0.543769648186,11.866884426791,
    10.540384398536));
#5726 = DIRECTION('',(1.,4.440892098606E-13,0.));
#5727 = DIRECTION('',(-4.440892098606E-13,1.,0.));
#5728 = ADVANCED_FACE('',(#5729),#5740,.T.);
#5729 = FACE_BOUND('',#5730,.T.);
#5730 = EDGE_LOOP('',(#5731,#5732,#5733,#5734));
#5731 = ORIENTED_EDGE('',*,*,#3876,.F.);
#5732 = ORIENTED_EDGE('',*,*,#5716,.F.);
#5733 = ORIENTED_EDGE('',*,*,#3957,.T.);
#5734 = ORIENTED_EDGE('',*,*,#5735,.T.);
#5735 = EDGE_CURVE('',#3958,#3869,#5736,.T.);
#5736 = LINE('',#5737,#5738);
#5737 = CARTESIAN_POINT('',(2.335853376474E-02,12.06688442678,
    11.140384398537));
#5738 = VECTOR('',#5739,1.);
#5739 = DIRECTION('',(-9.635897949577E-13,1.,0.));
#5740 = PLANE('',#5741);
#5741 = AXIS2_PLACEMENT_3D('',#5742,#5743,#5744);
#5742 = CARTESIAN_POINT('',(-0.543769648198,12.066884426779,
    11.040384398537));
#5743 = DIRECTION('',(-0.173648177668,-1.673256119139E-13,0.984807753012
    ));
#5744 = DIRECTION('',(0.984807753012,3.086170825788E-30,0.173648177668)
  );
#5745 = ADVANCED_FACE('',(#5746),#5757,.T.);
#5746 = FACE_BOUND('',#5747,.T.);
#5747 = EDGE_LOOP('',(#5748,#5749,#5750,#5751));
#5748 = ORIENTED_EDGE('',*,*,#3868,.F.);
#5749 = ORIENTED_EDGE('',*,*,#5735,.F.);
#5750 = ORIENTED_EDGE('',*,*,#3965,.T.);
#5751 = ORIENTED_EDGE('',*,*,#5752,.T.);
#5752 = EDGE_CURVE('',#3966,#3861,#5753,.T.);
#5753 = LINE('',#5754,#5755);
#5754 = CARTESIAN_POINT('',(0.662243028984,12.06688442678,
    11.140384398537));
#5755 = VECTOR('',#5756,1.);
#5756 = DIRECTION('',(-9.635897949577E-13,1.,0.));
#5757 = PLANE('',#5758);
#5758 = AXIS2_PLACEMENT_3D('',#5759,#5760,#5761);
#5759 = CARTESIAN_POINT('',(2.335853376474E-02,12.06688442678,
    11.140384398537));
#5760 = DIRECTION('',(0.,0.,1.));
#5761 = DIRECTION('',(1.,0.,0.));
#5762 = ADVANCED_FACE('',(#5763),#5774,.T.);
#5763 = FACE_BOUND('',#5764,.T.);
#5764 = EDGE_LOOP('',(#5765,#5766,#5767,#5768));
#5765 = ORIENTED_EDGE('',*,*,#3860,.F.);
#5766 = ORIENTED_EDGE('',*,*,#5752,.F.);
#5767 = ORIENTED_EDGE('',*,*,#3973,.T.);
#5768 = ORIENTED_EDGE('',*,*,#5769,.T.);
#5769 = EDGE_CURVE('',#3974,#3852,#5770,.T.);
#5770 = LINE('',#5771,#5772);
#5771 = CARTESIAN_POINT('',(2.586881889381,12.066884426782,
    11.039518349943));
#5772 = VECTOR('',#5773,1.);
#5773 = DIRECTION('',(-9.635897949577E-13,1.,0.));
#5774 = PLANE('',#5775);
#5775 = AXIS2_PLACEMENT_3D('',#5776,#5777,#5778);
#5776 = CARTESIAN_POINT('',(0.662243028984,12.06688442678,
    11.140384398537));
#5777 = DIRECTION('',(5.233595624258E-02,5.04303933447E-14,
    0.998629534755));
#5778 = DIRECTION('',(0.998629534755,-5.792746498309E-32,
    -5.233595624258E-02));
#5779 = ADVANCED_FACE('',(#5780),#5791,.F.);
#5780 = FACE_BOUND('',#5781,.F.);
#5781 = EDGE_LOOP('',(#5782,#5788,#5789,#5790));
#5782 = ORIENTED_EDGE('',*,*,#5783,.F.);
#5783 = EDGE_CURVE('',#3982,#3844,#5784,.T.);
#5784 = LINE('',#5785,#5786);
#5785 = CARTESIAN_POINT('',(3.013824439038,12.066884426783,
    11.11096403013));
#5786 = VECTOR('',#5787,1.);
#5787 = DIRECTION('',(-9.635897949577E-13,1.,0.));
#5788 = ORIENTED_EDGE('',*,*,#3981,.F.);
#5789 = ORIENTED_EDGE('',*,*,#5769,.T.);
#5790 = ORIENTED_EDGE('',*,*,#3851,.T.);
#5791 = CYLINDRICAL_SURFACE('',#5792,1.);
#5792 = AXIS2_PLACEMENT_3D('',#5793,#5794,#5795);
#5793 = CARTESIAN_POINT('',(2.639217845624,12.066884426782,
    12.038147884697));
#5794 = DIRECTION('',(-9.635897949577E-13,1.,0.));
#5795 = DIRECTION('',(-1.,-9.635897949577E-13,0.));
#5796 = ADVANCED_FACE('',(#5797),#5803,.T.);
#5797 = FACE_BOUND('',#5798,.T.);
#5798 = EDGE_LOOP('',(#5799,#5800,#5801,#5802));
#5799 = ORIENTED_EDGE('',*,*,#3843,.F.);
#5800 = ORIENTED_EDGE('',*,*,#5783,.F.);
#5801 = ORIENTED_EDGE('',*,*,#3990,.T.);
#5802 = ORIENTED_EDGE('',*,*,#5385,.T.);
#5803 = PLANE('',#5804);
#5804 = AXIS2_PLACEMENT_3D('',#5805,#5806,#5807);
#5805 = CARTESIAN_POINT('',(3.013824439038,12.066884426783,
    11.11096403013));
#5806 = DIRECTION('',(-0.374606593414,-3.609670905377E-13,0.927183854568
    ));
#5807 = DIRECTION('',(0.927183854568,8.260836569238E-30,0.374606593414)
  );
#5808 = ADVANCED_FACE('',(#5809),#5815,.F.);
#5809 = FACE_BOUND('',#5810,.F.);
#5810 = EDGE_LOOP('',(#5811,#5812,#5813,#5814));
#5811 = ORIENTED_EDGE('',*,*,#5237,.F.);
#5812 = ORIENTED_EDGE('',*,*,#4014,.F.);
#5813 = ORIENTED_EDGE('',*,*,#5253,.T.);
#5814 = ORIENTED_EDGE('',*,*,#3818,.T.);
#5815 = CYLINDRICAL_SURFACE('',#5816,0.15);
#5816 = AXIS2_PLACEMENT_3D('',#5817,#5818,#5819);
#5817 = CARTESIAN_POINT('',(3.181239702408,12.066884426783,
    11.340384398538));
#5818 = DIRECTION('',(-9.635897949577E-13,1.,0.));
#5819 = DIRECTION('',(-1.,-9.635897949577E-13,-0.));
#5820 = ADVANCED_FACE('',(#5821),#5832,.T.);
#5821 = FACE_BOUND('',#5822,.T.);
#5822 = EDGE_LOOP('',(#5823,#5824,#5825,#5826));
#5823 = ORIENTED_EDGE('',*,*,#3794,.F.);
#5824 = ORIENTED_EDGE('',*,*,#5269,.F.);
#5825 = ORIENTED_EDGE('',*,*,#4039,.T.);
#5826 = ORIENTED_EDGE('',*,*,#5827,.T.);
#5827 = EDGE_CURVE('',#4040,#3786,#5828,.T.);
#5828 = LINE('',#5829,#5830);
#5829 = CARTESIAN_POINT('',(2.889728076227,12.066884426783,
    11.619942952052));
#5830 = VECTOR('',#5831,1.);
#5831 = DIRECTION('',(-9.635897949577E-13,1.,0.));
#5832 = PLANE('',#5833);
#5833 = AXIS2_PLACEMENT_3D('',#5834,#5835,#5836);
#5834 = CARTESIAN_POINT('',(3.23743069142,12.066884426783,
    11.479461976723));
#5835 = DIRECTION('',(-0.374606593415,-3.609670905389E-13,
    -0.927183854567));
#5836 = DIRECTION('',(-0.927183854567,5.46650731788E-30,0.374606593415)
  );
#5837 = ADVANCED_FACE('',(#5838),#5849,.F.);
#5838 = FACE_BOUND('',#5839,.F.);
#5839 = EDGE_LOOP('',(#5840,#5846,#5847,#5848));
#5840 = ORIENTED_EDGE('',*,*,#5841,.F.);
#5841 = EDGE_CURVE('',#4048,#3777,#5842,.T.);
#5842 = LINE('',#5843,#5844);
#5843 = CARTESIAN_POINT('',(2.62936998663,12.066884426782,
    11.509427499822));
#5844 = VECTOR('',#5845,1.);
#5845 = DIRECTION('',(-9.635897949577E-13,1.,0.));
#5846 = ORIENTED_EDGE('',*,*,#4047,.F.);
#5847 = ORIENTED_EDGE('',*,*,#5827,.T.);
#5848 = ORIENTED_EDGE('',*,*,#3785,.T.);
#5849 = CYLINDRICAL_SURFACE('',#5850,0.2);
#5850 = AXIS2_PLACEMENT_3D('',#5851,#5852,#5853);
#5851 = CARTESIAN_POINT('',(2.814806757543,12.066884426783,
    11.434506181139));
#5852 = DIRECTION('',(-9.635897949577E-13,1.,0.));
#5853 = DIRECTION('',(-1.,-9.635897949577E-13,-0.));
#5854 = ADVANCED_FACE('',(#5855),#5866,.T.);
#5855 = FACE_BOUND('',#5856,.T.);
#5856 = EDGE_LOOP('',(#5857,#5858,#5859,#5860));
#5857 = ORIENTED_EDGE('',*,*,#3776,.F.);
#5858 = ORIENTED_EDGE('',*,*,#5841,.F.);
#5859 = ORIENTED_EDGE('',*,*,#4056,.T.);
#5860 = ORIENTED_EDGE('',*,*,#5861,.T.);
#5861 = EDGE_CURVE('',#4057,#3769,#5862,.T.);
#5862 = LINE('',#5863,#5864);
#5863 = CARTESIAN_POINT('',(2.434101419432,12.066884426782,
    11.42654091065));
#5864 = VECTOR('',#5865,1.);
#5865 = DIRECTION('',(-9.635897949577E-13,1.,0.));
#5866 = CYLINDRICAL_SURFACE('',#5867,0.15);
#5867 = AXIS2_PLACEMENT_3D('',#5868,#5869,#5870);
#5868 = CARTESIAN_POINT('',(2.490292408445,12.066884426782,
    11.565618488835));
#5869 = DIRECTION('',(-9.635897949577E-13,1.,0.));
#5870 = DIRECTION('',(-1.,-9.635897949577E-13,-0.));
#5871 = ADVANCED_FACE('',(#5872),#5883,.T.);
#5872 = FACE_BOUND('',#5873,.T.);
#5873 = EDGE_LOOP('',(#5874,#5875,#5876,#5877));
#5874 = ORIENTED_EDGE('',*,*,#3768,.F.);
#5875 = ORIENTED_EDGE('',*,*,#5861,.F.);
#5876 = ORIENTED_EDGE('',*,*,#4065,.T.);
#5877 = ORIENTED_EDGE('',*,*,#5878,.T.);
#5878 = EDGE_CURVE('',#4066,#3760,#5879,.T.);
#5879 = LINE('',#5880,#5881);
#5880 = CARTESIAN_POINT('',(2.387742226704,12.066884426782,
    11.445271240321));
#5881 = VECTOR('',#5882,1.);
#5882 = DIRECTION('',(-9.635897949577E-13,1.,0.));
#5883 = PLANE('',#5884);
#5884 = AXIS2_PLACEMENT_3D('',#5885,#5886,#5887);
#5885 = CARTESIAN_POINT('',(2.434101419432,12.066884426782,
    11.42654091065));
#5886 = DIRECTION('',(-0.374606593425,-3.609670905482E-13,
    -0.927183854563));
#5887 = DIRECTION('',(-0.927183854563,-4.158593002932E-29,0.374606593425
    ));
#5888 = ADVANCED_FACE('',(#5889),#5902,.T.);
#5889 = FACE_BOUND('',#5890,.T.);
#5890 = EDGE_LOOP('',(#5891,#5892,#5893,#5894,#5900,#5901));
#5891 = ORIENTED_EDGE('',*,*,#5878,.F.);
#5892 = ORIENTED_EDGE('',*,*,#4073,.T.);
#5893 = ORIENTED_EDGE('',*,*,#4082,.T.);
#5894 = ORIENTED_EDGE('',*,*,#5895,.T.);
#5895 = EDGE_CURVE('',#4083,#3743,#5896,.T.);
#5896 = LINE('',#5897,#5898);
#5897 = CARTESIAN_POINT('',(2.304855637532,12.066884426782,
    11.640539807518));
#5898 = VECTOR('',#5899,1.);
#5899 = DIRECTION('',(-9.635897949577E-13,1.,0.));
#5900 = ORIENTED_EDGE('',*,*,#3750,.F.);
#5901 = ORIENTED_EDGE('',*,*,#3759,.F.);
#5902 = CYLINDRICAL_SURFACE('',#5903,0.15);
#5903 = AXIS2_PLACEMENT_3D('',#5904,#5905,#5906);
#5904 = CARTESIAN_POINT('',(2.443933215717,12.066884426782,
    11.584348818505));
#5905 = DIRECTION('',(-9.635897949577E-13,1.,0.));
#5906 = DIRECTION('',(-1.,-9.635897949577E-13,-0.));
#5907 = ADVANCED_FACE('',(#5908),#5919,.T.);
#5908 = FACE_BOUND('',#5909,.T.);
#5909 = EDGE_LOOP('',(#5910,#5911,#5912,#5913));
#5910 = ORIENTED_EDGE('',*,*,#3742,.F.);
#5911 = ORIENTED_EDGE('',*,*,#5895,.F.);
#5912 = ORIENTED_EDGE('',*,*,#4091,.T.);
#5913 = ORIENTED_EDGE('',*,*,#5914,.T.);
#5914 = EDGE_CURVE('',#4092,#3734,#5915,.T.);
#5915 = LINE('',#5916,#5917);
#5916 = CARTESIAN_POINT('',(2.347696792736,12.066884426782,
    11.74657538755));
#5917 = VECTOR('',#5918,1.);
#5918 = DIRECTION('',(-9.635897949577E-13,1.,0.));
#5919 = PLANE('',#5920);
#5920 = AXIS2_PLACEMENT_3D('',#5921,#5922,#5923);
#5921 = CARTESIAN_POINT('',(2.304855637532,12.066884426782,
    11.640539807518));
#5922 = DIRECTION('',(-0.927183854567,-8.934249003104E-13,0.374606593415
    ));
#5923 = DIRECTION('',(0.374606593415,1.9638350827E-29,0.927183854567));
#5924 = ADVANCED_FACE('',(#5925),#5936,.T.);
#5925 = FACE_BOUND('',#5926,.T.);
#5926 = EDGE_LOOP('',(#5927,#5928,#5929,#5930));
#5927 = ORIENTED_EDGE('',*,*,#3733,.F.);
#5928 = ORIENTED_EDGE('',*,*,#5914,.F.);
#5929 = ORIENTED_EDGE('',*,*,#4099,.T.);
#5930 = ORIENTED_EDGE('',*,*,#5931,.T.);
#5931 = EDGE_CURVE('',#4100,#3726,#5932,.T.);
#5932 = LINE('',#5933,#5934);
#5933 = CARTESIAN_POINT('',(2.486774370922,12.066884426782,
    11.840384398537));
#5934 = VECTOR('',#5935,1.);
#5935 = DIRECTION('',(-9.635897949577E-13,1.,0.));
#5936 = CYLINDRICAL_SURFACE('',#5937,0.15);
#5937 = AXIS2_PLACEMENT_3D('',#5938,#5939,#5940);
#5938 = CARTESIAN_POINT('',(2.486774370921,12.066884426782,
    11.690384398537));
#5939 = DIRECTION('',(-9.635897949577E-13,1.,0.));
#5940 = DIRECTION('',(-1.,-9.635897949577E-13,-0.));
#5941 = ADVANCED_FACE('',(#5942),#5953,.T.);
#5942 = FACE_BOUND('',#5943,.T.);
#5943 = EDGE_LOOP('',(#5944,#5945,#5946,#5947));
#5944 = ORIENTED_EDGE('',*,*,#3725,.F.);
#5945 = ORIENTED_EDGE('',*,*,#5931,.F.);
#5946 = ORIENTED_EDGE('',*,*,#4108,.T.);
#5947 = ORIENTED_EDGE('',*,*,#5948,.T.);
#5948 = EDGE_CURVE('',#4109,#3717,#5949,.T.);
#5949 = LINE('',#5950,#5951);
#5950 = CARTESIAN_POINT('',(7.025686332683,12.066884426787,
    11.840384398537));
#5951 = VECTOR('',#5952,1.);
#5952 = DIRECTION('',(-9.635897949577E-13,1.,0.));
#5953 = PLANE('',#5954);
#5954 = AXIS2_PLACEMENT_3D('',#5955,#5956,#5957);
#5955 = CARTESIAN_POINT('',(2.486774370922,12.066884426782,
    11.840384398537));
#5956 = DIRECTION('',(-6.592765009037E-15,-6.352721083263E-27,1.));
#5957 = DIRECTION('',(1.,0.,6.592765009037E-15));
#5958 = ADVANCED_FACE('',(#5959),#5970,.T.);
#5959 = FACE_BOUND('',#5960,.T.);
#5960 = EDGE_LOOP('',(#5961,#5962,#5963,#5964));
#5961 = ORIENTED_EDGE('',*,*,#3716,.F.);
#5962 = ORIENTED_EDGE('',*,*,#5948,.F.);
#5963 = ORIENTED_EDGE('',*,*,#4116,.T.);
#5964 = ORIENTED_EDGE('',*,*,#5965,.T.);
#5965 = EDGE_CURVE('',#4117,#3709,#5966,.T.);
#5966 = LINE('',#5967,#5968);
#5967 = CARTESIAN_POINT('',(7.164763910868,12.066884426787,
    11.74657538755));
#5968 = VECTOR('',#5969,1.);
#5969 = DIRECTION('',(-9.635897949577E-13,1.,0.));
#5970 = CYLINDRICAL_SURFACE('',#5971,0.15);
#5971 = AXIS2_PLACEMENT_3D('',#5972,#5973,#5974);
#5972 = CARTESIAN_POINT('',(7.025686332683,12.066884426787,
    11.690384398537));
#5973 = DIRECTION('',(-9.635897949577E-13,1.,0.));
#5974 = DIRECTION('',(-1.,-9.635897949577E-13,-0.));
#5975 = ADVANCED_FACE('',(#5976),#5987,.T.);
#5976 = FACE_BOUND('',#5977,.T.);
#5977 = EDGE_LOOP('',(#5978,#5979,#5980,#5981));
#5978 = ORIENTED_EDGE('',*,*,#3708,.F.);
#5979 = ORIENTED_EDGE('',*,*,#5965,.F.);
#5980 = ORIENTED_EDGE('',*,*,#4125,.T.);
#5981 = ORIENTED_EDGE('',*,*,#5982,.T.);
#5982 = EDGE_CURVE('',#4126,#3700,#5983,.T.);
#5983 = LINE('',#5984,#5985);
#5984 = CARTESIAN_POINT('',(7.207605066072,12.066884426787,
    11.640539807518));
#5985 = VECTOR('',#5986,1.);
#5986 = DIRECTION('',(-9.635897949577E-13,1.,0.));
#5987 = PLANE('',#5988);
#5988 = AXIS2_PLACEMENT_3D('',#5989,#5990,#5991);
#5989 = CARTESIAN_POINT('',(7.164763910868,12.066884426787,
    11.74657538755));
#5990 = DIRECTION('',(0.927183854566,8.934249003097E-13,0.374606593417)
  );
#5991 = DIRECTION('',(0.374606593417,-6.000468130655E-29,-0.927183854566
    ));
#5992 = ADVANCED_FACE('',(#5993),#6004,.T.);
#5993 = FACE_BOUND('',#5994,.T.);
#5994 = EDGE_LOOP('',(#5995,#5996,#5997,#5998));
#5995 = ORIENTED_EDGE('',*,*,#3699,.F.);
#5996 = ORIENTED_EDGE('',*,*,#5982,.F.);
#5997 = ORIENTED_EDGE('',*,*,#4133,.T.);
#5998 = ORIENTED_EDGE('',*,*,#5999,.T.);
#5999 = EDGE_CURVE('',#4134,#3692,#6000,.T.);
#6000 = LINE('',#6001,#6002);
#6001 = CARTESIAN_POINT('',(7.1247184769,12.066884426787,11.44527124032)
  );
#6002 = VECTOR('',#6003,1.);
#6003 = DIRECTION('',(-9.635897949577E-13,1.,0.));
#6004 = CYLINDRICAL_SURFACE('',#6005,0.15);
#6005 = AXIS2_PLACEMENT_3D('',#6006,#6007,#6008);
#6006 = CARTESIAN_POINT('',(7.068527487887,12.066884426787,
    11.584348818506));
#6007 = DIRECTION('',(-9.635897949577E-13,1.,0.));
#6008 = DIRECTION('',(-1.,-9.635897949577E-13,-0.));
#6009 = ADVANCED_FACE('',(#6010),#6021,.T.);
#6010 = FACE_BOUND('',#6011,.T.);
#6011 = EDGE_LOOP('',(#6012,#6013,#6014,#6015));
#6012 = ORIENTED_EDGE('',*,*,#3691,.F.);
#6013 = ORIENTED_EDGE('',*,*,#5999,.F.);
#6014 = ORIENTED_EDGE('',*,*,#4142,.T.);
#6015 = ORIENTED_EDGE('',*,*,#6016,.T.);
#6016 = EDGE_CURVE('',#4143,#3683,#6017,.T.);
#6017 = LINE('',#6018,#6019);
#6018 = CARTESIAN_POINT('',(7.078359284172,12.066884426787,
    11.42654091065));
#6019 = VECTOR('',#6020,1.);
#6020 = DIRECTION('',(-9.635897949577E-13,1.,0.));
#6021 = PLANE('',#6022);
#6022 = AXIS2_PLACEMENT_3D('',#6023,#6024,#6025);
#6023 = CARTESIAN_POINT('',(7.1247184769,12.066884426787,11.44527124032)
  );
#6024 = DIRECTION('',(0.374606593417,3.609670905409E-13,-0.927183854566)
  );
#6025 = DIRECTION('',(-0.927183854566,-4.269672106614E-29,
    -0.374606593417));
#6026 = ADVANCED_FACE('',(#6027),#6038,.T.);
#6027 = FACE_BOUND('',#6028,.T.);
#6028 = EDGE_LOOP('',(#6029,#6030,#6031,#6032));
#6029 = ORIENTED_EDGE('',*,*,#3682,.F.);
#6030 = ORIENTED_EDGE('',*,*,#6016,.F.);
#6031 = ORIENTED_EDGE('',*,*,#4150,.T.);
#6032 = ORIENTED_EDGE('',*,*,#6033,.T.);
#6033 = EDGE_CURVE('',#4151,#3674,#6034,.T.);
#6034 = LINE('',#6035,#6036);
#6035 = CARTESIAN_POINT('',(6.883090716974,12.066884426786,
    11.509427499822));
#6036 = VECTOR('',#6037,1.);
#6037 = DIRECTION('',(-9.635897949577E-13,1.,0.));
#6038 = CYLINDRICAL_SURFACE('',#6039,0.15);
#6039 = AXIS2_PLACEMENT_3D('',#6040,#6041,#6042);
#6040 = CARTESIAN_POINT('',(7.022168295159,12.066884426787,
    11.565618488834));
#6041 = DIRECTION('',(-9.635897949577E-13,1.,0.));
#6042 = DIRECTION('',(-1.,-9.635897949577E-13,-0.));
#6043 = ADVANCED_FACE('',(#6044),#6055,.F.);
#6044 = FACE_BOUND('',#6045,.F.);
#6045 = EDGE_LOOP('',(#6046,#6052,#6053,#6054));
#6046 = ORIENTED_EDGE('',*,*,#6047,.F.);
#6047 = EDGE_CURVE('',#4160,#3666,#6048,.T.);
#6048 = LINE('',#6049,#6050);
#6049 = CARTESIAN_POINT('',(6.622732627378,12.066884426786,
    11.619942952053));
#6050 = VECTOR('',#6051,1.);
#6051 = DIRECTION('',(-9.635897949577E-13,1.,0.));
#6052 = ORIENTED_EDGE('',*,*,#4159,.F.);
#6053 = ORIENTED_EDGE('',*,*,#6033,.T.);
#6054 = ORIENTED_EDGE('',*,*,#3673,.T.);
#6055 = CYLINDRICAL_SURFACE('',#6056,0.2);
#6056 = AXIS2_PLACEMENT_3D('',#6057,#6058,#6059);
#6057 = CARTESIAN_POINT('',(6.697653946061,12.066884426786,
    11.434506181139));
#6058 = DIRECTION('',(-9.635897949577E-13,1.,0.));
#6059 = DIRECTION('',(-1.,-9.635897949577E-13,-0.));
#6060 = ADVANCED_FACE('',(#6061),#6067,.T.);
#6061 = FACE_BOUND('',#6062,.T.);
#6062 = EDGE_LOOP('',(#6063,#6064,#6065,#6066));
#6063 = ORIENTED_EDGE('',*,*,#3665,.F.);
#6064 = ORIENTED_EDGE('',*,*,#6047,.F.);
#6065 = ORIENTED_EDGE('',*,*,#4168,.T.);
#6066 = ORIENTED_EDGE('',*,*,#3915,.T.);
#6067 = PLANE('',#6068);
#6068 = AXIS2_PLACEMENT_3D('',#6069,#6070,#6071);
#6069 = CARTESIAN_POINT('',(6.622732627378,12.066884426786,
    11.619942952053));
#6070 = DIRECTION('',(0.374606593415,3.609670905388E-13,-0.927183854567)
  );
#6071 = DIRECTION('',(-0.927183854567,-6.376264304866E-30,
    -0.374606593415));
#6072 = ADVANCED_FACE('',(#6073),#6084,.T.);
#6073 = FACE_BOUND('',#6074,.T.);
#6074 = EDGE_LOOP('',(#6075,#6076,#6077,#6078));
#6075 = ORIENTED_EDGE('',*,*,#3621,.F.);
#6076 = ORIENTED_EDGE('',*,*,#4253,.F.);
#6077 = ORIENTED_EDGE('',*,*,#4204,.T.);
#6078 = ORIENTED_EDGE('',*,*,#6079,.T.);
#6079 = EDGE_CURVE('',#4205,#3613,#6080,.T.);
#6080 = LINE('',#6081,#6082);
#6081 = CARTESIAN_POINT('',(6.498636264566,12.066884426786,
    11.11096403013));
#6082 = VECTOR('',#6083,1.);
#6083 = DIRECTION('',(-9.635897949577E-13,1.,0.));
#6084 = PLANE('',#6085);
#6085 = AXIS2_PLACEMENT_3D('',#6086,#6087,#6088);
#6086 = CARTESIAN_POINT('',(6.275030012184,12.066884426786,
    11.201306820353));
#6087 = DIRECTION('',(0.374606593414,3.609670905377E-13,0.927183854567)
  );
#6088 = DIRECTION('',(0.927183854567,-1.26803567411E-29,-0.374606593414)
  );
#6089 = ADVANCED_FACE('',(#6090),#6101,.F.);
#6090 = FACE_BOUND('',#6091,.F.);
#6091 = EDGE_LOOP('',(#6092,#6098,#6099,#6100));
#6092 = ORIENTED_EDGE('',*,*,#6093,.F.);
#6093 = EDGE_CURVE('',#4213,#3605,#6094,.T.);
#6094 = LINE('',#6095,#6096);
#6095 = CARTESIAN_POINT('',(6.925578814223,12.066884426787,
    11.039518349943));
#6096 = VECTOR('',#6097,1.);
#6097 = DIRECTION('',(-9.635897949577E-13,1.,0.));
#6098 = ORIENTED_EDGE('',*,*,#4212,.F.);
#6099 = ORIENTED_EDGE('',*,*,#6079,.T.);
#6100 = ORIENTED_EDGE('',*,*,#3612,.T.);
#6101 = CYLINDRICAL_SURFACE('',#6102,1.);
#6102 = AXIS2_PLACEMENT_3D('',#6103,#6104,#6105);
#6103 = CARTESIAN_POINT('',(6.87324285798,12.066884426786,
    12.038147884698));
#6104 = DIRECTION('',(-9.635897949577E-13,1.,0.));
#6105 = DIRECTION('',(-1.,-9.635897949577E-13,0.));
#6106 = ADVANCED_FACE('',(#6107),#6118,.T.);
#6107 = FACE_BOUND('',#6108,.T.);
#6108 = EDGE_LOOP('',(#6109,#6110,#6111,#6112));
#6109 = ORIENTED_EDGE('',*,*,#3604,.F.);
#6110 = ORIENTED_EDGE('',*,*,#6093,.F.);
#6111 = ORIENTED_EDGE('',*,*,#4221,.T.);
#6112 = ORIENTED_EDGE('',*,*,#6113,.T.);
#6113 = EDGE_CURVE('',#4222,#3597,#6114,.T.);
#6114 = LINE('',#6115,#6116);
#6115 = CARTESIAN_POINT('',(8.85021767462,12.066884426788,
    11.140384398538));
#6116 = VECTOR('',#6117,1.);
#6117 = DIRECTION('',(-9.635897949577E-13,1.,0.));
#6118 = PLANE('',#6119);
#6119 = AXIS2_PLACEMENT_3D('',#6120,#6121,#6122);
#6120 = CARTESIAN_POINT('',(6.925578814223,12.066884426787,
    11.039518349943));
#6121 = DIRECTION('',(-5.233595624258E-02,-5.04303933447E-14,
    0.998629534755));
#6122 = DIRECTION('',(0.998629534755,6.169827528362E-31,
    5.233595624258E-02));
#6123 = ADVANCED_FACE('',(#6124),#6135,.T.);
#6124 = FACE_BOUND('',#6125,.T.);
#6125 = EDGE_LOOP('',(#6126,#6127,#6128,#6129));
#6126 = ORIENTED_EDGE('',*,*,#3596,.F.);
#6127 = ORIENTED_EDGE('',*,*,#6113,.F.);
#6128 = ORIENTED_EDGE('',*,*,#4229,.T.);
#6129 = ORIENTED_EDGE('',*,*,#6130,.T.);
#6130 = EDGE_CURVE('',#4230,#3589,#6131,.T.);
#6131 = LINE('',#6132,#6133);
#6132 = CARTESIAN_POINT('',(9.489102169839,12.066884426789,
    11.140384398538));
#6133 = VECTOR('',#6134,1.);
#6134 = DIRECTION('',(-9.635897949577E-13,1.,0.));
#6135 = PLANE('',#6136);
#6136 = AXIS2_PLACEMENT_3D('',#6137,#6138,#6139);
#6137 = CARTESIAN_POINT('',(8.85021767462,12.066884426788,
    11.140384398538));
#6138 = DIRECTION('',(0.,0.,1.));
#6139 = DIRECTION('',(1.,0.,0.));
#6140 = ADVANCED_FACE('',(#6141),#6147,.T.);
#6141 = FACE_BOUND('',#6142,.T.);
#6142 = EDGE_LOOP('',(#6143,#6144,#6145,#6146));
#6143 = ORIENTED_EDGE('',*,*,#3588,.F.);
#6144 = ORIENTED_EDGE('',*,*,#6130,.F.);
#6145 = ORIENTED_EDGE('',*,*,#4237,.T.);
#6146 = ORIENTED_EDGE('',*,*,#5653,.T.);
#6147 = PLANE('',#6148);
#6148 = AXIS2_PLACEMENT_3D('',#6149,#6150,#6151);
#6149 = CARTESIAN_POINT('',(9.489102169839,12.066884426789,
    11.140384398538));
#6150 = DIRECTION('',(0.173648177667,1.673256119132E-13,0.984807753012)
  );
#6151 = DIRECTION('',(0.984807753012,-8.889201002936E-31,-0.173648177667
    ));
#6152 = ADVANCED_FACE('',(#6153,#6323),#6465,.T.);
#6153 = FACE_BOUND('',#6154,.T.);
#6154 = EDGE_LOOP('',(#6155,#6164,#6173,#6181,#6189,#6197,#6205,#6213,
    #6222,#6231,#6237,#6238,#6246,#6255,#6264,#6272,#6280,#6288,#6296,
    #6304,#6313,#6320,#6321,#6322));
#6155 = ORIENTED_EDGE('',*,*,#6156,.T.);
#6156 = EDGE_CURVE('',#5702,#6157,#6159,.T.);
#6157 = VERTEX_POINT('',#6158);
#6158 = CARTESIAN_POINT('',(-0.868769648186,11.366884426795,
    10.540384398536));
#6159 = CIRCLE('',#6160,0.325);
#6160 = AXIS2_PLACEMENT_3D('',#6161,#6162,#6163);
#6161 = CARTESIAN_POINT('',(-0.868769648186,11.691884426796,
    10.540384398536));
#6162 = DIRECTION('',(0.,0.,-1.));
#6163 = DIRECTION('',(1.,0.,0.));
#6164 = ORIENTED_EDGE('',*,*,#6165,.T.);
#6165 = EDGE_CURVE('',#6157,#6166,#6168,.T.);
#6166 = VERTEX_POINT('',#6167);
#6167 = CARTESIAN_POINT('',(-1.193769648174,11.691884426796,
    10.540384398536));
#6168 = CIRCLE('',#6169,0.325);
#6169 = AXIS2_PLACEMENT_3D('',#6170,#6171,#6172);
#6170 = CARTESIAN_POINT('',(-0.868769648174,11.691884426796,
    10.540384398536));
#6171 = DIRECTION('',(0.,0.,-1.));
#6172 = DIRECTION('',(1.,0.,0.));
#6173 = ORIENTED_EDGE('',*,*,#6174,.F.);
#6174 = EDGE_CURVE('',#6175,#6166,#6177,.T.);
#6175 = VERTEX_POINT('',#6176);
#6176 = CARTESIAN_POINT('',(-1.193769648174,12.36688442679,
    10.540384398536));
#6177 = LINE('',#6178,#6179);
#6178 = CARTESIAN_POINT('',(-1.193769648174,12.36688442679,
    10.540384398536));
#6179 = VECTOR('',#6180,1.);
#6180 = DIRECTION('',(0.,-1.,0.));
#6181 = ORIENTED_EDGE('',*,*,#6182,.T.);
#6182 = EDGE_CURVE('',#6175,#6183,#6185,.T.);
#6183 = VERTEX_POINT('',#6184);
#6184 = CARTESIAN_POINT('',(-1.993769648186,12.36688442678,
    10.540384398536));
#6185 = LINE('',#6186,#6187);
#6186 = CARTESIAN_POINT('',(-0.543769648198,12.36688442678,
    10.540384398536));
#6187 = VECTOR('',#6188,1.);
#6188 = DIRECTION('',(-1.,0.,0.));
#6189 = ORIENTED_EDGE('',*,*,#6190,.T.);
#6190 = EDGE_CURVE('',#6183,#6191,#6193,.T.);
#6191 = VERTEX_POINT('',#6192);
#6192 = CARTESIAN_POINT('',(-1.993769648186,0.166884426802,
    10.540384398536));
#6193 = LINE('',#6194,#6195);
#6194 = CARTESIAN_POINT('',(-1.993769648186,11.366884426791,
    10.540384398536));
#6195 = VECTOR('',#6196,1.);
#6196 = DIRECTION('',(0.,-1.,0.));
#6197 = ORIENTED_EDGE('',*,*,#6198,.T.);
#6198 = EDGE_CURVE('',#6191,#6199,#6201,.T.);
#6199 = VERTEX_POINT('',#6200);
#6200 = CARTESIAN_POINT('',(-1.193769648174,0.166884426802,
    10.540384398536));
#6201 = LINE('',#6202,#6203);
#6202 = CARTESIAN_POINT('',(-1.993769648186,0.166884426802,
    10.540384398536));
#6203 = VECTOR('',#6204,1.);
#6204 = DIRECTION('',(1.,0.,0.));
#6205 = ORIENTED_EDGE('',*,*,#6206,.F.);
#6206 = EDGE_CURVE('',#6207,#6199,#6209,.T.);
#6207 = VERTEX_POINT('',#6208);
#6208 = CARTESIAN_POINT('',(-1.193769648174,0.841884426795,
    10.540384398536));
#6209 = LINE('',#6210,#6211);
#6210 = CARTESIAN_POINT('',(-1.193769648174,0.166884426801,
    10.540384398536));
#6211 = VECTOR('',#6212,1.);
#6212 = DIRECTION('',(-0.,-1.,-0.));
#6213 = ORIENTED_EDGE('',*,*,#6214,.T.);
#6214 = EDGE_CURVE('',#6207,#6215,#6217,.T.);
#6215 = VERTEX_POINT('',#6216);
#6216 = CARTESIAN_POINT('',(-0.868769648186,1.166884426795,
    10.540384398536));
#6217 = CIRCLE('',#6218,0.325);
#6218 = AXIS2_PLACEMENT_3D('',#6219,#6220,#6221);
#6219 = CARTESIAN_POINT('',(-0.868769648174,0.841884426795,
    10.540384398536));
#6220 = DIRECTION('',(0.,0.,-1.));
#6221 = DIRECTION('',(1.,0.,0.));
#6222 = ORIENTED_EDGE('',*,*,#6223,.T.);
#6223 = EDGE_CURVE('',#6215,#6224,#6226,.T.);
#6224 = VERTEX_POINT('',#6225);
#6225 = CARTESIAN_POINT('',(-0.543769648174,0.841884426795,
    10.540384398536));
#6226 = CIRCLE('',#6227,0.325);
#6227 = AXIS2_PLACEMENT_3D('',#6228,#6229,#6230);
#6228 = CARTESIAN_POINT('',(-0.868769648186,0.841884426795,
    10.540384398536));
#6229 = DIRECTION('',(0.,0.,-1.));
#6230 = DIRECTION('',(1.,0.,0.));
#6231 = ORIENTED_EDGE('',*,*,#6232,.F.);
#6232 = EDGE_CURVE('',#4706,#6224,#6233,.T.);
#6233 = LINE('',#6234,#6235);
#6234 = CARTESIAN_POINT('',(-0.543769648174,0.166884426801,
    10.540384398536));
#6235 = VECTOR('',#6236,1.);
#6236 = DIRECTION('',(0.,1.,0.));
#6237 = ORIENTED_EDGE('',*,*,#4713,.T.);
#6238 = ORIENTED_EDGE('',*,*,#6239,.F.);
#6239 = EDGE_CURVE('',#6240,#4714,#6242,.T.);
#6240 = VERTEX_POINT('',#6241);
#6241 = CARTESIAN_POINT('',(10.056230351802,0.841884426795,
    10.540384398536));
#6242 = LINE('',#6243,#6244);
#6243 = CARTESIAN_POINT('',(10.056230351802,0.166884426801,
    10.540384398536));
#6244 = VECTOR('',#6245,1.);
#6245 = DIRECTION('',(-0.,-1.,-0.));
#6246 = ORIENTED_EDGE('',*,*,#6247,.T.);
#6247 = EDGE_CURVE('',#6240,#6248,#6250,.T.);
#6248 = VERTEX_POINT('',#6249);
#6249 = CARTESIAN_POINT('',(10.381230351802,1.166884426795,
    10.540384398536));
#6250 = CIRCLE('',#6251,0.325);
#6251 = AXIS2_PLACEMENT_3D('',#6252,#6253,#6254);
#6252 = CARTESIAN_POINT('',(10.381230351813,0.841884426795,
    10.540384398536));
#6253 = DIRECTION('',(0.,0.,-1.));
#6254 = DIRECTION('',(1.,0.,0.));
#6255 = ORIENTED_EDGE('',*,*,#6256,.T.);
#6256 = EDGE_CURVE('',#6248,#6257,#6259,.T.);
#6257 = VERTEX_POINT('',#6258);
#6258 = CARTESIAN_POINT('',(10.706230351802,0.841884426795,
    10.540384398536));
#6259 = CIRCLE('',#6260,0.325);
#6260 = AXIS2_PLACEMENT_3D('',#6261,#6262,#6263);
#6261 = CARTESIAN_POINT('',(10.381230351802,0.841884426795,
    10.540384398536));
#6262 = DIRECTION('',(0.,0.,-1.));
#6263 = DIRECTION('',(1.,0.,0.));
#6264 = ORIENTED_EDGE('',*,*,#6265,.F.);
#6265 = EDGE_CURVE('',#6266,#6257,#6268,.T.);
#6266 = VERTEX_POINT('',#6267);
#6267 = CARTESIAN_POINT('',(10.706230351802,0.166884426801,
    10.540384398536));
#6268 = LINE('',#6269,#6270);
#6269 = CARTESIAN_POINT('',(10.706230351802,0.166884426801,
    10.540384398536));
#6270 = VECTOR('',#6271,1.);
#6271 = DIRECTION('',(0.,1.,0.));
#6272 = ORIENTED_EDGE('',*,*,#6273,.T.);
#6273 = EDGE_CURVE('',#6266,#6274,#6276,.T.);
#6274 = VERTEX_POINT('',#6275);
#6275 = CARTESIAN_POINT('',(11.506230351813,0.166884426792,
    10.540384398536));
#6276 = LINE('',#6277,#6278);
#6277 = CARTESIAN_POINT('',(10.056230351813,0.166884426792,
    10.540384398536));
#6278 = VECTOR('',#6279,1.);
#6279 = DIRECTION('',(1.,0.,0.));
#6280 = ORIENTED_EDGE('',*,*,#6281,.T.);
#6281 = EDGE_CURVE('',#6274,#6282,#6284,.T.);
#6282 = VERTEX_POINT('',#6283);
#6283 = CARTESIAN_POINT('',(11.506230351813,12.36688442679,
    10.540384398536));
#6284 = LINE('',#6285,#6286);
#6285 = CARTESIAN_POINT('',(11.506230351813,1.166884426791,
    10.540384398536));
#6286 = VECTOR('',#6287,1.);
#6287 = DIRECTION('',(0.,1.,0.));
#6288 = ORIENTED_EDGE('',*,*,#6289,.T.);
#6289 = EDGE_CURVE('',#6282,#6290,#6292,.T.);
#6290 = VERTEX_POINT('',#6291);
#6291 = CARTESIAN_POINT('',(10.706230351802,12.36688442679,
    10.540384398536));
#6292 = LINE('',#6293,#6294);
#6293 = CARTESIAN_POINT('',(10.056230351802,12.36688442679,
    10.540384398536));
#6294 = VECTOR('',#6295,1.);
#6295 = DIRECTION('',(-1.,-0.,-0.));
#6296 = ORIENTED_EDGE('',*,*,#6297,.F.);
#6297 = EDGE_CURVE('',#6298,#6290,#6300,.T.);
#6298 = VERTEX_POINT('',#6299);
#6299 = CARTESIAN_POINT('',(10.706230351802,11.691884426796,
    10.540384398536));
#6300 = LINE('',#6301,#6302);
#6301 = CARTESIAN_POINT('',(10.706230351802,12.36688442679,
    10.540384398536));
#6302 = VECTOR('',#6303,1.);
#6303 = DIRECTION('',(0.,1.,0.));
#6304 = ORIENTED_EDGE('',*,*,#6305,.T.);
#6305 = EDGE_CURVE('',#6298,#6306,#6308,.T.);
#6306 = VERTEX_POINT('',#6307);
#6307 = CARTESIAN_POINT('',(10.381230351802,11.366884426795,
    10.540384398536));
#6308 = CIRCLE('',#6309,0.325);
#6309 = AXIS2_PLACEMENT_3D('',#6310,#6311,#6312);
#6310 = CARTESIAN_POINT('',(10.381230351802,11.691884426796,
    10.540384398536));
#6311 = DIRECTION('',(0.,0.,-1.));
#6312 = DIRECTION('',(1.,0.,0.));
#6313 = ORIENTED_EDGE('',*,*,#6314,.T.);
#6314 = EDGE_CURVE('',#6306,#5622,#6315,.T.);
#6315 = CIRCLE('',#6316,0.325);
#6316 = AXIS2_PLACEMENT_3D('',#6317,#6318,#6319);
#6317 = CARTESIAN_POINT('',(10.381230351813,11.691884426796,
    10.540384398536));
#6318 = DIRECTION('',(0.,0.,-1.));
#6319 = DIRECTION('',(1.,0.,0.));
#6320 = ORIENTED_EDGE('',*,*,#5621,.F.);
#6321 = ORIENTED_EDGE('',*,*,#3941,.T.);
#6322 = ORIENTED_EDGE('',*,*,#5709,.F.);
#6323 = FACE_BOUND('',#6324,.T.);
#6324 = EDGE_LOOP('',(#6325,#6335,#6343,#6352,#6360,#6369,#6377,#6385,
    #6393,#6401,#6409,#6417,#6426,#6434,#6443,#6451,#6459));
#6325 = ORIENTED_EDGE('',*,*,#6326,.T.);
#6326 = EDGE_CURVE('',#6327,#6329,#6331,.T.);
#6327 = VERTEX_POINT('',#6328);
#6328 = CARTESIAN_POINT('',(11.156230351814,2.46688442679,
    10.540384398536));
#6329 = VERTEX_POINT('',#6330);
#6330 = CARTESIAN_POINT('',(9.606230351814,2.46688442679,10.540384398536
    ));
#6331 = LINE('',#6332,#6333);
#6332 = CARTESIAN_POINT('',(4.756230351814,2.466884426791,
    10.540384398536));
#6333 = VECTOR('',#6334,1.);
#6334 = DIRECTION('',(-1.,1.08968389867E-13,0.));
#6335 = ORIENTED_EDGE('',*,*,#6336,.F.);
#6336 = EDGE_CURVE('',#6337,#6329,#6339,.T.);
#6337 = VERTEX_POINT('',#6338);
#6338 = CARTESIAN_POINT('',(9.606230351813,1.81688442679,10.540384398536
    ));
#6339 = LINE('',#6340,#6341);
#6340 = CARTESIAN_POINT('',(9.606230351814,10.716884426791,
    10.540384398536));
#6341 = VECTOR('',#6342,1.);
#6342 = DIRECTION('',(8.732091204916E-14,1.,0.));
#6343 = ORIENTED_EDGE('',*,*,#6344,.F.);
#6344 = EDGE_CURVE('',#6345,#6337,#6347,.T.);
#6345 = VERTEX_POINT('',#6346);
#6346 = CARTESIAN_POINT('',(9.006230351813,1.21688442679,10.540384398536
    ));
#6347 = CIRCLE('',#6348,0.6);
#6348 = AXIS2_PLACEMENT_3D('',#6349,#6350,#6351);
#6349 = CARTESIAN_POINT('',(9.006230351813,1.81688442679,10.540384398536
    ));
#6350 = DIRECTION('',(0.,0.,1.));
#6351 = DIRECTION('',(1.,0.,0.));
#6352 = ORIENTED_EDGE('',*,*,#6353,.F.);
#6353 = EDGE_CURVE('',#6354,#6345,#6356,.T.);
#6354 = VERTEX_POINT('',#6355);
#6355 = CARTESIAN_POINT('',(0.506230351813,1.216884426791,
    10.540384398536));
#6356 = LINE('',#6357,#6358);
#6357 = CARTESIAN_POINT('',(0.506230351813,1.216884426791,
    10.540384398536));
#6358 = VECTOR('',#6359,1.);
#6359 = DIRECTION('',(1.,-1.044915787883E-13,0.));
#6360 = ORIENTED_EDGE('',*,*,#6361,.F.);
#6361 = EDGE_CURVE('',#6362,#6354,#6364,.T.);
#6362 = VERTEX_POINT('',#6363);
#6363 = CARTESIAN_POINT('',(-9.376964818648E-02,1.816884426791,
    10.540384398536));
#6364 = CIRCLE('',#6365,0.6);
#6365 = AXIS2_PLACEMENT_3D('',#6366,#6367,#6368);
#6366 = CARTESIAN_POINT('',(0.506230351813,1.816884426791,
    10.540384398536));
#6367 = DIRECTION('',(0.,0.,1.));
#6368 = DIRECTION('',(1.,0.,0.));
#6369 = ORIENTED_EDGE('',*,*,#6370,.F.);
#6370 = EDGE_CURVE('',#6371,#6362,#6373,.T.);
#6371 = VERTEX_POINT('',#6372);
#6372 = CARTESIAN_POINT('',(-9.376964818565E-02,2.466884426792,
    10.540384398536));
#6373 = LINE('',#6374,#6375);
#6374 = CARTESIAN_POINT('',(-9.376964818637E-02,10.716884426791,
    10.540384398536));
#6375 = VECTOR('',#6376,1.);
#6376 = DIRECTION('',(-2.494883201405E-14,-1.,0.));
#6377 = ORIENTED_EDGE('',*,*,#6378,.T.);
#6378 = EDGE_CURVE('',#6371,#6379,#6381,.T.);
#6379 = VERTEX_POINT('',#6380);
#6380 = CARTESIAN_POINT('',(-1.643769648186,2.466884426792,
    10.540384398536));
#6381 = LINE('',#6382,#6383);
#6382 = CARTESIAN_POINT('',(4.756230351814,2.466884426791,
    10.540384398536));
#6383 = VECTOR('',#6384,1.);
#6384 = DIRECTION('',(-1.,1.08968389867E-13,0.));
#6385 = ORIENTED_EDGE('',*,*,#6386,.T.);
#6386 = EDGE_CURVE('',#6379,#6387,#6389,.T.);
#6387 = VERTEX_POINT('',#6388);
#6388 = CARTESIAN_POINT('',(-1.643769648185,10.166884426792,
    10.540384398536));
#6389 = LINE('',#6390,#6391);
#6390 = CARTESIAN_POINT('',(-1.643769648186,2.366884426792,
    10.540384398536));
#6391 = VECTOR('',#6392,1.);
#6392 = DIRECTION('',(1.091907903126E-13,1.,0.));
#6393 = ORIENTED_EDGE('',*,*,#6394,.T.);
#6394 = EDGE_CURVE('',#6387,#6395,#6397,.T.);
#6395 = VERTEX_POINT('',#6396);
#6396 = CARTESIAN_POINT('',(-9.376964818481E-02,10.166884426792,
    10.540384398536));
#6397 = LINE('',#6398,#6399);
#6398 = CARTESIAN_POINT('',(-1.643769648185,10.166884426792,
    10.540384398536));
#6399 = VECTOR('',#6400,1.);
#6400 = DIRECTION('',(1.,-1.090361525027E-13,0.));
#6401 = ORIENTED_EDGE('',*,*,#6402,.F.);
#6402 = EDGE_CURVE('',#6403,#6395,#6405,.T.);
#6403 = VERTEX_POINT('',#6404);
#6404 = CARTESIAN_POINT('',(-9.376964818556E-02,10.666884426792,
    10.540384398536));
#6405 = LINE('',#6406,#6407);
#6406 = CARTESIAN_POINT('',(-9.376964818637E-02,10.716884426791,
    10.540384398536));
#6407 = VECTOR('',#6408,1.);
#6408 = DIRECTION('',(-2.494883201405E-14,-1.,0.));
#6409 = ORIENTED_EDGE('',*,*,#6410,.F.);
#6410 = EDGE_CURVE('',#6411,#6403,#6413,.T.);
#6411 = VERTEX_POINT('',#6412);
#6412 = CARTESIAN_POINT('',(-9.376964818637E-02,10.716884426791,
    10.540384398536));
#6413 = LINE('',#6414,#6415);
#6414 = CARTESIAN_POINT('',(-9.376964818637E-02,10.716884426791,
    10.540384398536));
#6415 = VECTOR('',#6416,1.);
#6416 = DIRECTION('',(-2.494883201405E-14,-1.,0.));
#6417 = ORIENTED_EDGE('',*,*,#6418,.F.);
#6418 = EDGE_CURVE('',#6419,#6411,#6421,.T.);
#6419 = VERTEX_POINT('',#6420);
#6420 = CARTESIAN_POINT('',(0.506230351814,11.316884426791,
    10.540384398536));
#6421 = CIRCLE('',#6422,0.6);
#6422 = AXIS2_PLACEMENT_3D('',#6423,#6424,#6425);
#6423 = CARTESIAN_POINT('',(0.506230351814,10.716884426791,
    10.540384398536));
#6424 = DIRECTION('',(0.,0.,1.));
#6425 = DIRECTION('',(1.,0.,0.));
#6426 = ORIENTED_EDGE('',*,*,#6427,.F.);
#6427 = EDGE_CURVE('',#6428,#6419,#6430,.T.);
#6428 = VERTEX_POINT('',#6429);
#6429 = CARTESIAN_POINT('',(9.006230351814,11.316884426791,
    10.540384398536));
#6430 = LINE('',#6431,#6432);
#6431 = CARTESIAN_POINT('',(0.506230351814,11.316884426791,
    10.540384398536));
#6432 = VECTOR('',#6433,1.);
#6433 = DIRECTION('',(-1.,-0.,-0.));
#6434 = ORIENTED_EDGE('',*,*,#6435,.F.);
#6435 = EDGE_CURVE('',#6436,#6428,#6438,.T.);
#6436 = VERTEX_POINT('',#6437);
#6437 = CARTESIAN_POINT('',(9.606230351814,10.716884426791,
    10.540384398536));
#6438 = CIRCLE('',#6439,0.6);
#6439 = AXIS2_PLACEMENT_3D('',#6440,#6441,#6442);
#6440 = CARTESIAN_POINT('',(9.006230351814,10.716884426791,
    10.540384398536));
#6441 = DIRECTION('',(0.,0.,1.));
#6442 = DIRECTION('',(1.,0.,0.));
#6443 = ORIENTED_EDGE('',*,*,#6444,.F.);
#6444 = EDGE_CURVE('',#6445,#6436,#6447,.T.);
#6445 = VERTEX_POINT('',#6446);
#6446 = CARTESIAN_POINT('',(9.606230351815,10.16688442679,
    10.540384398536));
#6447 = LINE('',#6448,#6449);
#6448 = CARTESIAN_POINT('',(9.606230351814,10.716884426791,
    10.540384398536));
#6449 = VECTOR('',#6450,1.);
#6450 = DIRECTION('',(8.732091204916E-14,1.,0.));
#6451 = ORIENTED_EDGE('',*,*,#6452,.T.);
#6452 = EDGE_CURVE('',#6445,#6453,#6455,.T.);
#6453 = VERTEX_POINT('',#6454);
#6454 = CARTESIAN_POINT('',(11.156230351815,10.16688442679,
    10.540384398536));
#6455 = LINE('',#6456,#6457);
#6456 = CARTESIAN_POINT('',(-1.643769648185,10.166884426792,
    10.540384398536));
#6457 = VECTOR('',#6458,1.);
#6458 = DIRECTION('',(1.,-1.090361525027E-13,0.));
#6459 = ORIENTED_EDGE('',*,*,#6460,.T.);
#6460 = EDGE_CURVE('',#6453,#6327,#6461,.T.);
#6461 = LINE('',#6462,#6463);
#6462 = CARTESIAN_POINT('',(11.156230351814,2.36688442679,
    10.540384398536));
#6463 = VECTOR('',#6464,1.);
#6464 = DIRECTION('',(-1.094131907582E-13,-1.,0.));
#6465 = PLANE('',#6466);
#6466 = AXIS2_PLACEMENT_3D('',#6467,#6468,#6469);
#6467 = CARTESIAN_POINT('',(-1.043769648186,0.666884426792,
    10.540384398536));
#6468 = DIRECTION('',(0.,0.,1.));
#6469 = DIRECTION('',(1.,0.,0.));
#6470 = ADVANCED_FACE('',(#6471),#6479,.F.);
#6471 = FACE_BOUND('',#6472,.F.);
#6472 = EDGE_LOOP('',(#6473,#6474,#6475,#6476,#6477,#6478));
#6473 = ORIENTED_EDGE('',*,*,#4328,.F.);
#6474 = ORIENTED_EDGE('',*,*,#4958,.F.);
#6475 = ORIENTED_EDGE('',*,*,#4949,.F.);
#6476 = ORIENTED_EDGE('',*,*,#4303,.T.);
#6477 = ORIENTED_EDGE('',*,*,#4419,.T.);
#6478 = ORIENTED_EDGE('',*,*,#4410,.T.);
#6479 = CYLINDRICAL_SURFACE('',#6480,0.15);
#6480 = AXIS2_PLACEMENT_3D('',#6481,#6482,#6483);
#6481 = CARTESIAN_POINT('',(3.18123970242,0.466884426799,11.340384398538
    ));
#6482 = DIRECTION('',(-9.635897949577E-13,-1.,0.));
#6483 = DIRECTION('',(1.,-9.635897949577E-13,0.));
#6484 = ADVANCED_FACE('',(#6485),#6519,.F.);
#6485 = FACE_BOUND('',#6486,.T.);
#6486 = EDGE_LOOP('',(#6487,#6488,#6496,#6504,#6511,#6512,#6518));
#6487 = ORIENTED_EDGE('',*,*,#6232,.T.);
#6488 = ORIENTED_EDGE('',*,*,#6489,.T.);
#6489 = EDGE_CURVE('',#6224,#6490,#6492,.T.);
#6490 = VERTEX_POINT('',#6491);
#6491 = CARTESIAN_POINT('',(-0.543769648174,0.841884426795,
    10.240384398536));
#6492 = LINE('',#6493,#6494);
#6493 = CARTESIAN_POINT('',(-0.543769648186,0.841884426795,
    10.240384398536));
#6494 = VECTOR('',#6495,1.);
#6495 = DIRECTION('',(-0.,-0.,-1.));
#6496 = ORIENTED_EDGE('',*,*,#6497,.F.);
#6497 = EDGE_CURVE('',#6498,#6490,#6500,.T.);
#6498 = VERTEX_POINT('',#6499);
#6499 = CARTESIAN_POINT('',(-0.543769648174,0.466884426803,
    10.240384398536));
#6500 = LINE('',#6501,#6502);
#6501 = CARTESIAN_POINT('',(-0.543769648174,0.666884426792,
    10.240384398536));
#6502 = VECTOR('',#6503,1.);
#6503 = DIRECTION('',(0.,1.,0.));
#6504 = ORIENTED_EDGE('',*,*,#6505,.T.);
#6505 = EDGE_CURVE('',#6498,#4353,#6506,.T.);
#6506 = CIRCLE('',#6507,0.3);
#6507 = AXIS2_PLACEMENT_3D('',#6508,#6509,#6510);
#6508 = CARTESIAN_POINT('',(-0.543769648186,0.466884426803,
    10.540384398536));
#6509 = DIRECTION('',(-1.,4.440892098602E-13,0.));
#6510 = DIRECTION('',(4.440892098602E-13,1.,0.));
#6511 = ORIENTED_EDGE('',*,*,#4350,.F.);
#6512 = ORIENTED_EDGE('',*,*,#6513,.F.);
#6513 = EDGE_CURVE('',#4704,#4351,#6514,.T.);
#6514 = LINE('',#6515,#6516);
#6515 = CARTESIAN_POINT('',(-0.543769648186,0.466884426803,
    11.040384398537));
#6516 = VECTOR('',#6517,1.);
#6517 = DIRECTION('',(-9.635897949577E-13,-1.,0.));
#6518 = ORIENTED_EDGE('',*,*,#4703,.T.);
#6519 = PLANE('',#6520);
#6520 = AXIS2_PLACEMENT_3D('',#6521,#6522,#6523);
#6521 = CARTESIAN_POINT('',(-0.543769648186,0.666884426791,
    10.540384398536));
#6522 = DIRECTION('',(1.,-4.440892098602E-13,0.));
#6523 = DIRECTION('',(4.440892098602E-13,1.,0.));
#6524 = ADVANCED_FACE('',(#6525),#6544,.T.);
#6525 = FACE_BOUND('',#6526,.T.);
#6526 = EDGE_LOOP('',(#6527,#6528,#6536,#6543));
#6527 = ORIENTED_EDGE('',*,*,#6505,.F.);
#6528 = ORIENTED_EDGE('',*,*,#6529,.F.);
#6529 = EDGE_CURVE('',#6530,#6498,#6532,.T.);
#6530 = VERTEX_POINT('',#6531);
#6531 = CARTESIAN_POINT('',(10.056230351802,0.466884426798,
    10.240384398536));
#6532 = LINE('',#6533,#6534);
#6533 = CARTESIAN_POINT('',(-1.043769648187,0.466884426803,
    10.240384398536));
#6534 = VECTOR('',#6535,1.);
#6535 = DIRECTION('',(-1.,9.635897949577E-13,0.));
#6536 = ORIENTED_EDGE('',*,*,#6537,.F.);
#6537 = EDGE_CURVE('',#4657,#6530,#6538,.T.);
#6538 = CIRCLE('',#6539,0.3);
#6539 = AXIS2_PLACEMENT_3D('',#6540,#6541,#6542);
#6540 = CARTESIAN_POINT('',(10.056230351813,0.466884426793,
    10.540384398536));
#6541 = DIRECTION('',(1.,4.440892098511E-13,0.));
#6542 = DIRECTION('',(4.440892098511E-13,-1.,0.));
#6543 = ORIENTED_EDGE('',*,*,#4664,.F.);
#6544 = CYLINDRICAL_SURFACE('',#6545,0.3);
#6545 = AXIS2_PLACEMENT_3D('',#6546,#6547,#6548);
#6546 = CARTESIAN_POINT('',(-0.543769648186,0.466884426803,
    10.540384398536));
#6547 = DIRECTION('',(1.,-9.635897949577E-13,0.));
#6548 = DIRECTION('',(9.635897949577E-13,1.,0.));
#6549 = ADVANCED_FACE('',(#6550),#6576,.F.);
#6550 = FACE_BOUND('',#6551,.T.);
#6551 = EDGE_LOOP('',(#6552,#6560,#6566,#6567,#6568,#6574,#6575));
#6552 = ORIENTED_EDGE('',*,*,#6553,.F.);
#6553 = EDGE_CURVE('',#6554,#6530,#6556,.T.);
#6554 = VERTEX_POINT('',#6555);
#6555 = CARTESIAN_POINT('',(10.056230351802,0.841884426795,
    10.240384398536));
#6556 = LINE('',#6557,#6558);
#6557 = CARTESIAN_POINT('',(10.056230351802,0.666884426792,
    10.240384398536));
#6558 = VECTOR('',#6559,1.);
#6559 = DIRECTION('',(0.,-1.,0.));
#6560 = ORIENTED_EDGE('',*,*,#6561,.T.);
#6561 = EDGE_CURVE('',#6554,#6240,#6562,.T.);
#6562 = LINE('',#6563,#6564);
#6563 = CARTESIAN_POINT('',(10.056230351813,0.841884426795,
    10.540384398536));
#6564 = VECTOR('',#6565,1.);
#6565 = DIRECTION('',(0.,0.,1.));
#6566 = ORIENTED_EDGE('',*,*,#6239,.T.);
#6567 = ORIENTED_EDGE('',*,*,#4721,.T.);
#6568 = ORIENTED_EDGE('',*,*,#6569,.T.);
#6569 = EDGE_CURVE('',#4722,#4649,#6570,.T.);
#6570 = LINE('',#6571,#6572);
#6571 = CARTESIAN_POINT('',(10.056230351814,0.466884426793,
    11.040384398537));
#6572 = VECTOR('',#6573,1.);
#6573 = DIRECTION('',(-9.635897949577E-13,-1.,0.));
#6574 = ORIENTED_EDGE('',*,*,#4656,.T.);
#6575 = ORIENTED_EDGE('',*,*,#6537,.T.);
#6576 = PLANE('',#6577);
#6577 = AXIS2_PLACEMENT_3D('',#6578,#6579,#6580);
#6578 = CARTESIAN_POINT('',(10.056230351813,0.666884426791,
    10.540384398536));
#6579 = DIRECTION('',(-1.,-4.440892098511E-13,0.));
#6580 = DIRECTION('',(4.440892098511E-13,-1.,0.));
#6581 = ADVANCED_FACE('',(#6582),#6593,.T.);
#6582 = FACE_BOUND('',#6583,.T.);
#6583 = EDGE_LOOP('',(#6584,#6585,#6586,#6587));
#6584 = ORIENTED_EDGE('',*,*,#4648,.F.);
#6585 = ORIENTED_EDGE('',*,*,#6569,.F.);
#6586 = ORIENTED_EDGE('',*,*,#4729,.T.);
#6587 = ORIENTED_EDGE('',*,*,#6588,.T.);
#6588 = EDGE_CURVE('',#4730,#4641,#6589,.T.);
#6589 = LINE('',#6590,#6591);
#6590 = CARTESIAN_POINT('',(9.489102169851,0.466884426793,
    11.140384398538));
#6591 = VECTOR('',#6592,1.);
#6592 = DIRECTION('',(-9.635897949577E-13,-1.,0.));
#6593 = PLANE('',#6594);
#6594 = AXIS2_PLACEMENT_3D('',#6595,#6596,#6597);
#6595 = CARTESIAN_POINT('',(10.056230351814,0.466884426793,
    11.040384398537));
#6596 = DIRECTION('',(0.173648177667,-1.673256119132E-13,0.984807753012)
  );
#6597 = DIRECTION('',(0.984807753012,8.889201002936E-31,-0.173648177667)
  );
#6598 = ADVANCED_FACE('',(#6599),#6610,.T.);
#6599 = FACE_BOUND('',#6600,.T.);
#6600 = EDGE_LOOP('',(#6601,#6602,#6603,#6604));
#6601 = ORIENTED_EDGE('',*,*,#4640,.F.);
#6602 = ORIENTED_EDGE('',*,*,#6588,.F.);
#6603 = ORIENTED_EDGE('',*,*,#4737,.T.);
#6604 = ORIENTED_EDGE('',*,*,#6605,.T.);
#6605 = EDGE_CURVE('',#4738,#4633,#6606,.T.);
#6606 = LINE('',#6607,#6608);
#6607 = CARTESIAN_POINT('',(8.850217674632,0.466884426794,
    11.140384398538));
#6608 = VECTOR('',#6609,1.);
#6609 = DIRECTION('',(-9.635897949577E-13,-1.,0.));
#6610 = PLANE('',#6611);
#6611 = AXIS2_PLACEMENT_3D('',#6612,#6613,#6614);
#6612 = CARTESIAN_POINT('',(9.489102169851,0.466884426793,
    11.140384398538));
#6613 = DIRECTION('',(0.,0.,1.));
#6614 = DIRECTION('',(1.,0.,0.));
#6615 = ADVANCED_FACE('',(#6616),#6627,.T.);
#6616 = FACE_BOUND('',#6617,.T.);
#6617 = EDGE_LOOP('',(#6618,#6619,#6620,#6621));
#6618 = ORIENTED_EDGE('',*,*,#4632,.F.);
#6619 = ORIENTED_EDGE('',*,*,#6605,.F.);
#6620 = ORIENTED_EDGE('',*,*,#4745,.T.);
#6621 = ORIENTED_EDGE('',*,*,#6622,.T.);
#6622 = EDGE_CURVE('',#4746,#4624,#6623,.T.);
#6623 = LINE('',#6624,#6625);
#6624 = CARTESIAN_POINT('',(6.925578814235,0.466884426795,
    11.039518349943));
#6625 = VECTOR('',#6626,1.);
#6626 = DIRECTION('',(-9.635897949577E-13,-1.,0.));
#6627 = PLANE('',#6628);
#6628 = AXIS2_PLACEMENT_3D('',#6629,#6630,#6631);
#6629 = CARTESIAN_POINT('',(8.850217674632,0.466884426794,
    11.140384398538));
#6630 = DIRECTION('',(-5.233595624257E-02,5.043039334469E-14,
    0.998629534755));
#6631 = DIRECTION('',(0.998629534755,-1.35807845157E-31,
    5.233595624257E-02));
#6632 = ADVANCED_FACE('',(#6633),#6644,.F.);
#6633 = FACE_BOUND('',#6634,.F.);
#6634 = EDGE_LOOP('',(#6635,#6641,#6642,#6643));
#6635 = ORIENTED_EDGE('',*,*,#6636,.F.);
#6636 = EDGE_CURVE('',#4754,#4616,#6637,.T.);
#6637 = LINE('',#6638,#6639);
#6638 = CARTESIAN_POINT('',(6.498636264578,0.466884426796,11.11096403013
    ));
#6639 = VECTOR('',#6640,1.);
#6640 = DIRECTION('',(-9.635897949577E-13,-1.,0.));
#6641 = ORIENTED_EDGE('',*,*,#4753,.F.);
#6642 = ORIENTED_EDGE('',*,*,#6622,.T.);
#6643 = ORIENTED_EDGE('',*,*,#4623,.T.);
#6644 = CYLINDRICAL_SURFACE('',#6645,1.);
#6645 = AXIS2_PLACEMENT_3D('',#6646,#6647,#6648);
#6646 = CARTESIAN_POINT('',(6.873242857992,0.466884426795,
    12.038147884698));
#6647 = DIRECTION('',(-9.635897949577E-13,-1.,0.));
#6648 = DIRECTION('',(1.,-9.635897949577E-13,0.));
#6649 = ADVANCED_FACE('',(#6650),#6656,.T.);
#6650 = FACE_BOUND('',#6651,.T.);
#6651 = EDGE_LOOP('',(#6652,#6653,#6654,#6655));
#6652 = ORIENTED_EDGE('',*,*,#4615,.F.);
#6653 = ORIENTED_EDGE('',*,*,#6636,.F.);
#6654 = ORIENTED_EDGE('',*,*,#4762,.T.);
#6655 = ORIENTED_EDGE('',*,*,#5568,.T.);
#6656 = PLANE('',#6657);
#6657 = AXIS2_PLACEMENT_3D('',#6658,#6659,#6660);
#6658 = CARTESIAN_POINT('',(6.498636264578,0.466884426796,11.11096403013
    ));
#6659 = DIRECTION('',(0.374606593414,-3.609670905378E-13,0.927183854567)
  );
#6660 = DIRECTION('',(0.927183854567,4.778642721202E-29,-0.374606593414)
  );
#6661 = ADVANCED_FACE('',(#6662),#6668,.F.);
#6662 = FACE_BOUND('',#6663,.F.);
#6663 = EDGE_LOOP('',(#6664,#6665,#6666,#6667));
#6664 = ORIENTED_EDGE('',*,*,#5420,.F.);
#6665 = ORIENTED_EDGE('',*,*,#4786,.F.);
#6666 = ORIENTED_EDGE('',*,*,#5436,.T.);
#6667 = ORIENTED_EDGE('',*,*,#4590,.T.);
#6668 = CYLINDRICAL_SURFACE('',#6669,0.15);
#6669 = AXIS2_PLACEMENT_3D('',#6670,#6671,#6672);
#6670 = CARTESIAN_POINT('',(6.331221001208,0.466884426796,
    11.340384398538));
#6671 = DIRECTION('',(-9.635897949577E-13,-1.,0.));
#6672 = DIRECTION('',(1.,-9.635897949577E-13,0.));
#6673 = ADVANCED_FACE('',(#6674),#6685,.T.);
#6674 = FACE_BOUND('',#6675,.T.);
#6675 = EDGE_LOOP('',(#6676,#6677,#6678,#6679));
#6676 = ORIENTED_EDGE('',*,*,#4566,.F.);
#6677 = ORIENTED_EDGE('',*,*,#5452,.F.);
#6678 = ORIENTED_EDGE('',*,*,#4811,.T.);
#6679 = ORIENTED_EDGE('',*,*,#6680,.T.);
#6680 = EDGE_CURVE('',#4812,#4558,#6681,.T.);
#6681 = LINE('',#6682,#6683);
#6682 = CARTESIAN_POINT('',(6.622732627389,0.466884426795,
    11.619942952053));
#6683 = VECTOR('',#6684,1.);
#6684 = DIRECTION('',(-9.635897949577E-13,-1.,0.));
#6685 = PLANE('',#6686);
#6686 = AXIS2_PLACEMENT_3D('',#6687,#6688,#6689);
#6687 = CARTESIAN_POINT('',(6.275030012196,0.466884426796,
    11.479461976723));
#6688 = DIRECTION('',(0.374606593415,-3.609670905389E-13,-0.927183854567
    ));
#6689 = DIRECTION('',(-0.927183854567,6.9153294221E-30,-0.374606593415)
  );
#6690 = ADVANCED_FACE('',(#6691),#6702,.F.);
#6691 = FACE_BOUND('',#6692,.F.);
#6692 = EDGE_LOOP('',(#6693,#6699,#6700,#6701));
#6693 = ORIENTED_EDGE('',*,*,#6694,.F.);
#6694 = EDGE_CURVE('',#4820,#4549,#6695,.T.);
#6695 = LINE('',#6696,#6697);
#6696 = CARTESIAN_POINT('',(6.883090716986,0.466884426795,
    11.509427499822));
#6697 = VECTOR('',#6698,1.);
#6698 = DIRECTION('',(-9.635897949577E-13,-1.,0.));
#6699 = ORIENTED_EDGE('',*,*,#4819,.F.);
#6700 = ORIENTED_EDGE('',*,*,#6680,.T.);
#6701 = ORIENTED_EDGE('',*,*,#4557,.T.);
#6702 = CYLINDRICAL_SURFACE('',#6703,0.2);
#6703 = AXIS2_PLACEMENT_3D('',#6704,#6705,#6706);
#6704 = CARTESIAN_POINT('',(6.697653946072,0.466884426795,
    11.434506181139));
#6705 = DIRECTION('',(-9.635897949577E-13,-1.,0.));
#6706 = DIRECTION('',(1.,-9.635897949577E-13,0.));
#6707 = ADVANCED_FACE('',(#6708),#6719,.T.);
#6708 = FACE_BOUND('',#6709,.T.);
#6709 = EDGE_LOOP('',(#6710,#6711,#6712,#6713));
#6710 = ORIENTED_EDGE('',*,*,#4548,.F.);
#6711 = ORIENTED_EDGE('',*,*,#6694,.F.);
#6712 = ORIENTED_EDGE('',*,*,#4828,.T.);
#6713 = ORIENTED_EDGE('',*,*,#6714,.T.);
#6714 = EDGE_CURVE('',#4829,#4541,#6715,.T.);
#6715 = LINE('',#6716,#6717);
#6716 = CARTESIAN_POINT('',(7.078359284184,0.466884426795,11.42654091065
    ));
#6717 = VECTOR('',#6718,1.);
#6718 = DIRECTION('',(-9.635897949577E-13,-1.,0.));
#6719 = CYLINDRICAL_SURFACE('',#6720,0.15);
#6720 = AXIS2_PLACEMENT_3D('',#6721,#6722,#6723);
#6721 = CARTESIAN_POINT('',(7.022168295171,0.466884426795,
    11.565618488834));
#6722 = DIRECTION('',(-9.635897949577E-13,-1.,0.));
#6723 = DIRECTION('',(1.,-9.635897949577E-13,0.));
#6724 = ADVANCED_FACE('',(#6725),#6736,.T.);
#6725 = FACE_BOUND('',#6726,.T.);
#6726 = EDGE_LOOP('',(#6727,#6728,#6729,#6730));
#6727 = ORIENTED_EDGE('',*,*,#4540,.F.);
#6728 = ORIENTED_EDGE('',*,*,#6714,.F.);
#6729 = ORIENTED_EDGE('',*,*,#4837,.T.);
#6730 = ORIENTED_EDGE('',*,*,#6731,.T.);
#6731 = EDGE_CURVE('',#4838,#4532,#6732,.T.);
#6732 = LINE('',#6733,#6734);
#6733 = CARTESIAN_POINT('',(7.124718476912,0.466884426795,11.44527124032
    ));
#6734 = VECTOR('',#6735,1.);
#6735 = DIRECTION('',(-9.635897949577E-13,-1.,0.));
#6736 = PLANE('',#6737);
#6737 = AXIS2_PLACEMENT_3D('',#6738,#6739,#6740);
#6738 = CARTESIAN_POINT('',(7.078359284184,0.466884426795,11.42654091065
    ));
#6739 = DIRECTION('',(0.374606593417,-3.609670905407E-13,-0.927183854566
    ));
#6740 = DIRECTION('',(-0.927183854566,9.413581453435E-30,-0.374606593417
    ));
#6741 = ADVANCED_FACE('',(#6742),#6755,.T.);
#6742 = FACE_BOUND('',#6743,.T.);
#6743 = EDGE_LOOP('',(#6744,#6745,#6746,#6747,#6748,#6749));
#6744 = ORIENTED_EDGE('',*,*,#4522,.F.);
#6745 = ORIENTED_EDGE('',*,*,#4531,.F.);
#6746 = ORIENTED_EDGE('',*,*,#6731,.F.);
#6747 = ORIENTED_EDGE('',*,*,#4845,.T.);
#6748 = ORIENTED_EDGE('',*,*,#4854,.T.);
#6749 = ORIENTED_EDGE('',*,*,#6750,.T.);
#6750 = EDGE_CURVE('',#4855,#4515,#6751,.T.);
#6751 = LINE('',#6752,#6753);
#6752 = CARTESIAN_POINT('',(7.207605066084,0.466884426795,
    11.640539807518));
#6753 = VECTOR('',#6754,1.);
#6754 = DIRECTION('',(-9.635897949577E-13,-1.,0.));
#6755 = CYLINDRICAL_SURFACE('',#6756,0.15);
#6756 = AXIS2_PLACEMENT_3D('',#6757,#6758,#6759);
#6757 = CARTESIAN_POINT('',(7.068527487899,0.466884426795,
    11.584348818506));
#6758 = DIRECTION('',(-9.635897949577E-13,-1.,0.));
#6759 = DIRECTION('',(1.,-9.635897949577E-13,0.));
#6760 = ADVANCED_FACE('',(#6761),#6772,.T.);
#6761 = FACE_BOUND('',#6762,.T.);
#6762 = EDGE_LOOP('',(#6763,#6764,#6765,#6766));
#6763 = ORIENTED_EDGE('',*,*,#4514,.F.);
#6764 = ORIENTED_EDGE('',*,*,#6750,.F.);
#6765 = ORIENTED_EDGE('',*,*,#4863,.T.);
#6766 = ORIENTED_EDGE('',*,*,#6767,.T.);
#6767 = EDGE_CURVE('',#4864,#4506,#6768,.T.);
#6768 = LINE('',#6769,#6770);
#6769 = CARTESIAN_POINT('',(7.164763910879,0.466884426795,11.74657538755
    ));
#6770 = VECTOR('',#6771,1.);
#6771 = DIRECTION('',(-9.635897949577E-13,-1.,0.));
#6772 = PLANE('',#6773);
#6773 = AXIS2_PLACEMENT_3D('',#6774,#6775,#6776);
#6774 = CARTESIAN_POINT('',(7.207605066084,0.466884426795,
    11.640539807518));
#6775 = DIRECTION('',(0.927183854566,-8.934249003097E-13,0.374606593417)
  );
#6776 = DIRECTION('',(0.374606593417,-1.055283250007E-29,-0.927183854566
    ));
#6777 = ADVANCED_FACE('',(#6778),#6789,.T.);
#6778 = FACE_BOUND('',#6779,.T.);
#6779 = EDGE_LOOP('',(#6780,#6781,#6782,#6783));
#6780 = ORIENTED_EDGE('',*,*,#4505,.F.);
#6781 = ORIENTED_EDGE('',*,*,#6767,.F.);
#6782 = ORIENTED_EDGE('',*,*,#4871,.T.);
#6783 = ORIENTED_EDGE('',*,*,#6784,.T.);
#6784 = EDGE_CURVE('',#4872,#4498,#6785,.T.);
#6785 = LINE('',#6786,#6787);
#6786 = CARTESIAN_POINT('',(7.025686332694,0.466884426795,
    11.840384398537));
#6787 = VECTOR('',#6788,1.);
#6788 = DIRECTION('',(-9.635897949577E-13,-1.,0.));
#6789 = CYLINDRICAL_SURFACE('',#6790,0.15);
#6790 = AXIS2_PLACEMENT_3D('',#6791,#6792,#6793);
#6791 = CARTESIAN_POINT('',(7.025686332694,0.466884426795,
    11.690384398537));
#6792 = DIRECTION('',(-9.635897949577E-13,-1.,0.));
#6793 = DIRECTION('',(1.,-9.635897949577E-13,0.));
#6794 = ADVANCED_FACE('',(#6795),#6806,.T.);
#6795 = FACE_BOUND('',#6796,.T.);
#6796 = EDGE_LOOP('',(#6797,#6798,#6799,#6800));
#6797 = ORIENTED_EDGE('',*,*,#4497,.F.);
#6798 = ORIENTED_EDGE('',*,*,#6784,.F.);
#6799 = ORIENTED_EDGE('',*,*,#4880,.T.);
#6800 = ORIENTED_EDGE('',*,*,#6801,.T.);
#6801 = EDGE_CURVE('',#4881,#4489,#6802,.T.);
#6802 = LINE('',#6803,#6804);
#6803 = CARTESIAN_POINT('',(2.486774370933,0.466884426799,
    11.840384398537));
#6804 = VECTOR('',#6805,1.);
#6805 = DIRECTION('',(-9.635897949577E-13,-1.,0.));
#6806 = PLANE('',#6807);
#6807 = AXIS2_PLACEMENT_3D('',#6808,#6809,#6810);
#6808 = CARTESIAN_POINT('',(7.025686332694,0.466884426795,
    11.840384398537));
#6809 = DIRECTION('',(0.,0.,1.));
#6810 = DIRECTION('',(1.,0.,0.));
#6811 = ADVANCED_FACE('',(#6812),#6823,.T.);
#6812 = FACE_BOUND('',#6813,.T.);
#6813 = EDGE_LOOP('',(#6814,#6815,#6816,#6817));
#6814 = ORIENTED_EDGE('',*,*,#4488,.F.);
#6815 = ORIENTED_EDGE('',*,*,#6801,.F.);
#6816 = ORIENTED_EDGE('',*,*,#4888,.T.);
#6817 = ORIENTED_EDGE('',*,*,#6818,.T.);
#6818 = EDGE_CURVE('',#4889,#4481,#6819,.T.);
#6819 = LINE('',#6820,#6821);
#6820 = CARTESIAN_POINT('',(2.347696792748,0.4668844268,11.74657538755)
  );
#6821 = VECTOR('',#6822,1.);
#6822 = DIRECTION('',(-9.635897949577E-13,-1.,0.));
#6823 = CYLINDRICAL_SURFACE('',#6824,0.15);
#6824 = AXIS2_PLACEMENT_3D('',#6825,#6826,#6827);
#6825 = CARTESIAN_POINT('',(2.486774370933,0.466884426799,
    11.690384398537));
#6826 = DIRECTION('',(-9.635897949577E-13,-1.,0.));
#6827 = DIRECTION('',(1.,-9.635897949577E-13,0.));
#6828 = ADVANCED_FACE('',(#6829),#6840,.T.);
#6829 = FACE_BOUND('',#6830,.T.);
#6830 = EDGE_LOOP('',(#6831,#6832,#6833,#6834));
#6831 = ORIENTED_EDGE('',*,*,#4480,.F.);
#6832 = ORIENTED_EDGE('',*,*,#6818,.F.);
#6833 = ORIENTED_EDGE('',*,*,#4897,.T.);
#6834 = ORIENTED_EDGE('',*,*,#6835,.T.);
#6835 = EDGE_CURVE('',#4898,#4472,#6836,.T.);
#6836 = LINE('',#6837,#6838);
#6837 = CARTESIAN_POINT('',(2.304855637544,0.4668844268,11.640539807518)
  );
#6838 = VECTOR('',#6839,1.);
#6839 = DIRECTION('',(-9.635897949577E-13,-1.,0.));
#6840 = PLANE('',#6841);
#6841 = AXIS2_PLACEMENT_3D('',#6842,#6843,#6844);
#6842 = CARTESIAN_POINT('',(2.347696792748,0.4668844268,11.74657538755)
  );
#6843 = DIRECTION('',(-0.927183854567,8.934249003104E-13,0.374606593415)
  );
#6844 = DIRECTION('',(0.374606593415,1.61793036879E-29,0.927183854567));
#6845 = ADVANCED_FACE('',(#6846),#6857,.T.);
#6846 = FACE_BOUND('',#6847,.T.);
#6847 = EDGE_LOOP('',(#6848,#6849,#6850,#6851));
#6848 = ORIENTED_EDGE('',*,*,#4471,.F.);
#6849 = ORIENTED_EDGE('',*,*,#6835,.F.);
#6850 = ORIENTED_EDGE('',*,*,#4905,.T.);
#6851 = ORIENTED_EDGE('',*,*,#6852,.T.);
#6852 = EDGE_CURVE('',#4906,#4464,#6853,.T.);
#6853 = LINE('',#6854,#6855);
#6854 = CARTESIAN_POINT('',(2.387742226716,0.4668844268,11.445271240321)
  );
#6855 = VECTOR('',#6856,1.);
#6856 = DIRECTION('',(-9.635897949577E-13,-1.,0.));
#6857 = CYLINDRICAL_SURFACE('',#6858,0.15);
#6858 = AXIS2_PLACEMENT_3D('',#6859,#6860,#6861);
#6859 = CARTESIAN_POINT('',(2.443933215729,0.4668844268,11.584348818505)
  );
#6860 = DIRECTION('',(-9.635897949577E-13,-1.,0.));
#6861 = DIRECTION('',(1.,-9.635897949577E-13,0.));
#6862 = ADVANCED_FACE('',(#6863),#6874,.T.);
#6863 = FACE_BOUND('',#6864,.T.);
#6864 = EDGE_LOOP('',(#6865,#6866,#6867,#6868));
#6865 = ORIENTED_EDGE('',*,*,#4463,.F.);
#6866 = ORIENTED_EDGE('',*,*,#6852,.F.);
#6867 = ORIENTED_EDGE('',*,*,#4914,.T.);
#6868 = ORIENTED_EDGE('',*,*,#6869,.T.);
#6869 = EDGE_CURVE('',#4915,#4455,#6870,.T.);
#6870 = LINE('',#6871,#6872);
#6871 = CARTESIAN_POINT('',(2.434101419444,0.466884426799,11.42654091065
    ));
#6872 = VECTOR('',#6873,1.);
#6873 = DIRECTION('',(-9.635897949577E-13,-1.,0.));
#6874 = PLANE('',#6875);
#6875 = AXIS2_PLACEMENT_3D('',#6876,#6877,#6878);
#6876 = CARTESIAN_POINT('',(2.387742226716,0.4668844268,11.445271240321)
  );
#6877 = DIRECTION('',(-0.374606593426,3.60967090549E-13,-0.927183854563)
  );
#6878 = DIRECTION('',(-0.927183854563,-7.497287998283E-30,0.374606593426
    ));
#6879 = ADVANCED_FACE('',(#6880),#6891,.T.);
#6880 = FACE_BOUND('',#6881,.T.);
#6881 = EDGE_LOOP('',(#6882,#6883,#6884,#6885));
#6882 = ORIENTED_EDGE('',*,*,#4454,.F.);
#6883 = ORIENTED_EDGE('',*,*,#6869,.F.);
#6884 = ORIENTED_EDGE('',*,*,#4922,.T.);
#6885 = ORIENTED_EDGE('',*,*,#6886,.T.);
#6886 = EDGE_CURVE('',#4923,#4446,#6887,.T.);
#6887 = LINE('',#6888,#6889);
#6888 = CARTESIAN_POINT('',(2.629369986642,0.466884426799,
    11.509427499822));
#6889 = VECTOR('',#6890,1.);
#6890 = DIRECTION('',(-9.635897949577E-13,-1.,0.));
#6891 = CYLINDRICAL_SURFACE('',#6892,0.15);
#6892 = AXIS2_PLACEMENT_3D('',#6893,#6894,#6895);
#6893 = CARTESIAN_POINT('',(2.490292408457,0.466884426799,
    11.565618488835));
#6894 = DIRECTION('',(-9.635897949577E-13,-1.,0.));
#6895 = DIRECTION('',(1.,-9.635897949577E-13,0.));
#6896 = ADVANCED_FACE('',(#6897),#6908,.F.);
#6897 = FACE_BOUND('',#6898,.F.);
#6898 = EDGE_LOOP('',(#6899,#6905,#6906,#6907));
#6899 = ORIENTED_EDGE('',*,*,#6900,.F.);
#6900 = EDGE_CURVE('',#4932,#4438,#6901,.T.);
#6901 = LINE('',#6902,#6903);
#6902 = CARTESIAN_POINT('',(2.889728076238,0.466884426799,
    11.619942952052));
#6903 = VECTOR('',#6904,1.);
#6904 = DIRECTION('',(-9.635897949577E-13,-1.,0.));
#6905 = ORIENTED_EDGE('',*,*,#4931,.F.);
#6906 = ORIENTED_EDGE('',*,*,#6886,.T.);
#6907 = ORIENTED_EDGE('',*,*,#4445,.T.);
#6908 = CYLINDRICAL_SURFACE('',#6909,0.2);
#6909 = AXIS2_PLACEMENT_3D('',#6910,#6911,#6912);
#6910 = CARTESIAN_POINT('',(2.814806757555,0.466884426799,
    11.434506181139));
#6911 = DIRECTION('',(-9.635897949577E-13,-1.,0.));
#6912 = DIRECTION('',(1.,-9.635897949577E-13,0.));
#6913 = ADVANCED_FACE('',(#6914),#6920,.T.);
#6914 = FACE_BOUND('',#6915,.T.);
#6915 = EDGE_LOOP('',(#6916,#6917,#6918,#6919));
#6916 = ORIENTED_EDGE('',*,*,#4437,.F.);
#6917 = ORIENTED_EDGE('',*,*,#6900,.F.);
#6918 = ORIENTED_EDGE('',*,*,#4940,.T.);
#6919 = ORIENTED_EDGE('',*,*,#4687,.T.);
#6920 = PLANE('',#6921);
#6921 = AXIS2_PLACEMENT_3D('',#6922,#6923,#6924);
#6922 = CARTESIAN_POINT('',(2.889728076238,0.466884426799,
    11.619942952052));
#6923 = DIRECTION('',(-0.374606593415,3.609670905389E-13,-0.927183854567
    ));
#6924 = DIRECTION('',(-0.927183854567,6.9153294221E-30,0.374606593415));
#6925 = ADVANCED_FACE('',(#6926),#6937,.T.);
#6926 = FACE_BOUND('',#6927,.T.);
#6927 = EDGE_LOOP('',(#6928,#6929,#6930,#6931));
#6928 = ORIENTED_EDGE('',*,*,#4393,.F.);
#6929 = ORIENTED_EDGE('',*,*,#5191,.F.);
#6930 = ORIENTED_EDGE('',*,*,#4976,.T.);
#6931 = ORIENTED_EDGE('',*,*,#6932,.T.);
#6932 = EDGE_CURVE('',#4977,#4385,#6933,.T.);
#6933 = LINE('',#6934,#6935);
#6934 = CARTESIAN_POINT('',(3.01382443905,0.466884426799,11.11096403013)
  );
#6935 = VECTOR('',#6936,1.);
#6936 = DIRECTION('',(-9.635897949577E-13,-1.,0.));
#6937 = PLANE('',#6938);
#6938 = AXIS2_PLACEMENT_3D('',#6939,#6940,#6941);
#6939 = CARTESIAN_POINT('',(3.237430691432,0.466884426799,
    11.201306820353));
#6940 = DIRECTION('',(-0.374606593414,3.609670905378E-13,0.927183854567)
  );
#6941 = DIRECTION('',(0.927183854567,4.778642721202E-29,0.374606593414)
  );
#6942 = ADVANCED_FACE('',(#6943),#6954,.F.);
#6943 = FACE_BOUND('',#6944,.F.);
#6944 = EDGE_LOOP('',(#6945,#6951,#6952,#6953));
#6945 = ORIENTED_EDGE('',*,*,#6946,.F.);
#6946 = EDGE_CURVE('',#4985,#4377,#6947,.T.);
#6947 = LINE('',#6948,#6949);
#6948 = CARTESIAN_POINT('',(2.586881889392,0.466884426799,
    11.039518349943));
#6949 = VECTOR('',#6950,1.);
#6950 = DIRECTION('',(-9.635897949577E-13,-1.,0.));
#6951 = ORIENTED_EDGE('',*,*,#4984,.F.);
#6952 = ORIENTED_EDGE('',*,*,#6932,.T.);
#6953 = ORIENTED_EDGE('',*,*,#4384,.T.);
#6954 = CYLINDRICAL_SURFACE('',#6955,1.);
#6955 = AXIS2_PLACEMENT_3D('',#6956,#6957,#6958);
#6956 = CARTESIAN_POINT('',(2.639217845636,0.466884426799,
    12.038147884697));
#6957 = DIRECTION('',(-9.635897949577E-13,-1.,0.));
#6958 = DIRECTION('',(1.,-9.635897949577E-13,0.));
#6959 = ADVANCED_FACE('',(#6960),#6971,.T.);
#6960 = FACE_BOUND('',#6961,.T.);
#6961 = EDGE_LOOP('',(#6962,#6963,#6964,#6965));
#6962 = ORIENTED_EDGE('',*,*,#4376,.F.);
#6963 = ORIENTED_EDGE('',*,*,#6946,.F.);
#6964 = ORIENTED_EDGE('',*,*,#4993,.T.);
#6965 = ORIENTED_EDGE('',*,*,#6966,.T.);
#6966 = EDGE_CURVE('',#4994,#4369,#6967,.T.);
#6967 = LINE('',#6968,#6969);
#6968 = CARTESIAN_POINT('',(0.662243028996,0.466884426801,
    11.140384398537));
#6969 = VECTOR('',#6970,1.);
#6970 = DIRECTION('',(-9.635897949577E-13,-1.,0.));
#6971 = PLANE('',#6972);
#6972 = AXIS2_PLACEMENT_3D('',#6973,#6974,#6975);
#6973 = CARTESIAN_POINT('',(2.586881889392,0.466884426799,
    11.039518349943));
#6974 = DIRECTION('',(5.233595624257E-02,-5.043039334469E-14,
    0.998629534755));
#6975 = DIRECTION('',(0.998629534755,-1.35807845157E-31,
    -5.233595624257E-02));
#6976 = ADVANCED_FACE('',(#6977),#6988,.T.);
#6977 = FACE_BOUND('',#6978,.T.);
#6978 = EDGE_LOOP('',(#6979,#6980,#6981,#6982));
#6979 = ORIENTED_EDGE('',*,*,#4368,.F.);
#6980 = ORIENTED_EDGE('',*,*,#6966,.F.);
#6981 = ORIENTED_EDGE('',*,*,#5001,.T.);
#6982 = ORIENTED_EDGE('',*,*,#6983,.T.);
#6983 = EDGE_CURVE('',#5002,#4361,#6984,.T.);
#6984 = LINE('',#6985,#6986);
#6985 = CARTESIAN_POINT('',(2.335853377645E-02,0.466884426802,
    11.140384398537));
#6986 = VECTOR('',#6987,1.);
#6987 = DIRECTION('',(-9.635897949577E-13,-1.,0.));
#6988 = PLANE('',#6989);
#6989 = AXIS2_PLACEMENT_3D('',#6990,#6991,#6992);
#6990 = CARTESIAN_POINT('',(0.662243028996,0.466884426801,
    11.140384398537));
#6991 = DIRECTION('',(0.,0.,1.));
#6992 = DIRECTION('',(1.,0.,0.));
#6993 = ADVANCED_FACE('',(#6994),#7000,.T.);
#6994 = FACE_BOUND('',#6995,.T.);
#6995 = EDGE_LOOP('',(#6996,#6997,#6998,#6999));
#6996 = ORIENTED_EDGE('',*,*,#4360,.F.);
#6997 = ORIENTED_EDGE('',*,*,#6983,.F.);
#6998 = ORIENTED_EDGE('',*,*,#5009,.T.);
#6999 = ORIENTED_EDGE('',*,*,#6513,.T.);
#7000 = PLANE('',#7001);
#7001 = AXIS2_PLACEMENT_3D('',#7002,#7003,#7004);
#7002 = CARTESIAN_POINT('',(2.335853377645E-02,0.466884426802,
    11.140384398537));
#7003 = DIRECTION('',(-0.173648177668,1.673256119139E-13,0.984807753012)
  );
#7004 = DIRECTION('',(0.984807753012,-3.086170825788E-30,0.173648177668)
  );
#7005 = ADVANCED_FACE('',(#7006),#7035,.F.);
#7006 = FACE_BOUND('',#7007,.F.);
#7007 = EDGE_LOOP('',(#7008,#7016,#7017,#7018,#7019,#7028));
#7008 = ORIENTED_EDGE('',*,*,#7009,.T.);
#7009 = EDGE_CURVE('',#7010,#6298,#7012,.T.);
#7010 = VERTEX_POINT('',#7011);
#7011 = CARTESIAN_POINT('',(10.706230351802,11.691884426796,
    10.240384398536));
#7012 = LINE('',#7013,#7014);
#7013 = CARTESIAN_POINT('',(10.706230351802,11.691884426796,
    10.540384398536));
#7014 = VECTOR('',#7015,1.);
#7015 = DIRECTION('',(0.,0.,1.));
#7016 = ORIENTED_EDGE('',*,*,#6305,.T.);
#7017 = ORIENTED_EDGE('',*,*,#6314,.T.);
#7018 = ORIENTED_EDGE('',*,*,#5629,.T.);
#7019 = ORIENTED_EDGE('',*,*,#7020,.T.);
#7020 = EDGE_CURVE('',#5630,#7021,#7023,.T.);
#7021 = VERTEX_POINT('',#7022);
#7022 = CARTESIAN_POINT('',(10.381230351802,11.366884426795,
    10.240384398536));
#7023 = CIRCLE('',#7024,0.325);
#7024 = AXIS2_PLACEMENT_3D('',#7025,#7026,#7027);
#7025 = CARTESIAN_POINT('',(10.381230351813,11.691884426796,
    10.240384398536));
#7026 = DIRECTION('',(0.,0.,1.));
#7027 = DIRECTION('',(1.,0.,0.));
#7028 = ORIENTED_EDGE('',*,*,#7029,.T.);
#7029 = EDGE_CURVE('',#7021,#7010,#7030,.T.);
#7030 = CIRCLE('',#7031,0.325);
#7031 = AXIS2_PLACEMENT_3D('',#7032,#7033,#7034);
#7032 = CARTESIAN_POINT('',(10.381230351802,11.691884426796,
    10.240384398536));
#7033 = DIRECTION('',(0.,0.,1.));
#7034 = DIRECTION('',(1.,0.,0.));
#7035 = CYLINDRICAL_SURFACE('',#7036,0.325);
#7036 = AXIS2_PLACEMENT_3D('',#7037,#7038,#7039);
#7037 = CARTESIAN_POINT('',(10.381230351813,11.691884426796,
    0.540384398536));
#7038 = DIRECTION('',(0.,0.,-1.));
#7039 = DIRECTION('',(-1.,0.,0.));
#7040 = ADVANCED_FACE('',(#7041,#7181,#7297,#7437,#7457),#7477,.T.);
#7041 = FACE_BOUND('',#7042,.T.);
#7042 = EDGE_LOOP('',(#7043,#7053,#7062,#7069,#7070,#7071,#7072,#7073,
    #7074,#7082,#7090,#7098,#7106,#7114,#7123,#7130,#7131,#7132,#7133,
    #7142,#7151,#7159,#7167,#7175));
#7043 = ORIENTED_EDGE('',*,*,#7044,.T.);
#7044 = EDGE_CURVE('',#7045,#7047,#7049,.T.);
#7045 = VERTEX_POINT('',#7046);
#7046 = CARTESIAN_POINT('',(-1.193769648174,12.36688442678,
    10.240384398536));
#7047 = VERTEX_POINT('',#7048);
#7048 = CARTESIAN_POINT('',(-1.193769648174,11.691884426796,
    10.240384398536));
#7049 = LINE('',#7050,#7051);
#7050 = CARTESIAN_POINT('',(-1.193769648174,0.666884426792,
    10.240384398536));
#7051 = VECTOR('',#7052,1.);
#7052 = DIRECTION('',(0.,-1.,0.));
#7053 = ORIENTED_EDGE('',*,*,#7054,.T.);
#7054 = EDGE_CURVE('',#7047,#7055,#7057,.T.);
#7055 = VERTEX_POINT('',#7056);
#7056 = CARTESIAN_POINT('',(-0.868769648186,11.366884426795,
    10.240384398536));
#7057 = CIRCLE('',#7058,0.325);
#7058 = AXIS2_PLACEMENT_3D('',#7059,#7060,#7061);
#7059 = CARTESIAN_POINT('',(-0.868769648174,11.691884426796,
    10.240384398536));
#7060 = DIRECTION('',(0.,0.,1.));
#7061 = DIRECTION('',(1.,0.,0.));
#7062 = ORIENTED_EDGE('',*,*,#7063,.T.);
#7063 = EDGE_CURVE('',#7055,#5694,#7064,.T.);
#7064 = CIRCLE('',#7065,0.325);
#7065 = AXIS2_PLACEMENT_3D('',#7066,#7067,#7068);
#7066 = CARTESIAN_POINT('',(-0.868769648186,11.691884426796,
    10.240384398536));
#7067 = DIRECTION('',(0.,0.,1.));
#7068 = DIRECTION('',(1.,0.,0.));
#7069 = ORIENTED_EDGE('',*,*,#5693,.T.);
#7070 = ORIENTED_EDGE('',*,*,#5669,.T.);
#7071 = ORIENTED_EDGE('',*,*,#5637,.T.);
#7072 = ORIENTED_EDGE('',*,*,#7020,.T.);
#7073 = ORIENTED_EDGE('',*,*,#7029,.T.);
#7074 = ORIENTED_EDGE('',*,*,#7075,.T.);
#7075 = EDGE_CURVE('',#7010,#7076,#7078,.T.);
#7076 = VERTEX_POINT('',#7077);
#7077 = CARTESIAN_POINT('',(10.706230351802,12.36688442679,
    10.240384398536));
#7078 = LINE('',#7079,#7080);
#7079 = CARTESIAN_POINT('',(10.706230351802,0.666884426792,
    10.240384398536));
#7080 = VECTOR('',#7081,1.);
#7081 = DIRECTION('',(0.,1.,0.));
#7082 = ORIENTED_EDGE('',*,*,#7083,.F.);
#7083 = EDGE_CURVE('',#7084,#7076,#7086,.T.);
#7084 = VERTEX_POINT('',#7085);
#7085 = CARTESIAN_POINT('',(11.506230351813,12.36688442679,
    10.240384398536));
#7086 = LINE('',#7087,#7088);
#7087 = CARTESIAN_POINT('',(10.056230351802,12.36688442679,
    10.240384398536));
#7088 = VECTOR('',#7089,1.);
#7089 = DIRECTION('',(-1.,-0.,-0.));
#7090 = ORIENTED_EDGE('',*,*,#7091,.F.);
#7091 = EDGE_CURVE('',#7092,#7084,#7094,.T.);
#7092 = VERTEX_POINT('',#7093);
#7093 = CARTESIAN_POINT('',(11.506230351813,0.166884426792,
    10.240384398536));
#7094 = LINE('',#7095,#7096);
#7095 = CARTESIAN_POINT('',(11.506230351813,1.166884426791,
    10.240384398536));
#7096 = VECTOR('',#7097,1.);
#7097 = DIRECTION('',(0.,1.,0.));
#7098 = ORIENTED_EDGE('',*,*,#7099,.F.);
#7099 = EDGE_CURVE('',#7100,#7092,#7102,.T.);
#7100 = VERTEX_POINT('',#7101);
#7101 = CARTESIAN_POINT('',(10.706230351802,0.166884426792,
    10.240384398536));
#7102 = LINE('',#7103,#7104);
#7103 = CARTESIAN_POINT('',(10.056230351813,0.166884426792,
    10.240384398536));
#7104 = VECTOR('',#7105,1.);
#7105 = DIRECTION('',(1.,0.,0.));
#7106 = ORIENTED_EDGE('',*,*,#7107,.T.);
#7107 = EDGE_CURVE('',#7100,#7108,#7110,.T.);
#7108 = VERTEX_POINT('',#7109);
#7109 = CARTESIAN_POINT('',(10.706230351802,0.841884426795,
    10.240384398536));
#7110 = LINE('',#7111,#7112);
#7111 = CARTESIAN_POINT('',(10.706230351802,0.666884426792,
    10.240384398536));
#7112 = VECTOR('',#7113,1.);
#7113 = DIRECTION('',(0.,1.,0.));
#7114 = ORIENTED_EDGE('',*,*,#7115,.T.);
#7115 = EDGE_CURVE('',#7108,#7116,#7118,.T.);
#7116 = VERTEX_POINT('',#7117);
#7117 = CARTESIAN_POINT('',(10.381230351802,1.166884426795,
    10.240384398536));
#7118 = CIRCLE('',#7119,0.325);
#7119 = AXIS2_PLACEMENT_3D('',#7120,#7121,#7122);
#7120 = CARTESIAN_POINT('',(10.381230351802,0.841884426795,
    10.240384398536));
#7121 = DIRECTION('',(0.,0.,1.));
#7122 = DIRECTION('',(1.,0.,0.));
#7123 = ORIENTED_EDGE('',*,*,#7124,.T.);
#7124 = EDGE_CURVE('',#7116,#6554,#7125,.T.);
#7125 = CIRCLE('',#7126,0.325);
#7126 = AXIS2_PLACEMENT_3D('',#7127,#7128,#7129);
#7127 = CARTESIAN_POINT('',(10.381230351813,0.841884426795,
    10.240384398536));
#7128 = DIRECTION('',(0.,0.,1.));
#7129 = DIRECTION('',(1.,0.,0.));
#7130 = ORIENTED_EDGE('',*,*,#6553,.T.);
#7131 = ORIENTED_EDGE('',*,*,#6529,.T.);
#7132 = ORIENTED_EDGE('',*,*,#6497,.T.);
#7133 = ORIENTED_EDGE('',*,*,#7134,.T.);
#7134 = EDGE_CURVE('',#6490,#7135,#7137,.T.);
#7135 = VERTEX_POINT('',#7136);
#7136 = CARTESIAN_POINT('',(-0.868769648186,1.166884426795,
    10.240384398536));
#7137 = CIRCLE('',#7138,0.325);
#7138 = AXIS2_PLACEMENT_3D('',#7139,#7140,#7141);
#7139 = CARTESIAN_POINT('',(-0.868769648186,0.841884426795,
    10.240384398536));
#7140 = DIRECTION('',(0.,0.,1.));
#7141 = DIRECTION('',(1.,0.,0.));
#7142 = ORIENTED_EDGE('',*,*,#7143,.T.);
#7143 = EDGE_CURVE('',#7135,#7144,#7146,.T.);
#7144 = VERTEX_POINT('',#7145);
#7145 = CARTESIAN_POINT('',(-1.193769648174,0.841884426795,
    10.240384398536));
#7146 = CIRCLE('',#7147,0.325);
#7147 = AXIS2_PLACEMENT_3D('',#7148,#7149,#7150);
#7148 = CARTESIAN_POINT('',(-0.868769648174,0.841884426795,
    10.240384398536));
#7149 = DIRECTION('',(0.,0.,1.));
#7150 = DIRECTION('',(1.,0.,0.));
#7151 = ORIENTED_EDGE('',*,*,#7152,.T.);
#7152 = EDGE_CURVE('',#7144,#7153,#7155,.T.);
#7153 = VERTEX_POINT('',#7154);
#7154 = CARTESIAN_POINT('',(-1.193769648174,0.166884426801,
    10.240384398536));
#7155 = LINE('',#7156,#7157);
#7156 = CARTESIAN_POINT('',(-1.193769648174,0.666884426792,
    10.240384398536));
#7157 = VECTOR('',#7158,1.);
#7158 = DIRECTION('',(0.,-1.,0.));
#7159 = ORIENTED_EDGE('',*,*,#7160,.F.);
#7160 = EDGE_CURVE('',#7161,#7153,#7163,.T.);
#7161 = VERTEX_POINT('',#7162);
#7162 = CARTESIAN_POINT('',(-1.993769648186,0.166884426802,
    10.240384398536));
#7163 = LINE('',#7164,#7165);
#7164 = CARTESIAN_POINT('',(-1.993769648186,0.166884426802,
    10.240384398536));
#7165 = VECTOR('',#7166,1.);
#7166 = DIRECTION('',(1.,0.,0.));
#7167 = ORIENTED_EDGE('',*,*,#7168,.F.);
#7168 = EDGE_CURVE('',#7169,#7161,#7171,.T.);
#7169 = VERTEX_POINT('',#7170);
#7170 = CARTESIAN_POINT('',(-1.993769648186,12.36688442678,
    10.240384398536));
#7171 = LINE('',#7172,#7173);
#7172 = CARTESIAN_POINT('',(-1.993769648186,11.366884426791,
    10.240384398536));
#7173 = VECTOR('',#7174,1.);
#7174 = DIRECTION('',(0.,-1.,0.));
#7175 = ORIENTED_EDGE('',*,*,#7176,.F.);
#7176 = EDGE_CURVE('',#7045,#7169,#7177,.T.);
#7177 = LINE('',#7178,#7179);
#7178 = CARTESIAN_POINT('',(-0.543769648198,12.36688442678,
    10.240384398536));
#7179 = VECTOR('',#7180,1.);
#7180 = DIRECTION('',(-1.,0.,0.));
#7181 = FACE_BOUND('',#7182,.T.);
#7182 = EDGE_LOOP('',(#7183,#7193,#7201,#7209,#7217,#7225,#7233,#7241,
    #7249,#7257,#7265,#7273,#7282,#7290));
#7183 = ORIENTED_EDGE('',*,*,#7184,.T.);
#7184 = EDGE_CURVE('',#7185,#7187,#7189,.T.);
#7185 = VERTEX_POINT('',#7186);
#7186 = CARTESIAN_POINT('',(9.606230351813,1.81688442679,10.240384398536
    ));
#7187 = VERTEX_POINT('',#7188);
#7188 = CARTESIAN_POINT('',(9.606230351814,2.46688442679,10.240384398536
    ));
#7189 = LINE('',#7190,#7191);
#7190 = CARTESIAN_POINT('',(9.606230351814,10.716884426791,
    10.240384398536));
#7191 = VECTOR('',#7192,1.);
#7192 = DIRECTION('',(8.732091204916E-14,1.,0.));
#7193 = ORIENTED_EDGE('',*,*,#7194,.T.);
#7194 = EDGE_CURVE('',#7187,#7195,#7197,.T.);
#7195 = VERTEX_POINT('',#7196);
#7196 = CARTESIAN_POINT('',(8.706230351814,2.466884426791,
    10.240384398536));
#7197 = LINE('',#7198,#7199);
#7198 = CARTESIAN_POINT('',(4.756230351814,2.466884426791,
    10.240384398536));
#7199 = VECTOR('',#7200,1.);
#7200 = DIRECTION('',(-1.,1.08968389867E-13,0.));
#7201 = ORIENTED_EDGE('',*,*,#7202,.T.);
#7202 = EDGE_CURVE('',#7195,#7203,#7205,.T.);
#7203 = VERTEX_POINT('',#7204);
#7204 = CARTESIAN_POINT('',(8.706230351815,4.766884426791,
    10.240384398536));
#7205 = LINE('',#7206,#7207);
#7206 = CARTESIAN_POINT('',(8.706230351815,4.766884426791,
    10.240384398536));
#7207 = VECTOR('',#7208,1.);
#7208 = DIRECTION('',(1.091418622146E-13,1.,0.));
#7209 = ORIENTED_EDGE('',*,*,#7210,.F.);
#7210 = EDGE_CURVE('',#7211,#7203,#7213,.T.);
#7211 = VERTEX_POINT('',#7212);
#7212 = CARTESIAN_POINT('',(9.206230351815,4.766884426791,
    10.240384398536));
#7213 = LINE('',#7214,#7215);
#7214 = CARTESIAN_POINT('',(8.656230351815,4.766884426791,
    10.240384398536));
#7215 = VECTOR('',#7216,1.);
#7216 = DIRECTION('',(-1.,1.08968389867E-13,0.));
#7217 = ORIENTED_EDGE('',*,*,#7218,.F.);
#7218 = EDGE_CURVE('',#7219,#7211,#7221,.T.);
#7219 = VERTEX_POINT('',#7220);
#7220 = CARTESIAN_POINT('',(9.206230351815,5.716884426791,
    10.240384398536));
#7221 = LINE('',#7222,#7223);
#7222 = CARTESIAN_POINT('',(9.206230351815,4.866884426791,
    10.240384398536));
#7223 = VECTOR('',#7224,1.);
#7224 = DIRECTION('',(-1.08968389867E-13,-1.,0.));
#7225 = ORIENTED_EDGE('',*,*,#7226,.T.);
#7226 = EDGE_CURVE('',#7219,#7227,#7229,.T.);
#7227 = VERTEX_POINT('',#7228);
#7228 = CARTESIAN_POINT('',(0.306230351815,5.716884426792,
    10.240384398536));
#7229 = LINE('',#7230,#7231);
#7230 = CARTESIAN_POINT('',(-0.743769648185,5.716884426792,
    10.240384398536));
#7231 = VECTOR('',#7232,1.);
#7232 = DIRECTION('',(-1.,1.08968389867E-13,0.));
#7233 = ORIENTED_EDGE('',*,*,#7234,.F.);
#7234 = EDGE_CURVE('',#7235,#7227,#7237,.T.);
#7235 = VERTEX_POINT('',#7236);
#7236 = CARTESIAN_POINT('',(0.306230351815,4.766884426792,
    10.240384398536));
#7237 = LINE('',#7238,#7239);
#7238 = CARTESIAN_POINT('',(0.306230351815,4.866884426792,
    10.240384398536));
#7239 = VECTOR('',#7240,1.);
#7240 = DIRECTION('',(1.08968389867E-13,1.,0.));
#7241 = ORIENTED_EDGE('',*,*,#7242,.F.);
#7242 = EDGE_CURVE('',#7243,#7235,#7245,.T.);
#7243 = VERTEX_POINT('',#7244);
#7244 = CARTESIAN_POINT('',(1.226230351815,4.766884426791,
    10.240384398536));
#7245 = LINE('',#7246,#7247);
#7246 = CARTESIAN_POINT('',(0.306230351815,4.766884426792,
    10.240384398536));
#7247 = VECTOR('',#7248,1.);
#7248 = DIRECTION('',(-1.,1.08968389867E-13,0.));
#7249 = ORIENTED_EDGE('',*,*,#7250,.T.);
#7250 = EDGE_CURVE('',#7243,#7251,#7253,.T.);
#7251 = VERTEX_POINT('',#7252);
#7252 = CARTESIAN_POINT('',(1.226230351814,2.466884426791,
    10.240384398536));
#7253 = LINE('',#7254,#7255);
#7254 = CARTESIAN_POINT('',(1.226230351814,2.466884426791,
    10.240384398536));
#7255 = VECTOR('',#7256,1.);
#7256 = DIRECTION('',(-1.08968389867E-13,-1.,0.));
#7257 = ORIENTED_EDGE('',*,*,#7258,.T.);
#7258 = EDGE_CURVE('',#7251,#7259,#7261,.T.);
#7259 = VERTEX_POINT('',#7260);
#7260 = CARTESIAN_POINT('',(-9.376964818565E-02,2.466884426792,
    10.240384398536));
#7261 = LINE('',#7262,#7263);
#7262 = CARTESIAN_POINT('',(4.756230351814,2.466884426791,
    10.240384398536));
#7263 = VECTOR('',#7264,1.);
#7264 = DIRECTION('',(-1.,1.08968389867E-13,0.));
#7265 = ORIENTED_EDGE('',*,*,#7266,.T.);
#7266 = EDGE_CURVE('',#7259,#7267,#7269,.T.);
#7267 = VERTEX_POINT('',#7268);
#7268 = CARTESIAN_POINT('',(-9.376964818648E-02,1.816884426791,
    10.240384398536));
#7269 = LINE('',#7270,#7271);
#7270 = CARTESIAN_POINT('',(-9.376964818637E-02,10.716884426791,
    10.240384398536));
#7271 = VECTOR('',#7272,1.);
#7272 = DIRECTION('',(-2.494883201405E-14,-1.,0.));
#7273 = ORIENTED_EDGE('',*,*,#7274,.T.);
#7274 = EDGE_CURVE('',#7267,#7275,#7277,.T.);
#7275 = VERTEX_POINT('',#7276);
#7276 = CARTESIAN_POINT('',(0.506230351813,1.216884426791,
    10.240384398536));
#7277 = CIRCLE('',#7278,0.6);
#7278 = AXIS2_PLACEMENT_3D('',#7279,#7280,#7281);
#7279 = CARTESIAN_POINT('',(0.506230351813,1.816884426791,
    10.240384398536));
#7280 = DIRECTION('',(0.,0.,1.));
#7281 = DIRECTION('',(1.,0.,0.));
#7282 = ORIENTED_EDGE('',*,*,#7283,.T.);
#7283 = EDGE_CURVE('',#7275,#7284,#7286,.T.);
#7284 = VERTEX_POINT('',#7285);
#7285 = CARTESIAN_POINT('',(9.006230351813,1.21688442679,10.240384398536
    ));
#7286 = LINE('',#7287,#7288);
#7287 = CARTESIAN_POINT('',(0.506230351813,1.216884426791,
    10.240384398536));
#7288 = VECTOR('',#7289,1.);
#7289 = DIRECTION('',(1.,-1.044915787883E-13,0.));
#7290 = ORIENTED_EDGE('',*,*,#7291,.T.);
#7291 = EDGE_CURVE('',#7284,#7185,#7292,.T.);
#7292 = CIRCLE('',#7293,0.6);
#7293 = AXIS2_PLACEMENT_3D('',#7294,#7295,#7296);
#7294 = CARTESIAN_POINT('',(9.006230351813,1.81688442679,10.240384398536
    ));
#7295 = DIRECTION('',(0.,0.,1.));
#7296 = DIRECTION('',(1.,0.,0.));
#7297 = FACE_BOUND('',#7298,.T.);
#7298 = EDGE_LOOP('',(#7299,#7309,#7318,#7326,#7335,#7343,#7351,#7359,
    #7367,#7375,#7383,#7391,#7399,#7407,#7415,#7423,#7431));
#7299 = ORIENTED_EDGE('',*,*,#7300,.T.);
#7300 = EDGE_CURVE('',#7301,#7303,#7305,.T.);
#7301 = VERTEX_POINT('',#7302);
#7302 = CARTESIAN_POINT('',(9.606230351815,10.16688442679,
    10.240384398536));
#7303 = VERTEX_POINT('',#7304);
#7304 = CARTESIAN_POINT('',(9.606230351814,10.716884426791,
    10.240384398536));
#7305 = LINE('',#7306,#7307);
#7306 = CARTESIAN_POINT('',(9.606230351814,10.716884426791,
    10.240384398536));
#7307 = VECTOR('',#7308,1.);
#7308 = DIRECTION('',(8.732091204916E-14,1.,0.));
#7309 = ORIENTED_EDGE('',*,*,#7310,.T.);
#7310 = EDGE_CURVE('',#7303,#7311,#7313,.T.);
#7311 = VERTEX_POINT('',#7312);
#7312 = CARTESIAN_POINT('',(9.006230351814,11.316884426791,
    10.240384398536));
#7313 = CIRCLE('',#7314,0.6);
#7314 = AXIS2_PLACEMENT_3D('',#7315,#7316,#7317);
#7315 = CARTESIAN_POINT('',(9.006230351814,10.716884426791,
    10.240384398536));
#7316 = DIRECTION('',(0.,0.,1.));
#7317 = DIRECTION('',(1.,0.,0.));
#7318 = ORIENTED_EDGE('',*,*,#7319,.T.);
#7319 = EDGE_CURVE('',#7311,#7320,#7322,.T.);
#7320 = VERTEX_POINT('',#7321);
#7321 = CARTESIAN_POINT('',(0.506230351814,11.316884426791,
    10.240384398536));
#7322 = LINE('',#7323,#7324);
#7323 = CARTESIAN_POINT('',(0.506230351814,11.316884426791,
    10.240384398536));
#7324 = VECTOR('',#7325,1.);
#7325 = DIRECTION('',(-1.,-0.,-0.));
#7326 = ORIENTED_EDGE('',*,*,#7327,.T.);
#7327 = EDGE_CURVE('',#7320,#7328,#7330,.T.);
#7328 = VERTEX_POINT('',#7329);
#7329 = CARTESIAN_POINT('',(-9.376964818637E-02,10.716884426791,
    10.240384398536));
#7330 = CIRCLE('',#7331,0.6);
#7331 = AXIS2_PLACEMENT_3D('',#7332,#7333,#7334);
#7332 = CARTESIAN_POINT('',(0.506230351814,10.716884426791,
    10.240384398536));
#7333 = DIRECTION('',(0.,0.,1.));
#7334 = DIRECTION('',(1.,0.,0.));
#7335 = ORIENTED_EDGE('',*,*,#7336,.T.);
#7336 = EDGE_CURVE('',#7328,#7337,#7339,.T.);
#7337 = VERTEX_POINT('',#7338);
#7338 = CARTESIAN_POINT('',(-9.376964818475E-02,10.666884426792,
    10.240384398536));
#7339 = LINE('',#7340,#7341);
#7340 = CARTESIAN_POINT('',(-9.376964818637E-02,10.716884426791,
    10.240384398536));
#7341 = VECTOR('',#7342,1.);
#7342 = DIRECTION('',(-2.494883201405E-14,-1.,0.));
#7343 = ORIENTED_EDGE('',*,*,#7344,.F.);
#7344 = EDGE_CURVE('',#7345,#7337,#7347,.T.);
#7345 = VERTEX_POINT('',#7346);
#7346 = CARTESIAN_POINT('',(7.356230351815,10.666884426791,
    10.240384398536));
#7347 = LINE('',#7348,#7349);
#7348 = CARTESIAN_POINT('',(9.056230351815,10.666884426791,
    10.240384398536));
#7349 = VECTOR('',#7350,1.);
#7350 = DIRECTION('',(-1.,1.08968389867E-13,0.));
#7351 = ORIENTED_EDGE('',*,*,#7352,.F.);
#7352 = EDGE_CURVE('',#7353,#7345,#7355,.T.);
#7353 = VERTEX_POINT('',#7354);
#7354 = CARTESIAN_POINT('',(7.356230351815,9.766884426791,
    10.240384398536));
#7355 = LINE('',#7356,#7357);
#7356 = CARTESIAN_POINT('',(7.356230351815,10.666884426791,
    10.240384398536));
#7357 = VECTOR('',#7358,1.);
#7358 = DIRECTION('',(1.08968389867E-13,1.,-0.));
#7359 = ORIENTED_EDGE('',*,*,#7360,.F.);
#7360 = EDGE_CURVE('',#7361,#7353,#7363,.T.);
#7361 = VERTEX_POINT('',#7362);
#7362 = CARTESIAN_POINT('',(6.956230351815,9.766884426791,
    10.240384398536));
#7363 = LINE('',#7364,#7365);
#7364 = CARTESIAN_POINT('',(6.956230351815,9.766884426791,
    10.240384398536));
#7365 = VECTOR('',#7366,1.);
#7366 = DIRECTION('',(1.,-1.08968389867E-13,0.));
#7367 = ORIENTED_EDGE('',*,*,#7368,.T.);
#7368 = EDGE_CURVE('',#7361,#7369,#7371,.T.);
#7369 = VERTEX_POINT('',#7370);
#7370 = CARTESIAN_POINT('',(6.956230351815,10.066884426791,
    10.240384398536));
#7371 = LINE('',#7372,#7373);
#7372 = CARTESIAN_POINT('',(6.956230351815,10.166884426791,
    10.240384398536));
#7373 = VECTOR('',#7374,1.);
#7374 = DIRECTION('',(1.08968389867E-13,1.,-0.));
#7375 = ORIENTED_EDGE('',*,*,#7376,.F.);
#7376 = EDGE_CURVE('',#7377,#7369,#7379,.T.);
#7377 = VERTEX_POINT('',#7378);
#7378 = CARTESIAN_POINT('',(6.856230351815,10.066884426791,
    10.240384398536));
#7379 = LINE('',#7380,#7381);
#7380 = CARTESIAN_POINT('',(7.356230351815,10.066884426791,
    10.240384398536));
#7381 = VECTOR('',#7382,1.);
#7382 = DIRECTION('',(1.,-1.08968389867E-13,0.));
#7383 = ORIENTED_EDGE('',*,*,#7384,.F.);
#7384 = EDGE_CURVE('',#7385,#7377,#7387,.T.);
#7385 = VERTEX_POINT('',#7386);
#7386 = CARTESIAN_POINT('',(6.856230351815,10.266884426791,
    10.240384398536));
#7387 = LINE('',#7388,#7389);
#7388 = CARTESIAN_POINT('',(6.856230351815,10.166884426791,
    10.240384398536));
#7389 = VECTOR('',#7390,1.);
#7390 = DIRECTION('',(-1.08968389867E-13,-1.,0.));
#7391 = ORIENTED_EDGE('',*,*,#7392,.T.);
#7392 = EDGE_CURVE('',#7385,#7393,#7395,.T.);
#7393 = VERTEX_POINT('',#7394);
#7394 = CARTESIAN_POINT('',(0.156230351815,10.266884426792,
    10.240384398536));
#7395 = LINE('',#7396,#7397);
#7396 = CARTESIAN_POINT('',(0.256230351815,10.266884426792,
    10.240384398536));
#7397 = VECTOR('',#7398,1.);
#7398 = DIRECTION('',(-1.,1.092394404101E-13,-0.));
#7399 = ORIENTED_EDGE('',*,*,#7400,.T.);
#7400 = EDGE_CURVE('',#7393,#7401,#7403,.T.);
#7401 = VERTEX_POINT('',#7402);
#7402 = CARTESIAN_POINT('',(0.156230351815,7.416884426792,
    10.240384398536));
#7403 = LINE('',#7404,#7405);
#7404 = CARTESIAN_POINT('',(0.156230351815,7.416884426792,
    10.240384398536));
#7405 = VECTOR('',#7406,1.);
#7406 = DIRECTION('',(-1.08968389867E-13,-1.,0.));
#7407 = ORIENTED_EDGE('',*,*,#7408,.F.);
#7408 = EDGE_CURVE('',#7409,#7401,#7411,.T.);
#7409 = VERTEX_POINT('',#7410);
#7410 = CARTESIAN_POINT('',(8.056230351815,7.416884426791,
    10.240384398536));
#7411 = LINE('',#7412,#7413);
#7412 = CARTESIAN_POINT('',(2.556230351815,7.416884426791,
    10.240384398536));
#7413 = VECTOR('',#7414,1.);
#7414 = DIRECTION('',(-1.,1.08968389867E-13,0.));
#7415 = ORIENTED_EDGE('',*,*,#7416,.T.);
#7416 = EDGE_CURVE('',#7409,#7417,#7419,.T.);
#7417 = VERTEX_POINT('',#7418);
#7418 = CARTESIAN_POINT('',(8.556230351815,7.916884426791,
    10.240384398536));
#7419 = LINE('',#7420,#7421);
#7420 = CARTESIAN_POINT('',(8.056230351815,7.416884426791,
    10.240384398536));
#7421 = VECTOR('',#7422,1.);
#7422 = DIRECTION('',(0.707106781187,0.707106781186,0.));
#7423 = ORIENTED_EDGE('',*,*,#7424,.F.);
#7424 = EDGE_CURVE('',#7425,#7417,#7427,.T.);
#7425 = VERTEX_POINT('',#7426);
#7426 = CARTESIAN_POINT('',(8.556230351815,10.166884426791,
    10.240384398536));
#7427 = LINE('',#7428,#7429);
#7428 = CARTESIAN_POINT('',(8.556230351815,7.416884426791,
    10.240384398536));
#7429 = VECTOR('',#7430,1.);
#7430 = DIRECTION('',(-1.091799415104E-13,-1.,0.));
#7431 = ORIENTED_EDGE('',*,*,#7432,.T.);
#7432 = EDGE_CURVE('',#7425,#7301,#7433,.T.);
#7433 = LINE('',#7434,#7435);
#7434 = CARTESIAN_POINT('',(7.906230351815,10.166884426791,
    10.240384398536));
#7435 = VECTOR('',#7436,1.);
#7436 = DIRECTION('',(1.,-1.08968389867E-13,0.));
#7437 = FACE_BOUND('',#7438,.T.);
#7438 = EDGE_LOOP('',(#7439,#7450));
#7439 = ORIENTED_EDGE('',*,*,#7440,.F.);
#7440 = EDGE_CURVE('',#7441,#7443,#7445,.T.);
#7441 = VERTEX_POINT('',#7442);
#7442 = CARTESIAN_POINT('',(9.956230351815,9.01688442679,10.240384398536
    ));
#7443 = VERTEX_POINT('',#7444);
#7444 = CARTESIAN_POINT('',(11.156230351815,9.01688442679,
    10.240384398536));
#7445 = CIRCLE('',#7446,0.6);
#7446 = AXIS2_PLACEMENT_3D('',#7447,#7448,#7449);
#7447 = CARTESIAN_POINT('',(10.556230351815,9.01688442679,
    10.240384398536));
#7448 = DIRECTION('',(0.,0.,-1.));
#7449 = DIRECTION('',(1.,-1.08968389867E-13,0.));
#7450 = ORIENTED_EDGE('',*,*,#7451,.F.);
#7451 = EDGE_CURVE('',#7443,#7441,#7452,.T.);
#7452 = CIRCLE('',#7453,0.6);
#7453 = AXIS2_PLACEMENT_3D('',#7454,#7455,#7456);
#7454 = CARTESIAN_POINT('',(10.556230351815,9.01688442679,
    10.240384398536));
#7455 = DIRECTION('',(0.,0.,-1.));
#7456 = DIRECTION('',(1.,-1.08968389867E-13,0.));
#7457 = FACE_BOUND('',#7458,.T.);
#7458 = EDGE_LOOP('',(#7459,#7470));
#7459 = ORIENTED_EDGE('',*,*,#7460,.T.);
#7460 = EDGE_CURVE('',#7461,#7463,#7465,.T.);
#7461 = VERTEX_POINT('',#7462);
#7462 = CARTESIAN_POINT('',(-1.543769648186,3.516884426792,
    10.240384398536));
#7463 = VERTEX_POINT('',#7464);
#7464 = CARTESIAN_POINT('',(-0.543769648186,3.516884426792,
    10.240384398536));
#7465 = CIRCLE('',#7466,0.5);
#7466 = AXIS2_PLACEMENT_3D('',#7467,#7468,#7469);
#7467 = CARTESIAN_POINT('',(-1.043769648186,3.516884426792,
    10.240384398536));
#7468 = DIRECTION('',(0.,0.,1.));
#7469 = DIRECTION('',(-1.,1.08968389867E-13,0.));
#7470 = ORIENTED_EDGE('',*,*,#7471,.T.);
#7471 = EDGE_CURVE('',#7463,#7461,#7472,.T.);
#7472 = CIRCLE('',#7473,0.5);
#7473 = AXIS2_PLACEMENT_3D('',#7474,#7475,#7476);
#7474 = CARTESIAN_POINT('',(-1.043769648186,3.516884426792,
    10.240384398536));
#7475 = DIRECTION('',(0.,0.,1.));
#7476 = DIRECTION('',(-1.,1.08968389867E-13,0.));
#7477 = PLANE('',#7478);
#7478 = AXIS2_PLACEMENT_3D('',#7479,#7480,#7481);
#7479 = CARTESIAN_POINT('',(4.756230351819,6.266884426788,
    10.240384398536));
#7480 = DIRECTION('',(-0.,-0.,-1.));
#7481 = DIRECTION('',(-1.,0.,0.));
#7482 = ADVANCED_FACE('',(#7483),#7496,.F.);
#7483 = FACE_BOUND('',#7484,.F.);
#7484 = EDGE_LOOP('',(#7485,#7486,#7487,#7488,#7494,#7495));
#7485 = ORIENTED_EDGE('',*,*,#5701,.T.);
#7486 = ORIENTED_EDGE('',*,*,#6156,.T.);
#7487 = ORIENTED_EDGE('',*,*,#6165,.T.);
#7488 = ORIENTED_EDGE('',*,*,#7489,.T.);
#7489 = EDGE_CURVE('',#6166,#7047,#7490,.T.);
#7490 = LINE('',#7491,#7492);
#7491 = CARTESIAN_POINT('',(-1.193769648174,11.691884426796,
    10.240384398536));
#7492 = VECTOR('',#7493,1.);
#7493 = DIRECTION('',(-0.,-0.,-1.));
#7494 = ORIENTED_EDGE('',*,*,#7054,.T.);
#7495 = ORIENTED_EDGE('',*,*,#7063,.T.);
#7496 = CYLINDRICAL_SURFACE('',#7497,0.325);
#7497 = AXIS2_PLACEMENT_3D('',#7498,#7499,#7500);
#7498 = CARTESIAN_POINT('',(-0.868769648174,11.691884426796,
    0.540384398536));
#7499 = DIRECTION('',(0.,0.,-1.));
#7500 = DIRECTION('',(-1.,0.,0.));
#7501 = ADVANCED_FACE('',(#7502),#7513,.F.);
#7502 = FACE_BOUND('',#7503,.T.);
#7503 = EDGE_LOOP('',(#7504,#7505,#7506,#7507));
#7504 = ORIENTED_EDGE('',*,*,#6174,.T.);
#7505 = ORIENTED_EDGE('',*,*,#7489,.T.);
#7506 = ORIENTED_EDGE('',*,*,#7044,.F.);
#7507 = ORIENTED_EDGE('',*,*,#7508,.T.);
#7508 = EDGE_CURVE('',#7045,#6175,#7509,.T.);
#7509 = LINE('',#7510,#7511);
#7510 = CARTESIAN_POINT('',(-1.193769648174,12.36688442678,
    10.240384398536));
#7511 = VECTOR('',#7512,1.);
#7512 = DIRECTION('',(0.,0.,1.));
#7513 = PLANE('',#7514);
#7514 = AXIS2_PLACEMENT_3D('',#7515,#7516,#7517);
#7515 = CARTESIAN_POINT('',(-1.193769648174,12.36688442679,
    0.540384398536));
#7516 = DIRECTION('',(-1.,0.,0.));
#7517 = DIRECTION('',(0.,0.,1.));
#7518 = ADVANCED_FACE('',(#7519),#7530,.T.);
#7519 = FACE_BOUND('',#7520,.T.);
#7520 = EDGE_LOOP('',(#7521,#7522,#7523,#7529));
#7521 = ORIENTED_EDGE('',*,*,#7508,.F.);
#7522 = ORIENTED_EDGE('',*,*,#7176,.T.);
#7523 = ORIENTED_EDGE('',*,*,#7524,.T.);
#7524 = EDGE_CURVE('',#7169,#6183,#7525,.T.);
#7525 = LINE('',#7526,#7527);
#7526 = CARTESIAN_POINT('',(-1.993769648186,12.36688442678,
    10.240384398536));
#7527 = VECTOR('',#7528,1.);
#7528 = DIRECTION('',(0.,0.,1.));
#7529 = ORIENTED_EDGE('',*,*,#6182,.F.);
#7530 = PLANE('',#7531);
#7531 = AXIS2_PLACEMENT_3D('',#7532,#7533,#7534);
#7532 = CARTESIAN_POINT('',(-0.543769648198,12.36688442678,
    10.240384398536));
#7533 = DIRECTION('',(0.,1.,0.));
#7534 = DIRECTION('',(0.,0.,1.));
#7535 = ADVANCED_FACE('',(#7536),#7547,.F.);
#7536 = FACE_BOUND('',#7537,.T.);
#7537 = EDGE_LOOP('',(#7538,#7539,#7545,#7546));
#7538 = ORIENTED_EDGE('',*,*,#7168,.T.);
#7539 = ORIENTED_EDGE('',*,*,#7540,.T.);
#7540 = EDGE_CURVE('',#7161,#6191,#7541,.T.);
#7541 = LINE('',#7542,#7543);
#7542 = CARTESIAN_POINT('',(-1.993769648186,0.166884426802,
    10.240384398536));
#7543 = VECTOR('',#7544,1.);
#7544 = DIRECTION('',(0.,0.,1.));
#7545 = ORIENTED_EDGE('',*,*,#6190,.F.);
#7546 = ORIENTED_EDGE('',*,*,#7524,.F.);
#7547 = PLANE('',#7548);
#7548 = AXIS2_PLACEMENT_3D('',#7549,#7550,#7551);
#7549 = CARTESIAN_POINT('',(-1.993769648186,11.366884426791,
    10.540384398536));
#7550 = DIRECTION('',(1.,0.,0.));
#7551 = DIRECTION('',(0.,0.,-1.));
#7552 = ADVANCED_FACE('',(#7553),#7564,.T.);
#7553 = FACE_BOUND('',#7554,.T.);
#7554 = EDGE_LOOP('',(#7555,#7561,#7562,#7563));
#7555 = ORIENTED_EDGE('',*,*,#7556,.F.);
#7556 = EDGE_CURVE('',#6199,#7153,#7557,.T.);
#7557 = LINE('',#7558,#7559);
#7558 = CARTESIAN_POINT('',(-1.193769648174,0.166884426802,
    10.240384398536));
#7559 = VECTOR('',#7560,1.);
#7560 = DIRECTION('',(0.,0.,-1.));
#7561 = ORIENTED_EDGE('',*,*,#6198,.F.);
#7562 = ORIENTED_EDGE('',*,*,#7540,.F.);
#7563 = ORIENTED_EDGE('',*,*,#7160,.T.);
#7564 = PLANE('',#7565);
#7565 = AXIS2_PLACEMENT_3D('',#7566,#7567,#7568);
#7566 = CARTESIAN_POINT('',(-1.993769648186,0.166884426802,
    10.240384398536));
#7567 = DIRECTION('',(0.,-1.,0.));
#7568 = DIRECTION('',(0.,0.,-1.));
#7569 = ADVANCED_FACE('',(#7570),#7581,.F.);
#7570 = FACE_BOUND('',#7571,.T.);
#7571 = EDGE_LOOP('',(#7572,#7573,#7574,#7575));
#7572 = ORIENTED_EDGE('',*,*,#7075,.F.);
#7573 = ORIENTED_EDGE('',*,*,#7009,.T.);
#7574 = ORIENTED_EDGE('',*,*,#6297,.T.);
#7575 = ORIENTED_EDGE('',*,*,#7576,.T.);
#7576 = EDGE_CURVE('',#6290,#7076,#7577,.T.);
#7577 = LINE('',#7578,#7579);
#7578 = CARTESIAN_POINT('',(10.706230351802,12.36688442679,
    10.240384398536));
#7579 = VECTOR('',#7580,1.);
#7580 = DIRECTION('',(0.,0.,-1.));
#7581 = PLANE('',#7582);
#7582 = AXIS2_PLACEMENT_3D('',#7583,#7584,#7585);
#7583 = CARTESIAN_POINT('',(10.706230351802,12.36688442679,
    0.540384398536));
#7584 = DIRECTION('',(1.,0.,0.));
#7585 = DIRECTION('',(0.,0.,-1.));
#7586 = ADVANCED_FACE('',(#7587),#7598,.F.);
#7587 = FACE_BOUND('',#7588,.T.);
#7588 = EDGE_LOOP('',(#7589,#7590,#7596,#7597));
#7589 = ORIENTED_EDGE('',*,*,#7152,.F.);
#7590 = ORIENTED_EDGE('',*,*,#7591,.T.);
#7591 = EDGE_CURVE('',#7144,#6207,#7592,.T.);
#7592 = LINE('',#7593,#7594);
#7593 = CARTESIAN_POINT('',(-1.193769648174,0.841884426795,
    10.540384398536));
#7594 = VECTOR('',#7595,1.);
#7595 = DIRECTION('',(0.,0.,1.));
#7596 = ORIENTED_EDGE('',*,*,#6206,.T.);
#7597 = ORIENTED_EDGE('',*,*,#7556,.T.);
#7598 = PLANE('',#7599);
#7599 = AXIS2_PLACEMENT_3D('',#7600,#7601,#7602);
#7600 = CARTESIAN_POINT('',(-1.193769648174,0.166884426801,
    0.540384398536));
#7601 = DIRECTION('',(-1.,0.,0.));
#7602 = DIRECTION('',(0.,0.,1.));
#7603 = ADVANCED_FACE('',(#7604),#7615,.T.);
#7604 = FACE_BOUND('',#7605,.T.);
#7605 = EDGE_LOOP('',(#7606,#7607,#7608,#7614));
#7606 = ORIENTED_EDGE('',*,*,#7576,.F.);
#7607 = ORIENTED_EDGE('',*,*,#6289,.F.);
#7608 = ORIENTED_EDGE('',*,*,#7609,.F.);
#7609 = EDGE_CURVE('',#7084,#6282,#7610,.T.);
#7610 = LINE('',#7611,#7612);
#7611 = CARTESIAN_POINT('',(11.506230351813,12.36688442679,
    10.240384398536));
#7612 = VECTOR('',#7613,1.);
#7613 = DIRECTION('',(0.,0.,1.));
#7614 = ORIENTED_EDGE('',*,*,#7083,.T.);
#7615 = PLANE('',#7616);
#7616 = AXIS2_PLACEMENT_3D('',#7617,#7618,#7619);
#7617 = CARTESIAN_POINT('',(10.056230351802,12.36688442679,
    10.240384398536));
#7618 = DIRECTION('',(0.,1.,0.));
#7619 = DIRECTION('',(0.,0.,1.));
#7620 = ADVANCED_FACE('',(#7621),#7629,.F.);
#7621 = FACE_BOUND('',#7622,.F.);
#7622 = EDGE_LOOP('',(#7623,#7624,#7625,#7626,#7627,#7628));
#7623 = ORIENTED_EDGE('',*,*,#7143,.T.);
#7624 = ORIENTED_EDGE('',*,*,#7591,.T.);
#7625 = ORIENTED_EDGE('',*,*,#6214,.T.);
#7626 = ORIENTED_EDGE('',*,*,#6223,.T.);
#7627 = ORIENTED_EDGE('',*,*,#6489,.T.);
#7628 = ORIENTED_EDGE('',*,*,#7134,.T.);
#7629 = CYLINDRICAL_SURFACE('',#7630,0.325);
#7630 = AXIS2_PLACEMENT_3D('',#7631,#7632,#7633);
#7631 = CARTESIAN_POINT('',(-0.868769648174,0.841884426795,
    0.540384398536));
#7632 = DIRECTION('',(0.,0.,-1.));
#7633 = DIRECTION('',(-1.,0.,0.));
#7634 = ADVANCED_FACE('',(#7635),#7646,.F.);
#7635 = FACE_BOUND('',#7636,.T.);
#7636 = EDGE_LOOP('',(#7637,#7638,#7639,#7640));
#7637 = ORIENTED_EDGE('',*,*,#7091,.T.);
#7638 = ORIENTED_EDGE('',*,*,#7609,.T.);
#7639 = ORIENTED_EDGE('',*,*,#6281,.F.);
#7640 = ORIENTED_EDGE('',*,*,#7641,.F.);
#7641 = EDGE_CURVE('',#7092,#6274,#7642,.T.);
#7642 = LINE('',#7643,#7644);
#7643 = CARTESIAN_POINT('',(11.506230351813,0.166884426792,
    10.240384398536));
#7644 = VECTOR('',#7645,1.);
#7645 = DIRECTION('',(0.,0.,1.));
#7646 = PLANE('',#7647);
#7647 = AXIS2_PLACEMENT_3D('',#7648,#7649,#7650);
#7648 = CARTESIAN_POINT('',(11.506230351813,1.166884426791,
    10.540384398536));
#7649 = DIRECTION('',(-1.,0.,0.));
#7650 = DIRECTION('',(0.,0.,1.));
#7651 = ADVANCED_FACE('',(#7652),#7663,.T.);
#7652 = FACE_BOUND('',#7653,.T.);
#7653 = EDGE_LOOP('',(#7654,#7660,#7661,#7662));
#7654 = ORIENTED_EDGE('',*,*,#7655,.F.);
#7655 = EDGE_CURVE('',#7100,#6266,#7656,.T.);
#7656 = LINE('',#7657,#7658);
#7657 = CARTESIAN_POINT('',(10.706230351802,0.166884426792,
    10.240384398536));
#7658 = VECTOR('',#7659,1.);
#7659 = DIRECTION('',(0.,0.,1.));
#7660 = ORIENTED_EDGE('',*,*,#7099,.T.);
#7661 = ORIENTED_EDGE('',*,*,#7641,.T.);
#7662 = ORIENTED_EDGE('',*,*,#6273,.F.);
#7663 = PLANE('',#7664);
#7664 = AXIS2_PLACEMENT_3D('',#7665,#7666,#7667);
#7665 = CARTESIAN_POINT('',(10.056230351813,0.166884426792,
    10.240384398536));
#7666 = DIRECTION('',(0.,-1.,0.));
#7667 = DIRECTION('',(0.,0.,-1.));
#7668 = ADVANCED_FACE('',(#7669),#7680,.F.);
#7669 = FACE_BOUND('',#7670,.T.);
#7670 = EDGE_LOOP('',(#7671,#7672,#7678,#7679));
#7671 = ORIENTED_EDGE('',*,*,#6265,.T.);
#7672 = ORIENTED_EDGE('',*,*,#7673,.T.);
#7673 = EDGE_CURVE('',#6257,#7108,#7674,.T.);
#7674 = LINE('',#7675,#7676);
#7675 = CARTESIAN_POINT('',(10.706230351802,0.841884426795,
    10.240384398536));
#7676 = VECTOR('',#7677,1.);
#7677 = DIRECTION('',(0.,0.,-1.));
#7678 = ORIENTED_EDGE('',*,*,#7107,.F.);
#7679 = ORIENTED_EDGE('',*,*,#7655,.T.);
#7680 = PLANE('',#7681);
#7681 = AXIS2_PLACEMENT_3D('',#7682,#7683,#7684);
#7682 = CARTESIAN_POINT('',(10.706230351802,0.166884426801,
    0.540384398536));
#7683 = DIRECTION('',(1.,0.,0.));
#7684 = DIRECTION('',(0.,0.,-1.));
#7685 = ADVANCED_FACE('',(#7686),#7694,.F.);
#7686 = FACE_BOUND('',#7687,.F.);
#7687 = EDGE_LOOP('',(#7688,#7689,#7690,#7691,#7692,#7693));
#7688 = ORIENTED_EDGE('',*,*,#7124,.T.);
#7689 = ORIENTED_EDGE('',*,*,#6561,.T.);
#7690 = ORIENTED_EDGE('',*,*,#6247,.T.);
#7691 = ORIENTED_EDGE('',*,*,#6256,.T.);
#7692 = ORIENTED_EDGE('',*,*,#7673,.T.);
#7693 = ORIENTED_EDGE('',*,*,#7115,.T.);
#7694 = CYLINDRICAL_SURFACE('',#7695,0.325);
#7695 = AXIS2_PLACEMENT_3D('',#7696,#7697,#7698);
#7696 = CARTESIAN_POINT('',(10.381230351813,0.841884426795,
    10.540384398536));
#7697 = DIRECTION('',(0.,0.,-1.));
#7698 = DIRECTION('',(-1.,0.,0.));
#7699 = ADVANCED_FACE('',(#7700),#7855,.T.);
#7700 = FACE_BOUND('',#7701,.T.);
#7701 = EDGE_LOOP('',(#7702,#7712,#7720,#7728,#7736,#7744,#7750,#7751,
    #7757,#7758,#7766,#7774,#7782,#7791,#7800,#7808,#7816,#7824,#7832,
    #7841,#7849));
#7702 = ORIENTED_EDGE('',*,*,#7703,.T.);
#7703 = EDGE_CURVE('',#7704,#7706,#7708,.T.);
#7704 = VERTEX_POINT('',#7705);
#7705 = CARTESIAN_POINT('',(6.886230351814,2.466884426791,
    10.390384398536));
#7706 = VERTEX_POINT('',#7707);
#7707 = CARTESIAN_POINT('',(6.906230351689,2.466884426791,
    10.390384398572));
#7708 = LINE('',#7709,#7710);
#7709 = CARTESIAN_POINT('',(4.756230351814,2.466884426791,
    10.390384398536));
#7710 = VECTOR('',#7711,1.);
#7711 = DIRECTION('',(1.,-1.08968389867E-13,0.));
#7712 = ORIENTED_EDGE('',*,*,#7713,.T.);
#7713 = EDGE_CURVE('',#7706,#7714,#7716,.T.);
#7714 = VERTEX_POINT('',#7715);
#7715 = CARTESIAN_POINT('',(7.306230351689,2.466884426791,
    10.390384398572));
#7716 = LINE('',#7717,#7718);
#7717 = CARTESIAN_POINT('',(4.756230351814,2.466884426791,
    10.390384398536));
#7718 = VECTOR('',#7719,1.);
#7719 = DIRECTION('',(1.,-1.08968389867E-13,0.));
#7720 = ORIENTED_EDGE('',*,*,#7721,.T.);
#7721 = EDGE_CURVE('',#7714,#7722,#7724,.T.);
#7722 = VERTEX_POINT('',#7723);
#7723 = CARTESIAN_POINT('',(7.636230351814,2.466884426791,
    10.390384398536));
#7724 = LINE('',#7725,#7726);
#7725 = CARTESIAN_POINT('',(4.756230351814,2.466884426791,
    10.390384398536));
#7726 = VECTOR('',#7727,1.);
#7727 = DIRECTION('',(1.,-1.08968389867E-13,0.));
#7728 = ORIENTED_EDGE('',*,*,#7729,.T.);
#7729 = EDGE_CURVE('',#7722,#7730,#7732,.T.);
#7730 = VERTEX_POINT('',#7731);
#7731 = CARTESIAN_POINT('',(7.736230351814,2.466884426791,
    10.290384398536));
#7732 = LINE('',#7733,#7734);
#7733 = CARTESIAN_POINT('',(5.821230351814,2.466884426791,
    12.205384398536));
#7734 = VECTOR('',#7735,1.);
#7735 = DIRECTION('',(0.707106781187,-7.705228740991E-14,-0.707106781187
    ));
#7736 = ORIENTED_EDGE('',*,*,#7737,.F.);
#7737 = EDGE_CURVE('',#7738,#7730,#7740,.T.);
#7738 = VERTEX_POINT('',#7739);
#7739 = CARTESIAN_POINT('',(8.656230351814,2.466884426791,
    10.290384398536));
#7740 = LINE('',#7741,#7742);
#7741 = CARTESIAN_POINT('',(4.756230351814,2.466884426791,
    10.290384398536));
#7742 = VECTOR('',#7743,1.);
#7743 = DIRECTION('',(-1.,1.08968389867E-13,0.));
#7744 = ORIENTED_EDGE('',*,*,#7745,.T.);
#7745 = EDGE_CURVE('',#7738,#7195,#7746,.T.);
#7746 = LINE('',#7747,#7748);
#7747 = CARTESIAN_POINT('',(6.281230351814,2.466884426791,
    12.665384398536));
#7748 = VECTOR('',#7749,1.);
#7749 = DIRECTION('',(0.707106781187,-7.705228740991E-14,-0.707106781187
    ));
#7750 = ORIENTED_EDGE('',*,*,#7194,.F.);
#7751 = ORIENTED_EDGE('',*,*,#7752,.T.);
#7752 = EDGE_CURVE('',#7187,#6329,#7753,.T.);
#7753 = LINE('',#7754,#7755);
#7754 = CARTESIAN_POINT('',(9.606230351814,2.46688442679,10.240384398536
    ));
#7755 = VECTOR('',#7756,1.);
#7756 = DIRECTION('',(0.,-0.,1.));
#7757 = ORIENTED_EDGE('',*,*,#6326,.F.);
#7758 = ORIENTED_EDGE('',*,*,#7759,.T.);
#7759 = EDGE_CURVE('',#6327,#7760,#7762,.T.);
#7760 = VERTEX_POINT('',#7761);
#7761 = CARTESIAN_POINT('',(11.156230351814,2.46688442679,
    10.690384398536));
#7762 = LINE('',#7763,#7764);
#7763 = CARTESIAN_POINT('',(11.156230351814,2.46688442679,
    10.540384398536));
#7764 = VECTOR('',#7765,1.);
#7765 = DIRECTION('',(0.,-0.,1.));
#7766 = ORIENTED_EDGE('',*,*,#7767,.T.);
#7767 = EDGE_CURVE('',#7760,#7768,#7770,.T.);
#7768 = VERTEX_POINT('',#7769);
#7769 = CARTESIAN_POINT('',(10.992443746395,2.46688442679,
    11.140384398536));
#7770 = LINE('',#7771,#7772);
#7771 = CARTESIAN_POINT('',(11.156230351814,2.46688442679,
    10.690384398536));
#7772 = VECTOR('',#7773,1.);
#7773 = DIRECTION('',(-0.342020143326,3.726938432026E-14,0.939692620786)
  );
#7774 = ORIENTED_EDGE('',*,*,#7775,.T.);
#7775 = EDGE_CURVE('',#7768,#7776,#7778,.T.);
#7776 = VERTEX_POINT('',#7777);
#7777 = CARTESIAN_POINT('',(8.256230351814,2.466884426791,
    11.140384398536));
#7778 = LINE('',#7779,#7780);
#7779 = CARTESIAN_POINT('',(4.756230351814,2.466884426791,
    11.140384398536));
#7780 = VECTOR('',#7781,1.);
#7781 = DIRECTION('',(-1.,1.08968389867E-13,0.));
#7782 = ORIENTED_EDGE('',*,*,#7783,.F.);
#7783 = EDGE_CURVE('',#7784,#7776,#7786,.T.);
#7784 = VERTEX_POINT('',#7785);
#7785 = CARTESIAN_POINT('',(8.006230351814,2.466884426791,
    10.890384398536));
#7786 = CIRCLE('',#7787,0.25);
#7787 = AXIS2_PLACEMENT_3D('',#7788,#7789,#7790);
#7788 = CARTESIAN_POINT('',(8.006230351814,2.466884426791,
    11.140384398536));
#7789 = DIRECTION('',(-1.08968389867E-13,-1.,-0.));
#7790 = DIRECTION('',(0.,0.,-1.));
#7791 = ORIENTED_EDGE('',*,*,#7792,.F.);
#7792 = EDGE_CURVE('',#7793,#7784,#7795,.T.);
#7793 = VERTEX_POINT('',#7794);
#7794 = CARTESIAN_POINT('',(7.856230351814,2.466884426791,
    11.340384398536));
#7795 = CIRCLE('',#7796,0.25);
#7796 = AXIS2_PLACEMENT_3D('',#7797,#7798,#7799);
#7797 = CARTESIAN_POINT('',(8.006230351814,2.466884426791,
    11.140384398536));
#7798 = DIRECTION('',(-1.08968389867E-13,-1.,-0.));
#7799 = DIRECTION('',(0.,0.,-1.));
#7800 = ORIENTED_EDGE('',*,*,#7801,.F.);
#7801 = EDGE_CURVE('',#7802,#7793,#7804,.T.);
#7802 = VERTEX_POINT('',#7803);
#7803 = CARTESIAN_POINT('',(7.856230351814,2.466884426791,
    11.840384398536));
#7804 = LINE('',#7805,#7806);
#7805 = CARTESIAN_POINT('',(7.856230351814,2.466884426791,
    11.277669972725));
#7806 = VECTOR('',#7807,1.);
#7807 = DIRECTION('',(0.,0.,-1.));
#7808 = ORIENTED_EDGE('',*,*,#7809,.F.);
#7809 = EDGE_CURVE('',#7810,#7802,#7812,.T.);
#7810 = VERTEX_POINT('',#7811);
#7811 = CARTESIAN_POINT('',(6.366706582662,2.466884426791,
    11.840384398536));
#7812 = LINE('',#7813,#7814);
#7813 = CARTESIAN_POINT('',(4.756230351814,2.466884426791,
    11.840384398536));
#7814 = VECTOR('',#7815,1.);
#7815 = DIRECTION('',(1.,-1.08968389867E-13,0.));
#7816 = ORIENTED_EDGE('',*,*,#7817,.F.);
#7817 = EDGE_CURVE('',#7818,#7810,#7820,.T.);
#7818 = VERTEX_POINT('',#7819);
#7819 = CARTESIAN_POINT('',(6.356230351814,2.466884426791,
    11.540384398536));
#7820 = LINE('',#7821,#7822);
#7821 = CARTESIAN_POINT('',(6.340330297273,2.466884426791,
    11.085066409489));
#7822 = VECTOR('',#7823,1.);
#7823 = DIRECTION('',(3.48994967025E-02,-3.802941962839E-15,
    0.999390827019));
#7824 = ORIENTED_EDGE('',*,*,#7825,.F.);
#7825 = EDGE_CURVE('',#7826,#7818,#7828,.T.);
#7826 = VERTEX_POINT('',#7827);
#7827 = CARTESIAN_POINT('',(6.533616720632,2.466884426791,
    11.540384398536));
#7828 = LINE('',#7829,#7830);
#7829 = CARTESIAN_POINT('',(4.756230351814,2.466884426791,
    11.540384398536));
#7830 = VECTOR('',#7831,1.);
#7831 = DIRECTION('',(-1.,1.08968389867E-13,0.));
#7832 = ORIENTED_EDGE('',*,*,#7833,.T.);
#7833 = EDGE_CURVE('',#7826,#7834,#7836,.T.);
#7834 = VERTEX_POINT('',#7835);
#7835 = CARTESIAN_POINT('',(6.683411150845,2.466884426791,
    11.398234791972));
#7836 = CIRCLE('',#7837,0.15);
#7837 = AXIS2_PLACEMENT_3D('',#7838,#7839,#7840);
#7838 = CARTESIAN_POINT('',(6.533616720632,2.466884426791,
    11.390384398536));
#7839 = DIRECTION('',(1.08968389867E-13,1.,0.));
#7840 = DIRECTION('',(0.,0.,-1.));
#7841 = ORIENTED_EDGE('',*,*,#7842,.T.);
#7842 = EDGE_CURVE('',#7834,#7843,#7845,.T.);
#7843 = VERTEX_POINT('',#7844);
#7844 = CARTESIAN_POINT('',(6.727934413202,2.466884426791,
    10.548680337148));
#7845 = LINE('',#7846,#7847);
#7846 = CARTESIAN_POINT('',(6.675961405639,2.466884426791,
    11.540384398536));
#7847 = VECTOR('',#7848,1.);
#7848 = DIRECTION('',(5.233595624294E-02,-5.70296488394E-15,
    -0.998629534755));
#7849 = ORIENTED_EDGE('',*,*,#7850,.T.);
#7850 = EDGE_CURVE('',#7843,#7704,#7851,.T.);
#7851 = LINE('',#7852,#7853);
#7852 = CARTESIAN_POINT('',(5.446230351814,2.466884426791,
    11.830384398536));
#7853 = VECTOR('',#7854,1.);
#7854 = DIRECTION('',(0.707106781187,-7.705228740991E-14,-0.707106781187
    ));
#7855 = PLANE('',#7856);
#7856 = AXIS2_PLACEMENT_3D('',#7857,#7858,#7859);
#7857 = CARTESIAN_POINT('',(4.756230351814,2.466884426791,
    11.140384398536));
#7858 = DIRECTION('',(-1.08968389867E-13,-1.,0.));
#7859 = DIRECTION('',(0.,0.,-1.));
#7860 = ADVANCED_FACE('',(#7861),#7879,.F.);
#7861 = FACE_BOUND('',#7862,.T.);
#7862 = EDGE_LOOP('',(#7863,#7864,#7865,#7873));
#7863 = ORIENTED_EDGE('',*,*,#7759,.F.);
#7864 = ORIENTED_EDGE('',*,*,#6460,.F.);
#7865 = ORIENTED_EDGE('',*,*,#7866,.T.);
#7866 = EDGE_CURVE('',#6453,#7867,#7869,.T.);
#7867 = VERTEX_POINT('',#7868);
#7868 = CARTESIAN_POINT('',(11.156230351815,10.16688442679,
    10.690384398536));
#7869 = LINE('',#7870,#7871);
#7870 = CARTESIAN_POINT('',(11.156230351815,10.16688442679,
    10.540384398536));
#7871 = VECTOR('',#7872,1.);
#7872 = DIRECTION('',(-0.,0.,1.));
#7873 = ORIENTED_EDGE('',*,*,#7874,.T.);
#7874 = EDGE_CURVE('',#7867,#7760,#7875,.T.);
#7875 = LINE('',#7876,#7877);
#7876 = CARTESIAN_POINT('',(11.156230351814,2.36688442679,
    10.690384398536));
#7877 = VECTOR('',#7878,1.);
#7878 = DIRECTION('',(-1.094131907582E-13,-1.,1.035904093245E-15));
#7879 = PLANE('',#7880);
#7880 = AXIS2_PLACEMENT_3D('',#7881,#7882,#7883);
#7881 = CARTESIAN_POINT('',(11.156230351814,2.36688442679,
    10.540384398536));
#7882 = DIRECTION('',(-1.,1.094131907582E-13,-0.));
#7883 = DIRECTION('',(1.094131907582E-13,1.,0.));
#7884 = ADVANCED_FACE('',(#7885),#7918,.F.);
#7885 = FACE_BOUND('',#7886,.T.);
#7886 = EDGE_LOOP('',(#7887,#7895,#7903,#7909,#7910,#7911,#7917));
#7887 = ORIENTED_EDGE('',*,*,#7888,.T.);
#7888 = EDGE_CURVE('',#7425,#7889,#7891,.T.);
#7889 = VERTEX_POINT('',#7890);
#7890 = CARTESIAN_POINT('',(8.556230351815,10.166884426791,
    11.140384398536));
#7891 = LINE('',#7892,#7893);
#7892 = CARTESIAN_POINT('',(8.556230351815,10.166884426791,
    9.380151871832));
#7893 = VECTOR('',#7894,1.);
#7894 = DIRECTION('',(-0.,0.,1.));
#7895 = ORIENTED_EDGE('',*,*,#7896,.T.);
#7896 = EDGE_CURVE('',#7889,#7897,#7899,.T.);
#7897 = VERTEX_POINT('',#7898);
#7898 = CARTESIAN_POINT('',(10.992443746395,10.16688442679,
    11.140384398536));
#7899 = LINE('',#7900,#7901);
#7900 = CARTESIAN_POINT('',(-1.643769648185,10.166884426792,
    11.140384398536));
#7901 = VECTOR('',#7902,1.);
#7902 = DIRECTION('',(1.,-1.090361525027E-13,0.));
#7903 = ORIENTED_EDGE('',*,*,#7904,.F.);
#7904 = EDGE_CURVE('',#7867,#7897,#7905,.T.);
#7905 = LINE('',#7906,#7907);
#7906 = CARTESIAN_POINT('',(11.156230351815,10.16688442679,
    10.690384398536));
#7907 = VECTOR('',#7908,1.);
#7908 = DIRECTION('',(-0.342020143326,3.726938432026E-14,0.939692620786)
  );
#7909 = ORIENTED_EDGE('',*,*,#7866,.F.);
#7910 = ORIENTED_EDGE('',*,*,#6452,.F.);
#7911 = ORIENTED_EDGE('',*,*,#7912,.F.);
#7912 = EDGE_CURVE('',#7301,#6445,#7913,.T.);
#7913 = LINE('',#7914,#7915);
#7914 = CARTESIAN_POINT('',(9.606230351815,10.16688442679,
    10.240384398536));
#7915 = VECTOR('',#7916,1.);
#7916 = DIRECTION('',(-0.,0.,1.));
#7917 = ORIENTED_EDGE('',*,*,#7432,.F.);
#7918 = PLANE('',#7919);
#7919 = AXIS2_PLACEMENT_3D('',#7920,#7921,#7922);
#7920 = CARTESIAN_POINT('',(-1.643769648185,10.166884426792,
    10.540384398536));
#7921 = DIRECTION('',(-1.090361525027E-13,-1.,0.));
#7922 = DIRECTION('',(-1.,1.090361525027E-13,-0.));
#7923 = ADVANCED_FACE('',(#7924),#7935,.T.);
#7924 = FACE_BOUND('',#7925,.T.);
#7925 = EDGE_LOOP('',(#7926,#7927,#7928,#7929));
#7926 = ORIENTED_EDGE('',*,*,#7300,.F.);
#7927 = ORIENTED_EDGE('',*,*,#7912,.T.);
#7928 = ORIENTED_EDGE('',*,*,#6444,.T.);
#7929 = ORIENTED_EDGE('',*,*,#7930,.T.);
#7930 = EDGE_CURVE('',#6436,#7303,#7931,.T.);
#7931 = LINE('',#7932,#7933);
#7932 = CARTESIAN_POINT('',(9.606230351814,10.716884426791,
    10.540384398536));
#7933 = VECTOR('',#7934,1.);
#7934 = DIRECTION('',(-0.,-0.,-1.));
#7935 = PLANE('',#7936);
#7936 = AXIS2_PLACEMENT_3D('',#7937,#7938,#7939);
#7937 = CARTESIAN_POINT('',(9.606230351814,10.716884426791,
    10.540384398536));
#7938 = DIRECTION('',(-1.,8.732091204916E-14,0.));
#7939 = DIRECTION('',(-8.732091204916E-14,-1.,0.));
#7940 = ADVANCED_FACE('',(#7941),#7952,.F.);
#7941 = FACE_BOUND('',#7942,.F.);
#7942 = EDGE_LOOP('',(#7943,#7949,#7950,#7951));
#7943 = ORIENTED_EDGE('',*,*,#7944,.F.);
#7944 = EDGE_CURVE('',#6428,#7311,#7945,.T.);
#7945 = LINE('',#7946,#7947);
#7946 = CARTESIAN_POINT('',(9.006230351814,11.316884426791,
    10.540384398536));
#7947 = VECTOR('',#7948,1.);
#7948 = DIRECTION('',(-0.,-0.,-1.));
#7949 = ORIENTED_EDGE('',*,*,#6435,.F.);
#7950 = ORIENTED_EDGE('',*,*,#7930,.T.);
#7951 = ORIENTED_EDGE('',*,*,#7310,.T.);
#7952 = CYLINDRICAL_SURFACE('',#7953,0.6);
#7953 = AXIS2_PLACEMENT_3D('',#7954,#7955,#7956);
#7954 = CARTESIAN_POINT('',(9.006230351814,10.716884426791,
    10.540384398536));
#7955 = DIRECTION('',(-0.,-0.,-1.));
#7956 = DIRECTION('',(-1.,0.,0.));
#7957 = ADVANCED_FACE('',(#7958),#7969,.T.);
#7958 = FACE_BOUND('',#7959,.T.);
#7959 = EDGE_LOOP('',(#7960,#7961,#7962,#7963));
#7960 = ORIENTED_EDGE('',*,*,#7319,.F.);
#7961 = ORIENTED_EDGE('',*,*,#7944,.F.);
#7962 = ORIENTED_EDGE('',*,*,#6427,.T.);
#7963 = ORIENTED_EDGE('',*,*,#7964,.T.);
#7964 = EDGE_CURVE('',#6419,#7320,#7965,.T.);
#7965 = LINE('',#7966,#7967);
#7966 = CARTESIAN_POINT('',(0.506230351814,11.316884426791,
    10.540384398536));
#7967 = VECTOR('',#7968,1.);
#7968 = DIRECTION('',(-0.,-0.,-1.));
#7969 = PLANE('',#7970);
#7970 = AXIS2_PLACEMENT_3D('',#7971,#7972,#7973);
#7971 = CARTESIAN_POINT('',(0.506230351814,11.316884426791,
    10.540384398536));
#7972 = DIRECTION('',(0.,-1.,0.));
#7973 = DIRECTION('',(0.,0.,-1.));
#7974 = ADVANCED_FACE('',(#7975),#7986,.F.);
#7975 = FACE_BOUND('',#7976,.F.);
#7976 = EDGE_LOOP('',(#7977,#7983,#7984,#7985));
#7977 = ORIENTED_EDGE('',*,*,#7978,.F.);
#7978 = EDGE_CURVE('',#6411,#7328,#7979,.T.);
#7979 = LINE('',#7980,#7981);
#7980 = CARTESIAN_POINT('',(-9.376964818637E-02,10.716884426791,
    10.540384398536));
#7981 = VECTOR('',#7982,1.);
#7982 = DIRECTION('',(-0.,-0.,-1.));
#7983 = ORIENTED_EDGE('',*,*,#6418,.F.);
#7984 = ORIENTED_EDGE('',*,*,#7964,.T.);
#7985 = ORIENTED_EDGE('',*,*,#7327,.T.);
#7986 = CYLINDRICAL_SURFACE('',#7987,0.6);
#7987 = AXIS2_PLACEMENT_3D('',#7988,#7989,#7990);
#7988 = CARTESIAN_POINT('',(0.506230351814,10.716884426791,
    10.540384398536));
#7989 = DIRECTION('',(-0.,-0.,-1.));
#7990 = DIRECTION('',(-1.,0.,0.));
#7991 = ADVANCED_FACE('',(#7992),#8003,.T.);
#7992 = FACE_BOUND('',#7993,.T.);
#7993 = EDGE_LOOP('',(#7994,#7995,#8001,#8002));
#7994 = ORIENTED_EDGE('',*,*,#6410,.T.);
#7995 = ORIENTED_EDGE('',*,*,#7996,.T.);
#7996 = EDGE_CURVE('',#6403,#7337,#7997,.T.);
#7997 = LINE('',#7998,#7999);
#7998 = CARTESIAN_POINT('',(-9.376964818475E-02,10.666884426792,
    11.883687835902));
#7999 = VECTOR('',#8000,1.);
#8000 = DIRECTION('',(0.,0.,-1.));
#8001 = ORIENTED_EDGE('',*,*,#7336,.F.);
#8002 = ORIENTED_EDGE('',*,*,#7978,.F.);
#8003 = PLANE('',#8004);
#8004 = AXIS2_PLACEMENT_3D('',#8005,#8006,#8007);
#8005 = CARTESIAN_POINT('',(-9.376964818637E-02,10.716884426791,
    10.540384398536));
#8006 = DIRECTION('',(1.,-2.494883201405E-14,0.));
#8007 = DIRECTION('',(2.494883201405E-14,1.,0.));
#8008 = ADVANCED_FACE('',(#8009),#8034,.F.);
#8009 = FACE_BOUND('',#8010,.F.);
#8010 = EDGE_LOOP('',(#8011,#8019,#8020,#8028));
#8011 = ORIENTED_EDGE('',*,*,#8012,.T.);
#8012 = EDGE_CURVE('',#8013,#6395,#8015,.T.);
#8013 = VERTEX_POINT('',#8014);
#8014 = CARTESIAN_POINT('',(-9.376964818481E-02,10.166884426792,
    11.140384398536));
#8015 = LINE('',#8016,#8017);
#8016 = CARTESIAN_POINT('',(-9.376964818481E-02,10.166884426792,
    11.883687835902));
#8017 = VECTOR('',#8018,1.);
#8018 = DIRECTION('',(0.,0.,-1.));
#8019 = ORIENTED_EDGE('',*,*,#6402,.F.);
#8020 = ORIENTED_EDGE('',*,*,#8021,.F.);
#8021 = EDGE_CURVE('',#8022,#6403,#8024,.T.);
#8022 = VERTEX_POINT('',#8023);
#8023 = CARTESIAN_POINT('',(-9.376964818475E-02,10.666884426792,
    11.140384398536));
#8024 = LINE('',#8025,#8026);
#8025 = CARTESIAN_POINT('',(-9.376964818475E-02,10.666884426792,
    11.883687835902));
#8026 = VECTOR('',#8027,1.);
#8027 = DIRECTION('',(0.,0.,-1.));
#8028 = ORIENTED_EDGE('',*,*,#8029,.T.);
#8029 = EDGE_CURVE('',#8022,#8013,#8030,.T.);
#8030 = LINE('',#8031,#8032);
#8031 = CARTESIAN_POINT('',(-9.376964818481E-02,10.166884426792,
    11.140384398536));
#8032 = VECTOR('',#8033,1.);
#8033 = DIRECTION('',(-1.08968389867E-13,-1.,0.));
#8034 = PLANE('',#8035);
#8035 = AXIS2_PLACEMENT_3D('',#8036,#8037,#8038);
#8036 = CARTESIAN_POINT('',(-9.376964818515E-02,7.016884426792,
    10.240384398536));
#8037 = DIRECTION('',(1.,-1.092437427997E-13,0.));
#8038 = DIRECTION('',(-1.092437427997E-13,-1.,0.));
#8039 = ADVANCED_FACE('',(#8040),#8066,.F.);
#8040 = FACE_BOUND('',#8041,.T.);
#8041 = EDGE_LOOP('',(#8042,#8050,#8051,#8052,#8060));
#8042 = ORIENTED_EDGE('',*,*,#8043,.T.);
#8043 = EDGE_CURVE('',#8044,#8013,#8046,.T.);
#8044 = VERTEX_POINT('',#8045);
#8045 = CARTESIAN_POINT('',(-1.479983042765,10.166884426792,
    11.140384398536));
#8046 = LINE('',#8047,#8048);
#8047 = CARTESIAN_POINT('',(-1.643769648185,10.166884426792,
    11.140384398536));
#8048 = VECTOR('',#8049,1.);
#8049 = DIRECTION('',(1.,-1.090361525027E-13,0.));
#8050 = ORIENTED_EDGE('',*,*,#8012,.T.);
#8051 = ORIENTED_EDGE('',*,*,#6394,.F.);
#8052 = ORIENTED_EDGE('',*,*,#8053,.T.);
#8053 = EDGE_CURVE('',#6387,#8054,#8056,.T.);
#8054 = VERTEX_POINT('',#8055);
#8055 = CARTESIAN_POINT('',(-1.643769648185,10.166884426792,
    10.690384398536));
#8056 = LINE('',#8057,#8058);
#8057 = CARTESIAN_POINT('',(-1.643769648185,10.166884426792,
    10.540384398536));
#8058 = VECTOR('',#8059,1.);
#8059 = DIRECTION('',(-0.,0.,1.));
#8060 = ORIENTED_EDGE('',*,*,#8061,.F.);
#8061 = EDGE_CURVE('',#8044,#8054,#8062,.T.);
#8062 = LINE('',#8063,#8064);
#8063 = CARTESIAN_POINT('',(-1.643769648185,10.166884426792,
    10.690384398536));
#8064 = VECTOR('',#8065,1.);
#8065 = DIRECTION('',(-0.342020143326,3.726938432026E-14,-0.939692620786
    ));
#8066 = PLANE('',#8067);
#8067 = AXIS2_PLACEMENT_3D('',#8068,#8069,#8070);
#8068 = CARTESIAN_POINT('',(-1.643769648185,10.166884426792,
    10.540384398536));
#8069 = DIRECTION('',(-1.090361525027E-13,-1.,0.));
#8070 = DIRECTION('',(-1.,1.090361525027E-13,-0.));
#8071 = ADVANCED_FACE('',(#8072),#8090,.F.);
#8072 = FACE_BOUND('',#8073,.T.);
#8073 = EDGE_LOOP('',(#8074,#8082,#8088,#8089));
#8074 = ORIENTED_EDGE('',*,*,#8075,.F.);
#8075 = EDGE_CURVE('',#8076,#6379,#8078,.T.);
#8076 = VERTEX_POINT('',#8077);
#8077 = CARTESIAN_POINT('',(-1.643769648186,2.466884426792,
    10.690384398536));
#8078 = LINE('',#8079,#8080);
#8079 = CARTESIAN_POINT('',(-1.643769648186,2.466884426792,
    10.540384398536));
#8080 = VECTOR('',#8081,1.);
#8081 = DIRECTION('',(0.,0.,-1.));
#8082 = ORIENTED_EDGE('',*,*,#8083,.T.);
#8083 = EDGE_CURVE('',#8076,#8054,#8084,.T.);
#8084 = LINE('',#8085,#8086);
#8085 = CARTESIAN_POINT('',(-1.643769648188,-19.8331155732,
    10.690384398536));
#8086 = VECTOR('',#8087,1.);
#8087 = DIRECTION('',(1.090361525027E-13,1.,0.));
#8088 = ORIENTED_EDGE('',*,*,#8053,.F.);
#8089 = ORIENTED_EDGE('',*,*,#6386,.F.);
#8090 = PLANE('',#8091);
#8091 = AXIS2_PLACEMENT_3D('',#8092,#8093,#8094);
#8092 = CARTESIAN_POINT('',(-1.643769648186,2.366884426792,
    10.540384398536));
#8093 = DIRECTION('',(1.,-1.091907903126E-13,0.));
#8094 = DIRECTION('',(-1.091907903126E-13,-1.,0.));
#8095 = ADVANCED_FACE('',(#8096),#8241,.T.);
#8096 = FACE_BOUND('',#8097,.T.);
#8097 = EDGE_LOOP('',(#8098,#8108,#8116,#8124,#8132,#8140,#8148,#8156,
    #8164,#8172,#8180,#8188,#8194,#8195,#8196,#8202,#8203,#8211,#8219,
    #8227,#8235));
#8098 = ORIENTED_EDGE('',*,*,#8099,.T.);
#8099 = EDGE_CURVE('',#8100,#8102,#8104,.T.);
#8100 = VERTEX_POINT('',#8101);
#8101 = CARTESIAN_POINT('',(2.284080745251,2.466884426791,
    10.540178828749));
#8102 = VERTEX_POINT('',#8103);
#8103 = CARTESIAN_POINT('',(2.328638131097,2.466884426791,
    11.390384398536));
#8104 = LINE('',#8105,#8106);
#8105 = CARTESIAN_POINT('',(2.276230351814,2.466884426791,
    10.390384398536));
#8106 = VECTOR('',#8107,1.);
#8107 = DIRECTION('',(5.233595624294E-02,-5.70296488394E-15,
    0.998629534755));
#8108 = ORIENTED_EDGE('',*,*,#8109,.T.);
#8109 = EDGE_CURVE('',#8102,#8110,#8112,.T.);
#8110 = VERTEX_POINT('',#8111);
#8111 = CARTESIAN_POINT('',(2.51947372743,2.466884426791,11.390384398536
    ));
#8112 = LINE('',#8113,#8114);
#8113 = CARTESIAN_POINT('',(1.256230351814,2.466884426791,
    11.390384398536));
#8114 = VECTOR('',#8115,1.);
#8115 = DIRECTION('',(1.,-1.08968389867E-13,0.));
#8116 = ORIENTED_EDGE('',*,*,#8117,.F.);
#8117 = EDGE_CURVE('',#8118,#8110,#8120,.T.);
#8118 = VERTEX_POINT('',#8119);
#8119 = CARTESIAN_POINT('',(2.51947372743,2.466884426791,11.540384398536
    ));
#8120 = LINE('',#8121,#8122);
#8121 = CARTESIAN_POINT('',(2.51947372743,2.466884426791,14.46446210814)
  );
#8122 = VECTOR('',#8123,1.);
#8123 = DIRECTION('',(0.,0.,-1.));
#8124 = ORIENTED_EDGE('',*,*,#8125,.F.);
#8125 = EDGE_CURVE('',#8126,#8118,#8128,.T.);
#8126 = VERTEX_POINT('',#8127);
#8127 = CARTESIAN_POINT('',(2.17731147702,2.466884426791,11.540384398536
    ));
#8128 = LINE('',#8129,#8130);
#8129 = CARTESIAN_POINT('',(2.51947372743,2.466884426791,11.540384398536
    ));
#8130 = VECTOR('',#8131,1.);
#8131 = DIRECTION('',(1.,-1.08968389867E-13,-1.58433925891E-16));
#8132 = ORIENTED_EDGE('',*,*,#8133,.T.);
#8133 = EDGE_CURVE('',#8126,#8134,#8136,.T.);
#8134 = VERTEX_POINT('',#8135);
#8135 = CARTESIAN_POINT('',(2.21947372743,2.466884426791,11.840384398536
    ));
#8136 = LINE('',#8137,#8138);
#8137 = CARTESIAN_POINT('',(2.156230351814,2.466884426791,
    11.390384398536));
#8138 = VECTOR('',#8139,1.);
#8139 = DIRECTION('',(0.13917310096,-1.516546872441E-14,0.990268068742)
  );
#8140 = ORIENTED_EDGE('',*,*,#8141,.F.);
#8141 = EDGE_CURVE('',#8142,#8134,#8144,.T.);
#8142 = VERTEX_POINT('',#8143);
#8143 = CARTESIAN_POINT('',(1.256230351814,2.466884426791,
    11.840384398536));
#8144 = LINE('',#8145,#8146);
#8145 = CARTESIAN_POINT('',(1.256230351814,2.466884426791,
    11.840384398536));
#8146 = VECTOR('',#8147,1.);
#8147 = DIRECTION('',(1.,-1.08968389867E-13,0.));
#8148 = ORIENTED_EDGE('',*,*,#8149,.T.);
#8149 = EDGE_CURVE('',#8142,#8150,#8152,.T.);
#8150 = VERTEX_POINT('',#8151);
#8151 = CARTESIAN_POINT('',(1.256230351814,2.466884426791,
    11.390384398536));
#8152 = LINE('',#8153,#8154);
#8153 = CARTESIAN_POINT('',(1.256230351814,2.466884426791,14.46446210814
    ));
#8154 = VECTOR('',#8155,1.);
#8155 = DIRECTION('',(0.,0.,-1.));
#8156 = ORIENTED_EDGE('',*,*,#8157,.T.);
#8157 = EDGE_CURVE('',#8150,#8158,#8160,.T.);
#8158 = VERTEX_POINT('',#8159);
#8159 = CARTESIAN_POINT('',(1.176883210496,2.466884426791,
    10.940384398536));
#8160 = LINE('',#8161,#8162);
#8161 = CARTESIAN_POINT('',(1.256230351814,2.466884426791,
    11.390384398536));
#8162 = VECTOR('',#8163,1.);
#8163 = DIRECTION('',(-0.173648177667,1.89221623237E-14,-0.984807753012)
  );
#8164 = ORIENTED_EDGE('',*,*,#8165,.T.);
#8165 = EDGE_CURVE('',#8158,#8166,#8168,.T.);
#8166 = VERTEX_POINT('',#8167);
#8167 = CARTESIAN_POINT('',(0.772525526671,2.466884426791,
    10.940384398536));
#8168 = LINE('',#8169,#8170);
#8169 = CARTESIAN_POINT('',(0.772525526671,2.466884426791,
    10.940384398536));
#8170 = VECTOR('',#8171,1.);
#8171 = DIRECTION('',(-1.,1.08968389867E-13,5.603635296405E-17));
#8172 = ORIENTED_EDGE('',*,*,#8173,.T.);
#8173 = EDGE_CURVE('',#8166,#8174,#8176,.T.);
#8174 = VERTEX_POINT('',#8175);
#8175 = CARTESIAN_POINT('',(-9.376964818565E-02,2.466884426792,
    11.140384398536));
#8176 = LINE('',#8177,#8178);
#8177 = CARTESIAN_POINT('',(-9.376964818565E-02,2.466884426792,
    11.140384398536));
#8178 = VECTOR('',#8179,1.);
#8179 = DIRECTION('',(-0.974370064785,1.061755370942E-13,0.224951054344)
  );
#8180 = ORIENTED_EDGE('',*,*,#8181,.T.);
#8181 = EDGE_CURVE('',#8174,#8182,#8184,.T.);
#8182 = VERTEX_POINT('',#8183);
#8183 = CARTESIAN_POINT('',(-1.479983042766,2.466884426792,
    11.140384398536));
#8184 = LINE('',#8185,#8186);
#8185 = CARTESIAN_POINT('',(4.756230351814,2.466884426791,
    11.140384398536));
#8186 = VECTOR('',#8187,1.);
#8187 = DIRECTION('',(-1.,1.08968389867E-13,0.));
#8188 = ORIENTED_EDGE('',*,*,#8189,.T.);
#8189 = EDGE_CURVE('',#8182,#8076,#8190,.T.);
#8190 = LINE('',#8191,#8192);
#8191 = CARTESIAN_POINT('',(-1.643769648186,2.466884426792,
    10.690384398536));
#8192 = VECTOR('',#8193,1.);
#8193 = DIRECTION('',(-0.342020143326,3.726938432026E-14,-0.939692620786
    ));
#8194 = ORIENTED_EDGE('',*,*,#8075,.T.);
#8195 = ORIENTED_EDGE('',*,*,#6378,.F.);
#8196 = ORIENTED_EDGE('',*,*,#8197,.T.);
#8197 = EDGE_CURVE('',#6371,#7259,#8198,.T.);
#8198 = LINE('',#8199,#8200);
#8199 = CARTESIAN_POINT('',(-9.376964818565E-02,2.466884426792,
    10.240384398536));
#8200 = VECTOR('',#8201,1.);
#8201 = DIRECTION('',(0.,0.,-1.));
#8202 = ORIENTED_EDGE('',*,*,#7258,.F.);
#8203 = ORIENTED_EDGE('',*,*,#8204,.T.);
#8204 = EDGE_CURVE('',#7251,#8205,#8207,.T.);
#8205 = VERTEX_POINT('',#8206);
#8206 = CARTESIAN_POINT('',(1.376230351814,2.466884426791,
    10.390384398536));
#8207 = LINE('',#8208,#8209);
#8208 = CARTESIAN_POINT('',(3.441230351814,2.466884426791,
    12.455384398536));
#8209 = VECTOR('',#8210,1.);
#8210 = DIRECTION('',(0.707106781187,-7.705228740991E-14,0.707106781187)
  );
#8211 = ORIENTED_EDGE('',*,*,#8212,.T.);
#8212 = EDGE_CURVE('',#8205,#8213,#8215,.T.);
#8213 = VERTEX_POINT('',#8214);
#8214 = CARTESIAN_POINT('',(1.506230351787,2.466884426791,
    10.390384398536));
#8215 = LINE('',#8216,#8217);
#8216 = CARTESIAN_POINT('',(4.756230351814,2.466884426791,
    10.390384398536));
#8217 = VECTOR('',#8218,1.);
#8218 = DIRECTION('',(1.,-1.08968389867E-13,0.));
#8219 = ORIENTED_EDGE('',*,*,#8220,.T.);
#8220 = EDGE_CURVE('',#8213,#8221,#8223,.T.);
#8221 = VERTEX_POINT('',#8222);
#8222 = CARTESIAN_POINT('',(2.006230351787,2.466884426791,
    10.390384398536));
#8223 = LINE('',#8224,#8225);
#8224 = CARTESIAN_POINT('',(4.756230351814,2.466884426791,
    10.390384398536));
#8225 = VECTOR('',#8226,1.);
#8226 = DIRECTION('',(1.,-1.08968389867E-13,0.));
#8227 = ORIENTED_EDGE('',*,*,#8228,.T.);
#8228 = EDGE_CURVE('',#8221,#8229,#8231,.T.);
#8229 = VERTEX_POINT('',#8230);
#8230 = CARTESIAN_POINT('',(2.117717176404,2.466884426791,
    10.390384398536));
#8231 = LINE('',#8232,#8233);
#8232 = CARTESIAN_POINT('',(4.756230351814,2.466884426791,
    10.390384398536));
#8233 = VECTOR('',#8234,1.);
#8234 = DIRECTION('',(1.,-1.08968389867E-13,0.));
#8235 = ORIENTED_EDGE('',*,*,#8236,.T.);
#8236 = EDGE_CURVE('',#8229,#8100,#8237,.T.);
#8237 = LINE('',#8238,#8239);
#8238 = CARTESIAN_POINT('',(3.947819338641,2.466884426791,
    12.038215786892));
#8239 = VECTOR('',#8240,1.);
#8240 = DIRECTION('',(0.743144825477,-8.097929507023E-14,0.669130606359)
  );
#8241 = PLANE('',#8242);
#8242 = AXIS2_PLACEMENT_3D('',#8243,#8244,#8245);
#8243 = CARTESIAN_POINT('',(4.756230351814,2.466884426791,
    11.140384398536));
#8244 = DIRECTION('',(-1.08968389867E-13,-1.,0.));
#8245 = DIRECTION('',(0.,0.,-1.));
#8246 = ADVANCED_FACE('',(#8247),#8258,.T.);
#8247 = FACE_BOUND('',#8248,.T.);
#8248 = EDGE_LOOP('',(#8249,#8250,#8251,#8252));
#8249 = ORIENTED_EDGE('',*,*,#7266,.F.);
#8250 = ORIENTED_EDGE('',*,*,#8197,.F.);
#8251 = ORIENTED_EDGE('',*,*,#6370,.T.);
#8252 = ORIENTED_EDGE('',*,*,#8253,.T.);
#8253 = EDGE_CURVE('',#6362,#7267,#8254,.T.);
#8254 = LINE('',#8255,#8256);
#8255 = CARTESIAN_POINT('',(-9.376964818648E-02,1.816884426791,
    10.540384398536));
#8256 = VECTOR('',#8257,1.);
#8257 = DIRECTION('',(-0.,-0.,-1.));
#8258 = PLANE('',#8259);
#8259 = AXIS2_PLACEMENT_3D('',#8260,#8261,#8262);
#8260 = CARTESIAN_POINT('',(-9.376964818637E-02,10.716884426791,
    10.540384398536));
#8261 = DIRECTION('',(1.,-2.494883201405E-14,0.));
#8262 = DIRECTION('',(2.494883201405E-14,1.,0.));
#8263 = ADVANCED_FACE('',(#8264),#8275,.F.);
#8264 = FACE_BOUND('',#8265,.F.);
#8265 = EDGE_LOOP('',(#8266,#8272,#8273,#8274));
#8266 = ORIENTED_EDGE('',*,*,#8267,.F.);
#8267 = EDGE_CURVE('',#6354,#7275,#8268,.T.);
#8268 = LINE('',#8269,#8270);
#8269 = CARTESIAN_POINT('',(0.506230351813,1.216884426791,
    10.540384398536));
#8270 = VECTOR('',#8271,1.);
#8271 = DIRECTION('',(-0.,-0.,-1.));
#8272 = ORIENTED_EDGE('',*,*,#6361,.F.);
#8273 = ORIENTED_EDGE('',*,*,#8253,.T.);
#8274 = ORIENTED_EDGE('',*,*,#7274,.T.);
#8275 = CYLINDRICAL_SURFACE('',#8276,0.6);
#8276 = AXIS2_PLACEMENT_3D('',#8277,#8278,#8279);
#8277 = CARTESIAN_POINT('',(0.506230351813,1.816884426791,
    10.540384398536));
#8278 = DIRECTION('',(-0.,-0.,-1.));
#8279 = DIRECTION('',(-1.,0.,0.));
#8280 = ADVANCED_FACE('',(#8281),#8292,.T.);
#8281 = FACE_BOUND('',#8282,.T.);
#8282 = EDGE_LOOP('',(#8283,#8284,#8285,#8286));
#8283 = ORIENTED_EDGE('',*,*,#7283,.F.);
#8284 = ORIENTED_EDGE('',*,*,#8267,.F.);
#8285 = ORIENTED_EDGE('',*,*,#6353,.T.);
#8286 = ORIENTED_EDGE('',*,*,#8287,.T.);
#8287 = EDGE_CURVE('',#6345,#7284,#8288,.T.);
#8288 = LINE('',#8289,#8290);
#8289 = CARTESIAN_POINT('',(9.006230351813,1.21688442679,10.540384398536
    ));
#8290 = VECTOR('',#8291,1.);
#8291 = DIRECTION('',(-0.,-0.,-1.));
#8292 = PLANE('',#8293);
#8293 = AXIS2_PLACEMENT_3D('',#8294,#8295,#8296);
#8294 = CARTESIAN_POINT('',(0.506230351813,1.216884426791,
    10.540384398536));
#8295 = DIRECTION('',(1.044915787883E-13,1.,0.));
#8296 = DIRECTION('',(-1.,1.044915787883E-13,0.));
#8297 = ADVANCED_FACE('',(#8298),#8309,.F.);
#8298 = FACE_BOUND('',#8299,.F.);
#8299 = EDGE_LOOP('',(#8300,#8306,#8307,#8308));
#8300 = ORIENTED_EDGE('',*,*,#8301,.F.);
#8301 = EDGE_CURVE('',#6337,#7185,#8302,.T.);
#8302 = LINE('',#8303,#8304);
#8303 = CARTESIAN_POINT('',(9.606230351813,1.81688442679,10.540384398536
    ));
#8304 = VECTOR('',#8305,1.);
#8305 = DIRECTION('',(-0.,-0.,-1.));
#8306 = ORIENTED_EDGE('',*,*,#6344,.F.);
#8307 = ORIENTED_EDGE('',*,*,#8287,.T.);
#8308 = ORIENTED_EDGE('',*,*,#7291,.T.);
#8309 = CYLINDRICAL_SURFACE('',#8310,0.6);
#8310 = AXIS2_PLACEMENT_3D('',#8311,#8312,#8313);
#8311 = CARTESIAN_POINT('',(9.006230351813,1.81688442679,10.540384398536
    ));
#8312 = DIRECTION('',(-0.,-0.,-1.));
#8313 = DIRECTION('',(-1.,0.,0.));
#8314 = ADVANCED_FACE('',(#8315),#8321,.T.);
#8315 = FACE_BOUND('',#8316,.T.);
#8316 = EDGE_LOOP('',(#8317,#8318,#8319,#8320));
#8317 = ORIENTED_EDGE('',*,*,#8301,.F.);
#8318 = ORIENTED_EDGE('',*,*,#6336,.T.);
#8319 = ORIENTED_EDGE('',*,*,#7752,.F.);
#8320 = ORIENTED_EDGE('',*,*,#7184,.F.);
#8321 = PLANE('',#8322);
#8322 = AXIS2_PLACEMENT_3D('',#8323,#8324,#8325);
#8323 = CARTESIAN_POINT('',(9.606230351814,10.716884426791,
    10.540384398536));
#8324 = DIRECTION('',(-1.,8.732091204916E-14,0.));
#8325 = DIRECTION('',(-8.732091204916E-14,-1.,0.));
#8326 = ADVANCED_FACE('',(#8327),#8345,.T.);
#8327 = FACE_BOUND('',#8328,.T.);
#8328 = EDGE_LOOP('',(#8329,#8337,#8338,#8339));
#8329 = ORIENTED_EDGE('',*,*,#8330,.F.);
#8330 = EDGE_CURVE('',#7203,#8331,#8333,.T.);
#8331 = VERTEX_POINT('',#8332);
#8332 = CARTESIAN_POINT('',(8.656230351815,4.766884426791,
    10.290384398536));
#8333 = LINE('',#8334,#8335);
#8334 = CARTESIAN_POINT('',(8.656230351815,4.766884426791,
    10.290384398536));
#8335 = VECTOR('',#8336,1.);
#8336 = DIRECTION('',(-0.707106781187,7.705228740991E-14,0.707106781187)
  );
#8337 = ORIENTED_EDGE('',*,*,#7202,.F.);
#8338 = ORIENTED_EDGE('',*,*,#7745,.F.);
#8339 = ORIENTED_EDGE('',*,*,#8340,.F.);
#8340 = EDGE_CURVE('',#8331,#7738,#8341,.T.);
#8341 = LINE('',#8342,#8343);
#8342 = CARTESIAN_POINT('',(8.656230351814,2.366884426791,
    10.290384398536));
#8343 = VECTOR('',#8344,1.);
#8344 = DIRECTION('',(-1.091418622146E-13,-1.,0.));
#8345 = PLANE('',#8346);
#8346 = AXIS2_PLACEMENT_3D('',#8347,#8348,#8349);
#8347 = CARTESIAN_POINT('',(8.656230351814,2.366884426791,
    10.290384398536));
#8348 = DIRECTION('',(-0.707106781187,7.717495088324E-14,-0.707106781187
    ));
#8349 = DIRECTION('',(1.091418622146E-13,1.,7.549272131936E-33));
#8350 = ADVANCED_FACE('',(#8351),#8500,.F.);
#8351 = FACE_BOUND('',#8352,.T.);
#8352 = EDGE_LOOP('',(#8353,#8361,#8369,#8377,#8385,#8393,#8401,#8409,
    #8418,#8426,#8434,#8442,#8450,#8459,#8468,#8476,#8484,#8492,#8498,
    #8499));
#8353 = ORIENTED_EDGE('',*,*,#8354,.T.);
#8354 = EDGE_CURVE('',#8331,#8355,#8357,.T.);
#8355 = VERTEX_POINT('',#8356);
#8356 = CARTESIAN_POINT('',(7.736230351815,4.766884426791,
    10.290384398536));
#8357 = LINE('',#8358,#8359);
#8358 = CARTESIAN_POINT('',(7.336230351815,4.766884426791,
    10.290384398536));
#8359 = VECTOR('',#8360,1.);
#8360 = DIRECTION('',(-1.,1.08968389867E-13,0.));
#8361 = ORIENTED_EDGE('',*,*,#8362,.T.);
#8362 = EDGE_CURVE('',#8355,#8363,#8365,.T.);
#8363 = VERTEX_POINT('',#8364);
#8364 = CARTESIAN_POINT('',(7.636230351815,4.766884426791,
    10.390384398536));
#8365 = LINE('',#8366,#8367);
#8366 = CARTESIAN_POINT('',(7.636230351815,4.766884426791,
    10.390384398536));
#8367 = VECTOR('',#8368,1.);
#8368 = DIRECTION('',(-0.707106781187,7.705228740991E-14,0.707106781187)
  );
#8369 = ORIENTED_EDGE('',*,*,#8370,.T.);
#8370 = EDGE_CURVE('',#8363,#8371,#8373,.T.);
#8371 = VERTEX_POINT('',#8372);
#8372 = CARTESIAN_POINT('',(7.306230351689,4.766884426791,
    10.390384398572));
#8373 = LINE('',#8374,#8375);
#8374 = CARTESIAN_POINT('',(6.736230351815,4.766884426791,
    10.390384398536));
#8375 = VECTOR('',#8376,1.);
#8376 = DIRECTION('',(-1.,1.08968389867E-13,0.));
#8377 = ORIENTED_EDGE('',*,*,#8378,.T.);
#8378 = EDGE_CURVE('',#8371,#8379,#8381,.T.);
#8379 = VERTEX_POINT('',#8380);
#8380 = CARTESIAN_POINT('',(6.906230351689,4.766884426791,
    10.390384398572));
#8381 = LINE('',#8382,#8383);
#8382 = CARTESIAN_POINT('',(6.736230351815,4.766884426791,
    10.390384398536));
#8383 = VECTOR('',#8384,1.);
#8384 = DIRECTION('',(-1.,1.08968389867E-13,0.));
#8385 = ORIENTED_EDGE('',*,*,#8386,.T.);
#8386 = EDGE_CURVE('',#8379,#8387,#8389,.T.);
#8387 = VERTEX_POINT('',#8388);
#8388 = CARTESIAN_POINT('',(6.886230351815,4.766884426791,
    10.390384398536));
#8389 = LINE('',#8390,#8391);
#8390 = CARTESIAN_POINT('',(6.736230351815,4.766884426791,
    10.390384398536));
#8391 = VECTOR('',#8392,1.);
#8392 = DIRECTION('',(-1.,1.08968389867E-13,0.));
#8393 = ORIENTED_EDGE('',*,*,#8394,.T.);
#8394 = EDGE_CURVE('',#8387,#8395,#8397,.T.);
#8395 = VERTEX_POINT('',#8396);
#8396 = CARTESIAN_POINT('',(6.727934413202,4.766884426791,
    10.548680337148));
#8397 = LINE('',#8398,#8399);
#8398 = CARTESIAN_POINT('',(6.727934413202,4.766884426791,
    10.548680337148));
#8399 = VECTOR('',#8400,1.);
#8400 = DIRECTION('',(-0.707106781187,7.705228740991E-14,0.707106781187)
  );
#8401 = ORIENTED_EDGE('',*,*,#8402,.T.);
#8402 = EDGE_CURVE('',#8395,#8403,#8405,.T.);
#8403 = VERTEX_POINT('',#8404);
#8404 = CARTESIAN_POINT('',(6.683411150845,4.766884426791,
    11.398234791972));
#8405 = LINE('',#8406,#8407);
#8406 = CARTESIAN_POINT('',(6.675961405639,4.766884426791,
    11.540384398536));
#8407 = VECTOR('',#8408,1.);
#8408 = DIRECTION('',(-5.233595624294E-02,5.70296488394E-15,
    0.998629534755));
#8409 = ORIENTED_EDGE('',*,*,#8410,.T.);
#8410 = EDGE_CURVE('',#8403,#8411,#8413,.T.);
#8411 = VERTEX_POINT('',#8412);
#8412 = CARTESIAN_POINT('',(6.533616720632,4.766884426791,
    11.540384398536));
#8413 = CIRCLE('',#8414,0.15);
#8414 = AXIS2_PLACEMENT_3D('',#8415,#8416,#8417);
#8415 = CARTESIAN_POINT('',(6.533616720632,4.766884426791,
    11.390384398536));
#8416 = DIRECTION('',(-1.08968389867E-13,-1.,-0.));
#8417 = DIRECTION('',(0.,0.,-1.));
#8418 = ORIENTED_EDGE('',*,*,#8419,.T.);
#8419 = EDGE_CURVE('',#8411,#8420,#8422,.T.);
#8420 = VERTEX_POINT('',#8421);
#8421 = CARTESIAN_POINT('',(6.356230351815,4.766884426791,
    11.540384398536));
#8422 = LINE('',#8423,#8424);
#8423 = CARTESIAN_POINT('',(5.276230351815,4.766884426791,
    11.540384398536));
#8424 = VECTOR('',#8425,1.);
#8425 = DIRECTION('',(-1.,1.08968389867E-13,0.));
#8426 = ORIENTED_EDGE('',*,*,#8427,.F.);
#8427 = EDGE_CURVE('',#8428,#8420,#8430,.T.);
#8428 = VERTEX_POINT('',#8429);
#8429 = CARTESIAN_POINT('',(6.366706582662,4.766884426791,
    11.840384398536));
#8430 = LINE('',#8431,#8432);
#8431 = CARTESIAN_POINT('',(6.356230351815,4.766884426791,
    11.540384398536));
#8432 = VECTOR('',#8433,1.);
#8433 = DIRECTION('',(-3.48994967025E-02,3.802941962839E-15,
    -0.999390827019));
#8434 = ORIENTED_EDGE('',*,*,#8435,.T.);
#8435 = EDGE_CURVE('',#8428,#8436,#8438,.T.);
#8436 = VERTEX_POINT('',#8437);
#8437 = CARTESIAN_POINT('',(7.856230351815,4.766884426791,
    11.840384398536));
#8438 = LINE('',#8439,#8440);
#8439 = CARTESIAN_POINT('',(9.606230351815,4.76688442679,11.840384398536
    ));
#8440 = VECTOR('',#8441,1.);
#8441 = DIRECTION('',(1.,-1.08968389867E-13,0.));
#8442 = ORIENTED_EDGE('',*,*,#8443,.F.);
#8443 = EDGE_CURVE('',#8444,#8436,#8446,.T.);
#8444 = VERTEX_POINT('',#8445);
#8445 = CARTESIAN_POINT('',(7.856230351815,4.766884426791,
    11.340384398536));
#8446 = LINE('',#8447,#8448);
#8447 = CARTESIAN_POINT('',(7.856230351815,4.766884426791,
    11.340384398536));
#8448 = VECTOR('',#8449,1.);
#8449 = DIRECTION('',(0.,-0.,1.));
#8450 = ORIENTED_EDGE('',*,*,#8451,.F.);
#8451 = EDGE_CURVE('',#8452,#8444,#8454,.T.);
#8452 = VERTEX_POINT('',#8453);
#8453 = CARTESIAN_POINT('',(8.006230351815,4.766884426791,
    10.890384398536));
#8454 = CIRCLE('',#8455,0.25);
#8455 = AXIS2_PLACEMENT_3D('',#8456,#8457,#8458);
#8456 = CARTESIAN_POINT('',(8.006230351815,4.766884426791,
    11.140384398536));
#8457 = DIRECTION('',(1.08968389867E-13,1.,0.));
#8458 = DIRECTION('',(0.,-0.,1.));
#8459 = ORIENTED_EDGE('',*,*,#8460,.F.);
#8460 = EDGE_CURVE('',#8461,#8452,#8463,.T.);
#8461 = VERTEX_POINT('',#8462);
#8462 = CARTESIAN_POINT('',(8.256230351815,4.766884426791,
    11.140384398536));
#8463 = CIRCLE('',#8464,0.25);
#8464 = AXIS2_PLACEMENT_3D('',#8465,#8466,#8467);
#8465 = CARTESIAN_POINT('',(8.006230351815,4.766884426791,
    11.140384398536));
#8466 = DIRECTION('',(1.08968389867E-13,1.,0.));
#8467 = DIRECTION('',(0.,-0.,1.));
#8468 = ORIENTED_EDGE('',*,*,#8469,.F.);
#8469 = EDGE_CURVE('',#8470,#8461,#8472,.T.);
#8470 = VERTEX_POINT('',#8471);
#8471 = CARTESIAN_POINT('',(9.606230351815,4.76688442679,11.140384398536
    ));
#8472 = LINE('',#8473,#8474);
#8473 = CARTESIAN_POINT('',(4.756230351815,4.766884426791,
    11.140384398536));
#8474 = VECTOR('',#8475,1.);
#8475 = DIRECTION('',(-1.,1.08968389867E-13,0.));
#8476 = ORIENTED_EDGE('',*,*,#8477,.T.);
#8477 = EDGE_CURVE('',#8470,#8478,#8480,.T.);
#8478 = VERTEX_POINT('',#8479);
#8479 = CARTESIAN_POINT('',(9.606230351815,4.76688442679,10.590384398536
    ));
#8480 = LINE('',#8481,#8482);
#8481 = CARTESIAN_POINT('',(9.606230351815,4.76688442679,10.590384398536
    ));
#8482 = VECTOR('',#8483,1.);
#8483 = DIRECTION('',(0.,0.,-1.));
#8484 = ORIENTED_EDGE('',*,*,#8485,.T.);
#8485 = EDGE_CURVE('',#8478,#8486,#8488,.T.);
#8486 = VERTEX_POINT('',#8487);
#8487 = CARTESIAN_POINT('',(9.206230351815,4.766884426791,
    10.590384398536));
#8488 = LINE('',#8489,#8490);
#8489 = CARTESIAN_POINT('',(9.206230351815,4.766884426791,
    10.590384398536));
#8490 = VECTOR('',#8491,1.);
#8491 = DIRECTION('',(-1.,1.08968389867E-13,0.));
#8492 = ORIENTED_EDGE('',*,*,#8493,.T.);
#8493 = EDGE_CURVE('',#8486,#7211,#8494,.T.);
#8494 = LINE('',#8495,#8496);
#8495 = CARTESIAN_POINT('',(9.206230351815,4.766884426791,
    10.590384398536));
#8496 = VECTOR('',#8497,1.);
#8497 = DIRECTION('',(-2.478176394253E-15,2.70042891488E-28,-1.));
#8498 = ORIENTED_EDGE('',*,*,#7210,.T.);
#8499 = ORIENTED_EDGE('',*,*,#8330,.T.);
#8500 = PLANE('',#8501);
#8501 = AXIS2_PLACEMENT_3D('',#8502,#8503,#8504);
#8502 = CARTESIAN_POINT('',(4.756230351815,4.766884426791,
    11.140384398536));
#8503 = DIRECTION('',(-1.08968389867E-13,-1.,0.));
#8504 = DIRECTION('',(0.,0.,-1.));
#8505 = ADVANCED_FACE('',(#8506),#8524,.T.);
#8506 = FACE_BOUND('',#8507,.T.);
#8507 = EDGE_LOOP('',(#8508,#8516,#8522,#8523));
#8508 = ORIENTED_EDGE('',*,*,#8509,.F.);
#8509 = EDGE_CURVE('',#8510,#8486,#8512,.T.);
#8510 = VERTEX_POINT('',#8511);
#8511 = CARTESIAN_POINT('',(9.206230351815,5.716884426791,
    10.590384398536));
#8512 = LINE('',#8513,#8514);
#8513 = CARTESIAN_POINT('',(9.206230351815,4.866884426791,
    10.590384398536));
#8514 = VECTOR('',#8515,1.);
#8515 = DIRECTION('',(-1.08968389867E-13,-1.,0.));
#8516 = ORIENTED_EDGE('',*,*,#8517,.T.);
#8517 = EDGE_CURVE('',#8510,#7219,#8518,.T.);
#8518 = LINE('',#8519,#8520);
#8519 = CARTESIAN_POINT('',(9.206230351815,5.716884426791,
    11.529799109939));
#8520 = VECTOR('',#8521,1.);
#8521 = DIRECTION('',(0.,0.,-1.));
#8522 = ORIENTED_EDGE('',*,*,#7218,.T.);
#8523 = ORIENTED_EDGE('',*,*,#8493,.F.);
#8524 = PLANE('',#8525);
#8525 = AXIS2_PLACEMENT_3D('',#8526,#8527,#8528);
#8526 = CARTESIAN_POINT('',(9.206230351815,4.866884426791,
    11.529799109939));
#8527 = DIRECTION('',(-1.,1.08968389867E-13,0.));
#8528 = DIRECTION('',(0.,0.,-1.));
#8529 = ADVANCED_FACE('',(#8530),#8580,.T.);
#8530 = FACE_BOUND('',#8531,.T.);
#8531 = EDGE_LOOP('',(#8532,#8533,#8541,#8549,#8557,#8565,#8573,#8579));
#8532 = ORIENTED_EDGE('',*,*,#8517,.F.);
#8533 = ORIENTED_EDGE('',*,*,#8534,.T.);
#8534 = EDGE_CURVE('',#8510,#8535,#8537,.T.);
#8535 = VERTEX_POINT('',#8536);
#8536 = CARTESIAN_POINT('',(9.606230351815,5.71688442679,10.590384398536
    ));
#8537 = LINE('',#8538,#8539);
#8538 = CARTESIAN_POINT('',(10.006230351815,5.71688442679,
    10.590384398536));
#8539 = VECTOR('',#8540,1.);
#8540 = DIRECTION('',(1.,-1.08968389867E-13,0.));
#8541 = ORIENTED_EDGE('',*,*,#8542,.T.);
#8542 = EDGE_CURVE('',#8535,#8543,#8545,.T.);
#8543 = VERTEX_POINT('',#8544);
#8544 = CARTESIAN_POINT('',(9.606230351815,5.71688442679,11.140384398536
    ));
#8545 = LINE('',#8546,#8547);
#8546 = CARTESIAN_POINT('',(9.606230351815,5.71688442679,9.650969687133)
  );
#8547 = VECTOR('',#8548,1.);
#8548 = DIRECTION('',(0.,-0.,1.));
#8549 = ORIENTED_EDGE('',*,*,#8550,.T.);
#8550 = EDGE_CURVE('',#8543,#8551,#8553,.T.);
#8551 = VERTEX_POINT('',#8552);
#8552 = CARTESIAN_POINT('',(-9.376964818529E-02,5.716884426792,
    11.140384398536));
#8553 = LINE('',#8554,#8555);
#8554 = CARTESIAN_POINT('',(10.006230351815,5.71688442679,
    11.140384398536));
#8555 = VECTOR('',#8556,1.);
#8556 = DIRECTION('',(-1.,1.08968389867E-13,0.));
#8557 = ORIENTED_EDGE('',*,*,#8558,.F.);
#8558 = EDGE_CURVE('',#8559,#8551,#8561,.T.);
#8559 = VERTEX_POINT('',#8560);
#8560 = CARTESIAN_POINT('',(-9.376964818529E-02,5.716884426792,
    10.590384398536));
#8561 = LINE('',#8562,#8563);
#8562 = CARTESIAN_POINT('',(-9.376964818529E-02,5.716884426792,
    9.650969687133));
#8563 = VECTOR('',#8564,1.);
#8564 = DIRECTION('',(0.,-0.,1.));
#8565 = ORIENTED_EDGE('',*,*,#8566,.T.);
#8566 = EDGE_CURVE('',#8559,#8567,#8569,.T.);
#8567 = VERTEX_POINT('',#8568);
#8568 = CARTESIAN_POINT('',(0.306230351815,5.716884426792,
    10.590384398536));
#8569 = LINE('',#8570,#8571);
#8570 = CARTESIAN_POINT('',(10.006230351815,5.71688442679,
    10.590384398536));
#8571 = VECTOR('',#8572,1.);
#8572 = DIRECTION('',(1.,-1.08968389867E-13,0.));
#8573 = ORIENTED_EDGE('',*,*,#8574,.T.);
#8574 = EDGE_CURVE('',#8567,#7227,#8575,.T.);
#8575 = LINE('',#8576,#8577);
#8576 = CARTESIAN_POINT('',(0.306230351815,5.716884426792,
    11.529799109939));
#8577 = VECTOR('',#8578,1.);
#8578 = DIRECTION('',(0.,0.,-1.));
#8579 = ORIENTED_EDGE('',*,*,#7226,.F.);
#8580 = PLANE('',#8581);
#8581 = AXIS2_PLACEMENT_3D('',#8582,#8583,#8584);
#8582 = CARTESIAN_POINT('',(-0.743769648185,5.716884426792,
    10.590384398536));
#8583 = DIRECTION('',(-1.08968389867E-13,-1.,0.));
#8584 = DIRECTION('',(0.,0.,-1.));
#8585 = ADVANCED_FACE('',(#8586),#8604,.T.);
#8586 = FACE_BOUND('',#8587,.T.);
#8587 = EDGE_LOOP('',(#8588,#8596,#8602,#8603));
#8588 = ORIENTED_EDGE('',*,*,#8589,.F.);
#8589 = EDGE_CURVE('',#8590,#8567,#8592,.T.);
#8590 = VERTEX_POINT('',#8591);
#8591 = CARTESIAN_POINT('',(0.306230351815,4.766884426792,
    10.590384398536));
#8592 = LINE('',#8593,#8594);
#8593 = CARTESIAN_POINT('',(0.306230351815,4.866884426792,
    10.590384398536));
#8594 = VECTOR('',#8595,1.);
#8595 = DIRECTION('',(1.08968389867E-13,1.,0.));
#8596 = ORIENTED_EDGE('',*,*,#8597,.F.);
#8597 = EDGE_CURVE('',#7235,#8590,#8598,.T.);
#8598 = LINE('',#8599,#8600);
#8599 = CARTESIAN_POINT('',(0.306230351815,4.766884426792,
    10.590384398536));
#8600 = VECTOR('',#8601,1.);
#8601 = DIRECTION('',(-2.478176394253E-15,2.70042891488E-28,1.));
#8602 = ORIENTED_EDGE('',*,*,#7234,.T.);
#8603 = ORIENTED_EDGE('',*,*,#8574,.F.);
#8604 = PLANE('',#8605);
#8605 = AXIS2_PLACEMENT_3D('',#8606,#8607,#8608);
#8606 = CARTESIAN_POINT('',(0.306230351815,4.866884426792,
    11.529799109939));
#8607 = DIRECTION('',(1.,-1.08968389867E-13,0.));
#8608 = DIRECTION('',(0.,-0.,1.));
#8609 = ADVANCED_FACE('',(#8610),#8748,.F.);
#8610 = FACE_BOUND('',#8611,.T.);
#8611 = EDGE_LOOP('',(#8612,#8622,#8630,#8638,#8646,#8654,#8662,#8670,
    #8678,#8686,#8692,#8693,#8694,#8702,#8710,#8718,#8726,#8734,#8742));
#8612 = ORIENTED_EDGE('',*,*,#8613,.T.);
#8613 = EDGE_CURVE('',#8614,#8616,#8618,.T.);
#8614 = VERTEX_POINT('',#8615);
#8615 = CARTESIAN_POINT('',(2.219473727431,4.766884426791,
    11.840384398536));
#8616 = VERTEX_POINT('',#8617);
#8617 = CARTESIAN_POINT('',(2.17731147702,4.766884426791,11.540384398536
    ));
#8618 = LINE('',#8619,#8620);
#8619 = CARTESIAN_POINT('',(2.17731147702,4.766884426791,11.540384398536
    ));
#8620 = VECTOR('',#8621,1.);
#8621 = DIRECTION('',(-0.13917310096,1.516546872441E-14,-0.990268068742)
  );
#8622 = ORIENTED_EDGE('',*,*,#8623,.F.);
#8623 = EDGE_CURVE('',#8624,#8616,#8626,.T.);
#8624 = VERTEX_POINT('',#8625);
#8625 = CARTESIAN_POINT('',(2.519473727431,4.766884426791,
    11.540384398536));
#8626 = LINE('',#8627,#8628);
#8627 = CARTESIAN_POINT('',(2.519473727431,4.766884426791,
    11.540384398536));
#8628 = VECTOR('',#8629,1.);
#8629 = DIRECTION('',(-1.,1.08968389867E-13,1.58433925891E-16));
#8630 = ORIENTED_EDGE('',*,*,#8631,.T.);
#8631 = EDGE_CURVE('',#8624,#8632,#8634,.T.);
#8632 = VERTEX_POINT('',#8633);
#8633 = CARTESIAN_POINT('',(2.519473727431,4.766884426791,
    11.390384398536));
#8634 = LINE('',#8635,#8636);
#8635 = CARTESIAN_POINT('',(2.519473727431,4.766884426791,14.46446210814
    ));
#8636 = VECTOR('',#8637,1.);
#8637 = DIRECTION('',(0.,0.,-1.));
#8638 = ORIENTED_EDGE('',*,*,#8639,.T.);
#8639 = EDGE_CURVE('',#8632,#8640,#8642,.T.);
#8640 = VERTEX_POINT('',#8641);
#8641 = CARTESIAN_POINT('',(2.328638131098,4.766884426791,
    11.390384398536));
#8642 = LINE('',#8643,#8644);
#8643 = CARTESIAN_POINT('',(1.256230351815,4.766884426791,
    11.390384398536));
#8644 = VECTOR('',#8645,1.);
#8645 = DIRECTION('',(-1.,1.08968389867E-13,0.));
#8646 = ORIENTED_EDGE('',*,*,#8647,.T.);
#8647 = EDGE_CURVE('',#8640,#8648,#8650,.T.);
#8648 = VERTEX_POINT('',#8649);
#8649 = CARTESIAN_POINT('',(2.284080745251,4.766884426791,
    10.540178828749));
#8650 = LINE('',#8651,#8652);
#8651 = CARTESIAN_POINT('',(2.276230351815,4.766884426791,
    10.390384398536));
#8652 = VECTOR('',#8653,1.);
#8653 = DIRECTION('',(-5.233595624294E-02,5.70296488394E-15,
    -0.998629534755));
#8654 = ORIENTED_EDGE('',*,*,#8655,.T.);
#8655 = EDGE_CURVE('',#8648,#8656,#8658,.T.);
#8656 = VERTEX_POINT('',#8657);
#8657 = CARTESIAN_POINT('',(2.117717176405,4.766884426791,
    10.390384398536));
#8658 = LINE('',#8659,#8660);
#8659 = CARTESIAN_POINT('',(2.117717176405,4.766884426791,
    10.390384398536));
#8660 = VECTOR('',#8661,1.);
#8661 = DIRECTION('',(-0.743144825477,8.097929507023E-14,-0.669130606359
    ));
#8662 = ORIENTED_EDGE('',*,*,#8663,.T.);
#8663 = EDGE_CURVE('',#8656,#8664,#8666,.T.);
#8664 = VERTEX_POINT('',#8665);
#8665 = CARTESIAN_POINT('',(2.006230351787,4.766884426791,
    10.390384398536));
#8666 = LINE('',#8667,#8668);
#8667 = CARTESIAN_POINT('',(1.376230351815,4.766884426791,
    10.390384398536));
#8668 = VECTOR('',#8669,1.);
#8669 = DIRECTION('',(-1.,1.08968389867E-13,0.));
#8670 = ORIENTED_EDGE('',*,*,#8671,.T.);
#8671 = EDGE_CURVE('',#8664,#8672,#8674,.T.);
#8672 = VERTEX_POINT('',#8673);
#8673 = CARTESIAN_POINT('',(1.506230351787,4.766884426791,
    10.390384398536));
#8674 = LINE('',#8675,#8676);
#8675 = CARTESIAN_POINT('',(1.376230351815,4.766884426791,
    10.390384398536));
#8676 = VECTOR('',#8677,1.);
#8677 = DIRECTION('',(-1.,1.08968389867E-13,0.));
#8678 = ORIENTED_EDGE('',*,*,#8679,.T.);
#8679 = EDGE_CURVE('',#8672,#8680,#8682,.T.);
#8680 = VERTEX_POINT('',#8681);
#8681 = CARTESIAN_POINT('',(1.376230351815,4.766884426791,
    10.390384398536));
#8682 = LINE('',#8683,#8684);
#8683 = CARTESIAN_POINT('',(1.376230351815,4.766884426791,
    10.390384398536));
#8684 = VECTOR('',#8685,1.);
#8685 = DIRECTION('',(-1.,1.08968389867E-13,0.));
#8686 = ORIENTED_EDGE('',*,*,#8687,.T.);
#8687 = EDGE_CURVE('',#8680,#7243,#8688,.T.);
#8688 = LINE('',#8689,#8690);
#8689 = CARTESIAN_POINT('',(1.376230351815,4.766884426791,
    10.390384398536));
#8690 = VECTOR('',#8691,1.);
#8691 = DIRECTION('',(-0.707106781187,7.705228740991E-14,-0.707106781187
    ));
#8692 = ORIENTED_EDGE('',*,*,#7242,.T.);
#8693 = ORIENTED_EDGE('',*,*,#8597,.T.);
#8694 = ORIENTED_EDGE('',*,*,#8695,.T.);
#8695 = EDGE_CURVE('',#8590,#8696,#8698,.T.);
#8696 = VERTEX_POINT('',#8697);
#8697 = CARTESIAN_POINT('',(-9.37696481854E-02,4.766884426792,
    10.590384398536));
#8698 = LINE('',#8699,#8700);
#8699 = CARTESIAN_POINT('',(-9.37696481854E-02,4.766884426792,
    10.590384398536));
#8700 = VECTOR('',#8701,1.);
#8701 = DIRECTION('',(-1.,1.08968389867E-13,0.));
#8702 = ORIENTED_EDGE('',*,*,#8703,.T.);
#8703 = EDGE_CURVE('',#8696,#8704,#8706,.T.);
#8704 = VERTEX_POINT('',#8705);
#8705 = CARTESIAN_POINT('',(-9.37696481854E-02,4.766884426792,
    11.140384398536));
#8706 = LINE('',#8707,#8708);
#8707 = CARTESIAN_POINT('',(-9.37696481854E-02,4.766884426792,
    10.590384398536));
#8708 = VECTOR('',#8709,1.);
#8709 = DIRECTION('',(-1.577021341797E-15,1.718454764015E-28,1.));
#8710 = ORIENTED_EDGE('',*,*,#8711,.T.);
#8711 = EDGE_CURVE('',#8704,#8712,#8714,.T.);
#8712 = VERTEX_POINT('',#8713);
#8713 = CARTESIAN_POINT('',(0.772525526671,4.766884426791,
    10.940384398536));
#8714 = LINE('',#8715,#8716);
#8715 = CARTESIAN_POINT('',(0.772525526671,4.766884426791,
    10.940384398536));
#8716 = VECTOR('',#8717,1.);
#8717 = DIRECTION('',(0.974370064785,-1.061755370942E-13,-0.224951054344
    ));
#8718 = ORIENTED_EDGE('',*,*,#8719,.T.);
#8719 = EDGE_CURVE('',#8712,#8720,#8722,.T.);
#8720 = VERTEX_POINT('',#8721);
#8721 = CARTESIAN_POINT('',(1.176883210496,4.766884426791,
    10.940384398536));
#8722 = LINE('',#8723,#8724);
#8723 = CARTESIAN_POINT('',(1.256230351815,4.766884426791,
    10.940384398536));
#8724 = VECTOR('',#8725,1.);
#8725 = DIRECTION('',(1.,-1.08968389867E-13,-5.603635296405E-17));
#8726 = ORIENTED_EDGE('',*,*,#8727,.T.);
#8727 = EDGE_CURVE('',#8720,#8728,#8730,.T.);
#8728 = VERTEX_POINT('',#8729);
#8729 = CARTESIAN_POINT('',(1.256230351815,4.766884426791,
    11.390384398536));
#8730 = LINE('',#8731,#8732);
#8731 = CARTESIAN_POINT('',(1.319015747524,4.766884426791,
    11.746458071758));
#8732 = VECTOR('',#8733,1.);
#8733 = DIRECTION('',(0.173648177667,-1.89221623237E-14,0.984807753012)
  );
#8734 = ORIENTED_EDGE('',*,*,#8735,.F.);
#8735 = EDGE_CURVE('',#8736,#8728,#8738,.T.);
#8736 = VERTEX_POINT('',#8737);
#8737 = CARTESIAN_POINT('',(1.256230351815,4.766884426791,
    11.840384398536));
#8738 = LINE('',#8739,#8740);
#8739 = CARTESIAN_POINT('',(1.256230351815,4.766884426791,14.46446210814
    ));
#8740 = VECTOR('',#8741,1.);
#8741 = DIRECTION('',(0.,0.,-1.));
#8742 = ORIENTED_EDGE('',*,*,#8743,.F.);
#8743 = EDGE_CURVE('',#8614,#8736,#8744,.T.);
#8744 = LINE('',#8745,#8746);
#8745 = CARTESIAN_POINT('',(1.256230351815,4.766884426791,
    11.840384398536));
#8746 = VECTOR('',#8747,1.);
#8747 = DIRECTION('',(-1.,1.08968389867E-13,-0.));
#8748 = PLANE('',#8749);
#8749 = AXIS2_PLACEMENT_3D('',#8750,#8751,#8752);
#8750 = CARTESIAN_POINT('',(4.756230351815,4.766884426791,
    11.140384398536));
#8751 = DIRECTION('',(-1.08968389867E-13,-1.,0.));
#8752 = DIRECTION('',(0.,0.,-1.));
#8753 = ADVANCED_FACE('',(#8754),#8765,.T.);
#8754 = FACE_BOUND('',#8755,.T.);
#8755 = EDGE_LOOP('',(#8756,#8757,#8758,#8759));
#8756 = ORIENTED_EDGE('',*,*,#8204,.F.);
#8757 = ORIENTED_EDGE('',*,*,#7250,.F.);
#8758 = ORIENTED_EDGE('',*,*,#8687,.F.);
#8759 = ORIENTED_EDGE('',*,*,#8760,.F.);
#8760 = EDGE_CURVE('',#8205,#8680,#8761,.T.);
#8761 = LINE('',#8762,#8763);
#8762 = CARTESIAN_POINT('',(1.376230351814,2.366884426791,
    10.390384398536));
#8763 = VECTOR('',#8764,1.);
#8764 = DIRECTION('',(1.08968389867E-13,1.,0.));
#8765 = PLANE('',#8766);
#8766 = AXIS2_PLACEMENT_3D('',#8767,#8768,#8769);
#8767 = CARTESIAN_POINT('',(1.376230351814,2.366884426791,
    10.390384398536));
#8768 = DIRECTION('',(0.707106781187,-7.705228740991E-14,-0.707106781187
    ));
#8769 = DIRECTION('',(-1.08968389867E-13,-1.,0.));
#8770 = ADVANCED_FACE('',(#8771),#8806,.T.);
#8771 = FACE_BOUND('',#8772,.T.);
#8772 = EDGE_LOOP('',(#8773,#8774,#8775,#8776,#8784,#8792,#8800));
#8773 = ORIENTED_EDGE('',*,*,#7344,.T.);
#8774 = ORIENTED_EDGE('',*,*,#7996,.F.);
#8775 = ORIENTED_EDGE('',*,*,#8021,.F.);
#8776 = ORIENTED_EDGE('',*,*,#8777,.F.);
#8777 = EDGE_CURVE('',#8778,#8022,#8780,.T.);
#8778 = VERTEX_POINT('',#8779);
#8779 = CARTESIAN_POINT('',(0.456230351815,10.666884426791,
    11.140384398536));
#8780 = LINE('',#8781,#8782);
#8781 = CARTESIAN_POINT('',(-9.376964818475E-02,10.666884426792,
    11.140384398536));
#8782 = VECTOR('',#8783,1.);
#8783 = DIRECTION('',(-1.,1.08968389867E-13,0.));
#8784 = ORIENTED_EDGE('',*,*,#8785,.F.);
#8785 = EDGE_CURVE('',#8786,#8778,#8788,.T.);
#8786 = VERTEX_POINT('',#8787);
#8787 = CARTESIAN_POINT('',(0.579659238311,10.666884426791,
    11.840384398536));
#8788 = LINE('',#8789,#8790);
#8789 = CARTESIAN_POINT('',(0.456230351815,10.666884426791,
    11.140384398536));
#8790 = VECTOR('',#8791,1.);
#8791 = DIRECTION('',(-0.173648177667,1.89221623237E-14,-0.984807753012)
  );
#8792 = ORIENTED_EDGE('',*,*,#8793,.F.);
#8793 = EDGE_CURVE('',#8794,#8786,#8796,.T.);
#8794 = VERTEX_POINT('',#8795);
#8795 = CARTESIAN_POINT('',(7.356230351815,10.666884426791,
    11.840384398536));
#8796 = LINE('',#8797,#8798);
#8797 = CARTESIAN_POINT('',(9.056230351815,10.666884426791,
    11.840384398536));
#8798 = VECTOR('',#8799,1.);
#8799 = DIRECTION('',(-1.,1.08968389867E-13,0.));
#8800 = ORIENTED_EDGE('',*,*,#8801,.T.);
#8801 = EDGE_CURVE('',#8794,#7345,#8802,.T.);
#8802 = LINE('',#8803,#8804);
#8803 = CARTESIAN_POINT('',(7.356230351815,10.666884426791,
    20.240384398536));
#8804 = VECTOR('',#8805,1.);
#8805 = DIRECTION('',(0.,0.,-1.));
#8806 = PLANE('',#8807);
#8807 = AXIS2_PLACEMENT_3D('',#8808,#8809,#8810);
#8808 = CARTESIAN_POINT('',(9.056230351815,10.666884426791,
    0.897874029262));
#8809 = DIRECTION('',(1.08968389867E-13,1.,0.));
#8810 = DIRECTION('',(0.,-0.,1.));
#8811 = ADVANCED_FACE('',(#8812),#8846,.F.);
#8812 = FACE_BOUND('',#8813,.T.);
#8813 = EDGE_LOOP('',(#8814,#8815,#8816,#8824,#8832,#8840));
#8814 = ORIENTED_EDGE('',*,*,#7352,.T.);
#8815 = ORIENTED_EDGE('',*,*,#8801,.F.);
#8816 = ORIENTED_EDGE('',*,*,#8817,.T.);
#8817 = EDGE_CURVE('',#8794,#8818,#8820,.T.);
#8818 = VERTEX_POINT('',#8819);
#8819 = CARTESIAN_POINT('',(7.356230351815,10.066884426791,
    11.840384398536));
#8820 = LINE('',#8821,#8822);
#8821 = CARTESIAN_POINT('',(7.356230351815,6.266884426791,
    11.840384398536));
#8822 = VECTOR('',#8823,1.);
#8823 = DIRECTION('',(-1.08968389867E-13,-1.,0.));
#8824 = ORIENTED_EDGE('',*,*,#8825,.F.);
#8825 = EDGE_CURVE('',#8826,#8818,#8828,.T.);
#8826 = VERTEX_POINT('',#8827);
#8827 = CARTESIAN_POINT('',(7.356230351815,10.066884426791,
    11.090384398536));
#8828 = LINE('',#8829,#8830);
#8829 = CARTESIAN_POINT('',(7.356230351815,10.066884426791,
    9.730482447177));
#8830 = VECTOR('',#8831,1.);
#8831 = DIRECTION('',(0.,-0.,1.));
#8832 = ORIENTED_EDGE('',*,*,#8833,.T.);
#8833 = EDGE_CURVE('',#8826,#8834,#8836,.T.);
#8834 = VERTEX_POINT('',#8835);
#8835 = CARTESIAN_POINT('',(7.356230351815,9.766884426791,
    10.790384398536));
#8836 = LINE('',#8837,#8838);
#8837 = CARTESIAN_POINT('',(7.356230351815,9.766884426791,
    10.790384398536));
#8838 = VECTOR('',#8839,1.);
#8839 = DIRECTION('',(-7.705228740991E-14,-0.707106781187,
    -0.707106781187));
#8840 = ORIENTED_EDGE('',*,*,#8841,.T.);
#8841 = EDGE_CURVE('',#8834,#7353,#8842,.T.);
#8842 = LINE('',#8843,#8844);
#8843 = CARTESIAN_POINT('',(7.356230351815,9.766884426791,
    10.240384398536));
#8844 = VECTOR('',#8845,1.);
#8845 = DIRECTION('',(0.,0.,-1.));
#8846 = PLANE('',#8847);
#8847 = AXIS2_PLACEMENT_3D('',#8848,#8849,#8850);
#8848 = CARTESIAN_POINT('',(7.356230351815,10.666884426791,
    20.240384398536));
#8849 = DIRECTION('',(-1.,1.08968389867E-13,0.));
#8850 = DIRECTION('',(0.,0.,-1.));
#8851 = ADVANCED_FACE('',(#8852),#8870,.T.);
#8852 = FACE_BOUND('',#8853,.T.);
#8853 = EDGE_LOOP('',(#8854,#8855,#8863,#8869));
#8854 = ORIENTED_EDGE('',*,*,#8841,.F.);
#8855 = ORIENTED_EDGE('',*,*,#8856,.F.);
#8856 = EDGE_CURVE('',#8857,#8834,#8859,.T.);
#8857 = VERTEX_POINT('',#8858);
#8858 = CARTESIAN_POINT('',(6.956230351815,9.766884426791,
    10.790384398536));
#8859 = LINE('',#8860,#8861);
#8860 = CARTESIAN_POINT('',(6.956230351815,9.766884426791,
    10.790384398536));
#8861 = VECTOR('',#8862,1.);
#8862 = DIRECTION('',(1.,-1.08968389867E-13,0.));
#8863 = ORIENTED_EDGE('',*,*,#8864,.T.);
#8864 = EDGE_CURVE('',#8857,#7361,#8865,.T.);
#8865 = LINE('',#8866,#8867);
#8866 = CARTESIAN_POINT('',(6.956230351815,9.766884426791,
    10.240384398536));
#8867 = VECTOR('',#8868,1.);
#8868 = DIRECTION('',(0.,0.,-1.));
#8869 = ORIENTED_EDGE('',*,*,#7360,.T.);
#8870 = PLANE('',#8871);
#8871 = AXIS2_PLACEMENT_3D('',#8872,#8873,#8874);
#8872 = CARTESIAN_POINT('',(6.956230351815,9.766884426791,
    10.240384398536));
#8873 = DIRECTION('',(-1.08968389867E-13,-1.,0.));
#8874 = DIRECTION('',(0.,0.,-1.));
#8875 = ADVANCED_FACE('',(#8876),#8894,.T.);
#8876 = FACE_BOUND('',#8877,.T.);
#8877 = EDGE_LOOP('',(#8878,#8886,#8887,#8888));
#8878 = ORIENTED_EDGE('',*,*,#8879,.F.);
#8879 = EDGE_CURVE('',#7369,#8880,#8882,.T.);
#8880 = VERTEX_POINT('',#8881);
#8881 = CARTESIAN_POINT('',(6.956230351815,10.066884426791,
    11.090384398536));
#8882 = LINE('',#8883,#8884);
#8883 = CARTESIAN_POINT('',(6.956230351815,10.066884426791,
    11.140384398536));
#8884 = VECTOR('',#8885,1.);
#8885 = DIRECTION('',(0.,-0.,1.));
#8886 = ORIENTED_EDGE('',*,*,#7368,.F.);
#8887 = ORIENTED_EDGE('',*,*,#8864,.F.);
#8888 = ORIENTED_EDGE('',*,*,#8889,.F.);
#8889 = EDGE_CURVE('',#8880,#8857,#8890,.T.);
#8890 = LINE('',#8891,#8892);
#8891 = CARTESIAN_POINT('',(6.956230351815,9.766884426791,
    10.790384398536));
#8892 = VECTOR('',#8893,1.);
#8893 = DIRECTION('',(-7.705228740991E-14,-0.707106781187,
    -0.707106781187));
#8894 = PLANE('',#8895);
#8895 = AXIS2_PLACEMENT_3D('',#8896,#8897,#8898);
#8896 = CARTESIAN_POINT('',(6.956230351815,6.266884426791,
    11.140384398536));
#8897 = DIRECTION('',(-1.,1.08968389867E-13,0.));
#8898 = DIRECTION('',(0.,0.,-1.));
#8899 = ADVANCED_FACE('',(#8900),#8933,.T.);
#8900 = FACE_BOUND('',#8901,.T.);
#8901 = EDGE_LOOP('',(#8902,#8903,#8909,#8910,#8918,#8926,#8932));
#8902 = ORIENTED_EDGE('',*,*,#8879,.T.);
#8903 = ORIENTED_EDGE('',*,*,#8904,.T.);
#8904 = EDGE_CURVE('',#8880,#8826,#8905,.T.);
#8905 = LINE('',#8906,#8907);
#8906 = CARTESIAN_POINT('',(6.956230351815,10.066884426791,
    11.090384398536));
#8907 = VECTOR('',#8908,1.);
#8908 = DIRECTION('',(1.,-1.08968389867E-13,0.));
#8909 = ORIENTED_EDGE('',*,*,#8825,.T.);
#8910 = ORIENTED_EDGE('',*,*,#8911,.F.);
#8911 = EDGE_CURVE('',#8912,#8818,#8914,.T.);
#8912 = VERTEX_POINT('',#8913);
#8913 = CARTESIAN_POINT('',(6.856230351815,10.066884426791,
    11.840384398536));
#8914 = LINE('',#8915,#8916);
#8915 = CARTESIAN_POINT('',(7.356230351815,10.066884426791,
    11.840384398536));
#8916 = VECTOR('',#8917,1.);
#8917 = DIRECTION('',(1.,-1.08968389867E-13,0.));
#8918 = ORIENTED_EDGE('',*,*,#8919,.F.);
#8919 = EDGE_CURVE('',#8920,#8912,#8922,.T.);
#8920 = VERTEX_POINT('',#8921);
#8921 = CARTESIAN_POINT('',(6.856230351815,10.066884426791,
    11.390384398536));
#8922 = LINE('',#8923,#8924);
#8923 = CARTESIAN_POINT('',(6.856230351815,10.066884426791,
    9.730482447177));
#8924 = VECTOR('',#8925,1.);
#8925 = DIRECTION('',(0.,-0.,1.));
#8926 = ORIENTED_EDGE('',*,*,#8927,.F.);
#8927 = EDGE_CURVE('',#7377,#8920,#8928,.T.);
#8928 = LINE('',#8929,#8930);
#8929 = CARTESIAN_POINT('',(6.856230351815,10.066884426791,
    9.730482447177));
#8930 = VECTOR('',#8931,1.);
#8931 = DIRECTION('',(0.,-0.,1.));
#8932 = ORIENTED_EDGE('',*,*,#7376,.T.);
#8933 = PLANE('',#8934);
#8934 = AXIS2_PLACEMENT_3D('',#8935,#8936,#8937);
#8935 = CARTESIAN_POINT('',(7.356230351815,10.066884426791,
    9.730482447177));
#8936 = DIRECTION('',(-1.08968389867E-13,-1.,0.));
#8937 = DIRECTION('',(0.,0.,-1.));
#8938 = ADVANCED_FACE('',(#8939),#8965,.T.);
#8939 = FACE_BOUND('',#8940,.T.);
#8940 = EDGE_LOOP('',(#8941,#8942,#8950,#8958,#8964));
#8941 = ORIENTED_EDGE('',*,*,#8927,.T.);
#8942 = ORIENTED_EDGE('',*,*,#8943,.F.);
#8943 = EDGE_CURVE('',#8944,#8920,#8946,.T.);
#8944 = VERTEX_POINT('',#8945);
#8945 = CARTESIAN_POINT('',(6.856230351815,10.166884426791,
    11.390384398536));
#8946 = LINE('',#8947,#8948);
#8947 = CARTESIAN_POINT('',(6.856230351815,10.166884426791,
    11.390384398536));
#8948 = VECTOR('',#8949,1.);
#8949 = DIRECTION('',(-1.08968389867E-13,-1.,0.));
#8950 = ORIENTED_EDGE('',*,*,#8951,.F.);
#8951 = EDGE_CURVE('',#8952,#8944,#8954,.T.);
#8952 = VERTEX_POINT('',#8953);
#8953 = CARTESIAN_POINT('',(6.856230351815,10.166884426791,
    10.340384398536));
#8954 = LINE('',#8955,#8956);
#8955 = CARTESIAN_POINT('',(6.856230351815,10.166884426791,
    9.730482447177));
#8956 = VECTOR('',#8957,1.);
#8957 = DIRECTION('',(0.,-0.,1.));
#8958 = ORIENTED_EDGE('',*,*,#8959,.T.);
#8959 = EDGE_CURVE('',#8952,#7385,#8960,.T.);
#8960 = LINE('',#8961,#8962);
#8961 = CARTESIAN_POINT('',(6.856230351815,10.166884426791,
    10.340384398536));
#8962 = VECTOR('',#8963,1.);
#8963 = DIRECTION('',(7.858558082659E-14,0.707106781187,-0.707106781187)
  );
#8964 = ORIENTED_EDGE('',*,*,#7384,.T.);
#8965 = PLANE('',#8966);
#8966 = AXIS2_PLACEMENT_3D('',#8967,#8968,#8969);
#8967 = CARTESIAN_POINT('',(6.856230351815,10.166884426791,
    9.730482447177));
#8968 = DIRECTION('',(-1.,1.08968389867E-13,0.));
#8969 = DIRECTION('',(0.,0.,-1.));
#8970 = ADVANCED_FACE('',(#8971),#8997,.T.);
#8971 = FACE_BOUND('',#8972,.T.);
#8972 = EDGE_LOOP('',(#8973,#8974,#8982,#8990,#8996));
#8973 = ORIENTED_EDGE('',*,*,#8959,.F.);
#8974 = ORIENTED_EDGE('',*,*,#8975,.F.);
#8975 = EDGE_CURVE('',#8976,#8952,#8978,.T.);
#8976 = VERTEX_POINT('',#8977);
#8977 = CARTESIAN_POINT('',(2.556230351815,10.166884426791,
    10.340384398536));
#8978 = LINE('',#8979,#8980);
#8979 = CARTESIAN_POINT('',(6.956230351815,10.166884426791,
    10.340384398536));
#8980 = VECTOR('',#8981,1.);
#8981 = DIRECTION('',(1.,-1.092394404101E-13,0.));
#8982 = ORIENTED_EDGE('',*,*,#8983,.T.);
#8983 = EDGE_CURVE('',#8976,#8984,#8986,.T.);
#8984 = VERTEX_POINT('',#8985);
#8985 = CARTESIAN_POINT('',(0.256230351815,10.166884426792,
    10.340384398536));
#8986 = LINE('',#8987,#8988);
#8987 = CARTESIAN_POINT('',(0.256230351815,10.166884426792,
    10.340384398536));
#8988 = VECTOR('',#8989,1.);
#8989 = DIRECTION('',(-1.,1.08968389867E-13,0.));
#8990 = ORIENTED_EDGE('',*,*,#8991,.T.);
#8991 = EDGE_CURVE('',#8984,#7393,#8992,.T.);
#8992 = LINE('',#8993,#8994);
#8993 = CARTESIAN_POINT('',(2.622897018482,7.800217760125,
    12.707051065203));
#8994 = VECTOR('',#8995,1.);
#8995 = DIRECTION('',(-0.57735026919,0.57735026919,-0.57735026919));
#8996 = ORIENTED_EDGE('',*,*,#7392,.F.);
#8997 = PLANE('',#8998);
#8998 = AXIS2_PLACEMENT_3D('',#8999,#9000,#9001);
#8999 = CARTESIAN_POINT('',(7.356230351815,10.166884426791,
    10.340384398536));
#9000 = DIRECTION('',(-7.724394908699E-14,-0.707106781187,
    -0.707106781187));
#9001 = DIRECTION('',(-1.,1.092394404101E-13,-3.703510877157E-33));
#9002 = ADVANCED_FACE('',(#9003),#9021,.T.);
#9003 = FACE_BOUND('',#9004,.T.);
#9004 = EDGE_LOOP('',(#9005,#9013,#9014,#9015));
#9005 = ORIENTED_EDGE('',*,*,#9006,.F.);
#9006 = EDGE_CURVE('',#7401,#9007,#9009,.T.);
#9007 = VERTEX_POINT('',#9008);
#9008 = CARTESIAN_POINT('',(0.256230351815,7.416884426792,
    10.340384398536));
#9009 = LINE('',#9010,#9011);
#9010 = CARTESIAN_POINT('',(1.956230351815,7.416884426791,
    12.040384398536));
#9011 = VECTOR('',#9012,1.);
#9012 = DIRECTION('',(0.707106781187,-7.705228740991E-14,0.707106781187)
  );
#9013 = ORIENTED_EDGE('',*,*,#7400,.F.);
#9014 = ORIENTED_EDGE('',*,*,#8991,.F.);
#9015 = ORIENTED_EDGE('',*,*,#9016,.T.);
#9016 = EDGE_CURVE('',#8984,#9007,#9017,.T.);
#9017 = LINE('',#9018,#9019);
#9018 = CARTESIAN_POINT('',(0.256230351815,6.266884426792,
    10.340384398536));
#9019 = VECTOR('',#9020,1.);
#9020 = DIRECTION('',(-1.08968389867E-13,-1.,0.));
#9021 = PLANE('',#9022);
#9022 = AXIS2_PLACEMENT_3D('',#9023,#9024,#9025);
#9023 = CARTESIAN_POINT('',(0.156230351815,6.266884426792,
    10.240384398536));
#9024 = DIRECTION('',(0.707106781187,-7.705228740991E-14,-0.707106781187
    ));
#9025 = DIRECTION('',(1.08968389867E-13,1.,0.));
#9026 = ADVANCED_FACE('',(#9027),#9061,.F.);
#9027 = FACE_BOUND('',#9028,.T.);
#9028 = EDGE_LOOP('',(#9029,#9030,#9031,#9039,#9047,#9055));
#9029 = ORIENTED_EDGE('',*,*,#7408,.T.);
#9030 = ORIENTED_EDGE('',*,*,#9006,.T.);
#9031 = ORIENTED_EDGE('',*,*,#9032,.F.);
#9032 = EDGE_CURVE('',#9033,#9007,#9035,.T.);
#9033 = VERTEX_POINT('',#9034);
#9034 = CARTESIAN_POINT('',(2.556230351815,7.416884426791,
    10.340384398536));
#9035 = LINE('',#9036,#9037);
#9036 = CARTESIAN_POINT('',(-9.376964818511E-02,7.416884426792,
    10.340384398536));
#9037 = VECTOR('',#9038,1.);
#9038 = DIRECTION('',(-1.,1.08968389867E-13,0.));
#9039 = ORIENTED_EDGE('',*,*,#9040,.F.);
#9040 = EDGE_CURVE('',#9041,#9033,#9043,.T.);
#9041 = VERTEX_POINT('',#9042);
#9042 = CARTESIAN_POINT('',(2.556230351815,7.416884426791,
    11.440384398536));
#9043 = LINE('',#9044,#9045);
#9044 = CARTESIAN_POINT('',(2.556230351815,7.416884426791,
    11.440384398536));
#9045 = VECTOR('',#9046,1.);
#9046 = DIRECTION('',(0.,0.,-1.));
#9047 = ORIENTED_EDGE('',*,*,#9048,.F.);
#9048 = EDGE_CURVE('',#9049,#9041,#9051,.T.);
#9049 = VERTEX_POINT('',#9050);
#9050 = CARTESIAN_POINT('',(8.056230351815,7.416884426791,
    11.440384398536));
#9051 = LINE('',#9052,#9053);
#9052 = CARTESIAN_POINT('',(2.556230351815,7.416884426791,
    11.440384398536));
#9053 = VECTOR('',#9054,1.);
#9054 = DIRECTION('',(-1.,1.08968389867E-13,0.));
#9055 = ORIENTED_EDGE('',*,*,#9056,.T.);
#9056 = EDGE_CURVE('',#9049,#7409,#9057,.T.);
#9057 = LINE('',#9058,#9059);
#9058 = CARTESIAN_POINT('',(8.056230351815,7.416884426791,
    10.240384398536));
#9059 = VECTOR('',#9060,1.);
#9060 = DIRECTION('',(0.,0.,-1.));
#9061 = PLANE('',#9062);
#9062 = AXIS2_PLACEMENT_3D('',#9063,#9064,#9065);
#9063 = CARTESIAN_POINT('',(2.556230351815,7.416884426791,
    11.440384398536));
#9064 = DIRECTION('',(-1.08968389867E-13,-1.,0.));
#9065 = DIRECTION('',(0.,0.,-1.));
#9066 = ADVANCED_FACE('',(#9067),#9085,.T.);
#9067 = FACE_BOUND('',#9068,.T.);
#9068 = EDGE_LOOP('',(#9069,#9077,#9083,#9084));
#9069 = ORIENTED_EDGE('',*,*,#9070,.F.);
#9070 = EDGE_CURVE('',#9071,#9049,#9073,.T.);
#9071 = VERTEX_POINT('',#9072);
#9072 = CARTESIAN_POINT('',(8.556230351815,7.916884426791,
    11.440384398536));
#9073 = LINE('',#9074,#9075);
#9074 = CARTESIAN_POINT('',(5.831230351815,5.191884426791,
    11.440384398536));
#9075 = VECTOR('',#9076,1.);
#9076 = DIRECTION('',(-0.707106781187,-0.707106781186,0.));
#9077 = ORIENTED_EDGE('',*,*,#9078,.F.);
#9078 = EDGE_CURVE('',#7417,#9071,#9079,.T.);
#9079 = LINE('',#9080,#9081);
#9080 = CARTESIAN_POINT('',(8.556230351815,7.916884426791,
    11.440384398536));
#9081 = VECTOR('',#9082,1.);
#9082 = DIRECTION('',(0.,-0.,1.));
#9083 = ORIENTED_EDGE('',*,*,#7416,.F.);
#9084 = ORIENTED_EDGE('',*,*,#9056,.F.);
#9085 = PLANE('',#9086);
#9086 = AXIS2_PLACEMENT_3D('',#9087,#9088,#9089);
#9087 = CARTESIAN_POINT('',(8.056230351815,7.416884426791,
    11.440384398536));
#9088 = DIRECTION('',(-0.707106781186,0.707106781187,-0.));
#9089 = DIRECTION('',(0.,-0.,1.));
#9090 = ADVANCED_FACE('',(#9091),#9118,.F.);
#9091 = FACE_BOUND('',#9092,.T.);
#9092 = EDGE_LOOP('',(#9093,#9103,#9109,#9110,#9111,#9112));
#9093 = ORIENTED_EDGE('',*,*,#9094,.F.);
#9094 = EDGE_CURVE('',#9095,#9097,#9099,.T.);
#9095 = VERTEX_POINT('',#9096);
#9096 = CARTESIAN_POINT('',(8.556230351815,9.466884426791,
    11.140384398536));
#9097 = VERTEX_POINT('',#9098);
#9098 = CARTESIAN_POINT('',(8.556230351815,9.466884426791,
    11.440384398536));
#9099 = LINE('',#9100,#9101);
#9100 = CARTESIAN_POINT('',(8.556230351815,9.466884426791,9.709345176178
    ));
#9101 = VECTOR('',#9102,1.);
#9102 = DIRECTION('',(-0.,0.,1.));
#9103 = ORIENTED_EDGE('',*,*,#9104,.F.);
#9104 = EDGE_CURVE('',#7889,#9095,#9105,.T.);
#9105 = LINE('',#9106,#9107);
#9106 = CARTESIAN_POINT('',(8.556230351815,10.166884426791,
    11.140384398536));
#9107 = VECTOR('',#9108,1.);
#9108 = DIRECTION('',(-1.08968389867E-13,-1.,0.));
#9109 = ORIENTED_EDGE('',*,*,#7888,.F.);
#9110 = ORIENTED_EDGE('',*,*,#7424,.T.);
#9111 = ORIENTED_EDGE('',*,*,#9078,.T.);
#9112 = ORIENTED_EDGE('',*,*,#9113,.F.);
#9113 = EDGE_CURVE('',#9097,#9071,#9114,.T.);
#9114 = LINE('',#9115,#9116);
#9115 = CARTESIAN_POINT('',(8.556230351815,7.416884426791,
    11.440384398536));
#9116 = VECTOR('',#9117,1.);
#9117 = DIRECTION('',(-1.091799415104E-13,-1.,0.));
#9118 = PLANE('',#9119);
#9119 = AXIS2_PLACEMENT_3D('',#9120,#9121,#9122);
#9120 = CARTESIAN_POINT('',(8.556230351815,7.416884426791,
    11.440384398536));
#9121 = DIRECTION('',(1.,-1.091799415104E-13,0.));
#9122 = DIRECTION('',(-1.091799415104E-13,-1.,0.));
#9123 = ADVANCED_FACE('',(#9124),#9152,.T.);
#9124 = FACE_BOUND('',#9125,.T.);
#9125 = EDGE_LOOP('',(#9126,#9137,#9142,#9143,#9144,#9145));
#9126 = ORIENTED_EDGE('',*,*,#9127,.T.);
#9127 = EDGE_CURVE('',#9128,#9130,#9132,.T.);
#9128 = VERTEX_POINT('',#9129);
#9129 = CARTESIAN_POINT('',(9.956230351815,9.01688442679,9.840384398536)
  );
#9130 = VERTEX_POINT('',#9131);
#9131 = CARTESIAN_POINT('',(11.156230351815,9.01688442679,9.840384398536
    ));
#9132 = CIRCLE('',#9133,0.6);
#9133 = AXIS2_PLACEMENT_3D('',#9134,#9135,#9136);
#9134 = CARTESIAN_POINT('',(10.556230351815,9.01688442679,9.840384398536
    ));
#9135 = DIRECTION('',(0.,0.,1.));
#9136 = DIRECTION('',(-1.,1.08968389867E-13,0.));
#9137 = ORIENTED_EDGE('',*,*,#9138,.F.);
#9138 = EDGE_CURVE('',#7443,#9130,#9139,.T.);
#9139 = B_SPLINE_CURVE_WITH_KNOTS('',1,(#9140,#9141),.UNSPECIFIED.,.F.,
  .F.,(2,2),(1.997056274848,2.397056274848),.PIECEWISE_BEZIER_KNOTS.);
#9140 = CARTESIAN_POINT('',(11.156230351815,9.01688442679,
    10.240384398536));
#9141 = CARTESIAN_POINT('',(11.156230351815,9.01688442679,9.840384398536
    ));
#9142 = ORIENTED_EDGE('',*,*,#7451,.T.);
#9143 = ORIENTED_EDGE('',*,*,#7440,.T.);
#9144 = ORIENTED_EDGE('',*,*,#9138,.T.);
#9145 = ORIENTED_EDGE('',*,*,#9146,.T.);
#9146 = EDGE_CURVE('',#9130,#9128,#9147,.T.);
#9147 = CIRCLE('',#9148,0.6);
#9148 = AXIS2_PLACEMENT_3D('',#9149,#9150,#9151);
#9149 = CARTESIAN_POINT('',(10.556230351815,9.01688442679,9.840384398536
    ));
#9150 = DIRECTION('',(0.,0.,1.));
#9151 = DIRECTION('',(-1.,1.08968389867E-13,0.));
#9152 = CYLINDRICAL_SURFACE('',#9153,0.6);
#9153 = AXIS2_PLACEMENT_3D('',#9154,#9155,#9156);
#9154 = CARTESIAN_POINT('',(10.556230351815,9.01688442679,
    12.237440673384));
#9155 = DIRECTION('',(0.,0.,-1.));
#9156 = DIRECTION('',(1.,-1.08968389867E-13,0.));
#9157 = ADVANCED_FACE('',(#9158),#9186,.T.);
#9158 = FACE_BOUND('',#9159,.T.);
#9159 = EDGE_LOOP('',(#9160,#9171,#9176,#9177,#9178,#9179));
#9160 = ORIENTED_EDGE('',*,*,#9161,.T.);
#9161 = EDGE_CURVE('',#9162,#9164,#9166,.T.);
#9162 = VERTEX_POINT('',#9163);
#9163 = CARTESIAN_POINT('',(-0.543769648186,3.516884426792,
    9.840384398536));
#9164 = VERTEX_POINT('',#9165);
#9165 = CARTESIAN_POINT('',(-1.543769648186,3.516884426792,
    9.840384398536));
#9166 = CIRCLE('',#9167,0.5);
#9167 = AXIS2_PLACEMENT_3D('',#9168,#9169,#9170);
#9168 = CARTESIAN_POINT('',(-1.043769648186,3.516884426792,
    9.840384398536));
#9169 = DIRECTION('',(0.,0.,1.));
#9170 = DIRECTION('',(-1.,1.08968389867E-13,0.));
#9171 = ORIENTED_EDGE('',*,*,#9172,.T.);
#9172 = EDGE_CURVE('',#9164,#7461,#9173,.T.);
#9173 = B_SPLINE_CURVE_WITH_KNOTS('',1,(#9174,#9175),.UNSPECIFIED.,.F.,
  .F.,(2,2),(0.2,0.6),.PIECEWISE_BEZIER_KNOTS.);
#9174 = CARTESIAN_POINT('',(-1.543769648186,3.516884426792,
    9.840384398536));
#9175 = CARTESIAN_POINT('',(-1.543769648186,3.516884426792,
    10.240384398536));
#9176 = ORIENTED_EDGE('',*,*,#7471,.F.);
#9177 = ORIENTED_EDGE('',*,*,#7460,.F.);
#9178 = ORIENTED_EDGE('',*,*,#9172,.F.);
#9179 = ORIENTED_EDGE('',*,*,#9180,.T.);
#9180 = EDGE_CURVE('',#9164,#9162,#9181,.T.);
#9181 = CIRCLE('',#9182,0.5);
#9182 = AXIS2_PLACEMENT_3D('',#9183,#9184,#9185);
#9183 = CARTESIAN_POINT('',(-1.043769648186,3.516884426792,
    9.840384398536));
#9184 = DIRECTION('',(0.,0.,1.));
#9185 = DIRECTION('',(-1.,1.08968389867E-13,0.));
#9186 = CYLINDRICAL_SURFACE('',#9187,0.5);
#9187 = AXIS2_PLACEMENT_3D('',#9188,#9189,#9190);
#9188 = CARTESIAN_POINT('',(-1.043769648186,3.516884426792,
    9.640384398536));
#9189 = DIRECTION('',(0.,0.,1.));
#9190 = DIRECTION('',(-1.,1.08968389867E-13,0.));
#9191 = ADVANCED_FACE('',(#9192),#9218,.F.);
#9192 = FACE_BOUND('',#9193,.F.);
#9193 = EDGE_LOOP('',(#9194,#9205,#9211,#9212));
#9194 = ORIENTED_EDGE('',*,*,#9195,.F.);
#9195 = EDGE_CURVE('',#9196,#9198,#9200,.T.);
#9196 = VERTEX_POINT('',#9197);
#9197 = CARTESIAN_POINT('',(6.886230351814,2.791884426622,
    10.390384398572));
#9198 = VERTEX_POINT('',#9199);
#9199 = CARTESIAN_POINT('',(6.906230351689,2.731884426789,
    10.390384398608));
#9200 = CIRCLE('',#9201,9.999999999999E-02);
#9201 = AXIS2_PLACEMENT_3D('',#9202,#9203,#9204);
#9202 = CARTESIAN_POINT('',(6.806230351689,2.731884426789,
    10.390384398608));
#9203 = DIRECTION('',(9.020562076321E-17,-2.220446049008E-16,-1.));
#9204 = DIRECTION('',(-1.,1.08968389867E-13,-9.020562076324E-17));
#9205 = ORIENTED_EDGE('',*,*,#9206,.F.);
#9206 = EDGE_CURVE('',#7704,#9196,#9207,.T.);
#9207 = LINE('',#9208,#9209);
#9208 = CARTESIAN_POINT('',(6.886230351814,2.666884426791,
    10.390384398536));
#9209 = VECTOR('',#9210,1.);
#9210 = DIRECTION('',(1.08968389867E-13,1.,0.));
#9211 = ORIENTED_EDGE('',*,*,#7703,.T.);
#9212 = ORIENTED_EDGE('',*,*,#9213,.F.);
#9213 = EDGE_CURVE('',#9198,#7706,#9214,.T.);
#9214 = LINE('',#9215,#9216);
#9215 = CARTESIAN_POINT('',(6.906230351689,4.066884426789,
    10.390384398608));
#9216 = VECTOR('',#9217,1.);
#9217 = DIRECTION('',(-1.08968389867E-13,-1.,2.220446049008E-16));
#9218 = PLANE('',#9219);
#9219 = AXIS2_PLACEMENT_3D('',#9220,#9221,#9222);
#9220 = CARTESIAN_POINT('',(4.756230351815,6.266884426791,
    10.390384398536));
#9221 = DIRECTION('',(0.,-0.,1.));
#9222 = DIRECTION('',(-1.,1.08968389867E-13,0.));
#9223 = ADVANCED_FACE('',(#9224),#9249,.F.);
#9224 = FACE_BOUND('',#9225,.F.);
#9225 = EDGE_LOOP('',(#9226,#9234,#9242,#9248));
#9226 = ORIENTED_EDGE('',*,*,#9227,.F.);
#9227 = EDGE_CURVE('',#9228,#7714,#9230,.T.);
#9228 = VERTEX_POINT('',#9229);
#9229 = CARTESIAN_POINT('',(7.306230351689,2.266884426789,
    10.390384398608));
#9230 = LINE('',#9231,#9232);
#9231 = CARTESIAN_POINT('',(7.306230351689,4.651884426789,
    10.390384398608));
#9232 = VECTOR('',#9233,1.);
#9233 = DIRECTION('',(1.08968389867E-13,1.,-2.220446049008E-16));
#9234 = ORIENTED_EDGE('',*,*,#9235,.T.);
#9235 = EDGE_CURVE('',#9228,#9236,#9238,.T.);
#9236 = VERTEX_POINT('',#9237);
#9237 = CARTESIAN_POINT('',(6.906230351688,2.266884426789,
    10.390384398608));
#9238 = LINE('',#9239,#9240);
#9239 = CARTESIAN_POINT('',(7.306230351689,2.266884426789,
    10.390384398608));
#9240 = VECTOR('',#9241,1.);
#9241 = DIRECTION('',(-1.,1.08968389867E-13,-2.221348105458E-13));
#9242 = ORIENTED_EDGE('',*,*,#9243,.F.);
#9243 = EDGE_CURVE('',#7706,#9236,#9244,.T.);
#9244 = LINE('',#9245,#9246);
#9245 = CARTESIAN_POINT('',(6.906230351689,4.066884426789,
    10.390384398608));
#9246 = VECTOR('',#9247,1.);
#9247 = DIRECTION('',(-1.08968389867E-13,-1.,2.220446049008E-16));
#9248 = ORIENTED_EDGE('',*,*,#7713,.T.);
#9249 = PLANE('',#9250);
#9250 = AXIS2_PLACEMENT_3D('',#9251,#9252,#9253);
#9251 = CARTESIAN_POINT('',(5.306230351689,4.06688442679,10.390384398608
    ));
#9252 = DIRECTION('',(9.020562076321E-17,-2.220446049008E-16,-1.));
#9253 = DIRECTION('',(-1.,1.08968389867E-13,-9.020562076324E-17));
#9254 = ADVANCED_FACE('',(#9255),#9303,.F.);
#9255 = FACE_BOUND('',#9256,.F.);
#9256 = EDGE_LOOP('',(#9257,#9263,#9264,#9272,#9280,#9288,#9296,#9302));
#9257 = ORIENTED_EDGE('',*,*,#9258,.F.);
#9258 = EDGE_CURVE('',#7714,#8371,#9259,.T.);
#9259 = LINE('',#9260,#9261);
#9260 = CARTESIAN_POINT('',(7.306230351689,4.651884426789,
    10.390384398608));
#9261 = VECTOR('',#9262,1.);
#9262 = DIRECTION('',(1.08968389867E-13,1.,-2.220446049008E-16));
#9263 = ORIENTED_EDGE('',*,*,#7721,.T.);
#9264 = ORIENTED_EDGE('',*,*,#9265,.T.);
#9265 = EDGE_CURVE('',#7722,#9266,#9268,.T.);
#9266 = VERTEX_POINT('',#9267);
#9267 = CARTESIAN_POINT('',(7.636230351814,2.916884426791,
    10.390384398536));
#9268 = LINE('',#9269,#9270);
#9269 = CARTESIAN_POINT('',(7.636230351814,2.466884426791,
    10.390384398536));
#9270 = VECTOR('',#9271,1.);
#9271 = DIRECTION('',(1.099321251314E-13,1.,0.));
#9272 = ORIENTED_EDGE('',*,*,#9273,.F.);
#9273 = EDGE_CURVE('',#9274,#9266,#9276,.T.);
#9274 = VERTEX_POINT('',#9275);
#9275 = CARTESIAN_POINT('',(7.956230351814,2.916884426791,
    10.390384398536));
#9276 = LINE('',#9277,#9278);
#9277 = CARTESIAN_POINT('',(1.506230351814,2.916884426791,
    10.390384398536));
#9278 = VECTOR('',#9279,1.);
#9279 = DIRECTION('',(-1.,1.08968389867E-13,0.));
#9280 = ORIENTED_EDGE('',*,*,#9281,.F.);
#9281 = EDGE_CURVE('',#9282,#9274,#9284,.T.);
#9282 = VERTEX_POINT('',#9283);
#9283 = CARTESIAN_POINT('',(7.956230351815,4.316884426791,
    10.390384398536));
#9284 = LINE('',#9285,#9286);
#9285 = CARTESIAN_POINT('',(7.956230351814,3.066884426791,
    10.390384398536));
#9286 = VECTOR('',#9287,1.);
#9287 = DIRECTION('',(-1.08968389867E-13,-1.,0.));
#9288 = ORIENTED_EDGE('',*,*,#9289,.F.);
#9289 = EDGE_CURVE('',#9290,#9282,#9292,.T.);
#9290 = VERTEX_POINT('',#9291);
#9291 = CARTESIAN_POINT('',(7.636230351815,4.316884426791,
    10.390384398536));
#9292 = LINE('',#9293,#9294);
#9293 = CARTESIAN_POINT('',(1.506230351815,4.316884426791,
    10.390384398536));
#9294 = VECTOR('',#9295,1.);
#9295 = DIRECTION('',(1.,-1.08968389867E-13,0.));
#9296 = ORIENTED_EDGE('',*,*,#9297,.T.);
#9297 = EDGE_CURVE('',#9290,#8363,#9298,.T.);
#9298 = LINE('',#9299,#9300);
#9299 = CARTESIAN_POINT('',(7.636230351815,4.316884426791,
    10.390384398536));
#9300 = VECTOR('',#9301,1.);
#9301 = DIRECTION('',(1.08968389867E-13,1.,0.));
#9302 = ORIENTED_EDGE('',*,*,#8370,.T.);
#9303 = PLANE('',#9304);
#9304 = AXIS2_PLACEMENT_3D('',#9305,#9306,#9307);
#9305 = CARTESIAN_POINT('',(4.756230351815,6.266884426791,
    10.390384398536));
#9306 = DIRECTION('',(0.,-0.,1.));
#9307 = DIRECTION('',(-1.,1.08968389867E-13,0.));
#9308 = ADVANCED_FACE('',(#9309),#9327,.T.);
#9309 = FACE_BOUND('',#9310,.T.);
#9310 = EDGE_LOOP('',(#9311,#9319,#9325,#9326));
#9311 = ORIENTED_EDGE('',*,*,#9312,.F.);
#9312 = EDGE_CURVE('',#9313,#9266,#9315,.T.);
#9313 = VERTEX_POINT('',#9314);
#9314 = CARTESIAN_POINT('',(7.736230351814,2.816884426791,
    10.290384398536));
#9315 = LINE('',#9316,#9317);
#9316 = CARTESIAN_POINT('',(6.576230351815,3.976884426791,
    11.450384398536));
#9317 = VECTOR('',#9318,1.);
#9318 = DIRECTION('',(-0.57735026919,0.57735026919,0.57735026919));
#9319 = ORIENTED_EDGE('',*,*,#9320,.F.);
#9320 = EDGE_CURVE('',#7730,#9313,#9321,.T.);
#9321 = LINE('',#9322,#9323);
#9322 = CARTESIAN_POINT('',(7.736230351814,2.816884426791,
    10.290384398536));
#9323 = VECTOR('',#9324,1.);
#9324 = DIRECTION('',(1.099321251314E-13,1.,0.));
#9325 = ORIENTED_EDGE('',*,*,#7729,.F.);
#9326 = ORIENTED_EDGE('',*,*,#9265,.T.);
#9327 = PLANE('',#9328);
#9328 = AXIS2_PLACEMENT_3D('',#9329,#9330,#9331);
#9329 = CARTESIAN_POINT('',(7.636230351815,6.266884426791,
    10.390384398536));
#9330 = DIRECTION('',(-0.707106781187,7.773375115065E-14,-0.707106781187
    ));
#9331 = DIRECTION('',(1.099321251314E-13,1.,2.784327536196E-32));
#9332 = ADVANCED_FACE('',(#9333),#9369,.T.);
#9333 = FACE_BOUND('',#9334,.T.);
#9334 = EDGE_LOOP('',(#9335,#9345,#9351,#9352,#9353,#9354,#9355,#9363));
#9335 = ORIENTED_EDGE('',*,*,#9336,.T.);
#9336 = EDGE_CURVE('',#9337,#9339,#9341,.T.);
#9337 = VERTEX_POINT('',#9338);
#9338 = CARTESIAN_POINT('',(8.206230351815,4.416884426791,
    10.290384398536));
#9339 = VERTEX_POINT('',#9340);
#9340 = CARTESIAN_POINT('',(7.736230351815,4.416884426791,
    10.290384398536));
#9341 = LINE('',#9342,#9343);
#9342 = CARTESIAN_POINT('',(8.309783742408,4.416884426791,
    10.290384398536));
#9343 = VECTOR('',#9344,1.);
#9344 = DIRECTION('',(-1.,1.08968389867E-13,0.));
#9345 = ORIENTED_EDGE('',*,*,#9346,.T.);
#9346 = EDGE_CURVE('',#9339,#8355,#9347,.T.);
#9347 = LINE('',#9348,#9349);
#9348 = CARTESIAN_POINT('',(7.736230351815,4.766884426791,
    10.290384398536));
#9349 = VECTOR('',#9350,1.);
#9350 = DIRECTION('',(1.08968389867E-13,1.,0.));
#9351 = ORIENTED_EDGE('',*,*,#8354,.F.);
#9352 = ORIENTED_EDGE('',*,*,#8340,.T.);
#9353 = ORIENTED_EDGE('',*,*,#7737,.T.);
#9354 = ORIENTED_EDGE('',*,*,#9320,.T.);
#9355 = ORIENTED_EDGE('',*,*,#9356,.F.);
#9356 = EDGE_CURVE('',#9357,#9313,#9359,.T.);
#9357 = VERTEX_POINT('',#9358);
#9358 = CARTESIAN_POINT('',(8.206230351814,2.816884426791,
    10.290384398536));
#9359 = LINE('',#9360,#9361);
#9360 = CARTESIAN_POINT('',(8.309783742408,2.816884426791,
    10.290384398536));
#9361 = VECTOR('',#9362,1.);
#9362 = DIRECTION('',(-1.,1.08968389867E-13,0.));
#9363 = ORIENTED_EDGE('',*,*,#9364,.T.);
#9364 = EDGE_CURVE('',#9357,#9337,#9365,.T.);
#9365 = LINE('',#9366,#9367);
#9366 = CARTESIAN_POINT('',(8.206230351815,4.416884426791,
    10.290384398536));
#9367 = VECTOR('',#9368,1.);
#9368 = DIRECTION('',(1.086347891985E-13,1.,-0.));
#9369 = PLANE('',#9370);
#9370 = AXIS2_PLACEMENT_3D('',#9371,#9372,#9373);
#9371 = CARTESIAN_POINT('',(4.756230351815,6.266884426791,
    10.290384398536));
#9372 = DIRECTION('',(0.,0.,-1.));
#9373 = DIRECTION('',(1.,-1.08968389867E-13,0.));
#9374 = ADVANCED_FACE('',(#9375),#9386,.F.);
#9375 = FACE_BOUND('',#9376,.T.);
#9376 = EDGE_LOOP('',(#9377,#9378,#9379,#9380));
#9377 = ORIENTED_EDGE('',*,*,#7767,.F.);
#9378 = ORIENTED_EDGE('',*,*,#7874,.F.);
#9379 = ORIENTED_EDGE('',*,*,#7904,.T.);
#9380 = ORIENTED_EDGE('',*,*,#9381,.F.);
#9381 = EDGE_CURVE('',#7768,#7897,#9382,.T.);
#9382 = LINE('',#9383,#9384);
#9383 = CARTESIAN_POINT('',(10.992443746392,-19.83311557321,
    11.140384398536));
#9384 = VECTOR('',#9385,1.);
#9385 = DIRECTION('',(1.090361525027E-13,1.,0.));
#9386 = PLANE('',#9387);
#9387 = AXIS2_PLACEMENT_3D('',#9388,#9389,#9390);
#9388 = CARTESIAN_POINT('',(11.156230351812,-19.83311557321,
    10.690384398536));
#9389 = DIRECTION('',(-0.939692620786,1.024604679057E-13,-0.342020143326
    ));
#9390 = DIRECTION('',(0.342020143326,-3.726938432026E-14,-0.939692620786
    ));
#9391 = ADVANCED_FACE('',(#9392),#9512,.F.);
#9392 = FACE_BOUND('',#9393,.T.);
#9393 = EDGE_LOOP('',(#9394,#9404,#9412,#9418,#9419,#9420,#9421,#9427,
    #9428,#9436,#9444,#9452,#9460,#9466,#9472,#9473,#9479,#9480,#9486,
    #9487,#9488,#9489,#9490,#9498,#9506));
#9394 = ORIENTED_EDGE('',*,*,#9395,.T.);
#9395 = EDGE_CURVE('',#9396,#9398,#9400,.T.);
#9396 = VERTEX_POINT('',#9397);
#9397 = CARTESIAN_POINT('',(8.532724223156,7.016884426791,
    11.140384398536));
#9398 = VERTEX_POINT('',#9399);
#9399 = CARTESIAN_POINT('',(0.979736480474,7.016884426791,
    11.140384398536));
#9400 = LINE('',#9401,#9402);
#9401 = CARTESIAN_POINT('',(30.456230351815,7.016884426788,
    11.140384398536));
#9402 = VECTOR('',#9403,1.);
#9403 = DIRECTION('',(-1.,1.087307565141E-13,0.));
#9404 = ORIENTED_EDGE('',*,*,#9405,.T.);
#9405 = EDGE_CURVE('',#9398,#9406,#9408,.T.);
#9406 = VERTEX_POINT('',#9407);
#9407 = CARTESIAN_POINT('',(0.456230351815,7.524366862351,
    11.140384398536));
#9408 = LINE('',#9409,#9410);
#9409 = CARTESIAN_POINT('',(3.301482638323,4.766203240012,
    11.140384398536));
#9410 = VECTOR('',#9411,1.);
#9411 = DIRECTION('',(-0.718009967476,0.696032820063,-0.));
#9412 = ORIENTED_EDGE('',*,*,#9413,.T.);
#9413 = EDGE_CURVE('',#9406,#8778,#9414,.T.);
#9414 = LINE('',#9415,#9416);
#9415 = CARTESIAN_POINT('',(0.456230351815,6.306085798471,
    11.140384398536));
#9416 = VECTOR('',#9417,1.);
#9417 = DIRECTION('',(1.08968389867E-13,1.,-0.));
#9418 = ORIENTED_EDGE('',*,*,#8777,.T.);
#9419 = ORIENTED_EDGE('',*,*,#8029,.T.);
#9420 = ORIENTED_EDGE('',*,*,#8043,.F.);
#9421 = ORIENTED_EDGE('',*,*,#9422,.F.);
#9422 = EDGE_CURVE('',#8182,#8044,#9423,.T.);
#9423 = LINE('',#9424,#9425);
#9424 = CARTESIAN_POINT('',(-1.479983042768,-19.8331155732,
    11.140384398536));
#9425 = VECTOR('',#9426,1.);
#9426 = DIRECTION('',(1.090361525027E-13,1.,0.));
#9427 = ORIENTED_EDGE('',*,*,#8181,.F.);
#9428 = ORIENTED_EDGE('',*,*,#9429,.F.);
#9429 = EDGE_CURVE('',#9430,#8174,#9432,.T.);
#9430 = VERTEX_POINT('',#9431);
#9431 = CARTESIAN_POINT('',(-9.376964818561E-02,2.816884426792,
    11.140384398536));
#9432 = LINE('',#9433,#9434);
#9433 = CARTESIAN_POINT('',(-9.376964818524E-02,6.231618833187,
    11.140384398536));
#9434 = VECTOR('',#9435,1.);
#9435 = DIRECTION('',(-1.08968389867E-13,-1.,0.));
#9436 = ORIENTED_EDGE('',*,*,#9437,.F.);
#9437 = EDGE_CURVE('',#9438,#9430,#9440,.T.);
#9438 = VERTEX_POINT('',#9439);
#9439 = CARTESIAN_POINT('',(-0.543769648186,2.816884426792,
    11.140384398536));
#9440 = LINE('',#9441,#9442);
#9441 = CARTESIAN_POINT('',(1.256230351814,2.816884426791,
    11.140384398536));
#9442 = VECTOR('',#9443,1.);
#9443 = DIRECTION('',(1.,-1.08968389867E-13,0.));
#9444 = ORIENTED_EDGE('',*,*,#9445,.F.);
#9445 = EDGE_CURVE('',#9446,#9438,#9448,.T.);
#9446 = VERTEX_POINT('',#9447);
#9447 = CARTESIAN_POINT('',(-0.543769648185,4.416884426792,
    11.140384398536));
#9448 = LINE('',#9449,#9450);
#9449 = CARTESIAN_POINT('',(-0.543769648186,2.816884426792,
    11.140384398536));
#9450 = VECTOR('',#9451,1.);
#9451 = DIRECTION('',(-1.08968389867E-13,-1.,0.));
#9452 = ORIENTED_EDGE('',*,*,#9453,.F.);
#9453 = EDGE_CURVE('',#9454,#9446,#9456,.T.);
#9454 = VERTEX_POINT('',#9455);
#9455 = CARTESIAN_POINT('',(-9.376964818544E-02,4.416884426792,
    11.140384398536));
#9456 = LINE('',#9457,#9458);
#9457 = CARTESIAN_POINT('',(1.256230351815,4.416884426791,
    11.140384398536));
#9458 = VECTOR('',#9459,1.);
#9459 = DIRECTION('',(-1.,1.08968389867E-13,0.));
#9460 = ORIENTED_EDGE('',*,*,#9461,.F.);
#9461 = EDGE_CURVE('',#8704,#9454,#9462,.T.);
#9462 = LINE('',#9463,#9464);
#9463 = CARTESIAN_POINT('',(-9.376964818524E-02,6.231618833187,
    11.140384398536));
#9464 = VECTOR('',#9465,1.);
#9465 = DIRECTION('',(-1.08968389867E-13,-1.,0.));
#9466 = ORIENTED_EDGE('',*,*,#9467,.F.);
#9467 = EDGE_CURVE('',#8551,#8704,#9468,.T.);
#9468 = LINE('',#9469,#9470);
#9469 = CARTESIAN_POINT('',(-9.376964818524E-02,6.231618833187,
    11.140384398536));
#9470 = VECTOR('',#9471,1.);
#9471 = DIRECTION('',(-1.08968389867E-13,-1.,0.));
#9472 = ORIENTED_EDGE('',*,*,#8550,.F.);
#9473 = ORIENTED_EDGE('',*,*,#9474,.T.);
#9474 = EDGE_CURVE('',#8543,#8470,#9475,.T.);
#9475 = LINE('',#9476,#9477);
#9476 = CARTESIAN_POINT('',(9.606230351815,4.86688442679,11.140384398536
    ));
#9477 = VECTOR('',#9478,1.);
#9478 = DIRECTION('',(-1.08968389867E-13,-1.,0.));
#9479 = ORIENTED_EDGE('',*,*,#8469,.T.);
#9480 = ORIENTED_EDGE('',*,*,#9481,.F.);
#9481 = EDGE_CURVE('',#7776,#8461,#9482,.T.);
#9482 = LINE('',#9483,#9484);
#9483 = CARTESIAN_POINT('',(8.256230351814,2.366884426791,
    11.140384398536));
#9484 = VECTOR('',#9485,1.);
#9485 = DIRECTION('',(1.087949175194E-13,1.,-0.));
#9486 = ORIENTED_EDGE('',*,*,#7775,.F.);
#9487 = ORIENTED_EDGE('',*,*,#9381,.T.);
#9488 = ORIENTED_EDGE('',*,*,#7896,.F.);
#9489 = ORIENTED_EDGE('',*,*,#9104,.T.);
#9490 = ORIENTED_EDGE('',*,*,#9491,.T.);
#9491 = EDGE_CURVE('',#9095,#9492,#9494,.T.);
#9492 = VERTEX_POINT('',#9493);
#9493 = CARTESIAN_POINT('',(9.056230351815,9.466884426791,
    11.140384398536));
#9494 = LINE('',#9495,#9496);
#9495 = CARTESIAN_POINT('',(8.556230351815,9.466884426791,
    11.140384398536));
#9496 = VECTOR('',#9497,1.);
#9497 = DIRECTION('',(1.,-1.08968389867E-13,0.));
#9498 = ORIENTED_EDGE('',*,*,#9499,.T.);
#9499 = EDGE_CURVE('',#9492,#9500,#9502,.T.);
#9500 = VERTEX_POINT('',#9501);
#9501 = CARTESIAN_POINT('',(9.056230351815,7.52436686235,11.140384398536
    ));
#9502 = LINE('',#9503,#9504);
#9503 = CARTESIAN_POINT('',(9.056230351815,6.266884426791,
    11.140384398536));
#9504 = VECTOR('',#9505,1.);
#9505 = DIRECTION('',(-1.087307565141E-13,-1.,0.));
#9506 = ORIENTED_EDGE('',*,*,#9507,.T.);
#9507 = EDGE_CURVE('',#9500,#9396,#9508,.T.);
#9508 = LINE('',#9509,#9510);
#9509 = CARTESIAN_POINT('',(6.210978065306,4.766203240011,
    11.140384398536));
#9510 = VECTOR('',#9511,1.);
#9511 = DIRECTION('',(-0.718009967476,-0.696032820063,0.));
#9512 = PLANE('',#9513);
#9513 = AXIS2_PLACEMENT_3D('',#9514,#9515,#9516);
#9514 = CARTESIAN_POINT('',(4.756230351815,6.266884426791,
    11.140384398536));
#9515 = DIRECTION('',(0.,0.,-1.));
#9516 = DIRECTION('',(1.,-1.08968389867E-13,0.));
#9517 = ADVANCED_FACE('',(#9518),#9578,.T.);
#9518 = FACE_BOUND('',#9519,.T.);
#9519 = EDGE_LOOP('',(#9520,#9531,#9537,#9538,#9547,#9562,#9571));
#9520 = ORIENTED_EDGE('',*,*,#9521,.F.);
#9521 = EDGE_CURVE('',#9522,#9524,#9526,.T.);
#9522 = VERTEX_POINT('',#9523);
#9523 = CARTESIAN_POINT('',(8.006230351814,2.166884426791,
    10.890384398536));
#9524 = VERTEX_POINT('',#9525);
#9525 = CARTESIAN_POINT('',(8.256230351814,2.166884426791,
    11.140384398536));
#9526 = CIRCLE('',#9527,0.25);
#9527 = AXIS2_PLACEMENT_3D('',#9528,#9529,#9530);
#9528 = CARTESIAN_POINT('',(8.006230351814,2.166884426791,
    11.140384398536));
#9529 = DIRECTION('',(-1.08968389867E-13,-1.,-0.));
#9530 = DIRECTION('',(0.,0.,-1.));
#9531 = ORIENTED_EDGE('',*,*,#9532,.T.);
#9532 = EDGE_CURVE('',#9522,#7784,#9533,.T.);
#9533 = LINE('',#9534,#9535);
#9534 = CARTESIAN_POINT('',(8.006230351814,2.166884426791,
    10.890384398536));
#9535 = VECTOR('',#9536,1.);
#9536 = DIRECTION('',(1.08968389867E-13,1.,-0.));
#9537 = ORIENTED_EDGE('',*,*,#7783,.T.);
#9538 = ORIENTED_EDGE('',*,*,#9539,.T.);
#9539 = EDGE_CURVE('',#7776,#9540,#9542,.T.);
#9540 = VERTEX_POINT('',#9541);
#9541 = CARTESIAN_POINT('',(8.156230351814,2.466884426791,
    11.340384398536));
#9542 = CIRCLE('',#9543,0.25);
#9543 = AXIS2_PLACEMENT_3D('',#9544,#9545,#9546);
#9544 = CARTESIAN_POINT('',(8.006230351814,2.466884426791,
    11.140384398536));
#9545 = DIRECTION('',(-1.08968389867E-13,-1.,-0.));
#9546 = DIRECTION('',(0.,0.,-1.));
#9547 = ORIENTED_EDGE('',*,*,#9548,.T.);
#9548 = EDGE_CURVE('',#9540,#9549,#9551,.T.);
#9549 = VERTEX_POINT('',#9550);
#9550 = CARTESIAN_POINT('',(8.069627811436,2.416884426791,
    11.382212358279));
#9551 = B_SPLINE_CURVE_WITH_KNOTS('',3,(#9552,#9553,#9554,#9555,#9556,
    #9557,#9558,#9559,#9560,#9561),.UNSPECIFIED.,.F.,.F.,(4,3,3,4),(0.,
    3.919640604381E-05,7.832633913176E-05,1.122962339535E-04),
  .UNSPECIFIED.);
#9552 = CARTESIAN_POINT('',(8.156230351814,2.466884426791,
    11.340384398536));
#9553 = CARTESIAN_POINT('',(8.150113562042,2.456289836126,
    11.344971990865));
#9554 = CARTESIAN_POINT('',(8.142125949334,2.446988530796,
    11.350494952519));
#9555 = CARTESIAN_POINT('',(8.132918988702,2.439462034163,
    11.355906994297));
#9556 = CARTESIAN_POINT('',(8.123726208687,2.431947129886,
    11.361310700415));
#9557 = CARTESIAN_POINT('',(8.113025314841,2.425976236583,
    11.366769050895));
#9558 = CARTESIAN_POINT('',(8.10150853275,2.422102468547,11.371516543072
    ));
#9559 = CARTESIAN_POINT('',(8.091494471281,2.418734153429,
    11.375644577978));
#9560 = CARTESIAN_POINT('',(8.080600200054,2.416884426791,
    11.379335844062));
#9561 = CARTESIAN_POINT('',(8.069627811436,2.416884426791,
    11.382212358279));
#9562 = ORIENTED_EDGE('',*,*,#9563,.F.);
#9563 = EDGE_CURVE('',#9564,#9549,#9566,.T.);
#9564 = VERTEX_POINT('',#9565);
#9565 = CARTESIAN_POINT('',(8.006230351814,2.416884426791,
    11.390384398536));
#9566 = CIRCLE('',#9567,0.25);
#9567 = AXIS2_PLACEMENT_3D('',#9568,#9569,#9570);
#9568 = CARTESIAN_POINT('',(8.006230351814,2.416884426791,
    11.140384398536));
#9569 = DIRECTION('',(1.08968389867E-13,1.,0.));
#9570 = DIRECTION('',(0.,-0.,1.));
#9571 = ORIENTED_EDGE('',*,*,#9572,.T.);
#9572 = EDGE_CURVE('',#9564,#9524,#9573,.T.);
#9573 = ( BOUNDED_CURVE() B_SPLINE_CURVE(3,(#9574,#9575,#9576,#9577),
.UNSPECIFIED.,.F.,.F.) B_SPLINE_CURVE_WITH_KNOTS((4,4),(
1.561251128379E-15,1.570796326795),.PIECEWISE_BEZIER_KNOTS.) CURVE() 
GEOMETRIC_REPRESENTATION_ITEM() RATIONAL_B_SPLINE_CURVE((1.,
0.804737854124,0.804737854124,1.)) REPRESENTATION_ITEM('') );
#9574 = CARTESIAN_POINT('',(8.006230351814,2.416884426791,
    11.390384398536));
#9575 = CARTESIAN_POINT('',(8.152676961221,2.416884426791,
    11.390384398536));
#9576 = CARTESIAN_POINT('',(8.256230351814,2.313331036197,
    11.286831007943));
#9577 = CARTESIAN_POINT('',(8.256230351814,2.166884426791,
    11.140384398536));
#9578 = CYLINDRICAL_SURFACE('',#9579,0.25);
#9579 = AXIS2_PLACEMENT_3D('',#9580,#9581,#9582);
#9580 = CARTESIAN_POINT('',(8.006230351814,2.166884426791,
    11.140384398536));
#9581 = DIRECTION('',(1.08968389867E-13,1.,-0.));
#9582 = DIRECTION('',(0.,-0.,1.));
#9583 = ADVANCED_FACE('',(#9584),#9626,.T.);
#9584 = FACE_BOUND('',#9585,.T.);
#9585 = EDGE_LOOP('',(#9586,#9587,#9596,#9603,#9612,#9625));
#9586 = ORIENTED_EDGE('',*,*,#9532,.F.);
#9587 = ORIENTED_EDGE('',*,*,#9588,.F.);
#9588 = EDGE_CURVE('',#9589,#9522,#9591,.T.);
#9589 = VERTEX_POINT('',#9590);
#9590 = CARTESIAN_POINT('',(7.756230351814,2.166884426791,
    11.140384398536));
#9591 = CIRCLE('',#9592,0.25);
#9592 = AXIS2_PLACEMENT_3D('',#9593,#9594,#9595);
#9593 = CARTESIAN_POINT('',(8.006230351814,2.166884426791,
    11.140384398536));
#9594 = DIRECTION('',(-1.08968389867E-13,-1.,-0.));
#9595 = DIRECTION('',(0.,0.,-1.));
#9596 = ORIENTED_EDGE('',*,*,#9597,.T.);
#9597 = EDGE_CURVE('',#9589,#9564,#9598,.T.);
#9598 = ( BOUNDED_CURVE() B_SPLINE_CURVE(3,(#9599,#9600,#9601,#9602),
.UNSPECIFIED.,.F.,.F.) B_SPLINE_CURVE_WITH_KNOTS((4,4),(4.712388980385,
6.28318530718),.PIECEWISE_BEZIER_KNOTS.) CURVE() 
GEOMETRIC_REPRESENTATION_ITEM() RATIONAL_B_SPLINE_CURVE((1.,
0.804737854124,0.804737854124,1.)) REPRESENTATION_ITEM('') );
#9599 = CARTESIAN_POINT('',(7.756230351814,2.166884426791,
    11.140384398536));
#9600 = CARTESIAN_POINT('',(7.756230351814,2.313331036197,
    11.286831007943));
#9601 = CARTESIAN_POINT('',(7.859783742408,2.416884426791,
    11.390384398536));
#9602 = CARTESIAN_POINT('',(8.006230351814,2.416884426791,
    11.390384398536));
#9603 = ORIENTED_EDGE('',*,*,#9604,.F.);
#9604 = EDGE_CURVE('',#9605,#9564,#9607,.T.);
#9605 = VERTEX_POINT('',#9606);
#9606 = CARTESIAN_POINT('',(7.942832892193,2.416884426791,
    11.382212358279));
#9607 = CIRCLE('',#9608,0.25);
#9608 = AXIS2_PLACEMENT_3D('',#9609,#9610,#9611);
#9609 = CARTESIAN_POINT('',(8.006230351814,2.416884426791,
    11.140384398536));
#9610 = DIRECTION('',(1.08968389867E-13,1.,0.));
#9611 = DIRECTION('',(0.,-0.,1.));
#9612 = ORIENTED_EDGE('',*,*,#9613,.T.);
#9613 = EDGE_CURVE('',#9605,#7793,#9614,.T.);
#9614 = B_SPLINE_CURVE_WITH_KNOTS('',3,(#9615,#9616,#9617,#9618,#9619,
    #9620,#9621,#9622,#9623,#9624),.UNSPECIFIED.,.F.,.F.,(4,3,3,4),(0.,
    3.592419031812E-05,7.163929215239E-05,1.123241083516E-04),
  .UNSPECIFIED.);
#9615 = CARTESIAN_POINT('',(7.942832892193,2.416884426791,
    11.382212358279));
#9616 = CARTESIAN_POINT('',(7.931249593993,2.416884426791,
    11.379175688406));
#9617 = CARTESIAN_POINT('',(7.919749199775,2.418950440245,
    11.375225705209));
#9618 = CARTESIAN_POINT('',(7.909263142683,2.422687442137,
    11.370813043355));
#9619 = CARTESIAN_POINT('',(7.89881427071,2.426411192065,11.366416029457
    ));
#9620 = CARTESIAN_POINT('',(7.889077284985,2.431865043945,
    11.361454115526));
#9621 = CARTESIAN_POINT('',(7.880577718345,2.438626562462,
    11.356512637557));
#9622 = CARTESIAN_POINT('',(7.870928735401,2.446302456966,
    11.350902911948));
#9623 = CARTESIAN_POINT('',(7.862572059803,2.455900266348,
    11.345140679527));
#9624 = CARTESIAN_POINT('',(7.856230351814,2.466884426791,
    11.340384398536));
#9625 = ORIENTED_EDGE('',*,*,#7792,.T.);
#9626 = CYLINDRICAL_SURFACE('',#9627,0.25);
#9627 = AXIS2_PLACEMENT_3D('',#9628,#9629,#9630);
#9628 = CARTESIAN_POINT('',(8.006230351814,2.166884426791,
    11.140384398536));
#9629 = DIRECTION('',(1.08968389867E-13,1.,-0.));
#9630 = DIRECTION('',(0.,-0.,1.));
#9631 = ADVANCED_FACE('',(#9632),#9651,.T.);
#9632 = FACE_BOUND('',#9633,.T.);
#9633 = EDGE_LOOP('',(#9634,#9643,#9644,#9645));
#9634 = ORIENTED_EDGE('',*,*,#9635,.F.);
#9635 = EDGE_CURVE('',#7802,#9636,#9638,.T.);
#9636 = VERTEX_POINT('',#9637);
#9637 = CARTESIAN_POINT('',(7.942832892193,2.416884426791,
    11.840384398536));
#9638 = CIRCLE('',#9639,1.E-01);
#9639 = AXIS2_PLACEMENT_3D('',#9640,#9641,#9642);
#9640 = CARTESIAN_POINT('',(7.942832892193,2.516884426791,
    11.840384398536));
#9641 = DIRECTION('',(0.,0.,1.));
#9642 = DIRECTION('',(-1.,1.08968389867E-13,0.));
#9643 = ORIENTED_EDGE('',*,*,#7801,.T.);
#9644 = ORIENTED_EDGE('',*,*,#9613,.F.);
#9645 = ORIENTED_EDGE('',*,*,#9646,.F.);
#9646 = EDGE_CURVE('',#9636,#9605,#9647,.T.);
#9647 = LINE('',#9648,#9649);
#9648 = CARTESIAN_POINT('',(7.942832892193,2.416884426791,
    11.140384398536));
#9649 = VECTOR('',#9650,1.);
#9650 = DIRECTION('',(0.,0.,-1.));
#9651 = CYLINDRICAL_SURFACE('',#9652,1.E-01);
#9652 = AXIS2_PLACEMENT_3D('',#9653,#9654,#9655);
#9653 = CARTESIAN_POINT('',(7.942832892193,2.516884426791,
    11.277669972725));
#9654 = DIRECTION('',(0.,0.,-1.));
#9655 = DIRECTION('',(1.,-1.08968389867E-13,0.));
#9656 = ADVANCED_FACE('',(#9657),#9911,.T.);
#9657 = FACE_BOUND('',#9658,.T.);
#9658 = EDGE_LOOP('',(#9659,#9668,#9669,#9675,#9676,#9685,#9693,#9702,
    #9710,#9718,#9726,#9734,#9742,#9750,#9758,#9764,#9765,#9766,#9774,
    #9783,#9791,#9799,#9807,#9816,#9824,#9831,#9832,#9840,#9848,#9856,
    #9864,#9872,#9880,#9888,#9896,#9905));
#9659 = ORIENTED_EDGE('',*,*,#9660,.T.);
#9660 = EDGE_CURVE('',#9661,#8614,#9663,.T.);
#9661 = VERTEX_POINT('',#9662);
#9662 = CARTESIAN_POINT('',(2.269965106057,4.816884426791,
    11.840384398536));
#9663 = ( BOUNDED_CURVE() B_SPLINE_CURVE(3,(#9664,#9665,#9666,#9667),
.UNSPECIFIED.,.F.,.F.) B_SPLINE_CURVE_WITH_KNOTS((4,4),(1.570796326795,
3.14159265359),.PIECEWISE_BEZIER_KNOTS.) CURVE() 
GEOMETRIC_REPRESENTATION_ITEM() RATIONAL_B_SPLINE_CURVE((1.,
0.804737854124,0.804737854124,1.)) REPRESENTATION_ITEM('') );
#9664 = CARTESIAN_POINT('',(2.269965106057,4.816884426791,
    11.840384398536));
#9665 = CARTESIAN_POINT('',(2.24038794124,4.816884426791,11.840384398536
    ));
#9666 = CARTESIAN_POINT('',(2.219473727431,4.796173748673,
    11.840384398536));
#9667 = CARTESIAN_POINT('',(2.219473727431,4.766884426791,
    11.840384398536));
#9668 = ORIENTED_EDGE('',*,*,#8743,.T.);
#9669 = ORIENTED_EDGE('',*,*,#9670,.T.);
#9670 = EDGE_CURVE('',#8736,#8142,#9671,.T.);
#9671 = LINE('',#9672,#9673);
#9672 = CARTESIAN_POINT('',(1.256230351814,2.466884426791,
    11.840384398536));
#9673 = VECTOR('',#9674,1.);
#9674 = DIRECTION('',(-1.08968389867E-13,-1.,0.));
#9675 = ORIENTED_EDGE('',*,*,#8141,.T.);
#9676 = ORIENTED_EDGE('',*,*,#9677,.T.);
#9677 = EDGE_CURVE('',#8134,#9678,#9680,.T.);
#9678 = VERTEX_POINT('',#9679);
#9679 = CARTESIAN_POINT('',(2.269965106056,2.416884426791,
    11.840384398536));
#9680 = ( BOUNDED_CURVE() B_SPLINE_CURVE(3,(#9681,#9682,#9683,#9684),
.UNSPECIFIED.,.F.,.F.) B_SPLINE_CURVE_WITH_KNOTS((4,4),(3.14159265359,
4.712388980385),.PIECEWISE_BEZIER_KNOTS.) CURVE() 
GEOMETRIC_REPRESENTATION_ITEM() RATIONAL_B_SPLINE_CURVE((1.,
0.804737854124,0.804737854124,1.)) REPRESENTATION_ITEM('') );
#9681 = CARTESIAN_POINT('',(2.21947372743,2.466884426791,11.840384398536
    ));
#9682 = CARTESIAN_POINT('',(2.21947372743,2.43759510491,11.840384398536)
  );
#9683 = CARTESIAN_POINT('',(2.24038794124,2.416884426791,11.840384398536
    ));
#9684 = CARTESIAN_POINT('',(2.269965106056,2.416884426791,
    11.840384398536));
#9685 = ORIENTED_EDGE('',*,*,#9686,.F.);
#9686 = EDGE_CURVE('',#9687,#9678,#9689,.T.);
#9687 = VERTEX_POINT('',#9688);
#9688 = CARTESIAN_POINT('',(2.46947372743,2.416884426791,11.840384398536
    ));
#9689 = LINE('',#9690,#9691);
#9690 = CARTESIAN_POINT('',(2.21947372743,2.416884426791,11.840384398536
    ));
#9691 = VECTOR('',#9692,1.);
#9692 = DIRECTION('',(-1.,1.08968389867E-13,0.));
#9693 = ORIENTED_EDGE('',*,*,#9694,.T.);
#9694 = EDGE_CURVE('',#9687,#9695,#9697,.T.);
#9695 = VERTEX_POINT('',#9696);
#9696 = CARTESIAN_POINT('',(2.51947372743,2.466884426791,11.840384398536
    ));
#9697 = CIRCLE('',#9698,5.E-02);
#9698 = AXIS2_PLACEMENT_3D('',#9699,#9700,#9701);
#9699 = CARTESIAN_POINT('',(2.46947372743,2.466884426791,11.840384398536
    ));
#9700 = DIRECTION('',(0.,0.,1.));
#9701 = DIRECTION('',(-1.,1.08968389867E-13,0.));
#9702 = ORIENTED_EDGE('',*,*,#9703,.T.);
#9703 = EDGE_CURVE('',#9695,#9704,#9706,.T.);
#9704 = VERTEX_POINT('',#9705);
#9705 = CARTESIAN_POINT('',(3.015754120967,2.466884426791,
    11.840384398536));
#9706 = LINE('',#9707,#9708);
#9707 = CARTESIAN_POINT('',(4.756230351814,2.466884426791,
    11.840384398536));
#9708 = VECTOR('',#9709,1.);
#9709 = DIRECTION('',(1.,-1.08968389867E-13,0.));
#9710 = ORIENTED_EDGE('',*,*,#9711,.F.);
#9711 = EDGE_CURVE('',#9712,#9704,#9714,.T.);
#9712 = VERTEX_POINT('',#9713);
#9713 = CARTESIAN_POINT('',(3.015754120967,2.666884426791,
    11.840384398536));
#9714 = LINE('',#9715,#9716);
#9715 = CARTESIAN_POINT('',(3.015754120967,6.266884426791,
    11.840384398536));
#9716 = VECTOR('',#9717,1.);
#9717 = DIRECTION('',(-1.08968389867E-13,-1.,0.));
#9718 = ORIENTED_EDGE('',*,*,#9719,.F.);
#9719 = EDGE_CURVE('',#9720,#9712,#9722,.T.);
#9720 = VERTEX_POINT('',#9721);
#9721 = CARTESIAN_POINT('',(4.136706582662,2.666884426791,
    11.840384398536));
#9722 = LINE('',#9723,#9724);
#9723 = CARTESIAN_POINT('',(3.026230351814,2.666884426791,
    11.840384398536));
#9724 = VECTOR('',#9725,1.);
#9725 = DIRECTION('',(-1.,1.08968389867E-13,0.));
#9726 = ORIENTED_EDGE('',*,*,#9727,.T.);
#9727 = EDGE_CURVE('',#9720,#9728,#9730,.T.);
#9728 = VERTEX_POINT('',#9729);
#9729 = CARTESIAN_POINT('',(4.136706582662,2.466884426791,
    11.840384398536));
#9730 = LINE('',#9731,#9732);
#9731 = CARTESIAN_POINT('',(4.136706582662,6.266884426791,
    11.840384398536));
#9732 = VECTOR('',#9733,1.);
#9733 = DIRECTION('',(-1.08968389867E-13,-1.,0.));
#9734 = ORIENTED_EDGE('',*,*,#9735,.T.);
#9735 = EDGE_CURVE('',#9728,#9736,#9738,.T.);
#9736 = VERTEX_POINT('',#9737);
#9737 = CARTESIAN_POINT('',(5.645754120967,2.466884426791,
    11.840384398536));
#9738 = LINE('',#9739,#9740);
#9739 = CARTESIAN_POINT('',(4.756230351814,2.466884426791,
    11.840384398536));
#9740 = VECTOR('',#9741,1.);
#9741 = DIRECTION('',(1.,-1.08968389867E-13,0.));
#9742 = ORIENTED_EDGE('',*,*,#9743,.F.);
#9743 = EDGE_CURVE('',#9744,#9736,#9746,.T.);
#9744 = VERTEX_POINT('',#9745);
#9745 = CARTESIAN_POINT('',(5.645754120967,2.666884426791,
    11.840384398536));
#9746 = LINE('',#9747,#9748);
#9747 = CARTESIAN_POINT('',(5.645754120967,6.266884426791,
    11.840384398536));
#9748 = VECTOR('',#9749,1.);
#9749 = DIRECTION('',(-1.08968389867E-13,-1.,0.));
#9750 = ORIENTED_EDGE('',*,*,#9751,.F.);
#9751 = EDGE_CURVE('',#9752,#9744,#9754,.T.);
#9752 = VERTEX_POINT('',#9753);
#9753 = CARTESIAN_POINT('',(6.366706582662,2.666884426791,
    11.840384398536));
#9754 = LINE('',#9755,#9756);
#9755 = CARTESIAN_POINT('',(5.656230351814,2.666884426791,
    11.840384398536));
#9756 = VECTOR('',#9757,1.);
#9757 = DIRECTION('',(-1.,1.08968389867E-13,0.));
#9758 = ORIENTED_EDGE('',*,*,#9759,.T.);
#9759 = EDGE_CURVE('',#9752,#7810,#9760,.T.);
#9760 = LINE('',#9761,#9762);
#9761 = CARTESIAN_POINT('',(6.366706582662,6.266884426791,
    11.840384398536));
#9762 = VECTOR('',#9763,1.);
#9763 = DIRECTION('',(-1.08968389867E-13,-1.,0.));
#9764 = ORIENTED_EDGE('',*,*,#7809,.T.);
#9765 = ORIENTED_EDGE('',*,*,#9635,.T.);
#9766 = ORIENTED_EDGE('',*,*,#9767,.F.);
#9767 = EDGE_CURVE('',#9768,#9636,#9770,.T.);
#9768 = VERTEX_POINT('',#9769);
#9769 = CARTESIAN_POINT('',(8.069627811436,2.416884426791,
    11.840384398536));
#9770 = LINE('',#9771,#9772);
#9771 = CARTESIAN_POINT('',(7.856230351814,2.416884426791,
    11.840384398536));
#9772 = VECTOR('',#9773,1.);
#9773 = DIRECTION('',(-1.,1.08968389867E-13,0.));
#9774 = ORIENTED_EDGE('',*,*,#9775,.T.);
#9775 = EDGE_CURVE('',#9768,#9776,#9778,.T.);
#9776 = VERTEX_POINT('',#9777);
#9777 = CARTESIAN_POINT('',(8.156230351814,2.466884426791,
    11.840384398536));
#9778 = CIRCLE('',#9779,1.E-01);
#9779 = AXIS2_PLACEMENT_3D('',#9780,#9781,#9782);
#9780 = CARTESIAN_POINT('',(8.069627811436,2.516884426791,
    11.840384398536));
#9781 = DIRECTION('',(0.,0.,1.));
#9782 = DIRECTION('',(-1.,1.08968389867E-13,0.));
#9783 = ORIENTED_EDGE('',*,*,#9784,.T.);
#9784 = EDGE_CURVE('',#9776,#9785,#9787,.T.);
#9785 = VERTEX_POINT('',#9786);
#9786 = CARTESIAN_POINT('',(8.256230351814,2.466884426791,
    11.840384398536));
#9787 = LINE('',#9788,#9789);
#9788 = CARTESIAN_POINT('',(4.756230351814,2.466884426791,
    11.840384398536));
#9789 = VECTOR('',#9790,1.);
#9790 = DIRECTION('',(1.,-1.08968389867E-13,0.));
#9791 = ORIENTED_EDGE('',*,*,#9792,.T.);
#9792 = EDGE_CURVE('',#9785,#9793,#9795,.T.);
#9793 = VERTEX_POINT('',#9794);
#9794 = CARTESIAN_POINT('',(8.256230351815,4.766884426791,
    11.840384398536));
#9795 = LINE('',#9796,#9797);
#9796 = CARTESIAN_POINT('',(8.256230351814,2.366884426791,
    11.840384398536));
#9797 = VECTOR('',#9798,1.);
#9798 = DIRECTION('',(1.087949175194E-13,1.,-0.));
#9799 = ORIENTED_EDGE('',*,*,#9800,.F.);
#9800 = EDGE_CURVE('',#9801,#9793,#9803,.T.);
#9801 = VERTEX_POINT('',#9802);
#9802 = CARTESIAN_POINT('',(8.156230351815,4.766884426791,
    11.840384398536));
#9803 = LINE('',#9804,#9805);
#9804 = CARTESIAN_POINT('',(9.606230351815,4.76688442679,11.840384398536
    ));
#9805 = VECTOR('',#9806,1.);
#9806 = DIRECTION('',(1.,-1.08968389867E-13,0.));
#9807 = ORIENTED_EDGE('',*,*,#9808,.T.);
#9808 = EDGE_CURVE('',#9801,#9809,#9811,.T.);
#9809 = VERTEX_POINT('',#9810);
#9810 = CARTESIAN_POINT('',(8.069627811436,4.816884426791,
    11.840384398536));
#9811 = CIRCLE('',#9812,1.E-01);
#9812 = AXIS2_PLACEMENT_3D('',#9813,#9814,#9815);
#9813 = CARTESIAN_POINT('',(8.069627811436,4.716884426791,
    11.840384398536));
#9814 = DIRECTION('',(0.,0.,1.));
#9815 = DIRECTION('',(-1.,1.08968389867E-13,0.));
#9816 = ORIENTED_EDGE('',*,*,#9817,.F.);
#9817 = EDGE_CURVE('',#9818,#9809,#9820,.T.);
#9818 = VERTEX_POINT('',#9819);
#9819 = CARTESIAN_POINT('',(7.942832892193,4.816884426791,
    11.840384398536));
#9820 = LINE('',#9821,#9822);
#9821 = CARTESIAN_POINT('',(7.856230351815,4.816884426791,
    11.840384398536));
#9822 = VECTOR('',#9823,1.);
#9823 = DIRECTION('',(1.,-1.08968389867E-13,0.));
#9824 = ORIENTED_EDGE('',*,*,#9825,.T.);
#9825 = EDGE_CURVE('',#9818,#8436,#9826,.T.);
#9826 = CIRCLE('',#9827,1.E-01);
#9827 = AXIS2_PLACEMENT_3D('',#9828,#9829,#9830);
#9828 = CARTESIAN_POINT('',(7.942832892193,4.716884426791,
    11.840384398536));
#9829 = DIRECTION('',(0.,0.,1.));
#9830 = DIRECTION('',(-1.,1.08968389867E-13,0.));
#9831 = ORIENTED_EDGE('',*,*,#8435,.F.);
#9832 = ORIENTED_EDGE('',*,*,#9833,.F.);
#9833 = EDGE_CURVE('',#9834,#8428,#9836,.T.);
#9834 = VERTEX_POINT('',#9835);
#9835 = CARTESIAN_POINT('',(6.366706582662,4.566884426791,
    11.840384398536));
#9836 = LINE('',#9837,#9838);
#9837 = CARTESIAN_POINT('',(6.366706582662,6.266884426791,
    11.840384398536));
#9838 = VECTOR('',#9839,1.);
#9839 = DIRECTION('',(1.08968389867E-13,1.,-0.));
#9840 = ORIENTED_EDGE('',*,*,#9841,.F.);
#9841 = EDGE_CURVE('',#9842,#9834,#9844,.T.);
#9842 = VERTEX_POINT('',#9843);
#9843 = CARTESIAN_POINT('',(5.645754120967,4.566884426791,
    11.840384398536));
#9844 = LINE('',#9845,#9846);
#9845 = CARTESIAN_POINT('',(6.356230351815,4.566884426791,
    11.840384398536));
#9846 = VECTOR('',#9847,1.);
#9847 = DIRECTION('',(1.,-1.08968389867E-13,1.548860246408E-16));
#9848 = ORIENTED_EDGE('',*,*,#9849,.T.);
#9849 = EDGE_CURVE('',#9842,#9850,#9852,.T.);
#9850 = VERTEX_POINT('',#9851);
#9851 = CARTESIAN_POINT('',(5.645754120967,4.766884426791,
    11.840384398536));
#9852 = LINE('',#9853,#9854);
#9853 = CARTESIAN_POINT('',(5.645754120967,6.266884426791,
    11.840384398536));
#9854 = VECTOR('',#9855,1.);
#9855 = DIRECTION('',(1.08968389867E-13,1.,-0.));
#9856 = ORIENTED_EDGE('',*,*,#9857,.F.);
#9857 = EDGE_CURVE('',#9858,#9850,#9860,.T.);
#9858 = VERTEX_POINT('',#9859);
#9859 = CARTESIAN_POINT('',(4.136706582662,4.766884426791,
    11.840384398536));
#9860 = LINE('',#9861,#9862);
#9861 = CARTESIAN_POINT('',(9.606230351815,4.76688442679,11.840384398536
    ));
#9862 = VECTOR('',#9863,1.);
#9863 = DIRECTION('',(1.,-1.08968389867E-13,0.));
#9864 = ORIENTED_EDGE('',*,*,#9865,.F.);
#9865 = EDGE_CURVE('',#9866,#9858,#9868,.T.);
#9866 = VERTEX_POINT('',#9867);
#9867 = CARTESIAN_POINT('',(4.136706582662,4.566884426791,
    11.840384398536));
#9868 = LINE('',#9869,#9870);
#9869 = CARTESIAN_POINT('',(4.136706582662,6.266884426791,
    11.840384398536));
#9870 = VECTOR('',#9871,1.);
#9871 = DIRECTION('',(1.08968389867E-13,1.,-0.));
#9872 = ORIENTED_EDGE('',*,*,#9873,.F.);
#9873 = EDGE_CURVE('',#9874,#9866,#9876,.T.);
#9874 = VERTEX_POINT('',#9875);
#9875 = CARTESIAN_POINT('',(3.015754120967,4.566884426791,
    11.840384398536));
#9876 = LINE('',#9877,#9878);
#9877 = CARTESIAN_POINT('',(4.126230351815,4.566884426791,
    11.840384398536));
#9878 = VECTOR('',#9879,1.);
#9879 = DIRECTION('',(1.,-1.08968389867E-13,0.));
#9880 = ORIENTED_EDGE('',*,*,#9881,.T.);
#9881 = EDGE_CURVE('',#9874,#9882,#9884,.T.);
#9882 = VERTEX_POINT('',#9883);
#9883 = CARTESIAN_POINT('',(3.015754120967,4.766884426791,
    11.840384398536));
#9884 = LINE('',#9885,#9886);
#9885 = CARTESIAN_POINT('',(3.015754120967,6.266884426791,
    11.840384398536));
#9886 = VECTOR('',#9887,1.);
#9887 = DIRECTION('',(1.08968389867E-13,1.,-0.));
#9888 = ORIENTED_EDGE('',*,*,#9889,.F.);
#9889 = EDGE_CURVE('',#9890,#9882,#9892,.T.);
#9890 = VERTEX_POINT('',#9891);
#9891 = CARTESIAN_POINT('',(2.519473727431,4.766884426791,
    11.840384398536));
#9892 = LINE('',#9893,#9894);
#9893 = CARTESIAN_POINT('',(9.606230351815,4.76688442679,11.840384398536
    ));
#9894 = VECTOR('',#9895,1.);
#9895 = DIRECTION('',(1.,-1.08968389867E-13,0.));
#9896 = ORIENTED_EDGE('',*,*,#9897,.T.);
#9897 = EDGE_CURVE('',#9890,#9898,#9900,.T.);
#9898 = VERTEX_POINT('',#9899);
#9899 = CARTESIAN_POINT('',(2.469473727431,4.816884426791,
    11.840384398536));
#9900 = CIRCLE('',#9901,5.E-02);
#9901 = AXIS2_PLACEMENT_3D('',#9902,#9903,#9904);
#9902 = CARTESIAN_POINT('',(2.469473727431,4.766884426791,
    11.840384398536));
#9903 = DIRECTION('',(0.,0.,1.));
#9904 = DIRECTION('',(-1.,1.08968389867E-13,0.));
#9905 = ORIENTED_EDGE('',*,*,#9906,.F.);
#9906 = EDGE_CURVE('',#9661,#9898,#9907,.T.);
#9907 = LINE('',#9908,#9909);
#9908 = CARTESIAN_POINT('',(2.219473727431,4.816884426791,
    11.840384398536));
#9909 = VECTOR('',#9910,1.);
#9910 = DIRECTION('',(1.,-1.08968389867E-13,0.));
#9911 = PLANE('',#9912);
#9912 = AXIS2_PLACEMENT_3D('',#9913,#9914,#9915);
#9913 = CARTESIAN_POINT('',(4.756230351815,6.266884426791,
    11.840384398536));
#9914 = DIRECTION('',(0.,-0.,1.));
#9915 = DIRECTION('',(-1.,1.08968389867E-13,0.));
#9916 = ADVANCED_FACE('',(#9917),#9935,.T.);
#9917 = FACE_BOUND('',#9918,.T.);
#9918 = EDGE_LOOP('',(#9919,#9927,#9928,#9929));
#9919 = ORIENTED_EDGE('',*,*,#9920,.T.);
#9920 = EDGE_CURVE('',#9921,#7818,#9923,.T.);
#9921 = VERTEX_POINT('',#9922);
#9922 = CARTESIAN_POINT('',(6.356230351814,2.666884426791,
    11.540384398536));
#9923 = LINE('',#9924,#9925);
#9924 = CARTESIAN_POINT('',(6.356230351815,6.266884426791,
    11.540384398536));
#9925 = VECTOR('',#9926,1.);
#9926 = DIRECTION('',(-1.08968389867E-13,-1.,0.));
#9927 = ORIENTED_EDGE('',*,*,#7817,.T.);
#9928 = ORIENTED_EDGE('',*,*,#9759,.F.);
#9929 = ORIENTED_EDGE('',*,*,#9930,.F.);
#9930 = EDGE_CURVE('',#9921,#9752,#9931,.T.);
#9931 = LINE('',#9932,#9933);
#9932 = CARTESIAN_POINT('',(6.356230351814,2.666884426791,
    11.540384398536));
#9933 = VECTOR('',#9934,1.);
#9934 = DIRECTION('',(3.48994967025E-02,-3.802941962839E-15,
    0.999390827019));
#9935 = PLANE('',#9936);
#9936 = AXIS2_PLACEMENT_3D('',#9937,#9938,#9939);
#9937 = CARTESIAN_POINT('',(6.356230351815,6.266884426791,
    11.540384398536));
#9938 = DIRECTION('',(-0.999390827019,1.089020092681E-13,
    3.48994967025E-02));
#9939 = DIRECTION('',(-3.48994967025E-02,3.802941962839E-15,
    -0.999390827019));
#9940 = ADVANCED_FACE('',(#9941),#9959,.T.);
#9941 = FACE_BOUND('',#9942,.T.);
#9942 = EDGE_LOOP('',(#9943,#9951,#9957,#9958));
#9943 = ORIENTED_EDGE('',*,*,#9944,.T.);
#9944 = EDGE_CURVE('',#9921,#9945,#9947,.T.);
#9945 = VERTEX_POINT('',#9946);
#9946 = CARTESIAN_POINT('',(6.533616720632,2.666884426791,
    11.540384398536));
#9947 = LINE('',#9948,#9949);
#9948 = CARTESIAN_POINT('',(5.276230351814,2.666884426791,
    11.540384398536));
#9949 = VECTOR('',#9950,1.);
#9950 = DIRECTION('',(1.,-1.08968389867E-13,0.));
#9951 = ORIENTED_EDGE('',*,*,#9952,.T.);
#9952 = EDGE_CURVE('',#9945,#7826,#9953,.T.);
#9953 = LINE('',#9954,#9955);
#9954 = CARTESIAN_POINT('',(6.533616720632,2.466884426791,
    11.540384398536));
#9955 = VECTOR('',#9956,1.);
#9956 = DIRECTION('',(-1.08968389867E-13,-1.,0.));
#9957 = ORIENTED_EDGE('',*,*,#7825,.T.);
#9958 = ORIENTED_EDGE('',*,*,#9920,.F.);
#9959 = PLANE('',#9960);
#9960 = AXIS2_PLACEMENT_3D('',#9961,#9962,#9963);
#9961 = CARTESIAN_POINT('',(4.756230351815,6.266884426791,
    11.540384398536));
#9962 = DIRECTION('',(0.,0.,-1.));
#9963 = DIRECTION('',(1.,-1.08968389867E-13,0.));
#9964 = ADVANCED_FACE('',(#9965),#9984,.F.);
#9965 = FACE_BOUND('',#9966,.F.);
#9966 = EDGE_LOOP('',(#9967,#9968,#9969,#9977));
#9967 = ORIENTED_EDGE('',*,*,#9952,.T.);
#9968 = ORIENTED_EDGE('',*,*,#7833,.T.);
#9969 = ORIENTED_EDGE('',*,*,#9970,.T.);
#9970 = EDGE_CURVE('',#7834,#9971,#9973,.T.);
#9971 = VERTEX_POINT('',#9972);
#9972 = CARTESIAN_POINT('',(6.683411150845,2.666884426791,
    11.398234791972));
#9973 = LINE('',#9974,#9975);
#9974 = CARTESIAN_POINT('',(6.683411150845,2.666884426791,
    11.398234791972));
#9975 = VECTOR('',#9976,1.);
#9976 = DIRECTION('',(1.08968389867E-13,1.,-0.));
#9977 = ORIENTED_EDGE('',*,*,#9978,.T.);
#9978 = EDGE_CURVE('',#9971,#9945,#9979,.T.);
#9979 = CIRCLE('',#9980,0.15);
#9980 = AXIS2_PLACEMENT_3D('',#9981,#9982,#9983);
#9981 = CARTESIAN_POINT('',(6.533616720632,2.666884426791,
    11.390384398536));
#9982 = DIRECTION('',(-1.08968389867E-13,-1.,8.71432482502E-45));
#9983 = DIRECTION('',(-1.445602896647E-15,1.575250200347E-28,1.));
#9984 = CYLINDRICAL_SURFACE('',#9985,0.15);
#9985 = AXIS2_PLACEMENT_3D('',#9986,#9987,#9988);
#9986 = CARTESIAN_POINT('',(6.533616720632,6.266884426791,
    11.390384398536));
#9987 = DIRECTION('',(1.08968389867E-13,1.,0.));
#9988 = DIRECTION('',(0.,-0.,1.));
#9989 = ADVANCED_FACE('',(#9990),#10008,.T.);
#9990 = FACE_BOUND('',#9991,.T.);
#9991 = EDGE_LOOP('',(#9992,#9993,#9994,#10002));
#9992 = ORIENTED_EDGE('',*,*,#7842,.F.);
#9993 = ORIENTED_EDGE('',*,*,#9970,.T.);
#9994 = ORIENTED_EDGE('',*,*,#9995,.T.);
#9995 = EDGE_CURVE('',#9971,#9996,#9998,.T.);
#9996 = VERTEX_POINT('',#9997);
#9997 = CARTESIAN_POINT('',(6.727934413202,2.666884426791,
    10.548680337148));
#9998 = LINE('',#9999,#10000);
#9999 = CARTESIAN_POINT('',(6.675961405639,2.666884426791,
    11.540384398536));
#10000 = VECTOR('',#10001,1.);
#10001 = DIRECTION('',(5.233595624294E-02,-5.70296488394E-15,
    -0.998629534755));
#10002 = ORIENTED_EDGE('',*,*,#10003,.T.);
#10003 = EDGE_CURVE('',#9996,#7843,#10004,.T.);
#10004 = LINE('',#10005,#10006);
#10005 = CARTESIAN_POINT('',(6.727934413202,2.466884426791,
    10.548680337148));
#10006 = VECTOR('',#10007,1.);
#10007 = DIRECTION('',(-1.08968389867E-13,-1.,0.));
#10008 = PLANE('',#10009);
#10009 = AXIS2_PLACEMENT_3D('',#10010,#10011,#10012);
#10010 = CARTESIAN_POINT('',(6.675961405639,3.818462624688,
    11.540384398536));
#10011 = DIRECTION('',(-0.998629534755,1.088190524758E-13,
    -5.233595624294E-02));
#10012 = DIRECTION('',(5.233595624294E-02,-5.70296488394E-15,
    -0.998629534755));
#10013 = ADVANCED_FACE('',(#10014),#10041,.T.);
#10014 = FACE_BOUND('',#10015,.T.);
#10015 = EDGE_LOOP('',(#10016,#10026,#10032,#10033,#10034,#10035));
#10016 = ORIENTED_EDGE('',*,*,#10017,.T.);
#10017 = EDGE_CURVE('',#10018,#10020,#10022,.T.);
#10018 = VERTEX_POINT('',#10019);
#10019 = CARTESIAN_POINT('',(6.736230351814,2.666884426791,
    10.540384398536));
#10020 = VERTEX_POINT('',#10021);
#10021 = CARTESIAN_POINT('',(6.886230351814,2.816884426791,
    10.390384398536));
#10022 = LINE('',#10023,#10024);
#10023 = CARTESIAN_POINT('',(7.114559125372,3.045213200349,
    10.162055624978));
#10024 = VECTOR('',#10025,1.);
#10025 = DIRECTION('',(0.57735026919,0.57735026919,-0.57735026919));
#10026 = ORIENTED_EDGE('',*,*,#10027,.F.);
#10027 = EDGE_CURVE('',#9196,#10020,#10028,.T.);
#10028 = LINE('',#10029,#10030);
#10029 = CARTESIAN_POINT('',(6.886230351814,2.666884426791,
    10.390384398536));
#10030 = VECTOR('',#10031,1.);
#10031 = DIRECTION('',(1.08968389867E-13,1.,0.));
#10032 = ORIENTED_EDGE('',*,*,#9206,.F.);
#10033 = ORIENTED_EDGE('',*,*,#7850,.F.);
#10034 = ORIENTED_EDGE('',*,*,#10003,.F.);
#10035 = ORIENTED_EDGE('',*,*,#10036,.F.);
#10036 = EDGE_CURVE('',#10018,#9996,#10037,.T.);
#10037 = LINE('',#10038,#10039);
#10038 = CARTESIAN_POINT('',(5.506230351814,2.666884426791,
    11.770384398536));
#10039 = VECTOR('',#10040,1.);
#10040 = DIRECTION('',(-0.707106781187,7.705228740991E-14,0.707106781187
    ));
#10041 = PLANE('',#10042);
#10042 = AXIS2_PLACEMENT_3D('',#10043,#10044,#10045);
#10043 = CARTESIAN_POINT('',(6.727934413202,3.818462624688,
    10.548680337148));
#10044 = DIRECTION('',(-0.707106781187,7.705228740991E-14,
    -0.707106781187));
#10045 = DIRECTION('',(1.08968389867E-13,1.,0.));
#10046 = ADVANCED_FACE('',(#10047),#10053,.F.);
#10047 = FACE_BOUND('',#10048,.T.);
#10048 = EDGE_LOOP('',(#10049,#10050,#10051,#10052));
#10049 = ORIENTED_EDGE('',*,*,#8189,.F.);
#10050 = ORIENTED_EDGE('',*,*,#9422,.T.);
#10051 = ORIENTED_EDGE('',*,*,#8061,.T.);
#10052 = ORIENTED_EDGE('',*,*,#8083,.F.);
#10053 = PLANE('',#10054);
#10054 = AXIS2_PLACEMENT_3D('',#10055,#10056,#10057);
#10055 = CARTESIAN_POINT('',(-1.643769648188,-19.8331155732,
    10.690384398536));
#10056 = DIRECTION('',(0.939692620786,-1.024604679057E-13,
    -0.342020143326));
#10057 = DIRECTION('',(0.342020143326,-3.726938432026E-14,0.939692620786
    ));
#10058 = ADVANCED_FACE('',(#10059),#10092,.T.);
#10059 = FACE_BOUND('',#10060,.T.);
#10060 = EDGE_LOOP('',(#10061,#10069,#10070,#10078,#10086));
#10061 = ORIENTED_EDGE('',*,*,#10062,.F.);
#10062 = EDGE_CURVE('',#8102,#10063,#10065,.T.);
#10063 = VERTEX_POINT('',#10064);
#10064 = CARTESIAN_POINT('',(2.328638131097,2.666884426791,
    11.390384398536));
#10065 = LINE('',#10066,#10067);
#10066 = CARTESIAN_POINT('',(2.328638131098,3.818462624689,
    11.390384398536));
#10067 = VECTOR('',#10068,1.);
#10068 = DIRECTION('',(1.08968389867E-13,1.,0.));
#10069 = ORIENTED_EDGE('',*,*,#8099,.F.);
#10070 = ORIENTED_EDGE('',*,*,#10071,.T.);
#10071 = EDGE_CURVE('',#8100,#10072,#10074,.T.);
#10072 = VERTEX_POINT('',#10073);
#10073 = CARTESIAN_POINT('',(2.284080745251,2.667089996578,
    10.540178828749));
#10074 = LINE('',#10075,#10076);
#10075 = CARTESIAN_POINT('',(2.284080745251,2.666884426791,
    10.540178828749));
#10076 = VECTOR('',#10077,1.);
#10077 = DIRECTION('',(1.08968389867E-13,1.,0.));
#10078 = ORIENTED_EDGE('',*,*,#10079,.T.);
#10079 = EDGE_CURVE('',#10072,#10080,#10082,.T.);
#10080 = VERTEX_POINT('',#10081);
#10081 = CARTESIAN_POINT('',(2.284091518707,2.666884426791,
    10.540384398536));
#10082 = LINE('',#10083,#10084);
#10083 = CARTESIAN_POINT('',(2.279631434558,2.751987902077,
    10.45528092325));
#10084 = VECTOR('',#10085,1.);
#10085 = DIRECTION('',(3.703247672019E-02,-0.706621750185,0.706621750185
    ));
#10086 = ORIENTED_EDGE('',*,*,#10087,.T.);
#10087 = EDGE_CURVE('',#10080,#10063,#10088,.T.);
#10088 = LINE('',#10089,#10090);
#10089 = CARTESIAN_POINT('',(2.276230351814,2.666884426791,
    10.390384398536));
#10090 = VECTOR('',#10091,1.);
#10091 = DIRECTION('',(5.233595624294E-02,-5.70296488394E-15,
    0.998629534755));
#10092 = PLANE('',#10093);
#10093 = AXIS2_PLACEMENT_3D('',#10094,#10095,#10096);
#10094 = CARTESIAN_POINT('',(2.276230351814,3.818462624689,
    10.390384398536));
#10095 = DIRECTION('',(0.998629534755,-1.088190524758E-13,
    -5.233595624294E-02));
#10096 = DIRECTION('',(5.233595624294E-02,-5.70296488394E-15,
    0.998629534755));
#10097 = ADVANCED_FACE('',(#10098),#10148,.T.);
#10098 = FACE_BOUND('',#10099,.T.);
#10099 = EDGE_LOOP('',(#10100,#10108,#10116,#10124,#10132,#10140,#10146,
    #10147));
#10100 = ORIENTED_EDGE('',*,*,#10101,.F.);
#10101 = EDGE_CURVE('',#10102,#10063,#10104,.T.);
#10102 = VERTEX_POINT('',#10103);
#10103 = CARTESIAN_POINT('',(2.51947372743,2.666884426791,
    11.390384398536));
#10104 = LINE('',#10105,#10106);
#10105 = CARTESIAN_POINT('',(2.276230351814,2.666884426791,
    11.390384398536));
#10106 = VECTOR('',#10107,1.);
#10107 = DIRECTION('',(-1.,1.08968389867E-13,0.));
#10108 = ORIENTED_EDGE('',*,*,#10109,.F.);
#10109 = EDGE_CURVE('',#10110,#10102,#10112,.T.);
#10110 = VERTEX_POINT('',#10111);
#10111 = CARTESIAN_POINT('',(2.51947372743,2.641884426805,
    11.390384398536));
#10112 = LINE('',#10113,#10114);
#10113 = CARTESIAN_POINT('',(2.51947372743,2.466884426791,
    11.390384398536));
#10114 = VECTOR('',#10115,1.);
#10115 = DIRECTION('',(1.08968389867E-13,1.,0.));
#10116 = ORIENTED_EDGE('',*,*,#10117,.T.);
#10117 = EDGE_CURVE('',#10110,#10118,#10120,.T.);
#10118 = VERTEX_POINT('',#10119);
#10119 = CARTESIAN_POINT('',(2.391799806166,2.641884426805,
    11.390384398536));
#10120 = LINE('',#10121,#10122);
#10121 = CARTESIAN_POINT('',(3.531230351801,2.641884426805,
    11.390384398536));
#10122 = VECTOR('',#10123,1.);
#10123 = DIRECTION('',(-1.,-0.,-0.));
#10124 = ORIENTED_EDGE('',*,*,#10125,.T.);
#10125 = EDGE_CURVE('',#10118,#10126,#10128,.T.);
#10126 = VERTEX_POINT('',#10127);
#10127 = CARTESIAN_POINT('',(2.391799806166,2.541884426805,
    11.390384398536));
#10128 = LINE('',#10129,#10130);
#10129 = CARTESIAN_POINT('',(2.391799806166,3.616884426805,
    11.390384398536));
#10130 = VECTOR('',#10131,1.);
#10131 = DIRECTION('',(8.537024980201E-17,-1.,0.));
#10132 = ORIENTED_EDGE('',*,*,#10133,.T.);
#10133 = EDGE_CURVE('',#10126,#10134,#10136,.T.);
#10134 = VERTEX_POINT('',#10135);
#10135 = CARTESIAN_POINT('',(2.51947372743,2.541884426805,
    11.390384398536));
#10136 = LINE('',#10137,#10138);
#10137 = CARTESIAN_POINT('',(3.531230351801,2.541884426805,
    11.390384398536));
#10138 = VECTOR('',#10139,1.);
#10139 = DIRECTION('',(1.,8.537024980201E-17,0.));
#10140 = ORIENTED_EDGE('',*,*,#10141,.F.);
#10141 = EDGE_CURVE('',#8110,#10134,#10142,.T.);
#10142 = LINE('',#10143,#10144);
#10143 = CARTESIAN_POINT('',(2.51947372743,2.466884426791,
    11.390384398536));
#10144 = VECTOR('',#10145,1.);
#10145 = DIRECTION('',(1.08968389867E-13,1.,0.));
#10146 = ORIENTED_EDGE('',*,*,#8109,.F.);
#10147 = ORIENTED_EDGE('',*,*,#10062,.T.);
#10148 = PLANE('',#10149);
#10149 = AXIS2_PLACEMENT_3D('',#10150,#10151,#10152);
#10150 = CARTESIAN_POINT('',(4.756230351815,6.266884426791,
    11.390384398536));
#10151 = DIRECTION('',(0.,0.,-1.));
#10152 = DIRECTION('',(1.,-1.08968389867E-13,0.));
#10153 = ADVANCED_FACE('',(#10154),#10195,.F.);
#10154 = FACE_BOUND('',#10155,.F.);
#10155 = EDGE_LOOP('',(#10156,#10157,#10158,#10166,#10172,#10173,#10181,
    #10189));
#10156 = ORIENTED_EDGE('',*,*,#10141,.F.);
#10157 = ORIENTED_EDGE('',*,*,#8117,.F.);
#10158 = ORIENTED_EDGE('',*,*,#10159,.T.);
#10159 = EDGE_CURVE('',#8118,#10160,#10162,.T.);
#10160 = VERTEX_POINT('',#10161);
#10161 = CARTESIAN_POINT('',(2.51947372743,2.666884426791,
    11.540384398536));
#10162 = LINE('',#10163,#10164);
#10163 = CARTESIAN_POINT('',(2.519473727431,6.266884426791,
    11.540384398536));
#10164 = VECTOR('',#10165,1.);
#10165 = DIRECTION('',(1.08968389867E-13,1.,0.));
#10166 = ORIENTED_EDGE('',*,*,#10167,.F.);
#10167 = EDGE_CURVE('',#10102,#10160,#10168,.T.);
#10168 = LINE('',#10169,#10170);
#10169 = CARTESIAN_POINT('',(2.51947372743,2.666884426791,
    14.157634864197));
#10170 = VECTOR('',#10171,1.);
#10171 = DIRECTION('',(0.,-0.,1.));
#10172 = ORIENTED_EDGE('',*,*,#10109,.F.);
#10173 = ORIENTED_EDGE('',*,*,#10174,.T.);
#10174 = EDGE_CURVE('',#10110,#10175,#10177,.T.);
#10175 = VERTEX_POINT('',#10176);
#10176 = CARTESIAN_POINT('',(2.51947372743,2.641884426805,
    11.440384398536));
#10177 = LINE('',#10178,#10179);
#10178 = CARTESIAN_POINT('',(2.51947372743,2.641884426805,
    12.952423253338));
#10179 = VECTOR('',#10180,1.);
#10180 = DIRECTION('',(0.,0.,1.));
#10181 = ORIENTED_EDGE('',*,*,#10182,.T.);
#10182 = EDGE_CURVE('',#10175,#10183,#10185,.T.);
#10183 = VERTEX_POINT('',#10184);
#10184 = CARTESIAN_POINT('',(2.51947372743,2.541884426805,
    11.440384398536));
#10185 = LINE('',#10186,#10187);
#10186 = CARTESIAN_POINT('',(2.51947372743,3.041884426798,
    11.440384398536));
#10187 = VECTOR('',#10188,1.);
#10188 = DIRECTION('',(-1.08968389867E-13,-1.,-0.));
#10189 = ORIENTED_EDGE('',*,*,#10190,.T.);
#10190 = EDGE_CURVE('',#10183,#10134,#10191,.T.);
#10191 = LINE('',#10192,#10193);
#10192 = CARTESIAN_POINT('',(2.51947372743,2.541884426805,
    12.427423253338));
#10193 = VECTOR('',#10194,1.);
#10194 = DIRECTION('',(0.,0.,-1.));
#10195 = PLANE('',#10196);
#10196 = AXIS2_PLACEMENT_3D('',#10197,#10198,#10199);
#10197 = CARTESIAN_POINT('',(2.51947372743,2.466884426791,14.46446210814
    ));
#10198 = DIRECTION('',(-1.,1.08968389867E-13,0.));
#10199 = DIRECTION('',(0.,0.,-1.));
#10200 = ADVANCED_FACE('',(#10201),#10228,.T.);
#10201 = FACE_BOUND('',#10202,.T.);
#10202 = EDGE_LOOP('',(#10203,#10204,#10213,#10221));
#10203 = ORIENTED_EDGE('',*,*,#8125,.T.);
#10204 = ORIENTED_EDGE('',*,*,#10205,.T.);
#10205 = EDGE_CURVE('',#8118,#10206,#10208,.T.);
#10206 = VERTEX_POINT('',#10207);
#10207 = CARTESIAN_POINT('',(2.46947372743,2.416884426791,
    11.540384398536));
#10208 = CIRCLE('',#10209,5.E-02);
#10209 = AXIS2_PLACEMENT_3D('',#10210,#10211,#10212);
#10210 = CARTESIAN_POINT('',(2.46947372743,2.466884426791,
    11.540384398536));
#10211 = DIRECTION('',(0.,-0.,-1.));
#10212 = DIRECTION('',(1.,-1.08968389867E-13,0.));
#10213 = ORIENTED_EDGE('',*,*,#10214,.F.);
#10214 = EDGE_CURVE('',#10215,#10206,#10217,.T.);
#10215 = VERTEX_POINT('',#10216);
#10216 = CARTESIAN_POINT('',(2.227802855646,2.416884426791,
    11.540384398536));
#10217 = LINE('',#10218,#10219);
#10218 = CARTESIAN_POINT('',(2.51947372743,2.416884426791,
    11.540384398536));
#10219 = VECTOR('',#10220,1.);
#10220 = DIRECTION('',(1.,-1.08968389867E-13,-1.58433925891E-16));
#10221 = ORIENTED_EDGE('',*,*,#10222,.T.);
#10222 = EDGE_CURVE('',#10215,#8126,#10223,.T.);
#10223 = ( BOUNDED_CURVE() B_SPLINE_CURVE(3,(#10224,#10225,#10226,#10227
),.UNSPECIFIED.,.F.,.F.) B_SPLINE_CURVE_WITH_KNOTS((4,4),(1.570796326795
,3.14159265359),.PIECEWISE_BEZIER_KNOTS.) CURVE() 
GEOMETRIC_REPRESENTATION_ITEM() RATIONAL_B_SPLINE_CURVE((1.,
0.804737854124,0.804737854124,1.)) REPRESENTATION_ITEM('') );
#10224 = CARTESIAN_POINT('',(2.227802855646,2.416884426791,
    11.540384398536));
#10225 = CARTESIAN_POINT('',(2.198225690829,2.416884426791,
    11.540384398536));
#10226 = CARTESIAN_POINT('',(2.17731147702,2.43759510491,11.540384398536
    ));
#10227 = CARTESIAN_POINT('',(2.17731147702,2.466884426791,
    11.540384398536));
#10228 = PLANE('',#10229);
#10229 = AXIS2_PLACEMENT_3D('',#10230,#10231,#10232);
#10230 = CARTESIAN_POINT('',(4.756230351815,6.266884426791,
    11.540384398536));
#10231 = DIRECTION('',(0.,0.,-1.));
#10232 = DIRECTION('',(1.,-1.08968389867E-13,0.));
#10233 = ADVANCED_FACE('',(#10234),#10245,.T.);
#10234 = FACE_BOUND('',#10235,.T.);
#10235 = EDGE_LOOP('',(#10236,#10237,#10238,#10239));
#10236 = ORIENTED_EDGE('',*,*,#9677,.F.);
#10237 = ORIENTED_EDGE('',*,*,#8133,.F.);
#10238 = ORIENTED_EDGE('',*,*,#10222,.F.);
#10239 = ORIENTED_EDGE('',*,*,#10240,.F.);
#10240 = EDGE_CURVE('',#9678,#10215,#10241,.T.);
#10241 = LINE('',#10242,#10243);
#10242 = CARTESIAN_POINT('',(2.221648881054,2.416884426791,
    11.496596594058));
#10243 = VECTOR('',#10244,1.);
#10244 = DIRECTION('',(-0.13917310096,1.516546872441E-14,-0.990268068742
    ));
#10245 = CYLINDRICAL_SURFACE('',#10246,5.E-02);
#10246 = AXIS2_PLACEMENT_3D('',#10247,#10248,#10249);
#10247 = CARTESIAN_POINT('',(2.221648881054,2.466884426791,
    11.496596594058));
#10248 = DIRECTION('',(0.13917310096,-1.516546872441E-14,0.990268068742)
  );
#10249 = DIRECTION('',(-0.990268068742,1.079079169874E-13,0.13917310096)
  );
#10250 = ADVANCED_FACE('',(#10251),#10262,.F.);
#10251 = FACE_BOUND('',#10252,.T.);
#10252 = EDGE_LOOP('',(#10253,#10254,#10255,#10261));
#10253 = ORIENTED_EDGE('',*,*,#9670,.F.);
#10254 = ORIENTED_EDGE('',*,*,#8735,.T.);
#10255 = ORIENTED_EDGE('',*,*,#10256,.T.);
#10256 = EDGE_CURVE('',#8728,#8150,#10257,.T.);
#10257 = LINE('',#10258,#10259);
#10258 = CARTESIAN_POINT('',(1.256230351814,2.366884426791,
    11.390384398536));
#10259 = VECTOR('',#10260,1.);
#10260 = DIRECTION('',(-1.08968389867E-13,-1.,0.));
#10261 = ORIENTED_EDGE('',*,*,#8149,.F.);
#10262 = PLANE('',#10263);
#10263 = AXIS2_PLACEMENT_3D('',#10264,#10265,#10266);
#10264 = CARTESIAN_POINT('',(1.256230351814,2.466884426791,
    14.46446210814));
#10265 = DIRECTION('',(1.,-1.08968389867E-13,0.));
#10266 = DIRECTION('',(0.,-0.,1.));
#10267 = ADVANCED_FACE('',(#10268),#10311,.T.);
#10268 = FACE_BOUND('',#10269,.T.);
#10269 = EDGE_LOOP('',(#10270,#10280,#10286,#10287,#10288,#10289,#10297,
    #10305));
#10270 = ORIENTED_EDGE('',*,*,#10271,.T.);
#10271 = EDGE_CURVE('',#10272,#10274,#10276,.T.);
#10272 = VERTEX_POINT('',#10273);
#10273 = CARTESIAN_POINT('',(1.132801465318,2.816884426791,
    10.690384398536));
#10274 = VERTEX_POINT('',#10275);
#10275 = CARTESIAN_POINT('',(1.176883210496,2.816884426791,
    10.940384398536));
#10276 = LINE('',#10277,#10278);
#10277 = CARTESIAN_POINT('',(1.13652330165,2.816884426791,
    10.711491981261));
#10278 = VECTOR('',#10279,1.);
#10279 = DIRECTION('',(0.173648177667,-1.89221623237E-14,0.984807753012)
  );
#10280 = ORIENTED_EDGE('',*,*,#10281,.T.);
#10281 = EDGE_CURVE('',#10274,#8158,#10282,.T.);
#10282 = LINE('',#10283,#10284);
#10283 = CARTESIAN_POINT('',(1.176883210496,6.231618833187,
    10.940384398536));
#10284 = VECTOR('',#10285,1.);
#10285 = DIRECTION('',(-1.08968389867E-13,-1.,0.));
#10286 = ORIENTED_EDGE('',*,*,#8157,.F.);
#10287 = ORIENTED_EDGE('',*,*,#10256,.F.);
#10288 = ORIENTED_EDGE('',*,*,#8727,.F.);
#10289 = ORIENTED_EDGE('',*,*,#10290,.T.);
#10290 = EDGE_CURVE('',#8720,#10291,#10293,.T.);
#10291 = VERTEX_POINT('',#10292);
#10292 = CARTESIAN_POINT('',(1.176883210496,4.416884426791,
    10.940384398536));
#10293 = LINE('',#10294,#10295);
#10294 = CARTESIAN_POINT('',(1.176883210496,6.231618833187,
    10.940384398536));
#10295 = VECTOR('',#10296,1.);
#10296 = DIRECTION('',(-1.08968389867E-13,-1.,0.));
#10297 = ORIENTED_EDGE('',*,*,#10298,.F.);
#10298 = EDGE_CURVE('',#10299,#10291,#10301,.T.);
#10299 = VERTEX_POINT('',#10300);
#10300 = CARTESIAN_POINT('',(1.132801465319,4.416884426791,
    10.690384398536));
#10301 = LINE('',#10302,#10303);
#10302 = CARTESIAN_POINT('',(1.256230351815,4.416884426791,
    11.390384398536));
#10303 = VECTOR('',#10304,1.);
#10304 = DIRECTION('',(0.173648177667,-1.89221623237E-14,0.984807753012)
  );
#10305 = ORIENTED_EDGE('',*,*,#10306,.F.);
#10306 = EDGE_CURVE('',#10272,#10299,#10307,.T.);
#10307 = LINE('',#10308,#10309);
#10308 = CARTESIAN_POINT('',(1.132801465319,6.266884426791,
    10.690384398536));
#10309 = VECTOR('',#10310,1.);
#10310 = DIRECTION('',(1.08968389867E-13,1.,-0.));
#10311 = PLANE('',#10312);
#10312 = AXIS2_PLACEMENT_3D('',#10313,#10314,#10315);
#10313 = CARTESIAN_POINT('',(1.256230351814,2.366884426791,
    11.390384398536));
#10314 = DIRECTION('',(-0.984807753012,1.073129151742E-13,0.173648177667
    ));
#10315 = DIRECTION('',(-0.173648177667,1.89221623237E-14,-0.984807753012
    ));
#10316 = ADVANCED_FACE('',(#10317),#10335,.F.);
#10317 = FACE_BOUND('',#10318,.T.);
#10318 = EDGE_LOOP('',(#10319,#10320,#10328,#10334));
#10319 = ORIENTED_EDGE('',*,*,#10281,.F.);
#10320 = ORIENTED_EDGE('',*,*,#10321,.T.);
#10321 = EDGE_CURVE('',#10274,#10322,#10324,.T.);
#10322 = VERTEX_POINT('',#10323);
#10323 = CARTESIAN_POINT('',(0.772525526671,2.816884426791,
    10.940384398536));
#10324 = LINE('',#10325,#10326);
#10325 = CARTESIAN_POINT('',(0.772525526671,2.816884426791,
    10.940384398536));
#10326 = VECTOR('',#10327,1.);
#10327 = DIRECTION('',(-1.,1.08968389867E-13,5.603635296405E-17));
#10328 = ORIENTED_EDGE('',*,*,#10329,.T.);
#10329 = EDGE_CURVE('',#10322,#8166,#10330,.T.);
#10330 = LINE('',#10331,#10332);
#10331 = CARTESIAN_POINT('',(0.772525526672,6.231618833187,
    10.940384398536));
#10332 = VECTOR('',#10333,1.);
#10333 = DIRECTION('',(-1.08968389867E-13,-1.,0.));
#10334 = ORIENTED_EDGE('',*,*,#8165,.F.);
#10335 = PLANE('',#10336);
#10336 = AXIS2_PLACEMENT_3D('',#10337,#10338,#10339);
#10337 = CARTESIAN_POINT('',(0.772525526672,6.231618833187,
    10.940384398536));
#10338 = DIRECTION('',(-5.603635296405E-17,6.10619115651E-30,-1.));
#10339 = DIRECTION('',(1.,-1.08968389867E-13,-5.603635296405E-17));
#10340 = ADVANCED_FACE('',(#10341),#10352,.F.);
#10341 = FACE_BOUND('',#10342,.T.);
#10342 = EDGE_LOOP('',(#10343,#10344,#10350,#10351));
#10343 = ORIENTED_EDGE('',*,*,#10329,.F.);
#10344 = ORIENTED_EDGE('',*,*,#10345,.T.);
#10345 = EDGE_CURVE('',#10322,#9430,#10346,.T.);
#10346 = LINE('',#10347,#10348);
#10347 = CARTESIAN_POINT('',(-9.376964818561E-02,2.816884426792,
    11.140384398536));
#10348 = VECTOR('',#10349,1.);
#10349 = DIRECTION('',(-0.974370064785,1.061755370942E-13,0.224951054344
    ));
#10350 = ORIENTED_EDGE('',*,*,#9429,.T.);
#10351 = ORIENTED_EDGE('',*,*,#8173,.F.);
#10352 = PLANE('',#10353);
#10353 = AXIS2_PLACEMENT_3D('',#10354,#10355,#10356);
#10354 = CARTESIAN_POINT('',(-9.376964818524E-02,6.231618833187,
    11.140384398536));
#10355 = DIRECTION('',(-0.224951054344,2.451255419073E-14,
    -0.974370064785));
#10356 = DIRECTION('',(0.974370064785,-1.061755370942E-13,
    -0.224951054344));
#10357 = ADVANCED_FACE('',(#10358),#10369,.F.);
#10358 = FACE_BOUND('',#10359,.F.);
#10359 = EDGE_LOOP('',(#10360,#10361,#10367,#10368));
#10360 = ORIENTED_EDGE('',*,*,#8212,.T.);
#10361 = ORIENTED_EDGE('',*,*,#10362,.T.);
#10362 = EDGE_CURVE('',#8213,#8672,#10363,.T.);
#10363 = LINE('',#10364,#10365);
#10364 = CARTESIAN_POINT('',(1.506230351787,5.016884426805,
    10.390384398536));
#10365 = VECTOR('',#10366,1.);
#10366 = DIRECTION('',(1.548860246408E-16,1.,0.));
#10367 = ORIENTED_EDGE('',*,*,#8679,.T.);
#10368 = ORIENTED_EDGE('',*,*,#8760,.F.);
#10369 = PLANE('',#10370);
#10370 = AXIS2_PLACEMENT_3D('',#10371,#10372,#10373);
#10371 = CARTESIAN_POINT('',(4.756230351815,6.266884426791,
    10.390384398536));
#10372 = DIRECTION('',(0.,-0.,1.));
#10373 = DIRECTION('',(-1.,1.08968389867E-13,0.));
#10374 = ADVANCED_FACE('',(#10375),#10400,.T.);
#10375 = FACE_BOUND('',#10376,.T.);
#10376 = EDGE_LOOP('',(#10377,#10385,#10386,#10394));
#10377 = ORIENTED_EDGE('',*,*,#10378,.F.);
#10378 = EDGE_CURVE('',#8221,#10379,#10381,.T.);
#10379 = VERTEX_POINT('',#10380);
#10380 = CARTESIAN_POINT('',(2.006230351787,2.216884426805,
    10.390384398536));
#10381 = LINE('',#10382,#10383);
#10382 = CARTESIAN_POINT('',(2.006230351787,2.216884426805,
    10.390384398536));
#10383 = VECTOR('',#10384,1.);
#10384 = DIRECTION('',(-0.,-1.,-0.));
#10385 = ORIENTED_EDGE('',*,*,#8220,.F.);
#10386 = ORIENTED_EDGE('',*,*,#10387,.F.);
#10387 = EDGE_CURVE('',#10388,#8213,#10390,.T.);
#10388 = VERTEX_POINT('',#10389);
#10389 = CARTESIAN_POINT('',(1.506230351787,2.216884426805,
    10.390384398536));
#10390 = LINE('',#10391,#10392);
#10391 = CARTESIAN_POINT('',(1.506230351787,5.016884426805,
    10.390384398536));
#10392 = VECTOR('',#10393,1.);
#10393 = DIRECTION('',(1.548860246408E-16,1.,0.));
#10394 = ORIENTED_EDGE('',*,*,#10395,.F.);
#10395 = EDGE_CURVE('',#10379,#10388,#10396,.T.);
#10396 = LINE('',#10397,#10398);
#10397 = CARTESIAN_POINT('',(2.306230351787,2.216884426805,
    10.390384398536));
#10398 = VECTOR('',#10399,1.);
#10399 = DIRECTION('',(-1.,0.,0.));
#10400 = PLANE('',#10401);
#10401 = AXIS2_PLACEMENT_3D('',#10402,#10403,#10404);
#10402 = CARTESIAN_POINT('',(3.576230351787,3.616884426805,
    10.390384398536));
#10403 = DIRECTION('',(0.,0.,1.));
#10404 = DIRECTION('',(1.,0.,0.));
#10405 = ADVANCED_FACE('',(#10406),#10449,.F.);
#10406 = FACE_BOUND('',#10407,.F.);
#10407 = EDGE_LOOP('',(#10408,#10418,#10427,#10436,#10442,#10443));
#10408 = ORIENTED_EDGE('',*,*,#10409,.F.);
#10409 = EDGE_CURVE('',#10410,#10412,#10414,.T.);
#10410 = VERTEX_POINT('',#10411);
#10411 = CARTESIAN_POINT('',(2.239145971567,2.816884426791,
    10.390384398536));
#10412 = VERTEX_POINT('',#10413);
#10413 = CARTESIAN_POINT('',(2.117717176404,2.816884426791,
    10.390384398536));
#10414 = LINE('',#10415,#10416);
#10415 = CARTESIAN_POINT('',(4.756230351814,2.816884426791,
    10.390384398536));
#10416 = VECTOR('',#10417,1.);
#10417 = DIRECTION('',(-1.,1.08968389867E-13,0.));
#10418 = ORIENTED_EDGE('',*,*,#10419,.F.);
#10419 = EDGE_CURVE('',#10420,#10410,#10422,.T.);
#10420 = VERTEX_POINT('',#10421);
#10421 = CARTESIAN_POINT('',(2.156230351787,2.841884426805,
    10.390384398536));
#10422 = CIRCLE('',#10423,0.15);
#10423 = AXIS2_PLACEMENT_3D('',#10424,#10425,#10426);
#10424 = CARTESIAN_POINT('',(2.156230351787,2.691884426805,
    10.390384398536));
#10425 = DIRECTION('',(0.,0.,-1.));
#10426 = DIRECTION('',(1.,7.228014483237E-16,0.));
#10427 = ORIENTED_EDGE('',*,*,#10428,.F.);
#10428 = EDGE_CURVE('',#10429,#10420,#10431,.T.);
#10429 = VERTEX_POINT('',#10430);
#10430 = CARTESIAN_POINT('',(2.006230351787,2.691884426805,
    10.390384398536));
#10431 = CIRCLE('',#10432,0.15);
#10432 = AXIS2_PLACEMENT_3D('',#10433,#10434,#10435);
#10433 = CARTESIAN_POINT('',(2.156230351787,2.691884426805,
    10.390384398536));
#10434 = DIRECTION('',(0.,0.,-1.));
#10435 = DIRECTION('',(1.,0.,0.));
#10436 = ORIENTED_EDGE('',*,*,#10437,.T.);
#10437 = EDGE_CURVE('',#10429,#8221,#10438,.T.);
#10438 = LINE('',#10439,#10440);
#10439 = CARTESIAN_POINT('',(2.006230351787,2.216884426805,
    10.390384398536));
#10440 = VECTOR('',#10441,1.);
#10441 = DIRECTION('',(-0.,-1.,-0.));
#10442 = ORIENTED_EDGE('',*,*,#8228,.T.);
#10443 = ORIENTED_EDGE('',*,*,#10444,.F.);
#10444 = EDGE_CURVE('',#10412,#8229,#10445,.T.);
#10445 = LINE('',#10446,#10447);
#10446 = CARTESIAN_POINT('',(2.117717176404,2.466884426791,
    10.390384398536));
#10447 = VECTOR('',#10448,1.);
#10448 = DIRECTION('',(-1.08968389867E-13,-1.,0.));
#10449 = PLANE('',#10450);
#10450 = AXIS2_PLACEMENT_3D('',#10451,#10452,#10453);
#10451 = CARTESIAN_POINT('',(4.756230351815,6.266884426791,
    10.390384398536));
#10452 = DIRECTION('',(0.,-0.,1.));
#10453 = DIRECTION('',(-1.,1.08968389867E-13,0.));
#10454 = ADVANCED_FACE('',(#10455),#10466,.T.);
#10455 = FACE_BOUND('',#10456,.T.);
#10456 = EDGE_LOOP('',(#10457,#10458,#10459,#10465));
#10457 = ORIENTED_EDGE('',*,*,#8236,.F.);
#10458 = ORIENTED_EDGE('',*,*,#10444,.F.);
#10459 = ORIENTED_EDGE('',*,*,#10460,.F.);
#10460 = EDGE_CURVE('',#10072,#10412,#10461,.T.);
#10461 = LINE('',#10462,#10463);
#10462 = CARTESIAN_POINT('',(3.124224360459,1.910621287653,
    11.296647537674));
#10463 = VECTOR('',#10464,1.);
#10464 = DIRECTION('',(-0.617630601881,0.556117091816,-0.556117091816));
#10465 = ORIENTED_EDGE('',*,*,#10071,.F.);
#10466 = PLANE('',#10467);
#10467 = AXIS2_PLACEMENT_3D('',#10468,#10469,#10470);
#10468 = CARTESIAN_POINT('',(2.117717176405,6.266884426791,
    10.390384398536));
#10469 = DIRECTION('',(0.669130606359,-7.291408478563E-14,
    -0.743144825477));
#10470 = DIRECTION('',(1.08968389867E-13,1.,0.));
#10471 = ADVANCED_FACE('',(#10472),#10483,.T.);
#10472 = FACE_BOUND('',#10473,.T.);
#10473 = EDGE_LOOP('',(#10474,#10475,#10476,#10482));
#10474 = ORIENTED_EDGE('',*,*,#8362,.F.);
#10475 = ORIENTED_EDGE('',*,*,#9346,.F.);
#10476 = ORIENTED_EDGE('',*,*,#10477,.F.);
#10477 = EDGE_CURVE('',#9290,#9339,#10478,.T.);
#10478 = LINE('',#10479,#10480);
#10479 = CARTESIAN_POINT('',(6.576230351814,3.256884426791,
    11.450384398536));
#10480 = VECTOR('',#10481,1.);
#10481 = DIRECTION('',(0.57735026919,0.57735026919,-0.57735026919));
#10482 = ORIENTED_EDGE('',*,*,#9297,.T.);
#10483 = PLANE('',#10484);
#10484 = AXIS2_PLACEMENT_3D('',#10485,#10486,#10487);
#10485 = CARTESIAN_POINT('',(7.636230351815,6.266884426791,
    10.390384398536));
#10486 = DIRECTION('',(-0.707106781187,7.705228740991E-14,
    -0.707106781187));
#10487 = DIRECTION('',(1.08968389867E-13,1.,0.));
#10488 = ADVANCED_FACE('',(#10489),#10514,.F.);
#10489 = FACE_BOUND('',#10490,.F.);
#10490 = EDGE_LOOP('',(#10491,#10499,#10500,#10508));
#10491 = ORIENTED_EDGE('',*,*,#10492,.F.);
#10492 = EDGE_CURVE('',#8371,#10493,#10495,.T.);
#10493 = VERTEX_POINT('',#10494);
#10494 = CARTESIAN_POINT('',(7.306230351689,4.966884426789,
    10.390384398608));
#10495 = LINE('',#10496,#10497);
#10496 = CARTESIAN_POINT('',(7.306230351689,4.651884426789,
    10.390384398608));
#10497 = VECTOR('',#10498,1.);
#10498 = DIRECTION('',(1.08968389867E-13,1.,-2.220446049008E-16));
#10499 = ORIENTED_EDGE('',*,*,#8378,.T.);
#10500 = ORIENTED_EDGE('',*,*,#10501,.F.);
#10501 = EDGE_CURVE('',#10502,#8379,#10504,.T.);
#10502 = VERTEX_POINT('',#10503);
#10503 = CARTESIAN_POINT('',(6.906230351689,4.966884426789,
    10.390384398608));
#10504 = LINE('',#10505,#10506);
#10505 = CARTESIAN_POINT('',(6.906230351689,4.066884426789,
    10.390384398608));
#10506 = VECTOR('',#10507,1.);
#10507 = DIRECTION('',(-1.08968389867E-13,-1.,2.220446049008E-16));
#10508 = ORIENTED_EDGE('',*,*,#10509,.T.);
#10509 = EDGE_CURVE('',#10502,#10493,#10510,.T.);
#10510 = LINE('',#10511,#10512);
#10511 = CARTESIAN_POINT('',(7.306230351689,4.966884426789,
    10.390384398608));
#10512 = VECTOR('',#10513,1.);
#10513 = DIRECTION('',(1.,-1.08968389867E-13,2.221348105458E-13));
#10514 = PLANE('',#10515);
#10515 = AXIS2_PLACEMENT_3D('',#10516,#10517,#10518);
#10516 = CARTESIAN_POINT('',(5.306230351689,4.06688442679,
    10.390384398608));
#10517 = DIRECTION('',(9.020562076321E-17,-2.220446049008E-16,-1.));
#10518 = DIRECTION('',(-1.,1.08968389867E-13,-9.020562076324E-17));
#10519 = ADVANCED_FACE('',(#10520),#10546,.F.);
#10520 = FACE_BOUND('',#10521,.F.);
#10521 = EDGE_LOOP('',(#10522,#10530,#10539,#10545));
#10522 = ORIENTED_EDGE('',*,*,#10523,.F.);
#10523 = EDGE_CURVE('',#10524,#8387,#10526,.T.);
#10524 = VERTEX_POINT('',#10525);
#10525 = CARTESIAN_POINT('',(6.886230351815,4.441884426957,
    10.390384398572));
#10526 = LINE('',#10527,#10528);
#10527 = CARTESIAN_POINT('',(6.886230351815,4.766884426791,
    10.390384398536));
#10528 = VECTOR('',#10529,1.);
#10529 = DIRECTION('',(1.08968389867E-13,1.,0.));
#10530 = ORIENTED_EDGE('',*,*,#10531,.F.);
#10531 = EDGE_CURVE('',#10532,#10524,#10534,.T.);
#10532 = VERTEX_POINT('',#10533);
#10533 = CARTESIAN_POINT('',(6.906230351689,4.501884426789,
    10.390384398608));
#10534 = CIRCLE('',#10535,9.999999999999E-02);
#10535 = AXIS2_PLACEMENT_3D('',#10536,#10537,#10538);
#10536 = CARTESIAN_POINT('',(6.806230351689,4.501884426789,
    10.390384398608));
#10537 = DIRECTION('',(9.020562076321E-17,-2.220446049008E-16,-1.));
#10538 = DIRECTION('',(-1.,1.08968389867E-13,-9.020562076324E-17));
#10539 = ORIENTED_EDGE('',*,*,#10540,.F.);
#10540 = EDGE_CURVE('',#8379,#10532,#10541,.T.);
#10541 = LINE('',#10542,#10543);
#10542 = CARTESIAN_POINT('',(6.906230351689,4.066884426789,
    10.390384398608));
#10543 = VECTOR('',#10544,1.);
#10544 = DIRECTION('',(-1.08968389867E-13,-1.,2.220446049008E-16));
#10545 = ORIENTED_EDGE('',*,*,#8386,.T.);
#10546 = PLANE('',#10547);
#10547 = AXIS2_PLACEMENT_3D('',#10548,#10549,#10550);
#10548 = CARTESIAN_POINT('',(4.756230351815,6.266884426791,
    10.390384398536));
#10549 = DIRECTION('',(0.,-0.,1.));
#10550 = DIRECTION('',(-1.,1.08968389867E-13,0.));
#10551 = ADVANCED_FACE('',(#10552),#10586,.T.);
#10552 = FACE_BOUND('',#10553,.T.);
#10553 = EDGE_LOOP('',(#10554,#10555,#10556,#10564,#10572,#10580));
#10554 = ORIENTED_EDGE('',*,*,#8394,.F.);
#10555 = ORIENTED_EDGE('',*,*,#10523,.F.);
#10556 = ORIENTED_EDGE('',*,*,#10557,.F.);
#10557 = EDGE_CURVE('',#10558,#10524,#10560,.T.);
#10558 = VERTEX_POINT('',#10559);
#10559 = CARTESIAN_POINT('',(6.886230351815,4.416884426791,
    10.390384398536));
#10560 = LINE('',#10561,#10562);
#10561 = CARTESIAN_POINT('',(6.886230351815,4.766884426791,
    10.390384398536));
#10562 = VECTOR('',#10563,1.);
#10563 = DIRECTION('',(1.08968389867E-13,1.,0.));
#10564 = ORIENTED_EDGE('',*,*,#10565,.T.);
#10565 = EDGE_CURVE('',#10558,#10566,#10568,.T.);
#10566 = VERTEX_POINT('',#10567);
#10567 = CARTESIAN_POINT('',(6.736230351815,4.566884426791,
    10.540384398536));
#10568 = LINE('',#10569,#10570);
#10569 = CARTESIAN_POINT('',(7.114559125372,4.188555653233,
    10.162055624978));
#10570 = VECTOR('',#10571,1.);
#10571 = DIRECTION('',(-0.57735026919,0.57735026919,0.57735026919));
#10572 = ORIENTED_EDGE('',*,*,#10573,.F.);
#10573 = EDGE_CURVE('',#10574,#10566,#10576,.T.);
#10574 = VERTEX_POINT('',#10575);
#10575 = CARTESIAN_POINT('',(6.727934413202,4.566884426791,
    10.548680337148));
#10576 = LINE('',#10577,#10578);
#10577 = CARTESIAN_POINT('',(5.506230351815,4.566884426791,
    11.770384398536));
#10578 = VECTOR('',#10579,1.);
#10579 = DIRECTION('',(0.707106781187,-7.705228740991E-14,
    -0.707106781187));
#10580 = ORIENTED_EDGE('',*,*,#10581,.F.);
#10581 = EDGE_CURVE('',#8395,#10574,#10582,.T.);
#10582 = LINE('',#10583,#10584);
#10583 = CARTESIAN_POINT('',(6.727934413202,4.566884426791,
    10.548680337148));
#10584 = VECTOR('',#10585,1.);
#10585 = DIRECTION('',(-1.08968389867E-13,-1.,0.));
#10586 = PLANE('',#10587);
#10587 = AXIS2_PLACEMENT_3D('',#10588,#10589,#10590);
#10588 = CARTESIAN_POINT('',(6.727934413202,3.415306228893,
    10.548680337148));
#10589 = DIRECTION('',(-0.707106781187,7.705228740991E-14,
    -0.707106781187));
#10590 = DIRECTION('',(1.08968389867E-13,1.,0.));
#10591 = ADVANCED_FACE('',(#10592),#10610,.T.);
#10592 = FACE_BOUND('',#10593,.T.);
#10593 = EDGE_LOOP('',(#10594,#10602,#10608,#10609));
#10594 = ORIENTED_EDGE('',*,*,#10595,.T.);
#10595 = EDGE_CURVE('',#10574,#10596,#10598,.T.);
#10596 = VERTEX_POINT('',#10597);
#10597 = CARTESIAN_POINT('',(6.683411150845,4.566884426791,
    11.398234791972));
#10598 = LINE('',#10599,#10600);
#10599 = CARTESIAN_POINT('',(6.675961405639,4.566884426791,
    11.540384398536));
#10600 = VECTOR('',#10601,1.);
#10601 = DIRECTION('',(-5.233595624294E-02,5.70296488394E-15,
    0.998629534755));
#10602 = ORIENTED_EDGE('',*,*,#10603,.T.);
#10603 = EDGE_CURVE('',#10596,#8403,#10604,.T.);
#10604 = LINE('',#10605,#10606);
#10605 = CARTESIAN_POINT('',(6.683411150845,4.766884426791,
    11.398234791972));
#10606 = VECTOR('',#10607,1.);
#10607 = DIRECTION('',(1.08968389867E-13,1.,0.));
#10608 = ORIENTED_EDGE('',*,*,#8402,.F.);
#10609 = ORIENTED_EDGE('',*,*,#10581,.T.);
#10610 = PLANE('',#10611);
#10611 = AXIS2_PLACEMENT_3D('',#10612,#10613,#10614);
#10612 = CARTESIAN_POINT('',(6.675961405639,3.415306228893,
    11.540384398536));
#10613 = DIRECTION('',(-0.998629534755,1.088190524758E-13,
    -5.233595624294E-02));
#10614 = DIRECTION('',(5.233595624294E-02,-5.70296488394E-15,
    -0.998629534755));
#10615 = ADVANCED_FACE('',(#10616),#10635,.F.);
#10616 = FACE_BOUND('',#10617,.F.);
#10617 = EDGE_LOOP('',(#10618,#10619,#10620,#10628));
#10618 = ORIENTED_EDGE('',*,*,#10603,.T.);
#10619 = ORIENTED_EDGE('',*,*,#8410,.T.);
#10620 = ORIENTED_EDGE('',*,*,#10621,.T.);
#10621 = EDGE_CURVE('',#8411,#10622,#10624,.T.);
#10622 = VERTEX_POINT('',#10623);
#10623 = CARTESIAN_POINT('',(6.533616720632,4.566884426791,
    11.540384398536));
#10624 = LINE('',#10625,#10626);
#10625 = CARTESIAN_POINT('',(6.533616720632,4.566884426791,
    11.540384398536));
#10626 = VECTOR('',#10627,1.);
#10627 = DIRECTION('',(-1.08968389867E-13,-1.,0.));
#10628 = ORIENTED_EDGE('',*,*,#10629,.T.);
#10629 = EDGE_CURVE('',#10622,#10596,#10630,.T.);
#10630 = CIRCLE('',#10631,0.15);
#10631 = AXIS2_PLACEMENT_3D('',#10632,#10633,#10634);
#10632 = CARTESIAN_POINT('',(6.533616720632,4.566884426791,
    11.390384398536));
#10633 = DIRECTION('',(1.08968389867E-13,1.,0.));
#10634 = DIRECTION('',(0.,0.,-1.));
#10635 = CYLINDRICAL_SURFACE('',#10636,0.15);
#10636 = AXIS2_PLACEMENT_3D('',#10637,#10638,#10639);
#10637 = CARTESIAN_POINT('',(6.533616720632,3.415306228893,
    11.390384398536));
#10638 = DIRECTION('',(-1.08968389867E-13,-1.,0.));
#10639 = DIRECTION('',(0.,0.,-1.));
#10640 = ADVANCED_FACE('',(#10641),#10659,.T.);
#10641 = FACE_BOUND('',#10642,.T.);
#10642 = EDGE_LOOP('',(#10643,#10644,#10645,#10653));
#10643 = ORIENTED_EDGE('',*,*,#8419,.F.);
#10644 = ORIENTED_EDGE('',*,*,#10621,.T.);
#10645 = ORIENTED_EDGE('',*,*,#10646,.T.);
#10646 = EDGE_CURVE('',#10622,#10647,#10649,.T.);
#10647 = VERTEX_POINT('',#10648);
#10648 = CARTESIAN_POINT('',(6.356230351815,4.566884426791,
    11.540384398536));
#10649 = LINE('',#10650,#10651);
#10650 = CARTESIAN_POINT('',(5.276230351815,4.566884426791,
    11.540384398536));
#10651 = VECTOR('',#10652,1.);
#10652 = DIRECTION('',(-1.,1.08968389867E-13,0.));
#10653 = ORIENTED_EDGE('',*,*,#10654,.T.);
#10654 = EDGE_CURVE('',#10647,#8420,#10655,.T.);
#10655 = LINE('',#10656,#10657);
#10656 = CARTESIAN_POINT('',(6.356230351815,6.266884426791,
    11.540384398536));
#10657 = VECTOR('',#10658,1.);
#10658 = DIRECTION('',(1.08968389867E-13,1.,-0.));
#10659 = PLANE('',#10660);
#10660 = AXIS2_PLACEMENT_3D('',#10661,#10662,#10663);
#10661 = CARTESIAN_POINT('',(4.756230351815,6.266884426791,
    11.540384398536));
#10662 = DIRECTION('',(0.,0.,-1.));
#10663 = DIRECTION('',(1.,-1.08968389867E-13,0.));
#10664 = ADVANCED_FACE('',(#10665),#10676,.T.);
#10665 = FACE_BOUND('',#10666,.T.);
#10666 = EDGE_LOOP('',(#10667,#10668,#10669,#10670));
#10667 = ORIENTED_EDGE('',*,*,#9833,.T.);
#10668 = ORIENTED_EDGE('',*,*,#8427,.T.);
#10669 = ORIENTED_EDGE('',*,*,#10654,.F.);
#10670 = ORIENTED_EDGE('',*,*,#10671,.F.);
#10671 = EDGE_CURVE('',#9834,#10647,#10672,.T.);
#10672 = LINE('',#10673,#10674);
#10673 = CARTESIAN_POINT('',(6.356230351815,4.566884426791,
    11.540384398536));
#10674 = VECTOR('',#10675,1.);
#10675 = DIRECTION('',(-3.48994967025E-02,3.802941962839E-15,
    -0.999390827019));
#10676 = PLANE('',#10677);
#10677 = AXIS2_PLACEMENT_3D('',#10678,#10679,#10680);
#10678 = CARTESIAN_POINT('',(6.356230351815,6.266884426791,
    11.540384398536));
#10679 = DIRECTION('',(-0.999390827019,1.089020092681E-13,
    3.48994967025E-02));
#10680 = DIRECTION('',(-3.48994967025E-02,3.802941962839E-15,
    -0.999390827019));
#10681 = ADVANCED_FACE('',(#10682),#10707,.T.);
#10682 = FACE_BOUND('',#10683,.T.);
#10683 = EDGE_LOOP('',(#10684,#10699,#10700,#10701));
#10684 = ORIENTED_EDGE('',*,*,#10685,.F.);
#10685 = EDGE_CURVE('',#8444,#10686,#10688,.T.);
#10686 = VERTEX_POINT('',#10687);
#10687 = CARTESIAN_POINT('',(7.942832892193,4.816884426791,
    11.382212358279));
#10688 = B_SPLINE_CURVE_WITH_KNOTS('',3,(#10689,#10690,#10691,#10692,
    #10693,#10694,#10695,#10696,#10697,#10698),.UNSPECIFIED.,.F.,.F.,(4,
    3,3,4),(0.,3.919640604381E-05,7.832633913176E-05,1.122962339535E-04)
  ,.UNSPECIFIED.);
#10689 = CARTESIAN_POINT('',(7.856230351815,4.766884426791,
    11.340384398536));
#10690 = CARTESIAN_POINT('',(7.862347141587,4.777479017456,
    11.344971990865));
#10691 = CARTESIAN_POINT('',(7.870334754295,4.786780322785,
    11.350494952519));
#10692 = CARTESIAN_POINT('',(7.879541714927,4.794306819419,
    11.355906994297));
#10693 = CARTESIAN_POINT('',(7.888734494941,4.801821723695,
    11.361310700415));
#10694 = CARTESIAN_POINT('',(7.899435388788,4.807792616998,
    11.366769050895));
#10695 = CARTESIAN_POINT('',(7.910952170879,4.811666385034,
    11.371516543072));
#10696 = CARTESIAN_POINT('',(7.920966232348,4.815034700153,
    11.375644577978));
#10697 = CARTESIAN_POINT('',(7.931860503575,4.816884426791,
    11.379335844062));
#10698 = CARTESIAN_POINT('',(7.942832892193,4.816884426791,
    11.382212358279));
#10699 = ORIENTED_EDGE('',*,*,#8443,.T.);
#10700 = ORIENTED_EDGE('',*,*,#9825,.F.);
#10701 = ORIENTED_EDGE('',*,*,#10702,.F.);
#10702 = EDGE_CURVE('',#10686,#9818,#10703,.T.);
#10703 = LINE('',#10704,#10705);
#10704 = CARTESIAN_POINT('',(7.942832892193,4.816884426791,
    11.840384398536));
#10705 = VECTOR('',#10706,1.);
#10706 = DIRECTION('',(0.,-0.,1.));
#10707 = CYLINDRICAL_SURFACE('',#10708,1.E-01);
#10708 = AXIS2_PLACEMENT_3D('',#10709,#10710,#10711);
#10709 = CARTESIAN_POINT('',(7.942832892193,4.716884426791,
    11.340384398536));
#10710 = DIRECTION('',(0.,0.,-1.));
#10711 = DIRECTION('',(1.,-1.08968389867E-13,0.));
#10712 = ADVANCED_FACE('',(#10713),#10750,.T.);
#10713 = FACE_BOUND('',#10714,.T.);
#10714 = EDGE_LOOP('',(#10715,#10726,#10732,#10733,#10734,#10743));
#10715 = ORIENTED_EDGE('',*,*,#10716,.F.);
#10716 = EDGE_CURVE('',#10717,#10719,#10721,.T.);
#10717 = VERTEX_POINT('',#10718);
#10718 = CARTESIAN_POINT('',(8.006230351815,5.066884426791,
    10.890384398536));
#10719 = VERTEX_POINT('',#10720);
#10720 = CARTESIAN_POINT('',(7.756230351815,5.066884426791,
    11.140384398536));
#10721 = CIRCLE('',#10722,0.25);
#10722 = AXIS2_PLACEMENT_3D('',#10723,#10724,#10725);
#10723 = CARTESIAN_POINT('',(8.006230351815,5.066884426791,
    11.140384398536));
#10724 = DIRECTION('',(1.08968389867E-13,1.,0.));
#10725 = DIRECTION('',(0.,-0.,1.));
#10726 = ORIENTED_EDGE('',*,*,#10727,.T.);
#10727 = EDGE_CURVE('',#10717,#8452,#10728,.T.);
#10728 = LINE('',#10729,#10730);
#10729 = CARTESIAN_POINT('',(8.006230351815,5.066884426791,
    10.890384398536));
#10730 = VECTOR('',#10731,1.);
#10731 = DIRECTION('',(-1.08968389867E-13,-1.,0.));
#10732 = ORIENTED_EDGE('',*,*,#8451,.T.);
#10733 = ORIENTED_EDGE('',*,*,#10685,.T.);
#10734 = ORIENTED_EDGE('',*,*,#10735,.F.);
#10735 = EDGE_CURVE('',#10736,#10686,#10738,.T.);
#10736 = VERTEX_POINT('',#10737);
#10737 = CARTESIAN_POINT('',(8.006230351815,4.816884426791,
    11.390384398536));
#10738 = CIRCLE('',#10739,0.25);
#10739 = AXIS2_PLACEMENT_3D('',#10740,#10741,#10742);
#10740 = CARTESIAN_POINT('',(8.006230351815,4.816884426791,
    11.140384398536));
#10741 = DIRECTION('',(-1.08968389867E-13,-1.,0.));
#10742 = DIRECTION('',(0.,-0.,1.));
#10743 = ORIENTED_EDGE('',*,*,#10744,.T.);
#10744 = EDGE_CURVE('',#10736,#10719,#10745,.T.);
#10745 = ( BOUNDED_CURVE() B_SPLINE_CURVE(3,(#10746,#10747,#10748,#10749
),.UNSPECIFIED.,.F.,.F.) B_SPLINE_CURVE_WITH_KNOTS((4,4),(
1.561251128379E-15,1.570796326795),.PIECEWISE_BEZIER_KNOTS.) CURVE() 
GEOMETRIC_REPRESENTATION_ITEM() RATIONAL_B_SPLINE_CURVE((1.,
0.804737854124,0.804737854124,1.)) REPRESENTATION_ITEM('') );
#10746 = CARTESIAN_POINT('',(8.006230351815,4.816884426791,
    11.390384398536));
#10747 = CARTESIAN_POINT('',(7.859783742408,4.816884426791,
    11.390384398536));
#10748 = CARTESIAN_POINT('',(7.756230351815,4.920437817384,
    11.286831007943));
#10749 = CARTESIAN_POINT('',(7.756230351815,5.066884426791,
    11.140384398536));
#10750 = CYLINDRICAL_SURFACE('',#10751,0.25);
#10751 = AXIS2_PLACEMENT_3D('',#10752,#10753,#10754);
#10752 = CARTESIAN_POINT('',(8.006230351815,5.066884426791,
    11.140384398536));
#10753 = DIRECTION('',(-1.08968389867E-13,-1.,0.));
#10754 = DIRECTION('',(0.,0.,-1.));
#10755 = ADVANCED_FACE('',(#10756),#10807,.T.);
#10756 = FACE_BOUND('',#10757,.T.);
#10757 = EDGE_LOOP('',(#10758,#10759,#10768,#10775,#10784,#10799,#10806)
  );
#10758 = ORIENTED_EDGE('',*,*,#10727,.F.);
#10759 = ORIENTED_EDGE('',*,*,#10760,.F.);
#10760 = EDGE_CURVE('',#10761,#10717,#10763,.T.);
#10761 = VERTEX_POINT('',#10762);
#10762 = CARTESIAN_POINT('',(8.256230351815,5.066884426791,
    11.140384398536));
#10763 = CIRCLE('',#10764,0.25);
#10764 = AXIS2_PLACEMENT_3D('',#10765,#10766,#10767);
#10765 = CARTESIAN_POINT('',(8.006230351815,5.066884426791,
    11.140384398536));
#10766 = DIRECTION('',(1.08968389867E-13,1.,0.));
#10767 = DIRECTION('',(0.,-0.,1.));
#10768 = ORIENTED_EDGE('',*,*,#10769,.T.);
#10769 = EDGE_CURVE('',#10761,#10736,#10770,.T.);
#10770 = ( BOUNDED_CURVE() B_SPLINE_CURVE(3,(#10771,#10772,#10773,#10774
),.UNSPECIFIED.,.F.,.F.) B_SPLINE_CURVE_WITH_KNOTS((4,4),(4.712388980385
,6.28318530718),.PIECEWISE_BEZIER_KNOTS.) CURVE() 
GEOMETRIC_REPRESENTATION_ITEM() RATIONAL_B_SPLINE_CURVE((1.,
0.804737854124,0.804737854124,1.)) REPRESENTATION_ITEM('') );
#10771 = CARTESIAN_POINT('',(8.256230351815,5.066884426791,
    11.140384398536));
#10772 = CARTESIAN_POINT('',(8.256230351815,4.920437817384,
    11.286831007943));
#10773 = CARTESIAN_POINT('',(8.152676961221,4.816884426791,
    11.390384398536));
#10774 = CARTESIAN_POINT('',(8.006230351815,4.816884426791,
    11.390384398536));
#10775 = ORIENTED_EDGE('',*,*,#10776,.F.);
#10776 = EDGE_CURVE('',#10777,#10736,#10779,.T.);
#10777 = VERTEX_POINT('',#10778);
#10778 = CARTESIAN_POINT('',(8.069627811436,4.816884426791,
    11.382212358279));
#10779 = CIRCLE('',#10780,0.25);
#10780 = AXIS2_PLACEMENT_3D('',#10781,#10782,#10783);
#10781 = CARTESIAN_POINT('',(8.006230351815,4.816884426791,
    11.140384398536));
#10782 = DIRECTION('',(-1.08968389867E-13,-1.,0.));
#10783 = DIRECTION('',(0.,-0.,1.));
#10784 = ORIENTED_EDGE('',*,*,#10785,.T.);
#10785 = EDGE_CURVE('',#10777,#10786,#10788,.T.);
#10786 = VERTEX_POINT('',#10787);
#10787 = CARTESIAN_POINT('',(8.156230351815,4.766884426791,
    11.340384398536));
#10788 = B_SPLINE_CURVE_WITH_KNOTS('',3,(#10789,#10790,#10791,#10792,
    #10793,#10794,#10795,#10796,#10797,#10798),.UNSPECIFIED.,.F.,.F.,(4,
    3,3,4),(0.,3.592419031812E-05,7.163929215239E-05,1.123241083516E-04)
  ,.UNSPECIFIED.);
#10789 = CARTESIAN_POINT('',(8.069627811436,4.816884426791,
    11.382212358279));
#10790 = CARTESIAN_POINT('',(8.081211109636,4.816884426791,
    11.379175688406));
#10791 = CARTESIAN_POINT('',(8.092711503854,4.814818413337,
    11.375225705209));
#10792 = CARTESIAN_POINT('',(8.103197560946,4.811081411444,
    11.370813043355));
#10793 = CARTESIAN_POINT('',(8.113646432919,4.807357661517,
    11.366416029457));
#10794 = CARTESIAN_POINT('',(8.123383418644,4.801903809636,
    11.361454115526));
#10795 = CARTESIAN_POINT('',(8.131882985284,4.795142291119,
    11.356512637557));
#10796 = CARTESIAN_POINT('',(8.141531968228,4.787466396615,
    11.350902911948));
#10797 = CARTESIAN_POINT('',(8.149888643826,4.777868587233,
    11.345140679527));
#10798 = CARTESIAN_POINT('',(8.156230351815,4.766884426791,
    11.340384398536));
#10799 = ORIENTED_EDGE('',*,*,#10800,.T.);
#10800 = EDGE_CURVE('',#10786,#8461,#10801,.T.);
#10801 = CIRCLE('',#10802,0.25);
#10802 = AXIS2_PLACEMENT_3D('',#10803,#10804,#10805);
#10803 = CARTESIAN_POINT('',(8.006230351815,4.766884426791,
    11.140384398536));
#10804 = DIRECTION('',(1.08968389867E-13,1.,0.));
#10805 = DIRECTION('',(0.,-0.,1.));
#10806 = ORIENTED_EDGE('',*,*,#8460,.T.);
#10807 = CYLINDRICAL_SURFACE('',#10808,0.25);
#10808 = AXIS2_PLACEMENT_3D('',#10809,#10810,#10811);
#10809 = CARTESIAN_POINT('',(8.006230351815,5.066884426791,
    11.140384398536));
#10810 = DIRECTION('',(-1.08968389867E-13,-1.,0.));
#10811 = DIRECTION('',(0.,0.,-1.));
#10812 = ADVANCED_FACE('',(#10813),#10824,.F.);
#10813 = FACE_BOUND('',#10814,.T.);
#10814 = EDGE_LOOP('',(#10815,#10816,#10822,#10823));
#10815 = ORIENTED_EDGE('',*,*,#8542,.F.);
#10816 = ORIENTED_EDGE('',*,*,#10817,.F.);
#10817 = EDGE_CURVE('',#8478,#8535,#10818,.T.);
#10818 = LINE('',#10819,#10820);
#10819 = CARTESIAN_POINT('',(9.606230351815,4.86688442679,
    10.590384398536));
#10820 = VECTOR('',#10821,1.);
#10821 = DIRECTION('',(1.08968389867E-13,1.,0.));
#10822 = ORIENTED_EDGE('',*,*,#8477,.F.);
#10823 = ORIENTED_EDGE('',*,*,#9474,.F.);
#10824 = PLANE('',#10825);
#10825 = AXIS2_PLACEMENT_3D('',#10826,#10827,#10828);
#10826 = CARTESIAN_POINT('',(9.606230351815,4.86688442679,1.140384398536
    ));
#10827 = DIRECTION('',(1.,-1.08968389867E-13,0.));
#10828 = DIRECTION('',(0.,-0.,1.));
#10829 = ADVANCED_FACE('',(#10830),#10836,.F.);
#10830 = FACE_BOUND('',#10831,.T.);
#10831 = EDGE_LOOP('',(#10832,#10833,#10834,#10835));
#10832 = ORIENTED_EDGE('',*,*,#8534,.F.);
#10833 = ORIENTED_EDGE('',*,*,#8509,.T.);
#10834 = ORIENTED_EDGE('',*,*,#8485,.F.);
#10835 = ORIENTED_EDGE('',*,*,#10817,.T.);
#10836 = PLANE('',#10837);
#10837 = AXIS2_PLACEMENT_3D('',#10838,#10839,#10840);
#10838 = CARTESIAN_POINT('',(4.756230351815,6.266884426791,
    10.590384398536));
#10839 = DIRECTION('',(0.,0.,-1.));
#10840 = DIRECTION('',(1.,-1.08968389867E-13,0.));
#10841 = ADVANCED_FACE('',(#10842),#10853,.F.);
#10842 = FACE_BOUND('',#10843,.T.);
#10843 = EDGE_LOOP('',(#10844,#10850,#10851,#10852));
#10844 = ORIENTED_EDGE('',*,*,#10845,.F.);
#10845 = EDGE_CURVE('',#8559,#8696,#10846,.T.);
#10846 = LINE('',#10847,#10848);
#10847 = CARTESIAN_POINT('',(-9.376964818539E-02,4.866884426792,
    10.590384398536));
#10848 = VECTOR('',#10849,1.);
#10849 = DIRECTION('',(-1.081615417386E-13,-1.,0.));
#10850 = ORIENTED_EDGE('',*,*,#8558,.T.);
#10851 = ORIENTED_EDGE('',*,*,#9467,.T.);
#10852 = ORIENTED_EDGE('',*,*,#8703,.F.);
#10853 = PLANE('',#10854);
#10854 = AXIS2_PLACEMENT_3D('',#10855,#10856,#10857);
#10855 = CARTESIAN_POINT('',(-9.376964818539E-02,4.866884426792,
    1.140384398536));
#10856 = DIRECTION('',(-1.,1.081615417386E-13,0.));
#10857 = DIRECTION('',(1.081615417386E-13,1.,-0.));
#10858 = ADVANCED_FACE('',(#10859),#10865,.F.);
#10859 = FACE_BOUND('',#10860,.T.);
#10860 = EDGE_LOOP('',(#10861,#10862,#10863,#10864));
#10861 = ORIENTED_EDGE('',*,*,#8566,.F.);
#10862 = ORIENTED_EDGE('',*,*,#10845,.T.);
#10863 = ORIENTED_EDGE('',*,*,#8695,.F.);
#10864 = ORIENTED_EDGE('',*,*,#8589,.T.);
#10865 = PLANE('',#10866);
#10866 = AXIS2_PLACEMENT_3D('',#10867,#10868,#10869);
#10867 = CARTESIAN_POINT('',(4.756230351815,6.266884426791,
    10.590384398536));
#10868 = DIRECTION('',(0.,0.,-1.));
#10869 = DIRECTION('',(1.,-1.08968389867E-13,0.));
#10870 = ADVANCED_FACE('',(#10871),#10890,.T.);
#10871 = FACE_BOUND('',#10872,.T.);
#10872 = EDGE_LOOP('',(#10873,#10882,#10883,#10884));
#10873 = ORIENTED_EDGE('',*,*,#10874,.F.);
#10874 = EDGE_CURVE('',#8616,#10875,#10877,.T.);
#10875 = VERTEX_POINT('',#10876);
#10876 = CARTESIAN_POINT('',(2.227802855646,4.816884426791,
    11.540384398536));
#10877 = ( BOUNDED_CURVE() B_SPLINE_CURVE(3,(#10878,#10879,#10880,#10881
),.UNSPECIFIED.,.F.,.F.) B_SPLINE_CURVE_WITH_KNOTS((4,4),(3.14159265359,
4.712388980385),.PIECEWISE_BEZIER_KNOTS.) CURVE() 
GEOMETRIC_REPRESENTATION_ITEM() RATIONAL_B_SPLINE_CURVE((1.,
0.804737854124,0.804737854124,1.)) REPRESENTATION_ITEM('') );
#10878 = CARTESIAN_POINT('',(2.17731147702,4.766884426791,
    11.540384398536));
#10879 = CARTESIAN_POINT('',(2.17731147702,4.796173748673,
    11.540384398536));
#10880 = CARTESIAN_POINT('',(2.19822569083,4.816884426791,
    11.540384398536));
#10881 = CARTESIAN_POINT('',(2.227802855646,4.816884426791,
    11.540384398536));
#10882 = ORIENTED_EDGE('',*,*,#8613,.F.);
#10883 = ORIENTED_EDGE('',*,*,#9660,.F.);
#10884 = ORIENTED_EDGE('',*,*,#10885,.F.);
#10885 = EDGE_CURVE('',#10875,#9661,#10886,.T.);
#10886 = LINE('',#10887,#10888);
#10887 = CARTESIAN_POINT('',(2.268987130868,4.816884426791,
    11.833425743488));
#10888 = VECTOR('',#10889,1.);
#10889 = DIRECTION('',(0.13917310096,-1.516546872441E-14,0.990268068742)
  );
#10890 = CYLINDRICAL_SURFACE('',#10891,5.E-02);
#10891 = AXIS2_PLACEMENT_3D('',#10892,#10893,#10894);
#10892 = CARTESIAN_POINT('',(2.221648881055,4.766884426791,
    11.496596594058));
#10893 = DIRECTION('',(0.13917310096,-1.516546872441E-14,0.990268068742)
  );
#10894 = DIRECTION('',(-0.990268068742,1.079079169874E-13,0.13917310096)
  );
#10895 = ADVANCED_FACE('',(#10896),#10915,.T.);
#10896 = FACE_BOUND('',#10897,.T.);
#10897 = EDGE_LOOP('',(#10898,#10907,#10908,#10909));
#10898 = ORIENTED_EDGE('',*,*,#10899,.T.);
#10899 = EDGE_CURVE('',#10900,#8624,#10902,.T.);
#10900 = VERTEX_POINT('',#10901);
#10901 = CARTESIAN_POINT('',(2.469473727431,4.816884426791,
    11.540384398536));
#10902 = CIRCLE('',#10903,5.E-02);
#10903 = AXIS2_PLACEMENT_3D('',#10904,#10905,#10906);
#10904 = CARTESIAN_POINT('',(2.469473727431,4.766884426791,
    11.540384398536));
#10905 = DIRECTION('',(0.,-0.,-1.));
#10906 = DIRECTION('',(1.,-1.08968389867E-13,0.));
#10907 = ORIENTED_EDGE('',*,*,#8623,.T.);
#10908 = ORIENTED_EDGE('',*,*,#10874,.T.);
#10909 = ORIENTED_EDGE('',*,*,#10910,.F.);
#10910 = EDGE_CURVE('',#10900,#10875,#10911,.T.);
#10911 = LINE('',#10912,#10913);
#10912 = CARTESIAN_POINT('',(2.519473727431,4.816884426791,
    11.540384398536));
#10913 = VECTOR('',#10914,1.);
#10914 = DIRECTION('',(-1.,1.08968389867E-13,1.58433925891E-16));
#10915 = PLANE('',#10916);
#10916 = AXIS2_PLACEMENT_3D('',#10917,#10918,#10919);
#10917 = CARTESIAN_POINT('',(4.756230351815,6.266884426791,
    11.540384398536));
#10918 = DIRECTION('',(0.,0.,-1.));
#10919 = DIRECTION('',(1.,-1.08968389867E-13,0.));
#10920 = ADVANCED_FACE('',(#10921),#10978,.F.);
#10921 = FACE_BOUND('',#10922,.F.);
#10922 = EDGE_LOOP('',(#10923,#10933,#10939,#10940,#10948,#10956,#10964,
    #10972));
#10923 = ORIENTED_EDGE('',*,*,#10924,.F.);
#10924 = EDGE_CURVE('',#10925,#10927,#10929,.T.);
#10925 = VERTEX_POINT('',#10926);
#10926 = CARTESIAN_POINT('',(2.519473727431,4.566884426791,
    11.540384398536));
#10927 = VERTEX_POINT('',#10928);
#10928 = CARTESIAN_POINT('',(2.519473727431,4.566884426791,
    11.390384398536));
#10929 = LINE('',#10930,#10931);
#10930 = CARTESIAN_POINT('',(2.519473727431,4.566884426791,
    14.157634864197));
#10931 = VECTOR('',#10932,1.);
#10932 = DIRECTION('',(0.,0.,-1.));
#10933 = ORIENTED_EDGE('',*,*,#10934,.T.);
#10934 = EDGE_CURVE('',#10925,#8624,#10935,.T.);
#10935 = LINE('',#10936,#10937);
#10936 = CARTESIAN_POINT('',(2.519473727431,6.266884426791,
    11.540384398536));
#10937 = VECTOR('',#10938,1.);
#10938 = DIRECTION('',(1.08968389867E-13,1.,0.));
#10939 = ORIENTED_EDGE('',*,*,#8631,.T.);
#10940 = ORIENTED_EDGE('',*,*,#10941,.F.);
#10941 = EDGE_CURVE('',#10942,#8632,#10944,.T.);
#10942 = VERTEX_POINT('',#10943);
#10943 = CARTESIAN_POINT('',(2.519473727431,4.691884426805,
    11.390384398536));
#10944 = LINE('',#10945,#10946);
#10945 = CARTESIAN_POINT('',(2.51947372743,2.466884426791,
    11.390384398536));
#10946 = VECTOR('',#10947,1.);
#10947 = DIRECTION('',(1.08968389867E-13,1.,0.));
#10948 = ORIENTED_EDGE('',*,*,#10949,.T.);
#10949 = EDGE_CURVE('',#10942,#10950,#10952,.T.);
#10950 = VERTEX_POINT('',#10951);
#10951 = CARTESIAN_POINT('',(2.519473727431,4.691884426805,
    11.440384398536));
#10952 = LINE('',#10953,#10954);
#10953 = CARTESIAN_POINT('',(2.519473727431,4.691884426805,
    12.427423253338));
#10954 = VECTOR('',#10955,1.);
#10955 = DIRECTION('',(0.,0.,1.));
#10956 = ORIENTED_EDGE('',*,*,#10957,.F.);
#10957 = EDGE_CURVE('',#10958,#10950,#10960,.T.);
#10958 = VERTEX_POINT('',#10959);
#10959 = CARTESIAN_POINT('',(2.519473727431,4.591884426805,
    11.440384398536));
#10960 = LINE('',#10961,#10962);
#10961 = CARTESIAN_POINT('',(2.51947372743,3.041884426798,
    11.440384398536));
#10962 = VECTOR('',#10963,1.);
#10963 = DIRECTION('',(1.08968389867E-13,1.,0.));
#10964 = ORIENTED_EDGE('',*,*,#10965,.T.);
#10965 = EDGE_CURVE('',#10958,#10966,#10968,.T.);
#10966 = VERTEX_POINT('',#10967);
#10967 = CARTESIAN_POINT('',(2.519473727431,4.591884426805,
    11.390384398536));
#10968 = LINE('',#10969,#10970);
#10969 = CARTESIAN_POINT('',(2.519473727431,4.591884426805,
    12.952423253338));
#10970 = VECTOR('',#10971,1.);
#10971 = DIRECTION('',(0.,0.,-1.));
#10972 = ORIENTED_EDGE('',*,*,#10973,.F.);
#10973 = EDGE_CURVE('',#10927,#10966,#10974,.T.);
#10974 = LINE('',#10975,#10976);
#10975 = CARTESIAN_POINT('',(2.51947372743,2.466884426791,
    11.390384398536));
#10976 = VECTOR('',#10977,1.);
#10977 = DIRECTION('',(1.08968389867E-13,1.,0.));
#10978 = PLANE('',#10979);
#10979 = AXIS2_PLACEMENT_3D('',#10980,#10981,#10982);
#10980 = CARTESIAN_POINT('',(2.51947372743,2.466884426791,14.46446210814
    ));
#10981 = DIRECTION('',(-1.,1.08968389867E-13,0.));
#10982 = DIRECTION('',(0.,0.,-1.));
#10983 = ADVANCED_FACE('',(#10984),#11025,.T.);
#10984 = FACE_BOUND('',#10985,.T.);
#10985 = EDGE_LOOP('',(#10986,#10994,#11000,#11001,#11002,#11010,#11018,
    #11024));
#10986 = ORIENTED_EDGE('',*,*,#10987,.F.);
#10987 = EDGE_CURVE('',#10988,#10927,#10990,.T.);
#10988 = VERTEX_POINT('',#10989);
#10989 = CARTESIAN_POINT('',(2.328638131098,4.566884426791,
    11.390384398536));
#10990 = LINE('',#10991,#10992);
#10991 = CARTESIAN_POINT('',(2.276230351815,4.566884426791,
    11.390384398536));
#10992 = VECTOR('',#10993,1.);
#10993 = DIRECTION('',(1.,-1.08968389867E-13,0.));
#10994 = ORIENTED_EDGE('',*,*,#10995,.T.);
#10995 = EDGE_CURVE('',#10988,#8640,#10996,.T.);
#10996 = LINE('',#10997,#10998);
#10997 = CARTESIAN_POINT('',(2.328638131097,3.415306228894,
    11.390384398536));
#10998 = VECTOR('',#10999,1.);
#10999 = DIRECTION('',(1.08968389867E-13,1.,0.));
#11000 = ORIENTED_EDGE('',*,*,#8639,.F.);
#11001 = ORIENTED_EDGE('',*,*,#10941,.F.);
#11002 = ORIENTED_EDGE('',*,*,#11003,.T.);
#11003 = EDGE_CURVE('',#10942,#11004,#11006,.T.);
#11004 = VERTEX_POINT('',#11005);
#11005 = CARTESIAN_POINT('',(2.391799806166,4.691884426805,
    11.390384398536));
#11006 = LINE('',#11007,#11008);
#11007 = CARTESIAN_POINT('',(3.531230351801,4.691884426805,
    11.390384398536));
#11008 = VECTOR('',#11009,1.);
#11009 = DIRECTION('',(-1.,-0.,-0.));
#11010 = ORIENTED_EDGE('',*,*,#11011,.F.);
#11011 = EDGE_CURVE('',#11012,#11004,#11014,.T.);
#11012 = VERTEX_POINT('',#11013);
#11013 = CARTESIAN_POINT('',(2.391799806166,4.591884426805,
    11.390384398536));
#11014 = LINE('',#11015,#11016);
#11015 = CARTESIAN_POINT('',(2.391799806166,3.616884426805,
    11.390384398536));
#11016 = VECTOR('',#11017,1.);
#11017 = DIRECTION('',(-8.537024980201E-17,1.,0.));
#11018 = ORIENTED_EDGE('',*,*,#11019,.T.);
#11019 = EDGE_CURVE('',#11012,#10966,#11020,.T.);
#11020 = LINE('',#11021,#11022);
#11021 = CARTESIAN_POINT('',(3.531230351801,4.591884426805,
    11.390384398536));
#11022 = VECTOR('',#11023,1.);
#11023 = DIRECTION('',(1.,0.,0.));
#11024 = ORIENTED_EDGE('',*,*,#10973,.F.);
#11025 = PLANE('',#11026);
#11026 = AXIS2_PLACEMENT_3D('',#11027,#11028,#11029);
#11027 = CARTESIAN_POINT('',(4.756230351815,6.266884426791,
    11.390384398536));
#11028 = DIRECTION('',(0.,0.,-1.));
#11029 = DIRECTION('',(1.,-1.08968389867E-13,0.));
#11030 = ADVANCED_FACE('',(#11031),#11057,.T.);
#11031 = FACE_BOUND('',#11032,.T.);
#11032 = EDGE_LOOP('',(#11033,#11034,#11042,#11050,#11056));
#11033 = ORIENTED_EDGE('',*,*,#10995,.F.);
#11034 = ORIENTED_EDGE('',*,*,#11035,.T.);
#11035 = EDGE_CURVE('',#10988,#11036,#11038,.T.);
#11036 = VERTEX_POINT('',#11037);
#11037 = CARTESIAN_POINT('',(2.284091518707,4.566884426791,
    10.540384398536));
#11038 = LINE('',#11039,#11040);
#11039 = CARTESIAN_POINT('',(2.276230351815,4.566884426791,
    10.390384398536));
#11040 = VECTOR('',#11041,1.);
#11041 = DIRECTION('',(-5.233595624294E-02,5.70296488394E-15,
    -0.998629534755));
#11042 = ORIENTED_EDGE('',*,*,#11043,.T.);
#11043 = EDGE_CURVE('',#11036,#11044,#11046,.T.);
#11044 = VERTEX_POINT('',#11045);
#11045 = CARTESIAN_POINT('',(2.284080745251,4.566678857004,
    10.540178828749));
#11046 = LINE('',#11047,#11048);
#11047 = CARTESIAN_POINT('',(2.279631434558,4.481780951505,
    10.45528092325));
#11048 = VECTOR('',#11049,1.);
#11049 = DIRECTION('',(-3.703247672034E-02,-0.706621750185,
    -0.706621750185));
#11050 = ORIENTED_EDGE('',*,*,#11051,.T.);
#11051 = EDGE_CURVE('',#11044,#8648,#11052,.T.);
#11052 = LINE('',#11053,#11054);
#11053 = CARTESIAN_POINT('',(2.284080745251,4.766884426791,
    10.540178828749));
#11054 = VECTOR('',#11055,1.);
#11055 = DIRECTION('',(1.08968389867E-13,1.,0.));
#11056 = ORIENTED_EDGE('',*,*,#8647,.F.);
#11057 = PLANE('',#11058);
#11058 = AXIS2_PLACEMENT_3D('',#11059,#11060,#11061);
#11059 = CARTESIAN_POINT('',(2.276230351814,3.415306228894,
    10.390384398536));
#11060 = DIRECTION('',(0.998629534755,-1.088190524758E-13,
    -5.233595624294E-02));
#11061 = DIRECTION('',(5.233595624294E-02,-5.70296488394E-15,
    0.998629534755));
#11062 = ADVANCED_FACE('',(#11063),#11081,.T.);
#11063 = FACE_BOUND('',#11064,.T.);
#11064 = EDGE_LOOP('',(#11065,#11066,#11067,#11075));
#11065 = ORIENTED_EDGE('',*,*,#8655,.F.);
#11066 = ORIENTED_EDGE('',*,*,#11051,.F.);
#11067 = ORIENTED_EDGE('',*,*,#11068,.T.);
#11068 = EDGE_CURVE('',#11044,#11069,#11071,.T.);
#11069 = VERTEX_POINT('',#11070);
#11070 = CARTESIAN_POINT('',(2.117717176405,4.416884426791,
    10.390384398536));
#11071 = LINE('',#11072,#11073);
#11072 = CARTESIAN_POINT('',(2.753145804554,4.98902693344,
    10.962526905184));
#11073 = VECTOR('',#11074,1.);
#11074 = DIRECTION('',(-0.617630601881,-0.556117091816,-0.556117091816)
  );
#11075 = ORIENTED_EDGE('',*,*,#11076,.F.);
#11076 = EDGE_CURVE('',#8656,#11069,#11077,.T.);
#11077 = LINE('',#11078,#11079);
#11078 = CARTESIAN_POINT('',(2.117717176405,4.566884426791,
    10.390384398536));
#11079 = VECTOR('',#11080,1.);
#11080 = DIRECTION('',(-1.08968389867E-13,-1.,0.));
#11081 = PLANE('',#11082);
#11082 = AXIS2_PLACEMENT_3D('',#11083,#11084,#11085);
#11083 = CARTESIAN_POINT('',(2.117717176405,6.266884426791,
    10.390384398536));
#11084 = DIRECTION('',(0.669130606359,-7.291408478563E-14,
    -0.743144825477));
#11085 = DIRECTION('',(1.08968389867E-13,1.,0.));
#11086 = ADVANCED_FACE('',(#11087),#11123,.F.);
#11087 = FACE_BOUND('',#11088,.F.);
#11088 = EDGE_LOOP('',(#11089,#11100,#11106,#11107,#11108,#11116));
#11089 = ORIENTED_EDGE('',*,*,#11090,.F.);
#11090 = EDGE_CURVE('',#11091,#11093,#11095,.T.);
#11091 = VERTEX_POINT('',#11092);
#11092 = CARTESIAN_POINT('',(2.239145971525,4.416884426791,
    10.390384398536));
#11093 = VERTEX_POINT('',#11094);
#11094 = CARTESIAN_POINT('',(2.156230351787,4.391884426805,
    10.390384398536));
#11095 = CIRCLE('',#11096,0.15);
#11096 = AXIS2_PLACEMENT_3D('',#11097,#11098,#11099);
#11097 = CARTESIAN_POINT('',(2.156230351787,4.541884426805,
    10.390384398536));
#11098 = DIRECTION('',(0.,0.,-1.));
#11099 = DIRECTION('',(1.,0.,0.));
#11100 = ORIENTED_EDGE('',*,*,#11101,.F.);
#11101 = EDGE_CURVE('',#11069,#11091,#11102,.T.);
#11102 = LINE('',#11103,#11104);
#11103 = CARTESIAN_POINT('',(4.756230351815,4.416884426791,
    10.390384398536));
#11104 = VECTOR('',#11105,1.);
#11105 = DIRECTION('',(1.,-1.08968389867E-13,0.));
#11106 = ORIENTED_EDGE('',*,*,#11076,.F.);
#11107 = ORIENTED_EDGE('',*,*,#8663,.T.);
#11108 = ORIENTED_EDGE('',*,*,#11109,.T.);
#11109 = EDGE_CURVE('',#8664,#11110,#11112,.T.);
#11110 = VERTEX_POINT('',#11111);
#11111 = CARTESIAN_POINT('',(2.006230351787,4.541884426805,
    10.390384398536));
#11112 = LINE('',#11113,#11114);
#11113 = CARTESIAN_POINT('',(2.006230351787,5.016884426805,
    10.390384398536));
#11114 = VECTOR('',#11115,1.);
#11115 = DIRECTION('',(0.,-1.,0.));
#11116 = ORIENTED_EDGE('',*,*,#11117,.F.);
#11117 = EDGE_CURVE('',#11093,#11110,#11118,.T.);
#11118 = CIRCLE('',#11119,0.15);
#11119 = AXIS2_PLACEMENT_3D('',#11120,#11121,#11122);
#11120 = CARTESIAN_POINT('',(2.156230351787,4.541884426805,
    10.390384398536));
#11121 = DIRECTION('',(0.,0.,-1.));
#11122 = DIRECTION('',(1.,0.,0.));
#11123 = PLANE('',#11124);
#11124 = AXIS2_PLACEMENT_3D('',#11125,#11126,#11127);
#11125 = CARTESIAN_POINT('',(4.756230351815,6.266884426791,
    10.390384398536));
#11126 = DIRECTION('',(0.,-0.,1.));
#11127 = DIRECTION('',(-1.,1.08968389867E-13,0.));
#11128 = ADVANCED_FACE('',(#11129),#11154,.T.);
#11129 = FACE_BOUND('',#11130,.T.);
#11130 = EDGE_LOOP('',(#11131,#11132,#11140,#11148));
#11131 = ORIENTED_EDGE('',*,*,#8671,.F.);
#11132 = ORIENTED_EDGE('',*,*,#11133,.F.);
#11133 = EDGE_CURVE('',#11134,#8664,#11136,.T.);
#11134 = VERTEX_POINT('',#11135);
#11135 = CARTESIAN_POINT('',(2.006230351787,5.016884426805,
    10.390384398536));
#11136 = LINE('',#11137,#11138);
#11137 = CARTESIAN_POINT('',(2.006230351787,5.016884426805,
    10.390384398536));
#11138 = VECTOR('',#11139,1.);
#11139 = DIRECTION('',(0.,-1.,0.));
#11140 = ORIENTED_EDGE('',*,*,#11141,.F.);
#11141 = EDGE_CURVE('',#11142,#11134,#11144,.T.);
#11142 = VERTEX_POINT('',#11143);
#11143 = CARTESIAN_POINT('',(1.506230351787,5.016884426805,
    10.390384398536));
#11144 = LINE('',#11145,#11146);
#11145 = CARTESIAN_POINT('',(2.306230351787,5.016884426805,
    10.390384398536));
#11146 = VECTOR('',#11147,1.);
#11147 = DIRECTION('',(1.,0.,0.));
#11148 = ORIENTED_EDGE('',*,*,#11149,.F.);
#11149 = EDGE_CURVE('',#8672,#11142,#11150,.T.);
#11150 = LINE('',#11151,#11152);
#11151 = CARTESIAN_POINT('',(1.506230351787,5.016884426805,
    10.390384398536));
#11152 = VECTOR('',#11153,1.);
#11153 = DIRECTION('',(1.548860246408E-16,1.,0.));
#11154 = PLANE('',#11155);
#11155 = AXIS2_PLACEMENT_3D('',#11156,#11157,#11158);
#11156 = CARTESIAN_POINT('',(3.576230351787,3.616884426805,
    10.390384398536));
#11157 = DIRECTION('',(0.,0.,1.));
#11158 = DIRECTION('',(1.,0.,0.));
#11159 = ADVANCED_FACE('',(#11160),#11178,.F.);
#11160 = FACE_BOUND('',#11161,.T.);
#11161 = EDGE_LOOP('',(#11162,#11163,#11171,#11177));
#11162 = ORIENTED_EDGE('',*,*,#9461,.T.);
#11163 = ORIENTED_EDGE('',*,*,#11164,.T.);
#11164 = EDGE_CURVE('',#9454,#11165,#11167,.T.);
#11165 = VERTEX_POINT('',#11166);
#11166 = CARTESIAN_POINT('',(0.772525526671,4.416884426791,
    10.940384398536));
#11167 = LINE('',#11168,#11169);
#11168 = CARTESIAN_POINT('',(-9.376964818544E-02,4.416884426792,
    11.140384398536));
#11169 = VECTOR('',#11170,1.);
#11170 = DIRECTION('',(0.974370064785,-1.061755370942E-13,
    -0.224951054344));
#11171 = ORIENTED_EDGE('',*,*,#11172,.F.);
#11172 = EDGE_CURVE('',#8712,#11165,#11173,.T.);
#11173 = LINE('',#11174,#11175);
#11174 = CARTESIAN_POINT('',(0.772525526672,6.231618833187,
    10.940384398536));
#11175 = VECTOR('',#11176,1.);
#11176 = DIRECTION('',(-1.08968389867E-13,-1.,0.));
#11177 = ORIENTED_EDGE('',*,*,#8711,.F.);
#11178 = PLANE('',#11179);
#11179 = AXIS2_PLACEMENT_3D('',#11180,#11181,#11182);
#11180 = CARTESIAN_POINT('',(-9.376964818524E-02,6.231618833187,
    11.140384398536));
#11181 = DIRECTION('',(-0.224951054344,2.451255419073E-14,
    -0.974370064785));
#11182 = DIRECTION('',(0.974370064785,-1.061755370942E-13,
    -0.224951054344));
#11183 = ADVANCED_FACE('',(#11184),#11195,.F.);
#11184 = FACE_BOUND('',#11185,.T.);
#11185 = EDGE_LOOP('',(#11186,#11187,#11193,#11194));
#11186 = ORIENTED_EDGE('',*,*,#11172,.T.);
#11187 = ORIENTED_EDGE('',*,*,#11188,.T.);
#11188 = EDGE_CURVE('',#11165,#10291,#11189,.T.);
#11189 = LINE('',#11190,#11191);
#11190 = CARTESIAN_POINT('',(0.772525526671,4.416884426791,
    10.940384398536));
#11191 = VECTOR('',#11192,1.);
#11192 = DIRECTION('',(1.,-1.08968389867E-13,-5.603635296405E-17));
#11193 = ORIENTED_EDGE('',*,*,#10290,.F.);
#11194 = ORIENTED_EDGE('',*,*,#8719,.F.);
#11195 = PLANE('',#11196);
#11196 = AXIS2_PLACEMENT_3D('',#11197,#11198,#11199);
#11197 = CARTESIAN_POINT('',(0.772525526672,6.231618833187,
    10.940384398536));
#11198 = DIRECTION('',(-5.603635296405E-17,6.10619115651E-30,-1.));
#11199 = DIRECTION('',(1.,-1.08968389867E-13,-5.603635296405E-17));
#11200 = ADVANCED_FACE('',(#11201),#11219,.F.);
#11201 = FACE_BOUND('',#11202,.T.);
#11202 = EDGE_LOOP('',(#11203,#11204,#11212,#11218));
#11203 = ORIENTED_EDGE('',*,*,#9413,.F.);
#11204 = ORIENTED_EDGE('',*,*,#11205,.T.);
#11205 = EDGE_CURVE('',#9406,#11206,#11208,.T.);
#11206 = VERTEX_POINT('',#11207);
#11207 = CARTESIAN_POINT('',(0.579659238311,7.647795748847,
    11.840384398536));
#11208 = LINE('',#11209,#11210);
#11209 = CARTESIAN_POINT('',(0.420569974703,7.48870648524,
    10.938144350142));
#11210 = VECTOR('',#11211,1.);
#11211 = DIRECTION('',(0.171087869746,0.171087869746,0.970287525248));
#11212 = ORIENTED_EDGE('',*,*,#11213,.T.);
#11213 = EDGE_CURVE('',#11206,#8786,#11214,.T.);
#11214 = LINE('',#11215,#11216);
#11215 = CARTESIAN_POINT('',(0.579659238311,6.306085798471,
    11.840384398536));
#11216 = VECTOR('',#11217,1.);
#11217 = DIRECTION('',(1.08968389867E-13,1.,-0.));
#11218 = ORIENTED_EDGE('',*,*,#8785,.T.);
#11219 = PLANE('',#11220);
#11220 = AXIS2_PLACEMENT_3D('',#11221,#11222,#11223);
#11221 = CARTESIAN_POINT('',(0.456230351815,6.306085798471,
    11.140384398536));
#11222 = DIRECTION('',(0.984807753012,-1.073129151742E-13,
    -0.173648177667));
#11223 = DIRECTION('',(0.173648177667,-1.89221623237E-14,0.984807753012)
  );
#11224 = ADVANCED_FACE('',(#11225,#11259),#11311,.T.);
#11225 = FACE_BOUND('',#11226,.T.);
#11226 = EDGE_LOOP('',(#11227,#11237,#11245,#11253));
#11227 = ORIENTED_EDGE('',*,*,#11228,.F.);
#11228 = EDGE_CURVE('',#11229,#11231,#11233,.T.);
#11229 = VERTEX_POINT('',#11230);
#11230 = CARTESIAN_POINT('',(2.156230351815,8.766884426791,
    11.840384398536));
#11231 = VERTEX_POINT('',#11232);
#11232 = CARTESIAN_POINT('',(2.156230351815,9.166884426791,
    11.840384398536));
#11233 = LINE('',#11234,#11235);
#11234 = CARTESIAN_POINT('',(2.156230351815,6.266884426791,
    11.840384398536));
#11235 = VECTOR('',#11236,1.);
#11236 = DIRECTION('',(1.08968389867E-13,1.,0.));
#11237 = ORIENTED_EDGE('',*,*,#11238,.F.);
#11238 = EDGE_CURVE('',#11239,#11229,#11241,.T.);
#11239 = VERTEX_POINT('',#11240);
#11240 = CARTESIAN_POINT('',(1.756230351815,8.766884426791,
    11.840384398536));
#11241 = LINE('',#11242,#11243);
#11242 = CARTESIAN_POINT('',(4.756230351815,8.766884426791,
    11.840384398536));
#11243 = VECTOR('',#11244,1.);
#11244 = DIRECTION('',(1.,-1.08968389867E-13,0.));
#11245 = ORIENTED_EDGE('',*,*,#11246,.F.);
#11246 = EDGE_CURVE('',#11247,#11239,#11249,.T.);
#11247 = VERTEX_POINT('',#11248);
#11248 = CARTESIAN_POINT('',(1.756230351815,9.166884426791,
    11.840384398536));
#11249 = LINE('',#11250,#11251);
#11250 = CARTESIAN_POINT('',(1.756230351815,6.266884426791,
    11.840384398536));
#11251 = VECTOR('',#11252,1.);
#11252 = DIRECTION('',(-1.08968389867E-13,-1.,0.));
#11253 = ORIENTED_EDGE('',*,*,#11254,.F.);
#11254 = EDGE_CURVE('',#11231,#11247,#11255,.T.);
#11255 = LINE('',#11256,#11257);
#11256 = CARTESIAN_POINT('',(4.756230351815,9.166884426791,
    11.840384398536));
#11257 = VECTOR('',#11258,1.);
#11258 = DIRECTION('',(-1.,1.08968389867E-13,0.));
#11259 = FACE_BOUND('',#11260,.T.);
#11260 = EDGE_LOOP('',(#11261,#11262,#11263,#11264,#11265,#11273,#11281,
    #11289,#11297,#11305));
#11261 = ORIENTED_EDGE('',*,*,#8911,.T.);
#11262 = ORIENTED_EDGE('',*,*,#8817,.F.);
#11263 = ORIENTED_EDGE('',*,*,#8793,.T.);
#11264 = ORIENTED_EDGE('',*,*,#11213,.F.);
#11265 = ORIENTED_EDGE('',*,*,#11266,.T.);
#11266 = EDGE_CURVE('',#11206,#11267,#11269,.T.);
#11267 = VERTEX_POINT('',#11268);
#11268 = CARTESIAN_POINT('',(1.10316536697,7.140313313287,
    11.840384398536));
#11269 = LINE('',#11270,#11271);
#11270 = CARTESIAN_POINT('',(3.42296384033,4.89152019546,11.840384398536
    ));
#11271 = VECTOR('',#11272,1.);
#11272 = DIRECTION('',(0.718009967476,-0.696032820063,0.));
#11273 = ORIENTED_EDGE('',*,*,#11274,.F.);
#11274 = EDGE_CURVE('',#11275,#11267,#11277,.T.);
#11275 = VERTEX_POINT('',#11276);
#11276 = CARTESIAN_POINT('',(8.40929533666,7.140313313287,
    11.840384398536));
#11277 = LINE('',#11278,#11279);
#11278 = CARTESIAN_POINT('',(4.756230351815,7.140313313287,
    11.840384398536));
#11279 = VECTOR('',#11280,1.);
#11280 = DIRECTION('',(-1.,1.087307565141E-13,0.));
#11281 = ORIENTED_EDGE('',*,*,#11282,.T.);
#11282 = EDGE_CURVE('',#11275,#11283,#11285,.T.);
#11283 = VERTEX_POINT('',#11284);
#11284 = CARTESIAN_POINT('',(8.932801465319,7.647795748846,
    11.840384398536));
#11285 = LINE('',#11286,#11287);
#11286 = CARTESIAN_POINT('',(6.089496863299,4.891520195459,
    11.840384398536));
#11287 = VECTOR('',#11288,1.);
#11288 = DIRECTION('',(0.718009967476,0.696032820063,0.));
#11289 = ORIENTED_EDGE('',*,*,#11290,.T.);
#11290 = EDGE_CURVE('',#11283,#11291,#11293,.T.);
#11291 = VERTEX_POINT('',#11292);
#11292 = CARTESIAN_POINT('',(8.932801465319,9.466884426791,
    11.840384398536));
#11293 = LINE('',#11294,#11295);
#11294 = CARTESIAN_POINT('',(8.932801465319,6.306085798471,
    11.840384398536));
#11295 = VECTOR('',#11296,1.);
#11296 = DIRECTION('',(1.08968389867E-13,1.,-0.));
#11297 = ORIENTED_EDGE('',*,*,#11298,.F.);
#11298 = EDGE_CURVE('',#11299,#11291,#11301,.T.);
#11299 = VERTEX_POINT('',#11300);
#11300 = CARTESIAN_POINT('',(6.856230351815,9.466884426791,
    11.840384398536));
#11301 = LINE('',#11302,#11303);
#11302 = CARTESIAN_POINT('',(4.756230351815,9.466884426791,
    11.840384398536));
#11303 = VECTOR('',#11304,1.);
#11304 = DIRECTION('',(1.,-1.08968389867E-13,0.));
#11305 = ORIENTED_EDGE('',*,*,#11306,.F.);
#11306 = EDGE_CURVE('',#8912,#11299,#11307,.T.);
#11307 = LINE('',#11308,#11309);
#11308 = CARTESIAN_POINT('',(6.856230351815,6.266884426791,
    11.840384398536));
#11309 = VECTOR('',#11310,1.);
#11310 = DIRECTION('',(-1.08968389867E-13,-1.,0.));
#11311 = PLANE('',#11312);
#11312 = AXIS2_PLACEMENT_3D('',#11313,#11314,#11315);
#11313 = CARTESIAN_POINT('',(4.756230351815,6.266884426791,
    11.840384398536));
#11314 = DIRECTION('',(0.,-0.,1.));
#11315 = DIRECTION('',(-1.,1.08968389867E-13,0.));
#11316 = ADVANCED_FACE('',(#11317),#11323,.T.);
#11317 = FACE_BOUND('',#11318,.T.);
#11318 = EDGE_LOOP('',(#11319,#11320,#11321,#11322));
#11319 = ORIENTED_EDGE('',*,*,#8904,.F.);
#11320 = ORIENTED_EDGE('',*,*,#8889,.T.);
#11321 = ORIENTED_EDGE('',*,*,#8856,.T.);
#11322 = ORIENTED_EDGE('',*,*,#8833,.F.);
#11323 = PLANE('',#11324);
#11324 = AXIS2_PLACEMENT_3D('',#11325,#11326,#11327);
#11325 = CARTESIAN_POINT('',(6.956230351815,9.766884426791,
    10.790384398536));
#11326 = DIRECTION('',(-7.705228740991E-14,-0.707106781187,
    0.707106781187));
#11327 = DIRECTION('',(-7.705228740991E-14,-0.707106781187,
    -0.707106781187));
#11328 = ADVANCED_FACE('',(#11329),#11363,.F.);
#11329 = FACE_BOUND('',#11330,.T.);
#11330 = EDGE_LOOP('',(#11331,#11339,#11340,#11341,#11349,#11357));
#11331 = ORIENTED_EDGE('',*,*,#11332,.F.);
#11332 = EDGE_CURVE('',#8920,#11333,#11335,.T.);
#11333 = VERTEX_POINT('',#11334);
#11334 = CARTESIAN_POINT('',(6.856230351815,9.466884426791,
    11.390384398536));
#11335 = LINE('',#11336,#11337);
#11336 = CARTESIAN_POINT('',(6.856230351815,10.166884426791,
    11.390384398536));
#11337 = VECTOR('',#11338,1.);
#11338 = DIRECTION('',(-1.08968389867E-13,-1.,0.));
#11339 = ORIENTED_EDGE('',*,*,#8919,.T.);
#11340 = ORIENTED_EDGE('',*,*,#11306,.T.);
#11341 = ORIENTED_EDGE('',*,*,#11342,.T.);
#11342 = EDGE_CURVE('',#11299,#11343,#11345,.T.);
#11343 = VERTEX_POINT('',#11344);
#11344 = CARTESIAN_POINT('',(6.856230351815,9.466884426791,
    11.440384398536));
#11345 = LINE('',#11346,#11347);
#11346 = CARTESIAN_POINT('',(6.856230351815,9.466884426791,
    21.540384398536));
#11347 = VECTOR('',#11348,1.);
#11348 = DIRECTION('',(0.,0.,-1.));
#11349 = ORIENTED_EDGE('',*,*,#11350,.F.);
#11350 = EDGE_CURVE('',#11351,#11343,#11353,.T.);
#11351 = VERTEX_POINT('',#11352);
#11352 = CARTESIAN_POINT('',(6.856230351815,9.329510555818,
    11.440384398536));
#11353 = LINE('',#11354,#11355);
#11354 = CARTESIAN_POINT('',(6.856230351815,6.266884426791,
    11.440384398536));
#11355 = VECTOR('',#11356,1.);
#11356 = DIRECTION('',(1.08968389867E-13,1.,0.));
#11357 = ORIENTED_EDGE('',*,*,#11358,.T.);
#11358 = EDGE_CURVE('',#11351,#11333,#11359,.T.);
#11359 = LINE('',#11360,#11361);
#11360 = CARTESIAN_POINT('',(6.856230351815,6.822852862723,
    12.352733186317));
#11361 = VECTOR('',#11362,1.);
#11362 = DIRECTION('',(1.023967918569E-13,0.939692620786,-0.342020143326
    ));
#11363 = PLANE('',#11364);
#11364 = AXIS2_PLACEMENT_3D('',#11365,#11366,#11367);
#11365 = CARTESIAN_POINT('',(6.856230351815,10.166884426791,
    21.540384398536));
#11366 = DIRECTION('',(-1.,1.08968389867E-13,0.));
#11367 = DIRECTION('',(0.,0.,-1.));
#11368 = ADVANCED_FACE('',(#11369),#11395,.T.);
#11369 = FACE_BOUND('',#11370,.T.);
#11370 = EDGE_LOOP('',(#11371,#11372,#11373,#11381,#11389));
#11371 = ORIENTED_EDGE('',*,*,#8943,.T.);
#11372 = ORIENTED_EDGE('',*,*,#11332,.T.);
#11373 = ORIENTED_EDGE('',*,*,#11374,.T.);
#11374 = EDGE_CURVE('',#11333,#11375,#11377,.T.);
#11375 = VERTEX_POINT('',#11376);
#11376 = CARTESIAN_POINT('',(6.656230351815,9.466884426791,
    11.390384398536));
#11377 = LINE('',#11378,#11379);
#11378 = CARTESIAN_POINT('',(6.856230351815,9.466884426791,
    11.390384398536));
#11379 = VECTOR('',#11380,1.);
#11380 = DIRECTION('',(-1.,1.08968389867E-13,0.));
#11381 = ORIENTED_EDGE('',*,*,#11382,.T.);
#11382 = EDGE_CURVE('',#11375,#11383,#11385,.T.);
#11383 = VERTEX_POINT('',#11384);
#11384 = CARTESIAN_POINT('',(6.656230351815,10.166884426791,
    11.390384398536));
#11385 = LINE('',#11386,#11387);
#11386 = CARTESIAN_POINT('',(6.656230351815,10.166884426791,
    11.390384398536));
#11387 = VECTOR('',#11388,1.);
#11388 = DIRECTION('',(1.086586178177E-13,1.,-0.));
#11389 = ORIENTED_EDGE('',*,*,#11390,.T.);
#11390 = EDGE_CURVE('',#11383,#8944,#11391,.T.);
#11391 = LINE('',#11392,#11393);
#11392 = CARTESIAN_POINT('',(6.856230351815,10.166884426791,
    11.390384398536));
#11393 = VECTOR('',#11394,1.);
#11394 = DIRECTION('',(1.,-1.08968389867E-13,0.));
#11395 = PLANE('',#11396);
#11396 = AXIS2_PLACEMENT_3D('',#11397,#11398,#11399);
#11397 = CARTESIAN_POINT('',(4.756230351815,6.266884426791,
    11.390384398536));
#11398 = DIRECTION('',(0.,0.,-1.));
#11399 = DIRECTION('',(1.,-1.08968389867E-13,0.));
#11400 = ADVANCED_FACE('',(#11401),#11460,.F.);
#11401 = FACE_BOUND('',#11402,.T.);
#11402 = EDGE_LOOP('',(#11403,#11413,#11419,#11420,#11421,#11422,#11430,
    #11438,#11446,#11454));
#11403 = ORIENTED_EDGE('',*,*,#11404,.F.);
#11404 = EDGE_CURVE('',#11405,#11407,#11409,.T.);
#11405 = VERTEX_POINT('',#11406);
#11406 = CARTESIAN_POINT('',(2.556230351815,10.166884426791,
    11.140384398536));
#11407 = VERTEX_POINT('',#11408);
#11408 = CARTESIAN_POINT('',(2.256230351815,10.166884426791,
    11.140384398536));
#11409 = LINE('',#11410,#11411);
#11410 = CARTESIAN_POINT('',(7.356230351815,10.166884426791,
    11.140384398536));
#11411 = VECTOR('',#11412,1.);
#11412 = DIRECTION('',(-1.,1.092394404101E-13,-0.));
#11413 = ORIENTED_EDGE('',*,*,#11414,.T.);
#11414 = EDGE_CURVE('',#11405,#8976,#11415,.T.);
#11415 = LINE('',#11416,#11417);
#11416 = CARTESIAN_POINT('',(2.556230351815,10.166884426791,
    16.341425952199));
#11417 = VECTOR('',#11418,1.);
#11418 = DIRECTION('',(0.,0.,-1.));
#11419 = ORIENTED_EDGE('',*,*,#8975,.T.);
#11420 = ORIENTED_EDGE('',*,*,#8951,.T.);
#11421 = ORIENTED_EDGE('',*,*,#11390,.F.);
#11422 = ORIENTED_EDGE('',*,*,#11423,.T.);
#11423 = EDGE_CURVE('',#11383,#11424,#11426,.T.);
#11424 = VERTEX_POINT('',#11425);
#11425 = CARTESIAN_POINT('',(6.518856480842,10.166884426791,
    11.440384398536));
#11426 = LINE('',#11427,#11428);
#11427 = CARTESIAN_POINT('',(6.656230351815,10.166884426791,
    11.390384398536));
#11428 = VECTOR('',#11429,1.);
#11429 = DIRECTION('',(-0.939692620786,1.026514960521E-13,0.342020143326
    ));
#11430 = ORIENTED_EDGE('',*,*,#11431,.F.);
#11431 = EDGE_CURVE('',#11432,#11424,#11434,.T.);
#11432 = VERTEX_POINT('',#11433);
#11433 = CARTESIAN_POINT('',(6.356230351815,10.166884426791,
    11.440384398536));
#11434 = LINE('',#11435,#11436);
#11435 = CARTESIAN_POINT('',(6.856230351815,10.166884426791,
    11.440384398536));
#11436 = VECTOR('',#11437,1.);
#11437 = DIRECTION('',(1.,-1.08968389867E-13,0.));
#11438 = ORIENTED_EDGE('',*,*,#11439,.T.);
#11439 = EDGE_CURVE('',#11432,#11440,#11442,.T.);
#11440 = VERTEX_POINT('',#11441);
#11441 = CARTESIAN_POINT('',(3.492605023523,10.166884426791,
    11.540384398536));
#11442 = LINE('',#11443,#11444);
#11443 = CARTESIAN_POINT('',(6.356230351815,10.166884426791,
    11.440384398536));
#11444 = VECTOR('',#11445,1.);
#11445 = DIRECTION('',(-0.999390827019,1.091728946945E-13,
    3.489949670249E-02));
#11446 = ORIENTED_EDGE('',*,*,#11447,.T.);
#11447 = EDGE_CURVE('',#11440,#11448,#11450,.T.);
#11448 = VERTEX_POINT('',#11449);
#11449 = CARTESIAN_POINT('',(2.256230351815,10.166884426791,
    11.540384398536));
#11450 = LINE('',#11451,#11452);
#11451 = CARTESIAN_POINT('',(7.356230351815,10.166884426791,
    11.540384398536));
#11452 = VECTOR('',#11453,1.);
#11453 = DIRECTION('',(-1.,1.092394404101E-13,-0.));
#11454 = ORIENTED_EDGE('',*,*,#11455,.F.);
#11455 = EDGE_CURVE('',#11407,#11448,#11456,.T.);
#11456 = LINE('',#11457,#11458);
#11457 = CARTESIAN_POINT('',(2.256230351815,10.166884426791,
    10.390384398536));
#11458 = VECTOR('',#11459,1.);
#11459 = DIRECTION('',(0.,-0.,1.));
#11460 = PLANE('',#11461);
#11461 = AXIS2_PLACEMENT_3D('',#11462,#11463,#11464);
#11462 = CARTESIAN_POINT('',(7.356230351815,10.166884426791,
    16.341425952199));
#11463 = DIRECTION('',(1.092394404101E-13,1.,0.));
#11464 = DIRECTION('',(1.,-1.092394404101E-13,0.));
#11465 = ADVANCED_FACE('',(#11466),#11477,.F.);
#11466 = FACE_BOUND('',#11467,.T.);
#11467 = EDGE_LOOP('',(#11468,#11469,#11475,#11476));
#11468 = ORIENTED_EDGE('',*,*,#8983,.F.);
#11469 = ORIENTED_EDGE('',*,*,#11470,.T.);
#11470 = EDGE_CURVE('',#8976,#9033,#11471,.T.);
#11471 = LINE('',#11472,#11473);
#11472 = CARTESIAN_POINT('',(2.556230351815,10.666884426791,
    10.340384398536));
#11473 = VECTOR('',#11474,1.);
#11474 = DIRECTION('',(-1.08968389867E-13,-1.,0.));
#11475 = ORIENTED_EDGE('',*,*,#9032,.T.);
#11476 = ORIENTED_EDGE('',*,*,#9016,.F.);
#11477 = PLANE('',#11478);
#11478 = AXIS2_PLACEMENT_3D('',#11479,#11480,#11481);
#11479 = CARTESIAN_POINT('',(4.756230351815,6.266884426791,
    10.340384398536));
#11480 = DIRECTION('',(0.,-0.,1.));
#11481 = DIRECTION('',(-1.,1.08968389867E-13,0.));
#11482 = ADVANCED_FACE('',(#11483),#11510,.F.);
#11483 = FACE_BOUND('',#11484,.T.);
#11484 = EDGE_LOOP('',(#11485,#11493,#11501,#11507,#11508,#11509));
#11485 = ORIENTED_EDGE('',*,*,#11486,.F.);
#11486 = EDGE_CURVE('',#11487,#11405,#11489,.T.);
#11487 = VERTEX_POINT('',#11488);
#11488 = CARTESIAN_POINT('',(2.556230351815,9.466884426791,
    11.140384398536));
#11489 = LINE('',#11490,#11491);
#11490 = CARTESIAN_POINT('',(2.556230351815,7.416884426791,
    11.140384398536));
#11491 = VECTOR('',#11492,1.);
#11492 = DIRECTION('',(1.091205585929E-13,1.,0.));
#11493 = ORIENTED_EDGE('',*,*,#11494,.F.);
#11494 = EDGE_CURVE('',#11495,#11487,#11497,.T.);
#11495 = VERTEX_POINT('',#11496);
#11496 = CARTESIAN_POINT('',(2.556230351815,9.466884426791,
    11.440384398536));
#11497 = LINE('',#11498,#11499);
#11498 = CARTESIAN_POINT('',(2.556230351815,9.466884426791,
    11.440384398536));
#11499 = VECTOR('',#11500,1.);
#11500 = DIRECTION('',(0.,0.,-1.));
#11501 = ORIENTED_EDGE('',*,*,#11502,.F.);
#11502 = EDGE_CURVE('',#9041,#11495,#11503,.T.);
#11503 = LINE('',#11504,#11505);
#11504 = CARTESIAN_POINT('',(2.556230351815,7.416884426791,
    11.440384398536));
#11505 = VECTOR('',#11506,1.);
#11506 = DIRECTION('',(1.091799415104E-13,1.,0.));
#11507 = ORIENTED_EDGE('',*,*,#9040,.T.);
#11508 = ORIENTED_EDGE('',*,*,#11470,.F.);
#11509 = ORIENTED_EDGE('',*,*,#11414,.F.);
#11510 = PLANE('',#11511);
#11511 = AXIS2_PLACEMENT_3D('',#11512,#11513,#11514);
#11512 = CARTESIAN_POINT('',(2.556230351815,7.416884426791,
    11.440384398536));
#11513 = DIRECTION('',(-1.,1.091799415104E-13,-0.));
#11514 = DIRECTION('',(1.091799415104E-13,1.,0.));
#11515 = ADVANCED_FACE('',(#11516),#11558,.T.);
#11516 = FACE_BOUND('',#11517,.T.);
#11517 = EDGE_LOOP('',(#11518,#11519,#11527,#11533,#11534,#11540,#11541,
    #11542,#11543,#11544,#11552));
#11518 = ORIENTED_EDGE('',*,*,#11431,.T.);
#11519 = ORIENTED_EDGE('',*,*,#11520,.T.);
#11520 = EDGE_CURVE('',#11424,#11521,#11523,.T.);
#11521 = VERTEX_POINT('',#11522);
#11522 = CARTESIAN_POINT('',(6.518856480842,9.329510555818,
    11.440384398536));
#11523 = LINE('',#11524,#11525);
#11524 = CARTESIAN_POINT('',(6.518856480842,6.266884426791,
    11.440384398536));
#11525 = VECTOR('',#11526,1.);
#11526 = DIRECTION('',(-1.086586178177E-13,-1.,0.));
#11527 = ORIENTED_EDGE('',*,*,#11528,.T.);
#11528 = EDGE_CURVE('',#11521,#11351,#11529,.T.);
#11529 = LINE('',#11530,#11531);
#11530 = CARTESIAN_POINT('',(4.756230351815,9.329510555818,
    11.440384398536));
#11531 = VECTOR('',#11532,1.);
#11532 = DIRECTION('',(1.,-1.08968389867E-13,0.));
#11533 = ORIENTED_EDGE('',*,*,#11350,.T.);
#11534 = ORIENTED_EDGE('',*,*,#11535,.T.);
#11535 = EDGE_CURVE('',#11343,#9097,#11536,.T.);
#11536 = LINE('',#11537,#11538);
#11537 = CARTESIAN_POINT('',(2.556230351815,9.466884426791,
    11.440384398536));
#11538 = VECTOR('',#11539,1.);
#11539 = DIRECTION('',(1.,-1.08968389867E-13,0.));
#11540 = ORIENTED_EDGE('',*,*,#9113,.T.);
#11541 = ORIENTED_EDGE('',*,*,#9070,.T.);
#11542 = ORIENTED_EDGE('',*,*,#9048,.T.);
#11543 = ORIENTED_EDGE('',*,*,#11502,.T.);
#11544 = ORIENTED_EDGE('',*,*,#11545,.T.);
#11545 = EDGE_CURVE('',#11495,#11546,#11548,.T.);
#11546 = VERTEX_POINT('',#11547);
#11547 = CARTESIAN_POINT('',(6.356230351815,9.466884426791,
    11.440384398536));
#11548 = LINE('',#11549,#11550);
#11549 = CARTESIAN_POINT('',(2.556230351815,9.466884426791,
    11.440384398536));
#11550 = VECTOR('',#11551,1.);
#11551 = DIRECTION('',(1.,-1.08968389867E-13,0.));
#11552 = ORIENTED_EDGE('',*,*,#11553,.T.);
#11553 = EDGE_CURVE('',#11546,#11432,#11554,.T.);
#11554 = LINE('',#11555,#11556);
#11555 = CARTESIAN_POINT('',(6.356230351815,9.466884426791,
    11.440384398536));
#11556 = VECTOR('',#11557,1.);
#11557 = DIRECTION('',(1.08968389867E-13,1.,0.));
#11558 = PLANE('',#11559);
#11559 = AXIS2_PLACEMENT_3D('',#11560,#11561,#11562);
#11560 = CARTESIAN_POINT('',(4.756230351815,6.266884426791,
    11.440384398536));
#11561 = DIRECTION('',(0.,0.,-1.));
#11562 = DIRECTION('',(1.,-1.08968389867E-13,0.));
#11563 = ADVANCED_FACE('',(#11564),#11577,.F.);
#11564 = FACE_BOUND('',#11565,.T.);
#11565 = EDGE_LOOP('',(#11566,#11567,#11568,#11569,#11575,#11576));
#11566 = ORIENTED_EDGE('',*,*,#11535,.F.);
#11567 = ORIENTED_EDGE('',*,*,#11342,.F.);
#11568 = ORIENTED_EDGE('',*,*,#11298,.T.);
#11569 = ORIENTED_EDGE('',*,*,#11570,.F.);
#11570 = EDGE_CURVE('',#9492,#11291,#11571,.T.);
#11571 = LINE('',#11572,#11573);
#11572 = CARTESIAN_POINT('',(9.056230351815,9.466884426791,
    11.140384398536));
#11573 = VECTOR('',#11574,1.);
#11574 = DIRECTION('',(-0.173648177667,1.89221623237E-14,0.984807753012)
  );
#11575 = ORIENTED_EDGE('',*,*,#9491,.F.);
#11576 = ORIENTED_EDGE('',*,*,#9094,.T.);
#11577 = PLANE('',#11578);
#11578 = AXIS2_PLACEMENT_3D('',#11579,#11580,#11581);
#11579 = CARTESIAN_POINT('',(2.156230351815,9.466884426791,
    18.466422226905));
#11580 = DIRECTION('',(-1.08968389867E-13,-1.,0.));
#11581 = DIRECTION('',(0.,0.,-1.));
#11582 = ADVANCED_FACE('',(#11583),#11609,.T.);
#11583 = FACE_BOUND('',#11584,.T.);
#11584 = EDGE_LOOP('',(#11585,#11596,#11602,#11603));
#11585 = ORIENTED_EDGE('',*,*,#11586,.F.);
#11586 = EDGE_CURVE('',#11587,#11589,#11591,.T.);
#11587 = VERTEX_POINT('',#11588);
#11588 = CARTESIAN_POINT('',(10.956230351815,9.01688442679,
    9.640384398536));
#11589 = VERTEX_POINT('',#11590);
#11590 = CARTESIAN_POINT('',(10.156230351815,9.01688442679,
    9.640384398536));
#11591 = CIRCLE('',#11592,0.4);
#11592 = AXIS2_PLACEMENT_3D('',#11593,#11594,#11595);
#11593 = CARTESIAN_POINT('',(10.556230351815,9.01688442679,
    9.640384398536));
#11594 = DIRECTION('',(0.,0.,-1.));
#11595 = DIRECTION('',(-1.,1.08968389867E-13,0.));
#11596 = ORIENTED_EDGE('',*,*,#11597,.T.);
#11597 = EDGE_CURVE('',#11587,#9130,#11598,.T.);
#11598 = LINE('',#11599,#11600);
#11599 = CARTESIAN_POINT('',(10.956230351815,9.01688442679,
    9.640384398536));
#11600 = VECTOR('',#11601,1.);
#11601 = DIRECTION('',(0.707106781187,-7.713888301553E-14,0.707106781187
    ));
#11602 = ORIENTED_EDGE('',*,*,#9127,.F.);
#11603 = ORIENTED_EDGE('',*,*,#11604,.F.);
#11604 = EDGE_CURVE('',#11589,#9128,#11605,.T.);
#11605 = LINE('',#11606,#11607);
#11606 = CARTESIAN_POINT('',(10.156230351815,9.01688442679,
    9.640384398536));
#11607 = VECTOR('',#11608,1.);
#11608 = DIRECTION('',(-0.707106781187,7.705228740991E-14,0.707106781187
    ));
#11609 = CONICAL_SURFACE('',#11610,0.4,0.785398163397);
#11610 = AXIS2_PLACEMENT_3D('',#11611,#11612,#11613);
#11611 = CARTESIAN_POINT('',(10.556230351815,9.01688442679,
    9.640384398536));
#11612 = DIRECTION('',(0.,-0.,1.));
#11613 = DIRECTION('',(-1.,1.08968389867E-13,0.));
#11614 = ADVANCED_FACE('',(#11615),#11627,.T.);
#11615 = FACE_BOUND('',#11616,.T.);
#11616 = EDGE_LOOP('',(#11617,#11618,#11625,#11626));
#11617 = ORIENTED_EDGE('',*,*,#11597,.F.);
#11618 = ORIENTED_EDGE('',*,*,#11619,.F.);
#11619 = EDGE_CURVE('',#11589,#11587,#11620,.T.);
#11620 = CIRCLE('',#11621,0.4);
#11621 = AXIS2_PLACEMENT_3D('',#11622,#11623,#11624);
#11622 = CARTESIAN_POINT('',(10.556230351815,9.01688442679,
    9.640384398536));
#11623 = DIRECTION('',(0.,0.,-1.));
#11624 = DIRECTION('',(-1.,1.08968389867E-13,0.));
#11625 = ORIENTED_EDGE('',*,*,#11604,.T.);
#11626 = ORIENTED_EDGE('',*,*,#9146,.F.);
#11627 = CONICAL_SURFACE('',#11628,0.4,0.785398163397);
#11628 = AXIS2_PLACEMENT_3D('',#11629,#11630,#11631);
#11629 = CARTESIAN_POINT('',(10.556230351815,9.01688442679,
    9.640384398536));
#11630 = DIRECTION('',(0.,-0.,1.));
#11631 = DIRECTION('',(-1.,1.08968389867E-13,0.));
#11632 = ADVANCED_FACE('',(#11633),#11659,.T.);
#11633 = FACE_BOUND('',#11634,.T.);
#11634 = EDGE_LOOP('',(#11635,#11643,#11652,#11658));
#11635 = ORIENTED_EDGE('',*,*,#11636,.F.);
#11636 = EDGE_CURVE('',#11637,#9162,#11639,.T.);
#11637 = VERTEX_POINT('',#11638);
#11638 = CARTESIAN_POINT('',(-0.743769648186,3.516884426792,
    9.640384398536));
#11639 = LINE('',#11640,#11641);
#11640 = CARTESIAN_POINT('',(-0.743769648186,3.516884426792,
    9.640384398536));
#11641 = VECTOR('',#11642,1.);
#11642 = DIRECTION('',(0.707106781187,-7.713888301553E-14,0.707106781187
    ));
#11643 = ORIENTED_EDGE('',*,*,#11644,.F.);
#11644 = EDGE_CURVE('',#11645,#11637,#11647,.T.);
#11645 = VERTEX_POINT('',#11646);
#11646 = CARTESIAN_POINT('',(-1.343769648186,3.516884426792,
    9.640384398536));
#11647 = CIRCLE('',#11648,0.3);
#11648 = AXIS2_PLACEMENT_3D('',#11649,#11650,#11651);
#11649 = CARTESIAN_POINT('',(-1.043769648186,3.516884426792,
    9.640384398536));
#11650 = DIRECTION('',(0.,0.,-1.));
#11651 = DIRECTION('',(-1.,1.08968389867E-13,0.));
#11652 = ORIENTED_EDGE('',*,*,#11653,.T.);
#11653 = EDGE_CURVE('',#11645,#9164,#11654,.T.);
#11654 = LINE('',#11655,#11656);
#11655 = CARTESIAN_POINT('',(-1.343769648186,3.516884426792,
    9.640384398536));
#11656 = VECTOR('',#11657,1.);
#11657 = DIRECTION('',(-0.707106781187,7.705228740991E-14,0.707106781187
    ));
#11658 = ORIENTED_EDGE('',*,*,#9161,.F.);
#11659 = CONICAL_SURFACE('',#11660,0.3,0.785398163397);
#11660 = AXIS2_PLACEMENT_3D('',#11661,#11662,#11663);
#11661 = CARTESIAN_POINT('',(-1.043769648186,3.516884426792,
    9.640384398536));
#11662 = DIRECTION('',(0.,-0.,1.));
#11663 = DIRECTION('',(-1.,1.08968389867E-13,0.));
#11664 = ADVANCED_FACE('',(#11665),#11677,.T.);
#11665 = FACE_BOUND('',#11666,.T.);
#11666 = EDGE_LOOP('',(#11667,#11674,#11675,#11676));
#11667 = ORIENTED_EDGE('',*,*,#11668,.F.);
#11668 = EDGE_CURVE('',#11637,#11645,#11669,.T.);
#11669 = CIRCLE('',#11670,0.3);
#11670 = AXIS2_PLACEMENT_3D('',#11671,#11672,#11673);
#11671 = CARTESIAN_POINT('',(-1.043769648186,3.516884426792,
    9.640384398536));
#11672 = DIRECTION('',(0.,0.,-1.));
#11673 = DIRECTION('',(-1.,1.08968389867E-13,0.));
#11674 = ORIENTED_EDGE('',*,*,#11636,.T.);
#11675 = ORIENTED_EDGE('',*,*,#9180,.F.);
#11676 = ORIENTED_EDGE('',*,*,#11653,.F.);
#11677 = CONICAL_SURFACE('',#11678,0.3,0.785398163397);
#11678 = AXIS2_PLACEMENT_3D('',#11679,#11680,#11681);
#11679 = CARTESIAN_POINT('',(-1.043769648186,3.516884426792,
    9.640384398536));
#11680 = DIRECTION('',(0.,-0.,1.));
#11681 = DIRECTION('',(-1.,1.08968389867E-13,0.));
#11682 = ADVANCED_FACE('',(#11683),#11763,.F.);
#11683 = FACE_BOUND('',#11684,.F.);
#11684 = EDGE_LOOP('',(#11685,#11696,#11705,#11714,#11721,#11722,#11730,
    #11739,#11748,#11757));
#11685 = ORIENTED_EDGE('',*,*,#11686,.T.);
#11686 = EDGE_CURVE('',#11687,#11689,#11691,.T.);
#11687 = VERTEX_POINT('',#11688);
#11688 = CARTESIAN_POINT('',(6.706230351689,2.731884426789,
    10.390384398608));
#11689 = VERTEX_POINT('',#11690);
#11690 = CARTESIAN_POINT('',(6.753552082926,2.816884426791,
    10.390384398572));
#11691 = CIRCLE('',#11692,9.999999999999E-02);
#11692 = AXIS2_PLACEMENT_3D('',#11693,#11694,#11695);
#11693 = CARTESIAN_POINT('',(6.806230351688,2.731884426789,
    10.390384398608));
#11694 = DIRECTION('',(9.020562076321E-17,-2.220446049008E-16,-1.));
#11695 = DIRECTION('',(-1.,1.08968389867E-13,-9.020562076324E-17));
#11696 = ORIENTED_EDGE('',*,*,#11697,.T.);
#11697 = EDGE_CURVE('',#11689,#11698,#11700,.T.);
#11698 = VERTEX_POINT('',#11699);
#11699 = CARTESIAN_POINT('',(6.806230351688,2.831884426789,
    10.390384398608));
#11700 = CIRCLE('',#11701,9.999999999999E-02);
#11701 = AXIS2_PLACEMENT_3D('',#11702,#11703,#11704);
#11702 = CARTESIAN_POINT('',(6.806230351688,2.731884426789,
    10.390384398608));
#11703 = DIRECTION('',(9.020562076321E-17,-2.220446049008E-16,-1.));
#11704 = DIRECTION('',(-1.,1.08968389867E-13,-9.020562076324E-17));
#11705 = ORIENTED_EDGE('',*,*,#11706,.T.);
#11706 = EDGE_CURVE('',#11698,#11707,#11709,.T.);
#11707 = VERTEX_POINT('',#11708);
#11708 = CARTESIAN_POINT('',(6.858908620451,2.816884426791,
    10.390384398572));
#11709 = CIRCLE('',#11710,9.999999999999E-02);
#11710 = AXIS2_PLACEMENT_3D('',#11711,#11712,#11713);
#11711 = CARTESIAN_POINT('',(6.806230351689,2.731884426789,
    10.390384398608));
#11712 = DIRECTION('',(9.020562076321E-17,-2.220446049008E-16,-1.));
#11713 = DIRECTION('',(-1.,1.08968389867E-13,-9.020562076324E-17));
#11714 = ORIENTED_EDGE('',*,*,#11715,.T.);
#11715 = EDGE_CURVE('',#11707,#9196,#11716,.T.);
#11716 = CIRCLE('',#11717,9.999999999999E-02);
#11717 = AXIS2_PLACEMENT_3D('',#11718,#11719,#11720);
#11718 = CARTESIAN_POINT('',(6.806230351689,2.731884426789,
    10.390384398608));
#11719 = DIRECTION('',(9.020562076321E-17,-2.220446049008E-16,-1.));
#11720 = DIRECTION('',(-1.,1.08968389867E-13,-9.020562076324E-17));
#11721 = ORIENTED_EDGE('',*,*,#9195,.T.);
#11722 = ORIENTED_EDGE('',*,*,#11723,.T.);
#11723 = EDGE_CURVE('',#9198,#11724,#11726,.T.);
#11724 = VERTEX_POINT('',#11725);
#11725 = CARTESIAN_POINT('',(6.906230351689,2.731884426789,
    10.330384398608));
#11726 = LINE('',#11727,#11728);
#11727 = CARTESIAN_POINT('',(6.906230351689,2.731884426789,
    10.330384398608));
#11728 = VECTOR('',#11729,1.);
#11729 = DIRECTION('',(9.020562076316E-17,-2.220446049008E-16,-1.));
#11730 = ORIENTED_EDGE('',*,*,#11731,.T.);
#11731 = EDGE_CURVE('',#11724,#11732,#11734,.T.);
#11732 = VERTEX_POINT('',#11733);
#11733 = CARTESIAN_POINT('',(6.806230351689,2.831884426789,
    10.330384398608));
#11734 = CIRCLE('',#11735,9.999999999999E-02);
#11735 = AXIS2_PLACEMENT_3D('',#11736,#11737,#11738);
#11736 = CARTESIAN_POINT('',(6.806230351689,2.731884426789,
    10.330384398608));
#11737 = DIRECTION('',(-9.020562076321E-17,2.220446049008E-16,1.));
#11738 = DIRECTION('',(1.,-1.08968389867E-13,9.020562076324E-17));
#11739 = ORIENTED_EDGE('',*,*,#11740,.T.);
#11740 = EDGE_CURVE('',#11732,#11741,#11743,.T.);
#11741 = VERTEX_POINT('',#11742);
#11742 = CARTESIAN_POINT('',(6.706731607978,2.741884426789,
    10.330384398608));
#11743 = CIRCLE('',#11744,9.999999999999E-02);
#11744 = AXIS2_PLACEMENT_3D('',#11745,#11746,#11747);
#11745 = CARTESIAN_POINT('',(6.806230351689,2.731884426789,
    10.330384398608));
#11746 = DIRECTION('',(-9.020562076321E-17,2.220446049008E-16,1.));
#11747 = DIRECTION('',(1.,-1.08968389867E-13,9.020562076324E-17));
#11748 = ORIENTED_EDGE('',*,*,#11749,.F.);
#11749 = EDGE_CURVE('',#11750,#11741,#11752,.T.);
#11750 = VERTEX_POINT('',#11751);
#11751 = CARTESIAN_POINT('',(6.706230351689,2.731884426789,
    10.330697204381));
#11752 = B_SPLINE_CURVE_WITH_KNOTS('',3,(#11753,#11754,#11755,#11756),
  .UNSPECIFIED.,.F.,.F.,(4,4),(0.,1.001744005819E-05),
  .PIECEWISE_BEZIER_KNOTS.);
#11753 = CARTESIAN_POINT('',(6.706230351689,2.731884426789,
    10.330697204381));
#11754 = CARTESIAN_POINT('',(6.706230351689,2.735217045323,
    10.330488507713));
#11755 = CARTESIAN_POINT('',(6.706397693309,2.738562017786,
    10.330384398608));
#11756 = CARTESIAN_POINT('',(6.706731607978,2.741884426789,
    10.330384398608));
#11757 = ORIENTED_EDGE('',*,*,#11758,.T.);
#11758 = EDGE_CURVE('',#11750,#11687,#11759,.T.);
#11759 = LINE('',#11760,#11761);
#11760 = CARTESIAN_POINT('',(6.706230351689,2.731884426789,
    10.390384398608));
#11761 = VECTOR('',#11762,1.);
#11762 = DIRECTION('',(-9.020562076316E-17,2.220446049008E-16,1.));
#11763 = CYLINDRICAL_SURFACE('',#11764,9.999999999999E-02);
#11764 = AXIS2_PLACEMENT_3D('',#11765,#11766,#11767);
#11765 = CARTESIAN_POINT('',(6.806230351689,2.731884426789,
    10.530384398608));
#11766 = DIRECTION('',(-9.020562076314E-17,2.220446049008E-16,1.));
#11767 = DIRECTION('',(1.,-1.08968389867E-13,9.020562076316E-17));
#11768 = ADVANCED_FACE('',(#11769),#11788,.F.);
#11769 = FACE_BOUND('',#11770,.T.);
#11770 = EDGE_LOOP('',(#11771,#11772,#11773,#11781,#11787));
#11771 = ORIENTED_EDGE('',*,*,#9213,.F.);
#11772 = ORIENTED_EDGE('',*,*,#11723,.T.);
#11773 = ORIENTED_EDGE('',*,*,#11774,.T.);
#11774 = EDGE_CURVE('',#11724,#11775,#11777,.T.);
#11775 = VERTEX_POINT('',#11776);
#11776 = CARTESIAN_POINT('',(6.906230351689,2.266884426789,
    10.330384398608));
#11777 = LINE('',#11778,#11779);
#11778 = CARTESIAN_POINT('',(6.906230351689,2.266884426789,
    10.330384398608));
#11779 = VECTOR('',#11780,1.);
#11780 = DIRECTION('',(-1.08968389867E-13,-1.,2.220446049008E-16));
#11781 = ORIENTED_EDGE('',*,*,#11782,.T.);
#11782 = EDGE_CURVE('',#11775,#9236,#11783,.T.);
#11783 = LINE('',#11784,#11785);
#11784 = CARTESIAN_POINT('',(6.906230351688,2.266884426789,
    10.390384398608));
#11785 = VECTOR('',#11786,1.);
#11786 = DIRECTION('',(-9.020562076316E-17,2.220446049008E-16,1.));
#11787 = ORIENTED_EDGE('',*,*,#9243,.F.);
#11788 = PLANE('',#11789);
#11789 = AXIS2_PLACEMENT_3D('',#11790,#11791,#11792);
#11790 = CARTESIAN_POINT('',(6.906230351688,2.266884426789,
    10.530384398608));
#11791 = DIRECTION('',(1.,-1.08968389867E-13,9.020562076319E-17));
#11792 = DIRECTION('',(9.020562076316E-17,-2.220446049008E-16,-1.));
#11793 = ADVANCED_FACE('',(#11794),#11821,.T.);
#11794 = FACE_BOUND('',#11795,.T.);
#11795 = EDGE_LOOP('',(#11796,#11804,#11812,#11818,#11819,#11820));
#11796 = ORIENTED_EDGE('',*,*,#11797,.T.);
#11797 = EDGE_CURVE('',#9228,#11798,#11800,.T.);
#11798 = VERTEX_POINT('',#11799);
#11799 = CARTESIAN_POINT('',(7.306230351689,2.266884426789,
    10.330384398608));
#11800 = LINE('',#11801,#11802);
#11801 = CARTESIAN_POINT('',(7.306230351689,2.266884426789,
    10.390384398608));
#11802 = VECTOR('',#11803,1.);
#11803 = DIRECTION('',(9.020562076319E-17,-2.220446049008E-16,-1.));
#11804 = ORIENTED_EDGE('',*,*,#11805,.F.);
#11805 = EDGE_CURVE('',#11806,#11798,#11808,.T.);
#11806 = VERTEX_POINT('',#11807);
#11807 = CARTESIAN_POINT('',(7.306230351689,4.966884426789,
    10.330384398608));
#11808 = LINE('',#11809,#11810);
#11809 = CARTESIAN_POINT('',(7.306230351689,4.066884426789,
    10.330384398608));
#11810 = VECTOR('',#11811,1.);
#11811 = DIRECTION('',(-1.08968389867E-13,-1.,2.220446049008E-16));
#11812 = ORIENTED_EDGE('',*,*,#11813,.F.);
#11813 = EDGE_CURVE('',#10493,#11806,#11814,.T.);
#11814 = LINE('',#11815,#11816);
#11815 = CARTESIAN_POINT('',(7.306230351689,4.966884426789,
    10.390384398608));
#11816 = VECTOR('',#11817,1.);
#11817 = DIRECTION('',(9.020562076319E-17,-2.220446049008E-16,-1.));
#11818 = ORIENTED_EDGE('',*,*,#10492,.F.);
#11819 = ORIENTED_EDGE('',*,*,#9258,.F.);
#11820 = ORIENTED_EDGE('',*,*,#9227,.F.);
#11821 = PLANE('',#11822);
#11822 = AXIS2_PLACEMENT_3D('',#11823,#11824,#11825);
#11823 = CARTESIAN_POINT('',(7.306230351689,4.651884426789,
    13.268734620523));
#11824 = DIRECTION('',(1.,-1.08968389867E-13,9.020562076321E-17));
#11825 = DIRECTION('',(9.020562076319E-17,-2.220446049008E-16,-1.));
#11826 = ADVANCED_FACE('',(#11827),#11838,.T.);
#11827 = FACE_BOUND('',#11828,.T.);
#11828 = EDGE_LOOP('',(#11829,#11830,#11836,#11837));
#11829 = ORIENTED_EDGE('',*,*,#11782,.F.);
#11830 = ORIENTED_EDGE('',*,*,#11831,.F.);
#11831 = EDGE_CURVE('',#11798,#11775,#11832,.T.);
#11832 = LINE('',#11833,#11834);
#11833 = CARTESIAN_POINT('',(7.306230351689,2.266884426789,
    10.330384398608));
#11834 = VECTOR('',#11835,1.);
#11835 = DIRECTION('',(-1.,1.08968389867E-13,-2.221348105458E-13));
#11836 = ORIENTED_EDGE('',*,*,#11797,.F.);
#11837 = ORIENTED_EDGE('',*,*,#9235,.T.);
#11838 = PLANE('',#11839);
#11839 = AXIS2_PLACEMENT_3D('',#11840,#11841,#11842);
#11840 = CARTESIAN_POINT('',(7.306230351689,2.266884426789,
    10.390384398608));
#11841 = DIRECTION('',(-1.08968389867E-13,-1.,2.220446049008E-16));
#11842 = DIRECTION('',(1.,-1.08968389867E-13,2.221348105458E-13));
#11843 = ADVANCED_FACE('',(#11844),#11863,.T.);
#11844 = FACE_BOUND('',#11845,.T.);
#11845 = EDGE_LOOP('',(#11846,#11847,#11848,#11849,#11857));
#11846 = ORIENTED_EDGE('',*,*,#9289,.F.);
#11847 = ORIENTED_EDGE('',*,*,#10477,.T.);
#11848 = ORIENTED_EDGE('',*,*,#9336,.F.);
#11849 = ORIENTED_EDGE('',*,*,#11850,.T.);
#11850 = EDGE_CURVE('',#9337,#11851,#11853,.T.);
#11851 = VERTEX_POINT('',#11852);
#11852 = CARTESIAN_POINT('',(7.956230351815,4.166884426791,
    10.540384398536));
#11853 = LINE('',#11854,#11855);
#11854 = CARTESIAN_POINT('',(8.822897018481,5.033551093457,
    9.673717731869));
#11855 = VECTOR('',#11856,1.);
#11856 = DIRECTION('',(-0.57735026919,-0.57735026919,0.57735026919));
#11857 = ORIENTED_EDGE('',*,*,#11858,.F.);
#11858 = EDGE_CURVE('',#9282,#11851,#11859,.T.);
#11859 = LINE('',#11860,#11861);
#11860 = CARTESIAN_POINT('',(7.956230351815,4.166884426791,
    10.540384398536));
#11861 = VECTOR('',#11862,1.);
#11862 = DIRECTION('',(-7.705228740991E-14,-0.707106781187,
    0.707106781187));
#11863 = PLANE('',#11864);
#11864 = AXIS2_PLACEMENT_3D('',#11865,#11866,#11867);
#11865 = CARTESIAN_POINT('',(4.756230351815,4.166884426791,
    10.540384398536));
#11866 = DIRECTION('',(-7.705228740991E-14,-0.707106781187,
    -0.707106781187));
#11867 = DIRECTION('',(-1.,1.08968389867E-13,0.));
#11868 = ADVANCED_FACE('',(#11869),#11887,.T.);
#11869 = FACE_BOUND('',#11870,.T.);
#11870 = EDGE_LOOP('',(#11871,#11872,#11873,#11881));
#11871 = ORIENTED_EDGE('',*,*,#9281,.F.);
#11872 = ORIENTED_EDGE('',*,*,#11858,.T.);
#11873 = ORIENTED_EDGE('',*,*,#11874,.T.);
#11874 = EDGE_CURVE('',#11851,#11875,#11877,.T.);
#11875 = VERTEX_POINT('',#11876);
#11876 = CARTESIAN_POINT('',(7.956230351814,3.066884426791,
    10.540384398536));
#11877 = LINE('',#11878,#11879);
#11878 = CARTESIAN_POINT('',(7.956230351814,2.816884426791,
    10.540384398536));
#11879 = VECTOR('',#11880,1.);
#11880 = DIRECTION('',(-1.086347891985E-13,-1.,0.));
#11881 = ORIENTED_EDGE('',*,*,#11882,.T.);
#11882 = EDGE_CURVE('',#11875,#9274,#11883,.T.);
#11883 = LINE('',#11884,#11885);
#11884 = CARTESIAN_POINT('',(7.956230351814,3.066884426791,
    10.540384398536));
#11885 = VECTOR('',#11886,1.);
#11886 = DIRECTION('',(-7.705228740991E-14,-0.707106781187,
    -0.707106781187));
#11887 = PLANE('',#11888);
#11888 = AXIS2_PLACEMENT_3D('',#11889,#11890,#11891);
#11889 = CARTESIAN_POINT('',(7.956230351814,3.066884426791,
    3.847258234385));
#11890 = DIRECTION('',(1.,-1.08968389867E-13,0.));
#11891 = DIRECTION('',(0.,-0.,1.));
#11892 = ADVANCED_FACE('',(#11893),#11905,.T.);
#11893 = FACE_BOUND('',#11894,.T.);
#11894 = EDGE_LOOP('',(#11895,#11896,#11902,#11903,#11904));
#11895 = ORIENTED_EDGE('',*,*,#11882,.F.);
#11896 = ORIENTED_EDGE('',*,*,#11897,.T.);
#11897 = EDGE_CURVE('',#11875,#9357,#11898,.T.);
#11898 = LINE('',#11899,#11900);
#11899 = CARTESIAN_POINT('',(7.056230351815,3.966884426791,
    11.440384398536));
#11900 = VECTOR('',#11901,1.);
#11901 = DIRECTION('',(0.57735026919,-0.57735026919,-0.57735026919));
#11902 = ORIENTED_EDGE('',*,*,#9356,.T.);
#11903 = ORIENTED_EDGE('',*,*,#9312,.T.);
#11904 = ORIENTED_EDGE('',*,*,#9273,.F.);
#11905 = PLANE('',#11906);
#11906 = AXIS2_PLACEMENT_3D('',#11907,#11908,#11909);
#11907 = CARTESIAN_POINT('',(4.756230351814,3.066884426791,
    10.540384398536));
#11908 = DIRECTION('',(7.705228740991E-14,0.707106781187,-0.707106781187
    ));
#11909 = DIRECTION('',(1.,-1.08968389867E-13,0.));
#11910 = ADVANCED_FACE('',(#11911),#11917,.T.);
#11911 = FACE_BOUND('',#11912,.T.);
#11912 = EDGE_LOOP('',(#11913,#11914,#11915,#11916));
#11913 = ORIENTED_EDGE('',*,*,#11897,.F.);
#11914 = ORIENTED_EDGE('',*,*,#11874,.F.);
#11915 = ORIENTED_EDGE('',*,*,#11850,.F.);
#11916 = ORIENTED_EDGE('',*,*,#9364,.F.);
#11917 = PLANE('',#11918);
#11918 = AXIS2_PLACEMENT_3D('',#11919,#11920,#11921);
#11919 = CARTESIAN_POINT('',(8.206230351815,6.266884426791,
    10.290384398536));
#11920 = DIRECTION('',(-0.707106781187,7.681639611503E-14,
    -0.707106781187));
#11921 = DIRECTION('',(-1.086347891985E-13,-1.,-7.089955840387E-32));
#11922 = ADVANCED_FACE('',(#11923),#11939,.F.);
#11923 = FACE_BOUND('',#11924,.T.);
#11924 = EDGE_LOOP('',(#11925,#11926,#11932,#11933));
#11925 = ORIENTED_EDGE('',*,*,#9395,.F.);
#11926 = ORIENTED_EDGE('',*,*,#11927,.T.);
#11927 = EDGE_CURVE('',#9396,#11275,#11928,.T.);
#11928 = LINE('',#11929,#11930);
#11929 = CARTESIAN_POINT('',(9.174448468354,6.375160181592,
    7.500985353533));
#11930 = VECTOR('',#11931,1.);
#11931 = DIRECTION('',(-0.171087869746,0.171087869746,0.970287525248));
#11932 = ORIENTED_EDGE('',*,*,#11274,.T.);
#11933 = ORIENTED_EDGE('',*,*,#11934,.T.);
#11934 = EDGE_CURVE('',#11267,#9398,#11935,.T.);
#11935 = LINE('',#11936,#11937);
#11936 = CARTESIAN_POINT('',(1.842544676831,7.879692623148,
    16.033612836353));
#11937 = VECTOR('',#11938,1.);
#11938 = DIRECTION('',(-0.171087869746,-0.171087869746,-0.970287525248)
  );
#11939 = PLANE('',#11940);
#11940 = AXIS2_PLACEMENT_3D('',#11941,#11942,#11943);
#11941 = CARTESIAN_POINT('',(30.456230351815,7.016884426788,
    11.140384398536));
#11942 = DIRECTION('',(1.07078892006E-13,0.984807753012,-0.173648177667)
  );
#11943 = DIRECTION('',(1.89221623237E-14,0.173648177667,0.984807753012)
  );
#11944 = ADVANCED_FACE('',(#11945),#11951,.F.);
#11945 = FACE_BOUND('',#11946,.T.);
#11946 = EDGE_LOOP('',(#11947,#11948,#11949,#11950));
#11947 = ORIENTED_EDGE('',*,*,#11266,.F.);
#11948 = ORIENTED_EDGE('',*,*,#11205,.F.);
#11949 = ORIENTED_EDGE('',*,*,#9405,.F.);
#11950 = ORIENTED_EDGE('',*,*,#11934,.F.);
#11951 = PLANE('',#11952);
#11952 = AXIS2_PLACEMENT_3D('',#11953,#11954,#11955);
#11953 = CARTESIAN_POINT('',(1.842544676831,7.879692623148,
    16.033612836353));
#11954 = DIRECTION('',(0.675356736508,0.696681039223,-0.241927278413));
#11955 = DIRECTION('',(-0.171087869746,-0.171087869746,-0.970287525248)
  );
#11956 = ADVANCED_FACE('',(#11957),#11985,.F.);
#11957 = FACE_BOUND('',#11958,.T.);
#11958 = EDGE_LOOP('',(#11959,#11967,#11975,#11981,#11982,#11983,#11984)
  );
#11959 = ORIENTED_EDGE('',*,*,#11960,.F.);
#11960 = EDGE_CURVE('',#11961,#10272,#11963,.T.);
#11961 = VERTEX_POINT('',#11962);
#11962 = CARTESIAN_POINT('',(0.306922624757,2.816884426792,
    10.690384398536));
#11963 = LINE('',#11964,#11965);
#11964 = CARTESIAN_POINT('',(1.256230351814,2.816884426791,
    10.690384398536));
#11965 = VECTOR('',#11966,1.);
#11966 = DIRECTION('',(1.,-1.08968389867E-13,0.));
#11967 = ORIENTED_EDGE('',*,*,#11968,.T.);
#11968 = EDGE_CURVE('',#11961,#11969,#11971,.T.);
#11969 = VERTEX_POINT('',#11970);
#11970 = CARTESIAN_POINT('',(-0.543769648186,2.816884426792,
    10.840384398536));
#11971 = LINE('',#11972,#11973);
#11972 = CARTESIAN_POINT('',(0.306922624757,2.816884426792,
    10.690384398536));
#11973 = VECTOR('',#11974,1.);
#11974 = DIRECTION('',(-0.984807753012,1.073129151742E-13,0.173648177667
    ));
#11975 = ORIENTED_EDGE('',*,*,#11976,.T.);
#11976 = EDGE_CURVE('',#11969,#9438,#11977,.T.);
#11977 = LINE('',#11978,#11979);
#11978 = CARTESIAN_POINT('',(-0.543769648186,2.816884426792,
    10.690384398536));
#11979 = VECTOR('',#11980,1.);
#11980 = DIRECTION('',(-0.,0.,1.));
#11981 = ORIENTED_EDGE('',*,*,#9437,.T.);
#11982 = ORIENTED_EDGE('',*,*,#10345,.F.);
#11983 = ORIENTED_EDGE('',*,*,#10321,.F.);
#11984 = ORIENTED_EDGE('',*,*,#10271,.F.);
#11985 = PLANE('',#11986);
#11986 = AXIS2_PLACEMENT_3D('',#11987,#11988,#11989);
#11987 = CARTESIAN_POINT('',(1.256230351814,2.816884426791,
    10.690384398536));
#11988 = DIRECTION('',(-1.08968389867E-13,-1.,0.));
#11989 = DIRECTION('',(0.,0.,-1.));
#11990 = ADVANCED_FACE('',(#11991),#12009,.F.);
#11991 = FACE_BOUND('',#11992,.T.);
#11992 = EDGE_LOOP('',(#11993,#11994,#12002,#12008));
#11993 = ORIENTED_EDGE('',*,*,#11976,.F.);
#11994 = ORIENTED_EDGE('',*,*,#11995,.T.);
#11995 = EDGE_CURVE('',#11969,#11996,#11998,.T.);
#11996 = VERTEX_POINT('',#11997);
#11997 = CARTESIAN_POINT('',(-0.543769648185,4.416884426792,
    10.840384398536));
#11998 = LINE('',#11999,#12000);
#11999 = CARTESIAN_POINT('',(-0.543769648186,2.816884426792,
    10.840384398536));
#12000 = VECTOR('',#12001,1.);
#12001 = DIRECTION('',(1.08968389867E-13,1.,0.));
#12002 = ORIENTED_EDGE('',*,*,#12003,.T.);
#12003 = EDGE_CURVE('',#11996,#9446,#12004,.T.);
#12004 = LINE('',#12005,#12006);
#12005 = CARTESIAN_POINT('',(-0.543769648185,4.416884426792,
    10.690384398536));
#12006 = VECTOR('',#12007,1.);
#12007 = DIRECTION('',(-0.,0.,1.));
#12008 = ORIENTED_EDGE('',*,*,#9445,.T.);
#12009 = PLANE('',#12010);
#12010 = AXIS2_PLACEMENT_3D('',#12011,#12012,#12013);
#12011 = CARTESIAN_POINT('',(-0.543769648186,2.816884426792,
    10.690384398536));
#12012 = DIRECTION('',(-1.,1.08968389867E-13,0.));
#12013 = DIRECTION('',(0.,0.,-1.));
#12014 = ADVANCED_FACE('',(#12015),#12036,.F.);
#12015 = FACE_BOUND('',#12016,.T.);
#12016 = EDGE_LOOP('',(#12017,#12018,#12026,#12032,#12033,#12034,#12035)
  );
#12017 = ORIENTED_EDGE('',*,*,#12003,.F.);
#12018 = ORIENTED_EDGE('',*,*,#12019,.T.);
#12019 = EDGE_CURVE('',#11996,#12020,#12022,.T.);
#12020 = VERTEX_POINT('',#12021);
#12021 = CARTESIAN_POINT('',(0.306922624757,4.416884426792,
    10.690384398536));
#12022 = LINE('',#12023,#12024);
#12023 = CARTESIAN_POINT('',(0.306922624757,4.416884426792,
    10.690384398536));
#12024 = VECTOR('',#12025,1.);
#12025 = DIRECTION('',(0.984807753012,-1.073129151742E-13,
    -0.173648177667));
#12026 = ORIENTED_EDGE('',*,*,#12027,.F.);
#12027 = EDGE_CURVE('',#10299,#12020,#12028,.T.);
#12028 = LINE('',#12029,#12030);
#12029 = CARTESIAN_POINT('',(1.256230351815,4.416884426791,
    10.690384398536));
#12030 = VECTOR('',#12031,1.);
#12031 = DIRECTION('',(-1.,1.08968389867E-13,0.));
#12032 = ORIENTED_EDGE('',*,*,#10298,.T.);
#12033 = ORIENTED_EDGE('',*,*,#11188,.F.);
#12034 = ORIENTED_EDGE('',*,*,#11164,.F.);
#12035 = ORIENTED_EDGE('',*,*,#9453,.T.);
#12036 = PLANE('',#12037);
#12037 = AXIS2_PLACEMENT_3D('',#12038,#12039,#12040);
#12038 = CARTESIAN_POINT('',(1.256230351815,4.416884426791,
    10.690384398536));
#12039 = DIRECTION('',(1.08968389867E-13,1.,0.));
#12040 = DIRECTION('',(0.,-0.,1.));
#12041 = ADVANCED_FACE('',(#12042),#12058,.F.);
#12042 = FACE_BOUND('',#12043,.T.);
#12043 = EDGE_LOOP('',(#12044,#12045,#12051,#12052));
#12044 = ORIENTED_EDGE('',*,*,#9481,.T.);
#12045 = ORIENTED_EDGE('',*,*,#12046,.T.);
#12046 = EDGE_CURVE('',#8461,#9793,#12047,.T.);
#12047 = LINE('',#12048,#12049);
#12048 = CARTESIAN_POINT('',(8.256230351815,4.766884426791,
    19.273418772195));
#12049 = VECTOR('',#12050,1.);
#12050 = DIRECTION('',(0.,-0.,1.));
#12051 = ORIENTED_EDGE('',*,*,#9792,.F.);
#12052 = ORIENTED_EDGE('',*,*,#12053,.F.);
#12053 = EDGE_CURVE('',#7776,#9785,#12054,.T.);
#12054 = LINE('',#12055,#12056);
#12055 = CARTESIAN_POINT('',(8.256230351814,2.466884426791,
    19.273418772195));
#12056 = VECTOR('',#12057,1.);
#12057 = DIRECTION('',(0.,-0.,1.));
#12058 = PLANE('',#12059);
#12059 = AXIS2_PLACEMENT_3D('',#12060,#12061,#12062);
#12060 = CARTESIAN_POINT('',(8.256230351814,2.366884426791,
    19.273418772195));
#12061 = DIRECTION('',(-1.,1.087949175194E-13,0.));
#12062 = DIRECTION('',(1.087949175194E-13,1.,-0.));
#12063 = ADVANCED_FACE('',(#12064),#12075,.F.);
#12064 = FACE_BOUND('',#12065,.T.);
#12065 = EDGE_LOOP('',(#12066,#12067,#12068,#12069));
#12066 = ORIENTED_EDGE('',*,*,#9499,.F.);
#12067 = ORIENTED_EDGE('',*,*,#11570,.T.);
#12068 = ORIENTED_EDGE('',*,*,#11290,.F.);
#12069 = ORIENTED_EDGE('',*,*,#12070,.T.);
#12070 = EDGE_CURVE('',#11283,#9500,#12071,.T.);
#12071 = LINE('',#12072,#12073);
#12072 = CARTESIAN_POINT('',(9.091890728927,7.488706485239,
    10.938144350142));
#12073 = VECTOR('',#12074,1.);
#12074 = DIRECTION('',(0.171087869746,-0.171087869746,-0.970287525248));
#12075 = PLANE('',#12076);
#12076 = AXIS2_PLACEMENT_3D('',#12077,#12078,#12079);
#12077 = CARTESIAN_POINT('',(9.056230351815,6.306085798471,
    11.140384398536));
#12078 = DIRECTION('',(-0.984807753012,1.073129151742E-13,
    -0.173648177667));
#12079 = DIRECTION('',(0.173648177667,-1.89221623237E-14,-0.984807753012
    ));
#12080 = ADVANCED_FACE('',(#12081),#12087,.F.);
#12081 = FACE_BOUND('',#12082,.T.);
#12082 = EDGE_LOOP('',(#12083,#12084,#12085,#12086));
#12083 = ORIENTED_EDGE('',*,*,#9507,.F.);
#12084 = ORIENTED_EDGE('',*,*,#12070,.F.);
#12085 = ORIENTED_EDGE('',*,*,#11282,.F.);
#12086 = ORIENTED_EDGE('',*,*,#11927,.F.);
#12087 = PLANE('',#12088);
#12088 = AXIS2_PLACEMENT_3D('',#12089,#12090,#12091);
#12089 = CARTESIAN_POINT('',(9.174448468354,6.375160181592,
    7.500985353533));
#12090 = DIRECTION('',(-0.675356736508,0.696681039223,-0.241927278413));
#12091 = DIRECTION('',(-0.171087869746,0.171087869746,0.970287525248));
#12092 = ADVANCED_FACE('',(#12093),#12103,.T.);
#12093 = FACE_BOUND('',#12094,.T.);
#12094 = EDGE_LOOP('',(#12095,#12101,#12102));
#12095 = ORIENTED_EDGE('',*,*,#12096,.F.);
#12096 = EDGE_CURVE('',#9589,#9524,#12097,.T.);
#12097 = LINE('',#12098,#12099);
#12098 = CARTESIAN_POINT('',(-1.743769648186,2.166884426792,
    11.140384398536));
#12099 = VECTOR('',#12100,1.);
#12100 = DIRECTION('',(1.,-1.087949175194E-13,0.));
#12101 = ORIENTED_EDGE('',*,*,#9588,.T.);
#12102 = ORIENTED_EDGE('',*,*,#9521,.T.);
#12103 = PLANE('',#12104);
#12104 = AXIS2_PLACEMENT_3D('',#12105,#12106,#12107);
#12105 = CARTESIAN_POINT('',(8.006230351814,2.166884426791,
    11.140384398536));
#12106 = DIRECTION('',(-1.08968389867E-13,-1.,0.));
#12107 = DIRECTION('',(0.,0.,-1.));
#12108 = ADVANCED_FACE('',(#12109),#12120,.T.);
#12109 = FACE_BOUND('',#12110,.T.);
#12110 = EDGE_LOOP('',(#12111,#12112,#12118,#12119));
#12111 = ORIENTED_EDGE('',*,*,#9784,.F.);
#12112 = ORIENTED_EDGE('',*,*,#12113,.F.);
#12113 = EDGE_CURVE('',#9540,#9776,#12114,.T.);
#12114 = LINE('',#12115,#12116);
#12115 = CARTESIAN_POINT('',(8.156230351814,2.466884426791,
    11.277669972725));
#12116 = VECTOR('',#12117,1.);
#12117 = DIRECTION('',(0.,-0.,1.));
#12118 = ORIENTED_EDGE('',*,*,#9539,.F.);
#12119 = ORIENTED_EDGE('',*,*,#12053,.T.);
#12120 = PLANE('',#12121);
#12121 = AXIS2_PLACEMENT_3D('',#12122,#12123,#12124);
#12122 = CARTESIAN_POINT('',(4.756230351814,2.466884426791,
    11.140384398536));
#12123 = DIRECTION('',(-1.08968389867E-13,-1.,0.));
#12124 = DIRECTION('',(0.,0.,-1.));
#12125 = ADVANCED_FACE('',(#12126),#12137,.T.);
#12126 = FACE_BOUND('',#12127,.T.);
#12127 = EDGE_LOOP('',(#12128,#12129,#12130,#12131));
#12128 = ORIENTED_EDGE('',*,*,#9548,.F.);
#12129 = ORIENTED_EDGE('',*,*,#12113,.T.);
#12130 = ORIENTED_EDGE('',*,*,#9775,.F.);
#12131 = ORIENTED_EDGE('',*,*,#12132,.F.);
#12132 = EDGE_CURVE('',#9549,#9768,#12133,.T.);
#12133 = LINE('',#12134,#12135);
#12134 = CARTESIAN_POINT('',(8.069627811436,2.416884426791,
    11.140384398536));
#12135 = VECTOR('',#12136,1.);
#12136 = DIRECTION('',(0.,-0.,1.));
#12137 = CYLINDRICAL_SURFACE('',#12138,1.E-01);
#12138 = AXIS2_PLACEMENT_3D('',#12139,#12140,#12141);
#12139 = CARTESIAN_POINT('',(8.069627811436,2.516884426791,
    11.277669972725));
#12140 = DIRECTION('',(0.,-0.,1.));
#12141 = DIRECTION('',(-1.,1.08968389867E-13,0.));
#12142 = ADVANCED_FACE('',(#12143),#12150,.F.);
#12143 = FACE_BOUND('',#12144,.T.);
#12144 = EDGE_LOOP('',(#12145,#12146,#12147,#12148,#12149));
#12145 = ORIENTED_EDGE('',*,*,#9767,.T.);
#12146 = ORIENTED_EDGE('',*,*,#9646,.T.);
#12147 = ORIENTED_EDGE('',*,*,#9604,.T.);
#12148 = ORIENTED_EDGE('',*,*,#9563,.T.);
#12149 = ORIENTED_EDGE('',*,*,#12132,.T.);
#12150 = PLANE('',#12151);
#12151 = AXIS2_PLACEMENT_3D('',#12152,#12153,#12154);
#12152 = CARTESIAN_POINT('',(4.756230351814,2.416884426791,
    11.140384398536));
#12153 = DIRECTION('',(1.08968389867E-13,1.,0.));
#12154 = DIRECTION('',(0.,-0.,1.));
#12155 = ADVANCED_FACE('',(#12156),#12161,.F.);
#12156 = FACE_BOUND('',#12157,.T.);
#12157 = EDGE_LOOP('',(#12158,#12159,#12160));
#12158 = ORIENTED_EDGE('',*,*,#9597,.F.);
#12159 = ORIENTED_EDGE('',*,*,#12096,.T.);
#12160 = ORIENTED_EDGE('',*,*,#9572,.F.);
#12161 = PLANE('',#12162);
#12162 = AXIS2_PLACEMENT_3D('',#12163,#12164,#12165);
#12163 = CARTESIAN_POINT('',(-1.743769648186,2.166884426792,
    11.140384398536));
#12164 = DIRECTION('',(7.692962393657E-14,0.707106781187,-0.707106781187
    ));
#12165 = DIRECTION('',(7.705228740991E-14,0.707106781187,0.707106781187)
  );
#12166 = ADVANCED_FACE('',(#12167),#12178,.F.);
#12167 = FACE_BOUND('',#12168,.T.);
#12168 = EDGE_LOOP('',(#12169,#12170,#12176,#12177));
#12169 = ORIENTED_EDGE('',*,*,#10214,.T.);
#12170 = ORIENTED_EDGE('',*,*,#12171,.T.);
#12171 = EDGE_CURVE('',#10206,#9687,#12172,.T.);
#12172 = LINE('',#12173,#12174);
#12173 = CARTESIAN_POINT('',(2.46947372743,2.416884426791,
    11.140384398536));
#12174 = VECTOR('',#12175,1.);
#12175 = DIRECTION('',(-2.891205793295E-15,3.150500400693E-28,1.));
#12176 = ORIENTED_EDGE('',*,*,#9686,.T.);
#12177 = ORIENTED_EDGE('',*,*,#10240,.T.);
#12178 = PLANE('',#12179);
#12179 = AXIS2_PLACEMENT_3D('',#12180,#12181,#12182);
#12180 = CARTESIAN_POINT('',(4.756230351814,2.416884426791,
    11.140384398536));
#12181 = DIRECTION('',(1.08968389867E-13,1.,0.));
#12182 = DIRECTION('',(0.,-0.,1.));
#12183 = ADVANCED_FACE('',(#12184),#12195,.T.);
#12184 = FACE_BOUND('',#12185,.T.);
#12185 = EDGE_LOOP('',(#12186,#12187,#12193,#12194));
#12186 = ORIENTED_EDGE('',*,*,#10205,.F.);
#12187 = ORIENTED_EDGE('',*,*,#12188,.T.);
#12188 = EDGE_CURVE('',#8118,#9695,#12189,.T.);
#12189 = LINE('',#12190,#12191);
#12190 = CARTESIAN_POINT('',(2.51947372743,2.466884426791,
    11.840384398536));
#12191 = VECTOR('',#12192,1.);
#12192 = DIRECTION('',(-2.891205793295E-15,3.150500400693E-28,1.));
#12193 = ORIENTED_EDGE('',*,*,#9694,.F.);
#12194 = ORIENTED_EDGE('',*,*,#12171,.F.);
#12195 = CYLINDRICAL_SURFACE('',#12196,5.E-02);
#12196 = AXIS2_PLACEMENT_3D('',#12197,#12198,#12199);
#12197 = CARTESIAN_POINT('',(2.46947372743,2.466884426791,
    11.140384398536));
#12198 = DIRECTION('',(-2.891205793295E-15,3.150500400693E-28,1.));
#12199 = DIRECTION('',(-1.,1.08968389867E-13,-2.891205793295E-15));
#12200 = ADVANCED_FACE('',(#12201),#12219,.T.);
#12201 = FACE_BOUND('',#12202,.T.);
#12202 = EDGE_LOOP('',(#12203,#12211,#12212,#12213));
#12203 = ORIENTED_EDGE('',*,*,#12204,.F.);
#12204 = EDGE_CURVE('',#9704,#12205,#12207,.T.);
#12205 = VERTEX_POINT('',#12206);
#12206 = CARTESIAN_POINT('',(3.026230351814,2.466884426791,
    11.540384398536));
#12207 = LINE('',#12208,#12209);
#12208 = CARTESIAN_POINT('',(3.042288743088,2.466884426791,
    11.080532238695));
#12209 = VECTOR('',#12210,1.);
#12210 = DIRECTION('',(3.48994967025E-02,-3.802941962839E-15,
    -0.999390827019));
#12211 = ORIENTED_EDGE('',*,*,#9703,.F.);
#12212 = ORIENTED_EDGE('',*,*,#12188,.F.);
#12213 = ORIENTED_EDGE('',*,*,#12214,.F.);
#12214 = EDGE_CURVE('',#12205,#8118,#12215,.T.);
#12215 = LINE('',#12216,#12217);
#12216 = CARTESIAN_POINT('',(4.756230351814,2.466884426791,
    11.540384398536));
#12217 = VECTOR('',#12218,1.);
#12218 = DIRECTION('',(-1.,1.08968389867E-13,0.));
#12219 = PLANE('',#12220);
#12220 = AXIS2_PLACEMENT_3D('',#12221,#12222,#12223);
#12221 = CARTESIAN_POINT('',(4.756230351814,2.466884426791,
    11.140384398536));
#12222 = DIRECTION('',(-1.08968389867E-13,-1.,0.));
#12223 = DIRECTION('',(0.,0.,-1.));
#12224 = ADVANCED_FACE('',(#12225),#12243,.T.);
#12225 = FACE_BOUND('',#12226,.T.);
#12226 = EDGE_LOOP('',(#12227,#12228,#12229,#12237));
#12227 = ORIENTED_EDGE('',*,*,#9711,.T.);
#12228 = ORIENTED_EDGE('',*,*,#12204,.T.);
#12229 = ORIENTED_EDGE('',*,*,#12230,.F.);
#12230 = EDGE_CURVE('',#12231,#12205,#12233,.T.);
#12231 = VERTEX_POINT('',#12232);
#12232 = CARTESIAN_POINT('',(3.026230351814,2.666884426791,
    11.540384398536));
#12233 = LINE('',#12234,#12235);
#12234 = CARTESIAN_POINT('',(3.026230351815,6.266884426791,
    11.540384398536));
#12235 = VECTOR('',#12236,1.);
#12236 = DIRECTION('',(-1.08968389867E-13,-1.,0.));
#12237 = ORIENTED_EDGE('',*,*,#12238,.F.);
#12238 = EDGE_CURVE('',#9712,#12231,#12239,.T.);
#12239 = LINE('',#12240,#12241);
#12240 = CARTESIAN_POINT('',(3.026230351814,2.666884426791,
    11.540384398536));
#12241 = VECTOR('',#12242,1.);
#12242 = DIRECTION('',(3.48994967025E-02,-3.802941962839E-15,
    -0.999390827019));
#12243 = PLANE('',#12244);
#12244 = AXIS2_PLACEMENT_3D('',#12245,#12246,#12247);
#12245 = CARTESIAN_POINT('',(3.026230351815,6.266884426791,
    11.540384398536));
#12246 = DIRECTION('',(0.999390827019,-1.089020092681E-13,
    3.48994967025E-02));
#12247 = DIRECTION('',(-3.48994967025E-02,3.802941962839E-15,
    0.999390827019));
#12248 = ADVANCED_FACE('',(#12249,#12283),#12335,.F.);
#12249 = FACE_BOUND('',#12250,.T.);
#12250 = EDGE_LOOP('',(#12251,#12261,#12269,#12277));
#12251 = ORIENTED_EDGE('',*,*,#12252,.F.);
#12252 = EDGE_CURVE('',#12253,#12255,#12257,.T.);
#12253 = VERTEX_POINT('',#12254);
#12254 = CARTESIAN_POINT('',(3.076230351814,2.666884426791,
    11.090384398536));
#12255 = VERTEX_POINT('',#12256);
#12256 = CARTESIAN_POINT('',(3.076230351814,2.666884426791,
    10.790384398536));
#12257 = LINE('',#12258,#12259);
#12258 = CARTESIAN_POINT('',(3.076230351814,2.666884426791,
    11.090384398536));
#12259 = VECTOR('',#12260,1.);
#12260 = DIRECTION('',(0.,0.,-1.));
#12261 = ORIENTED_EDGE('',*,*,#12262,.F.);
#12262 = EDGE_CURVE('',#12263,#12253,#12265,.T.);
#12263 = VERTEX_POINT('',#12264);
#12264 = CARTESIAN_POINT('',(4.076230351814,2.666884426791,
    11.090384398536));
#12265 = LINE('',#12266,#12267);
#12266 = CARTESIAN_POINT('',(3.076230351814,2.666884426791,
    11.090384398536));
#12267 = VECTOR('',#12268,1.);
#12268 = DIRECTION('',(-1.,1.08968389867E-13,0.));
#12269 = ORIENTED_EDGE('',*,*,#12270,.F.);
#12270 = EDGE_CURVE('',#12271,#12263,#12273,.T.);
#12271 = VERTEX_POINT('',#12272);
#12272 = CARTESIAN_POINT('',(4.076230351814,2.666884426791,
    10.790384398536));
#12273 = LINE('',#12274,#12275);
#12274 = CARTESIAN_POINT('',(4.076230351814,2.666884426791,
    11.090384398536));
#12275 = VECTOR('',#12276,1.);
#12276 = DIRECTION('',(-0.,0.,1.));
#12277 = ORIENTED_EDGE('',*,*,#12278,.F.);
#12278 = EDGE_CURVE('',#12255,#12271,#12279,.T.);
#12279 = LINE('',#12280,#12281);
#12280 = CARTESIAN_POINT('',(3.076230351814,2.666884426791,
    10.790384398536));
#12281 = VECTOR('',#12282,1.);
#12282 = DIRECTION('',(1.,-1.08968389867E-13,5.421010862428E-17));
#12283 = FACE_BOUND('',#12284,.T.);
#12284 = EDGE_LOOP('',(#12285,#12286,#12287,#12288,#12296,#12304,#12313,
    #12321,#12327,#12328,#12329));
#12285 = ORIENTED_EDGE('',*,*,#10167,.F.);
#12286 = ORIENTED_EDGE('',*,*,#10101,.T.);
#12287 = ORIENTED_EDGE('',*,*,#10087,.F.);
#12288 = ORIENTED_EDGE('',*,*,#12289,.T.);
#12289 = EDGE_CURVE('',#10080,#12290,#12292,.T.);
#12290 = VERTEX_POINT('',#12291);
#12291 = CARTESIAN_POINT('',(4.868369184922,2.666884426791,
    10.540384398536));
#12292 = LINE('',#12293,#12294);
#12293 = CARTESIAN_POINT('',(2.276230351814,2.666884426791,
    10.540384398536));
#12294 = VECTOR('',#12295,1.);
#12295 = DIRECTION('',(1.,-1.08968389867E-13,0.));
#12296 = ORIENTED_EDGE('',*,*,#12297,.F.);
#12297 = EDGE_CURVE('',#12298,#12290,#12300,.T.);
#12298 = VERTEX_POINT('',#12299);
#12299 = CARTESIAN_POINT('',(4.823411150845,2.666884426791,
    11.398234791972));
#12300 = LINE('',#12301,#12302);
#12301 = CARTESIAN_POINT('',(4.876230351814,2.666884426791,
    10.390384398536));
#12302 = VECTOR('',#12303,1.);
#12303 = DIRECTION('',(5.233595624294E-02,-5.70296488394E-15,
    -0.998629534755));
#12304 = ORIENTED_EDGE('',*,*,#12305,.T.);
#12305 = EDGE_CURVE('',#12298,#12306,#12308,.T.);
#12306 = VERTEX_POINT('',#12307);
#12307 = CARTESIAN_POINT('',(4.673616720632,2.666884426791,
    11.540384398536));
#12308 = CIRCLE('',#12309,0.15);
#12309 = AXIS2_PLACEMENT_3D('',#12310,#12311,#12312);
#12310 = CARTESIAN_POINT('',(4.673616720632,2.666884426791,
    11.390384398536));
#12311 = DIRECTION('',(-1.08968389867E-13,-1.,-2.496062889579E-45));
#12312 = DIRECTION('',(-9.035018104046E-16,9.845313752167E-29,1.));
#12313 = ORIENTED_EDGE('',*,*,#12314,.T.);
#12314 = EDGE_CURVE('',#12306,#12315,#12317,.T.);
#12315 = VERTEX_POINT('',#12316);
#12316 = CARTESIAN_POINT('',(4.126230351814,2.666884426791,
    11.540384398536));
#12317 = LINE('',#12318,#12319);
#12318 = CARTESIAN_POINT('',(2.276230351814,2.666884426791,
    11.540384398536));
#12319 = VECTOR('',#12320,1.);
#12320 = DIRECTION('',(-1.,1.08968389867E-13,0.));
#12321 = ORIENTED_EDGE('',*,*,#12322,.T.);
#12322 = EDGE_CURVE('',#12315,#9720,#12323,.T.);
#12323 = LINE('',#12324,#12325);
#12324 = CARTESIAN_POINT('',(4.126230351814,2.666884426791,
    11.540384398536));
#12325 = VECTOR('',#12326,1.);
#12326 = DIRECTION('',(3.48994967025E-02,-3.802941962839E-15,
    0.999390827019));
#12327 = ORIENTED_EDGE('',*,*,#9719,.T.);
#12328 = ORIENTED_EDGE('',*,*,#12238,.T.);
#12329 = ORIENTED_EDGE('',*,*,#12330,.T.);
#12330 = EDGE_CURVE('',#12231,#10160,#12331,.T.);
#12331 = LINE('',#12332,#12333);
#12332 = CARTESIAN_POINT('',(2.276230351814,2.666884426791,
    11.540384398536));
#12333 = VECTOR('',#12334,1.);
#12334 = DIRECTION('',(-1.,1.08968389867E-13,0.));
#12335 = PLANE('',#12336);
#12336 = AXIS2_PLACEMENT_3D('',#12337,#12338,#12339);
#12337 = CARTESIAN_POINT('',(2.276230351814,2.666884426791,
    14.157634864197));
#12338 = DIRECTION('',(1.08968389867E-13,1.,0.));
#12339 = DIRECTION('',(0.,-0.,1.));
#12340 = ADVANCED_FACE('',(#12341),#12359,.T.);
#12341 = FACE_BOUND('',#12342,.T.);
#12342 = EDGE_LOOP('',(#12343,#12351,#12357,#12358));
#12343 = ORIENTED_EDGE('',*,*,#12344,.T.);
#12344 = EDGE_CURVE('',#12315,#12345,#12347,.T.);
#12345 = VERTEX_POINT('',#12346);
#12346 = CARTESIAN_POINT('',(4.126230351814,2.466884426791,
    11.540384398536));
#12347 = LINE('',#12348,#12349);
#12348 = CARTESIAN_POINT('',(4.126230351815,6.266884426791,
    11.540384398536));
#12349 = VECTOR('',#12350,1.);
#12350 = DIRECTION('',(-1.08968389867E-13,-1.,0.));
#12351 = ORIENTED_EDGE('',*,*,#12352,.T.);
#12352 = EDGE_CURVE('',#12345,#9728,#12353,.T.);
#12353 = LINE('',#12354,#12355);
#12354 = CARTESIAN_POINT('',(4.113046381234,2.466884426791,
    11.162844877713));
#12355 = VECTOR('',#12356,1.);
#12356 = DIRECTION('',(3.48994967025E-02,-3.802941962839E-15,
    0.999390827019));
#12357 = ORIENTED_EDGE('',*,*,#9727,.F.);
#12358 = ORIENTED_EDGE('',*,*,#12322,.F.);
#12359 = PLANE('',#12360);
#12360 = AXIS2_PLACEMENT_3D('',#12361,#12362,#12363);
#12361 = CARTESIAN_POINT('',(4.126230351815,6.266884426791,
    11.540384398536));
#12362 = DIRECTION('',(-0.999390827019,1.089020092681E-13,
    3.48994967025E-02));
#12363 = DIRECTION('',(-3.48994967025E-02,3.802941962839E-15,
    -0.999390827019));
#12364 = ADVANCED_FACE('',(#12365),#12449,.T.);
#12365 = FACE_BOUND('',#12366,.T.);
#12366 = EDGE_LOOP('',(#12367,#12375,#12384,#12392,#12400,#12408,#12416,
    #12424,#12433,#12441,#12447,#12448));
#12367 = ORIENTED_EDGE('',*,*,#12368,.F.);
#12368 = EDGE_CURVE('',#12369,#12345,#12371,.T.);
#12369 = VERTEX_POINT('',#12370);
#12370 = CARTESIAN_POINT('',(4.673616720632,2.466884426791,
    11.540384398536));
#12371 = LINE('',#12372,#12373);
#12372 = CARTESIAN_POINT('',(4.756230351814,2.466884426791,
    11.540384398536));
#12373 = VECTOR('',#12374,1.);
#12374 = DIRECTION('',(-1.,1.08968389867E-13,0.));
#12375 = ORIENTED_EDGE('',*,*,#12376,.T.);
#12376 = EDGE_CURVE('',#12369,#12377,#12379,.T.);
#12377 = VERTEX_POINT('',#12378);
#12378 = CARTESIAN_POINT('',(4.823411150845,2.466884426791,
    11.398234791972));
#12379 = CIRCLE('',#12380,0.15);
#12380 = AXIS2_PLACEMENT_3D('',#12381,#12382,#12383);
#12381 = CARTESIAN_POINT('',(4.673616720632,2.466884426791,
    11.390384398536));
#12382 = DIRECTION('',(1.08968389867E-13,1.,0.));
#12383 = DIRECTION('',(0.,0.,-1.));
#12384 = ORIENTED_EDGE('',*,*,#12385,.T.);
#12385 = EDGE_CURVE('',#12377,#12386,#12388,.T.);
#12386 = VERTEX_POINT('',#12387);
#12387 = CARTESIAN_POINT('',(4.876230351814,2.466884426791,
    10.390384398536));
#12388 = LINE('',#12389,#12390);
#12389 = CARTESIAN_POINT('',(4.876230351814,2.466884426791,
    10.390384398536));
#12390 = VECTOR('',#12391,1.);
#12391 = DIRECTION('',(5.233595624294E-02,-5.70296488394E-15,
    -0.998629534755));
#12392 = ORIENTED_EDGE('',*,*,#12393,.T.);
#12393 = EDGE_CURVE('',#12386,#12394,#12396,.T.);
#12394 = VERTEX_POINT('',#12395);
#12395 = CARTESIAN_POINT('',(4.976230351814,2.466884426791,
    10.290384398536));
#12396 = LINE('',#12397,#12398);
#12397 = CARTESIAN_POINT('',(4.441230351814,2.466884426791,
    10.825384398536));
#12398 = VECTOR('',#12399,1.);
#12399 = DIRECTION('',(0.707106781187,-7.705228740991E-14,
    -0.707106781187));
#12400 = ORIENTED_EDGE('',*,*,#12401,.F.);
#12401 = EDGE_CURVE('',#12402,#12394,#12404,.T.);
#12402 = VERTEX_POINT('',#12403);
#12403 = CARTESIAN_POINT('',(5.176230351814,2.466884426791,
    10.290384398536));
#12404 = LINE('',#12405,#12406);
#12405 = CARTESIAN_POINT('',(4.756230351814,2.466884426791,
    10.290384398536));
#12406 = VECTOR('',#12407,1.);
#12407 = DIRECTION('',(-1.,1.08968389867E-13,0.));
#12408 = ORIENTED_EDGE('',*,*,#12409,.T.);
#12409 = EDGE_CURVE('',#12402,#12410,#12412,.T.);
#12410 = VERTEX_POINT('',#12411);
#12411 = CARTESIAN_POINT('',(5.276230351814,2.466884426791,
    10.390384398536));
#12412 = LINE('',#12413,#12414);
#12413 = CARTESIAN_POINT('',(5.391230351814,2.466884426791,
    10.505384398536));
#12414 = VECTOR('',#12415,1.);
#12415 = DIRECTION('',(0.707106781187,-7.705228740991E-14,0.707106781187
    ));
#12416 = ORIENTED_EDGE('',*,*,#12417,.T.);
#12417 = EDGE_CURVE('',#12410,#12418,#12420,.T.);
#12418 = VERTEX_POINT('',#12419);
#12419 = CARTESIAN_POINT('',(5.329049552784,2.466884426791,
    11.398234791972));
#12420 = LINE('',#12421,#12422);
#12421 = CARTESIAN_POINT('',(5.276230351814,2.466884426791,
    10.390384398536));
#12422 = VECTOR('',#12423,1.);
#12423 = DIRECTION('',(5.233595624294E-02,-5.70296488394E-15,
    0.998629534755));
#12424 = ORIENTED_EDGE('',*,*,#12425,.T.);
#12425 = EDGE_CURVE('',#12418,#12426,#12428,.T.);
#12426 = VERTEX_POINT('',#12427);
#12427 = CARTESIAN_POINT('',(5.478843982997,2.466884426791,
    11.540384398536));
#12428 = CIRCLE('',#12429,0.15);
#12429 = AXIS2_PLACEMENT_3D('',#12430,#12431,#12432);
#12430 = CARTESIAN_POINT('',(5.478843982997,2.466884426791,
    11.390384398536));
#12431 = DIRECTION('',(1.08968389867E-13,1.,-3.891887531777E-45));
#12432 = DIRECTION('',(7.228014483237E-16,-7.876251001734E-29,-1.));
#12433 = ORIENTED_EDGE('',*,*,#12434,.F.);
#12434 = EDGE_CURVE('',#12435,#12426,#12437,.T.);
#12435 = VERTEX_POINT('',#12436);
#12436 = CARTESIAN_POINT('',(5.656230351814,2.466884426791,
    11.540384398536));
#12437 = LINE('',#12438,#12439);
#12438 = CARTESIAN_POINT('',(4.756230351814,2.466884426791,
    11.540384398536));
#12439 = VECTOR('',#12440,1.);
#12440 = DIRECTION('',(-1.,1.08968389867E-13,0.));
#12441 = ORIENTED_EDGE('',*,*,#12442,.F.);
#12442 = EDGE_CURVE('',#9736,#12435,#12443,.T.);
#12443 = LINE('',#12444,#12445);
#12444 = CARTESIAN_POINT('',(5.66908546918,2.466884426791,
    11.172262001669));
#12445 = VECTOR('',#12446,1.);
#12446 = DIRECTION('',(3.48994967025E-02,-3.802941962839E-15,
    -0.999390827019));
#12447 = ORIENTED_EDGE('',*,*,#9735,.F.);
#12448 = ORIENTED_EDGE('',*,*,#12352,.F.);
#12449 = PLANE('',#12450);
#12450 = AXIS2_PLACEMENT_3D('',#12451,#12452,#12453);
#12451 = CARTESIAN_POINT('',(4.756230351814,2.466884426791,
    11.140384398536));
#12452 = DIRECTION('',(-1.08968389867E-13,-1.,0.));
#12453 = DIRECTION('',(0.,0.,-1.));
#12454 = ADVANCED_FACE('',(#12455),#12473,.T.);
#12455 = FACE_BOUND('',#12456,.T.);
#12456 = EDGE_LOOP('',(#12457,#12458,#12459,#12467));
#12457 = ORIENTED_EDGE('',*,*,#9743,.T.);
#12458 = ORIENTED_EDGE('',*,*,#12442,.T.);
#12459 = ORIENTED_EDGE('',*,*,#12460,.F.);
#12460 = EDGE_CURVE('',#12461,#12435,#12463,.T.);
#12461 = VERTEX_POINT('',#12462);
#12462 = CARTESIAN_POINT('',(5.656230351814,2.666884426791,
    11.540384398536));
#12463 = LINE('',#12464,#12465);
#12464 = CARTESIAN_POINT('',(5.656230351815,6.266884426791,
    11.540384398536));
#12465 = VECTOR('',#12466,1.);
#12466 = DIRECTION('',(-1.08968389867E-13,-1.,0.));
#12467 = ORIENTED_EDGE('',*,*,#12468,.F.);
#12468 = EDGE_CURVE('',#9744,#12461,#12469,.T.);
#12469 = LINE('',#12470,#12471);
#12470 = CARTESIAN_POINT('',(5.656230351814,2.666884426791,
    11.540384398536));
#12471 = VECTOR('',#12472,1.);
#12472 = DIRECTION('',(3.48994967025E-02,-3.802941962839E-15,
    -0.999390827019));
#12473 = PLANE('',#12474);
#12474 = AXIS2_PLACEMENT_3D('',#12475,#12476,#12477);
#12475 = CARTESIAN_POINT('',(5.656230351815,6.266884426791,
    11.540384398536));
#12476 = DIRECTION('',(0.999390827019,-1.089020092681E-13,
    3.48994967025E-02));
#12477 = DIRECTION('',(-3.48994967025E-02,3.802941962839E-15,
    0.999390827019));
#12478 = ADVANCED_FACE('',(#12479,#12519),#12553,.F.);
#12479 = FACE_BOUND('',#12480,.T.);
#12480 = EDGE_LOOP('',(#12481,#12482,#12483,#12484,#12485,#12486,#12487,
    #12495,#12504,#12512,#12518));
#12481 = ORIENTED_EDGE('',*,*,#9995,.F.);
#12482 = ORIENTED_EDGE('',*,*,#9978,.T.);
#12483 = ORIENTED_EDGE('',*,*,#9944,.F.);
#12484 = ORIENTED_EDGE('',*,*,#9930,.T.);
#12485 = ORIENTED_EDGE('',*,*,#9751,.T.);
#12486 = ORIENTED_EDGE('',*,*,#12468,.T.);
#12487 = ORIENTED_EDGE('',*,*,#12488,.F.);
#12488 = EDGE_CURVE('',#12489,#12461,#12491,.T.);
#12489 = VERTEX_POINT('',#12490);
#12490 = CARTESIAN_POINT('',(5.478843982997,2.666884426791,
    11.540384398536));
#12491 = LINE('',#12492,#12493);
#12492 = CARTESIAN_POINT('',(5.276230351814,2.666884426791,
    11.540384398536));
#12493 = VECTOR('',#12494,1.);
#12494 = DIRECTION('',(1.,-1.08968389867E-13,0.));
#12495 = ORIENTED_EDGE('',*,*,#12496,.T.);
#12496 = EDGE_CURVE('',#12489,#12497,#12499,.T.);
#12497 = VERTEX_POINT('',#12498);
#12498 = CARTESIAN_POINT('',(5.329049552784,2.666884426791,
    11.398234791972));
#12499 = CIRCLE('',#12500,0.15);
#12500 = AXIS2_PLACEMENT_3D('',#12501,#12502,#12503);
#12501 = CARTESIAN_POINT('',(5.478843982997,2.666884426791,
    11.390384398536));
#12502 = DIRECTION('',(-1.08968389867E-13,-1.,0.));
#12503 = DIRECTION('',(0.,-0.,1.));
#12504 = ORIENTED_EDGE('',*,*,#12505,.F.);
#12505 = EDGE_CURVE('',#12506,#12497,#12508,.T.);
#12506 = VERTEX_POINT('',#12507);
#12507 = CARTESIAN_POINT('',(5.284091518707,2.666884426791,
    10.540384398536));
#12508 = LINE('',#12509,#12510);
#12509 = CARTESIAN_POINT('',(5.276230351814,2.666884426791,
    10.390384398536));
#12510 = VECTOR('',#12511,1.);
#12511 = DIRECTION('',(5.233595624294E-02,-5.70296488394E-15,
    0.998629534755));
#12512 = ORIENTED_EDGE('',*,*,#12513,.T.);
#12513 = EDGE_CURVE('',#12506,#10018,#12514,.T.);
#12514 = LINE('',#12515,#12516);
#12515 = CARTESIAN_POINT('',(5.276230351814,2.666884426791,
    10.540384398536));
#12516 = VECTOR('',#12517,1.);
#12517 = DIRECTION('',(1.,-1.08968389867E-13,0.));
#12518 = ORIENTED_EDGE('',*,*,#10036,.T.);
#12519 = FACE_BOUND('',#12520,.T.);
#12520 = EDGE_LOOP('',(#12521,#12531,#12539,#12547));
#12521 = ORIENTED_EDGE('',*,*,#12522,.F.);
#12522 = EDGE_CURVE('',#12523,#12525,#12527,.T.);
#12523 = VERTEX_POINT('',#12524);
#12524 = CARTESIAN_POINT('',(5.706230351814,2.666884426791,
    11.090384398536));
#12525 = VERTEX_POINT('',#12526);
#12526 = CARTESIAN_POINT('',(5.706230351814,2.666884426791,
    10.790384398536));
#12527 = LINE('',#12528,#12529);
#12528 = CARTESIAN_POINT('',(5.706230351814,2.666884426791,
    11.090384398536));
#12529 = VECTOR('',#12530,1.);
#12530 = DIRECTION('',(0.,0.,-1.));
#12531 = ORIENTED_EDGE('',*,*,#12532,.F.);
#12532 = EDGE_CURVE('',#12533,#12523,#12535,.T.);
#12533 = VERTEX_POINT('',#12534);
#12534 = CARTESIAN_POINT('',(6.306230351814,2.666884426791,
    11.090384398536));
#12535 = LINE('',#12536,#12537);
#12536 = CARTESIAN_POINT('',(5.706230351814,2.666884426791,
    11.090384398536));
#12537 = VECTOR('',#12538,1.);
#12538 = DIRECTION('',(-1.,1.08968389867E-13,0.));
#12539 = ORIENTED_EDGE('',*,*,#12540,.F.);
#12540 = EDGE_CURVE('',#12541,#12533,#12543,.T.);
#12541 = VERTEX_POINT('',#12542);
#12542 = CARTESIAN_POINT('',(6.306230351814,2.666884426791,
    10.790384398536));
#12543 = LINE('',#12544,#12545);
#12544 = CARTESIAN_POINT('',(6.306230351814,2.666884426791,
    11.090384398536));
#12545 = VECTOR('',#12546,1.);
#12546 = DIRECTION('',(-0.,0.,1.));
#12547 = ORIENTED_EDGE('',*,*,#12548,.F.);
#12548 = EDGE_CURVE('',#12525,#12541,#12549,.T.);
#12549 = LINE('',#12550,#12551);
#12550 = CARTESIAN_POINT('',(5.706230351814,2.666884426791,
    10.790384398536));
#12551 = VECTOR('',#12552,1.);
#12552 = DIRECTION('',(1.,-1.08968389867E-13,0.));
#12553 = PLANE('',#12554);
#12554 = AXIS2_PLACEMENT_3D('',#12555,#12556,#12557);
#12555 = CARTESIAN_POINT('',(5.276230351814,2.666884426791,
    11.540384398536));
#12556 = DIRECTION('',(1.08968389867E-13,1.,0.));
#12557 = DIRECTION('',(0.,-0.,1.));
#12558 = ADVANCED_FACE('',(#12559),#12570,.F.);
#12559 = FACE_BOUND('',#12560,.T.);
#12560 = EDGE_LOOP('',(#12561,#12567,#12568,#12569));
#12561 = ORIENTED_EDGE('',*,*,#12562,.F.);
#12562 = EDGE_CURVE('',#9801,#10786,#12563,.T.);
#12563 = LINE('',#12564,#12565);
#12564 = CARTESIAN_POINT('',(8.156230351815,4.766884426791,
    11.840384398536));
#12565 = VECTOR('',#12566,1.);
#12566 = DIRECTION('',(0.,0.,-1.));
#12567 = ORIENTED_EDGE('',*,*,#9800,.T.);
#12568 = ORIENTED_EDGE('',*,*,#12046,.F.);
#12569 = ORIENTED_EDGE('',*,*,#10800,.F.);
#12570 = PLANE('',#12571);
#12571 = AXIS2_PLACEMENT_3D('',#12572,#12573,#12574);
#12572 = CARTESIAN_POINT('',(4.756230351815,4.766884426791,
    11.140384398536));
#12573 = DIRECTION('',(-1.08968389867E-13,-1.,0.));
#12574 = DIRECTION('',(0.,0.,-1.));
#12575 = ADVANCED_FACE('',(#12576),#12587,.T.);
#12576 = FACE_BOUND('',#12577,.T.);
#12577 = EDGE_LOOP('',(#12578,#12579,#12580,#12581));
#12578 = ORIENTED_EDGE('',*,*,#9808,.F.);
#12579 = ORIENTED_EDGE('',*,*,#12562,.T.);
#12580 = ORIENTED_EDGE('',*,*,#10785,.F.);
#12581 = ORIENTED_EDGE('',*,*,#12582,.F.);
#12582 = EDGE_CURVE('',#9809,#10777,#12583,.T.);
#12583 = LINE('',#12584,#12585);
#12584 = CARTESIAN_POINT('',(8.069627811436,4.816884426791,
    11.340384398536));
#12585 = VECTOR('',#12586,1.);
#12586 = DIRECTION('',(0.,0.,-1.));
#12587 = CYLINDRICAL_SURFACE('',#12588,1.E-01);
#12588 = AXIS2_PLACEMENT_3D('',#12589,#12590,#12591);
#12589 = CARTESIAN_POINT('',(8.069627811436,4.716884426791,
    11.840384398536));
#12590 = DIRECTION('',(0.,-0.,1.));
#12591 = DIRECTION('',(-1.,1.08968389867E-13,0.));
#12592 = ADVANCED_FACE('',(#12593),#12600,.T.);
#12593 = FACE_BOUND('',#12594,.T.);
#12594 = EDGE_LOOP('',(#12595,#12596,#12597,#12598,#12599));
#12595 = ORIENTED_EDGE('',*,*,#10735,.T.);
#12596 = ORIENTED_EDGE('',*,*,#10702,.T.);
#12597 = ORIENTED_EDGE('',*,*,#9817,.T.);
#12598 = ORIENTED_EDGE('',*,*,#12582,.T.);
#12599 = ORIENTED_EDGE('',*,*,#10776,.T.);
#12600 = PLANE('',#12601);
#12601 = AXIS2_PLACEMENT_3D('',#12602,#12603,#12604);
#12602 = CARTESIAN_POINT('',(8.006230351815,4.816884426791,
    11.140384398536));
#12603 = DIRECTION('',(1.08968389867E-13,1.,0.));
#12604 = DIRECTION('',(0.,-0.,1.));
#12605 = ADVANCED_FACE('',(#12606,#12653),#12687,.F.);
#12606 = FACE_BOUND('',#12607,.T.);
#12607 = EDGE_LOOP('',(#12608,#12609,#12610,#12611,#12612,#12620,#12628,
    #12637,#12645,#12651,#12652));
#12608 = ORIENTED_EDGE('',*,*,#10646,.F.);
#12609 = ORIENTED_EDGE('',*,*,#10629,.T.);
#12610 = ORIENTED_EDGE('',*,*,#10595,.F.);
#12611 = ORIENTED_EDGE('',*,*,#10573,.T.);
#12612 = ORIENTED_EDGE('',*,*,#12613,.T.);
#12613 = EDGE_CURVE('',#10566,#12614,#12616,.T.);
#12614 = VERTEX_POINT('',#12615);
#12615 = CARTESIAN_POINT('',(5.284091518707,4.566884426791,
    10.540384398536));
#12616 = LINE('',#12617,#12618);
#12617 = CARTESIAN_POINT('',(5.276230351815,4.566884426791,
    10.540384398536));
#12618 = VECTOR('',#12619,1.);
#12619 = DIRECTION('',(-1.,1.08968389867E-13,0.));
#12620 = ORIENTED_EDGE('',*,*,#12621,.F.);
#12621 = EDGE_CURVE('',#12622,#12614,#12624,.T.);
#12622 = VERTEX_POINT('',#12623);
#12623 = CARTESIAN_POINT('',(5.329049552784,4.566884426791,
    11.398234791972));
#12624 = LINE('',#12625,#12626);
#12625 = CARTESIAN_POINT('',(5.276230351815,4.566884426791,
    10.390384398536));
#12626 = VECTOR('',#12627,1.);
#12627 = DIRECTION('',(-5.233595624294E-02,5.70296488394E-15,
    -0.998629534755));
#12628 = ORIENTED_EDGE('',*,*,#12629,.T.);
#12629 = EDGE_CURVE('',#12622,#12630,#12632,.T.);
#12630 = VERTEX_POINT('',#12631);
#12631 = CARTESIAN_POINT('',(5.478843982997,4.566884426791,
    11.540384398536));
#12632 = CIRCLE('',#12633,0.15);
#12633 = AXIS2_PLACEMENT_3D('',#12634,#12635,#12636);
#12634 = CARTESIAN_POINT('',(5.478843982997,4.566884426791,
    11.390384398536));
#12635 = DIRECTION('',(1.08968389867E-13,1.,0.));
#12636 = DIRECTION('',(0.,0.,-1.));
#12637 = ORIENTED_EDGE('',*,*,#12638,.F.);
#12638 = EDGE_CURVE('',#12639,#12630,#12641,.T.);
#12639 = VERTEX_POINT('',#12640);
#12640 = CARTESIAN_POINT('',(5.656230351815,4.566884426791,
    11.540384398536));
#12641 = LINE('',#12642,#12643);
#12642 = CARTESIAN_POINT('',(5.276230351815,4.566884426791,
    11.540384398536));
#12643 = VECTOR('',#12644,1.);
#12644 = DIRECTION('',(-1.,1.08968389867E-13,0.));
#12645 = ORIENTED_EDGE('',*,*,#12646,.T.);
#12646 = EDGE_CURVE('',#12639,#9842,#12647,.T.);
#12647 = LINE('',#12648,#12649);
#12648 = CARTESIAN_POINT('',(5.656230351815,4.566884426791,
    11.540384398536));
#12649 = VECTOR('',#12650,1.);
#12650 = DIRECTION('',(-3.48994967025E-02,3.802941962839E-15,
    0.999390827019));
#12651 = ORIENTED_EDGE('',*,*,#9841,.T.);
#12652 = ORIENTED_EDGE('',*,*,#10671,.T.);
#12653 = FACE_BOUND('',#12654,.T.);
#12654 = EDGE_LOOP('',(#12655,#12665,#12673,#12681));
#12655 = ORIENTED_EDGE('',*,*,#12656,.F.);
#12656 = EDGE_CURVE('',#12657,#12659,#12661,.T.);
#12657 = VERTEX_POINT('',#12658);
#12658 = CARTESIAN_POINT('',(5.706230351815,4.566884426791,
    11.090384398536));
#12659 = VERTEX_POINT('',#12660);
#12660 = CARTESIAN_POINT('',(6.306230351815,4.566884426791,
    11.090384398536));
#12661 = LINE('',#12662,#12663);
#12662 = CARTESIAN_POINT('',(5.706230351815,4.566884426791,
    11.090384398536));
#12663 = VECTOR('',#12664,1.);
#12664 = DIRECTION('',(1.,-1.08968389867E-13,0.));
#12665 = ORIENTED_EDGE('',*,*,#12666,.F.);
#12666 = EDGE_CURVE('',#12667,#12657,#12669,.T.);
#12667 = VERTEX_POINT('',#12668);
#12668 = CARTESIAN_POINT('',(5.706230351815,4.566884426791,
    10.790384398536));
#12669 = LINE('',#12670,#12671);
#12670 = CARTESIAN_POINT('',(5.706230351815,4.566884426791,
    10.790384398536));
#12671 = VECTOR('',#12672,1.);
#12672 = DIRECTION('',(0.,-0.,1.));
#12673 = ORIENTED_EDGE('',*,*,#12674,.F.);
#12674 = EDGE_CURVE('',#12675,#12667,#12677,.T.);
#12675 = VERTEX_POINT('',#12676);
#12676 = CARTESIAN_POINT('',(6.306230351815,4.566884426791,
    10.790384398536));
#12677 = LINE('',#12678,#12679);
#12678 = CARTESIAN_POINT('',(6.306230351815,4.566884426791,
    10.790384398536));
#12679 = VECTOR('',#12680,1.);
#12680 = DIRECTION('',(-1.,1.08968389867E-13,0.));
#12681 = ORIENTED_EDGE('',*,*,#12682,.F.);
#12682 = EDGE_CURVE('',#12659,#12675,#12683,.T.);
#12683 = LINE('',#12684,#12685);
#12684 = CARTESIAN_POINT('',(6.306230351815,4.566884426791,
    11.090384398536));
#12685 = VECTOR('',#12686,1.);
#12686 = DIRECTION('',(0.,0.,-1.));
#12687 = PLANE('',#12688);
#12688 = AXIS2_PLACEMENT_3D('',#12689,#12690,#12691);
#12689 = CARTESIAN_POINT('',(5.276230351815,4.566884426791,
    11.540384398536));
#12690 = DIRECTION('',(-1.08968389867E-13,-1.,0.));
#12691 = DIRECTION('',(0.,0.,-1.));
#12692 = ADVANCED_FACE('',(#12693),#12711,.T.);
#12693 = FACE_BOUND('',#12694,.T.);
#12694 = EDGE_LOOP('',(#12695,#12703,#12709,#12710));
#12695 = ORIENTED_EDGE('',*,*,#12696,.T.);
#12696 = EDGE_CURVE('',#12639,#12697,#12699,.T.);
#12697 = VERTEX_POINT('',#12698);
#12698 = CARTESIAN_POINT('',(5.656230351815,4.766884426791,
    11.540384398536));
#12699 = LINE('',#12700,#12701);
#12700 = CARTESIAN_POINT('',(5.656230351815,6.266884426791,
    11.540384398536));
#12701 = VECTOR('',#12702,1.);
#12702 = DIRECTION('',(1.08968389867E-13,1.,-0.));
#12703 = ORIENTED_EDGE('',*,*,#12704,.T.);
#12704 = EDGE_CURVE('',#12697,#9850,#12705,.T.);
#12705 = LINE('',#12706,#12707);
#12706 = CARTESIAN_POINT('',(5.656230351815,4.766884426791,
    11.540384398536));
#12707 = VECTOR('',#12708,1.);
#12708 = DIRECTION('',(-3.48994967025E-02,3.802941962839E-15,
    0.999390827019));
#12709 = ORIENTED_EDGE('',*,*,#9849,.F.);
#12710 = ORIENTED_EDGE('',*,*,#12646,.F.);
#12711 = PLANE('',#12712);
#12712 = AXIS2_PLACEMENT_3D('',#12713,#12714,#12715);
#12713 = CARTESIAN_POINT('',(5.656230351815,6.266884426791,
    11.540384398536));
#12714 = DIRECTION('',(0.999390827019,-1.089020092681E-13,
    3.48994967025E-02));
#12715 = DIRECTION('',(-3.48994967025E-02,3.802941962839E-15,
    0.999390827019));
#12716 = ADVANCED_FACE('',(#12717),#12801,.F.);
#12717 = FACE_BOUND('',#12718,.T.);
#12718 = EDGE_LOOP('',(#12719,#12729,#12737,#12745,#12754,#12762,#12768,
    #12769,#12770,#12778,#12787,#12795));
#12719 = ORIENTED_EDGE('',*,*,#12720,.T.);
#12720 = EDGE_CURVE('',#12721,#12723,#12725,.T.);
#12721 = VERTEX_POINT('',#12722);
#12722 = CARTESIAN_POINT('',(5.176230351815,4.766884426791,
    10.290384398536));
#12723 = VERTEX_POINT('',#12724);
#12724 = CARTESIAN_POINT('',(4.976230351815,4.766884426791,
    10.290384398536));
#12725 = LINE('',#12726,#12727);
#12726 = CARTESIAN_POINT('',(4.876230351815,4.766884426791,
    10.290384398536));
#12727 = VECTOR('',#12728,1.);
#12728 = DIRECTION('',(-1.,1.08968389867E-13,0.));
#12729 = ORIENTED_EDGE('',*,*,#12730,.T.);
#12730 = EDGE_CURVE('',#12723,#12731,#12733,.T.);
#12731 = VERTEX_POINT('',#12732);
#12732 = CARTESIAN_POINT('',(4.876230351815,4.766884426791,
    10.390384398536));
#12733 = LINE('',#12734,#12735);
#12734 = CARTESIAN_POINT('',(4.976230351815,4.766884426791,
    10.290384398536));
#12735 = VECTOR('',#12736,1.);
#12736 = DIRECTION('',(-0.707106781187,7.705228740991E-14,0.707106781187
    ));
#12737 = ORIENTED_EDGE('',*,*,#12738,.T.);
#12738 = EDGE_CURVE('',#12731,#12739,#12741,.T.);
#12739 = VERTEX_POINT('',#12740);
#12740 = CARTESIAN_POINT('',(4.823411150845,4.766884426791,
    11.398234791972));
#12741 = LINE('',#12742,#12743);
#12742 = CARTESIAN_POINT('',(4.815961405639,4.766884426791,
    11.540384398536));
#12743 = VECTOR('',#12744,1.);
#12744 = DIRECTION('',(-5.233595624294E-02,5.70296488394E-15,
    0.998629534755));
#12745 = ORIENTED_EDGE('',*,*,#12746,.T.);
#12746 = EDGE_CURVE('',#12739,#12747,#12749,.T.);
#12747 = VERTEX_POINT('',#12748);
#12748 = CARTESIAN_POINT('',(4.673616720632,4.766884426791,
    11.540384398536));
#12749 = CIRCLE('',#12750,0.15);
#12750 = AXIS2_PLACEMENT_3D('',#12751,#12752,#12753);
#12751 = CARTESIAN_POINT('',(4.673616720632,4.766884426791,
    11.390384398536));
#12752 = DIRECTION('',(-1.08968389867E-13,-1.,-0.));
#12753 = DIRECTION('',(0.,0.,-1.));
#12754 = ORIENTED_EDGE('',*,*,#12755,.T.);
#12755 = EDGE_CURVE('',#12747,#12756,#12758,.T.);
#12756 = VERTEX_POINT('',#12757);
#12757 = CARTESIAN_POINT('',(4.126230351815,4.766884426791,
    11.540384398536));
#12758 = LINE('',#12759,#12760);
#12759 = CARTESIAN_POINT('',(4.876230351815,4.766884426791,
    11.540384398536));
#12760 = VECTOR('',#12761,1.);
#12761 = DIRECTION('',(-1.,1.08968389867E-13,0.));
#12762 = ORIENTED_EDGE('',*,*,#12763,.F.);
#12763 = EDGE_CURVE('',#9858,#12756,#12764,.T.);
#12764 = LINE('',#12765,#12766);
#12765 = CARTESIAN_POINT('',(4.126230351815,4.766884426791,
    11.540384398536));
#12766 = VECTOR('',#12767,1.);
#12767 = DIRECTION('',(-3.48994967025E-02,3.802941962839E-15,
    -0.999390827019));
#12768 = ORIENTED_EDGE('',*,*,#9857,.T.);
#12769 = ORIENTED_EDGE('',*,*,#12704,.F.);
#12770 = ORIENTED_EDGE('',*,*,#12771,.T.);
#12771 = EDGE_CURVE('',#12697,#12772,#12774,.T.);
#12772 = VERTEX_POINT('',#12773);
#12773 = CARTESIAN_POINT('',(5.478843982997,4.766884426791,
    11.540384398536));
#12774 = LINE('',#12775,#12776);
#12775 = CARTESIAN_POINT('',(5.276230351815,4.766884426791,
    11.540384398536));
#12776 = VECTOR('',#12777,1.);
#12777 = DIRECTION('',(-1.,1.08968389867E-13,0.));
#12778 = ORIENTED_EDGE('',*,*,#12779,.T.);
#12779 = EDGE_CURVE('',#12772,#12780,#12782,.T.);
#12780 = VERTEX_POINT('',#12781);
#12781 = CARTESIAN_POINT('',(5.329049552784,4.766884426791,
    11.398234791972));
#12782 = CIRCLE('',#12783,0.15);
#12783 = AXIS2_PLACEMENT_3D('',#12784,#12785,#12786);
#12784 = CARTESIAN_POINT('',(5.478843982997,4.766884426791,
    11.390384398536));
#12785 = DIRECTION('',(-1.08968389867E-13,-1.,-0.));
#12786 = DIRECTION('',(0.,0.,-1.));
#12787 = ORIENTED_EDGE('',*,*,#12788,.T.);
#12788 = EDGE_CURVE('',#12780,#12789,#12791,.T.);
#12789 = VERTEX_POINT('',#12790);
#12790 = CARTESIAN_POINT('',(5.276230351815,4.766884426791,
    10.390384398536));
#12791 = LINE('',#12792,#12793);
#12792 = CARTESIAN_POINT('',(5.276230351815,4.766884426791,
    10.390384398536));
#12793 = VECTOR('',#12794,1.);
#12794 = DIRECTION('',(-5.233595624294E-02,5.70296488394E-15,
    -0.998629534755));
#12795 = ORIENTED_EDGE('',*,*,#12796,.T.);
#12796 = EDGE_CURVE('',#12789,#12721,#12797,.T.);
#12797 = LINE('',#12798,#12799);
#12798 = CARTESIAN_POINT('',(5.176230351815,4.766884426791,
    10.290384398536));
#12799 = VECTOR('',#12800,1.);
#12800 = DIRECTION('',(-0.707106781187,7.705228740991E-14,
    -0.707106781187));
#12801 = PLANE('',#12802);
#12802 = AXIS2_PLACEMENT_3D('',#12803,#12804,#12805);
#12803 = CARTESIAN_POINT('',(4.756230351815,4.766884426791,
    11.140384398536));
#12804 = DIRECTION('',(-1.08968389867E-13,-1.,0.));
#12805 = DIRECTION('',(0.,0.,-1.));
#12806 = ADVANCED_FACE('',(#12807),#12825,.T.);
#12807 = FACE_BOUND('',#12808,.T.);
#12808 = EDGE_LOOP('',(#12809,#12810,#12811,#12819));
#12809 = ORIENTED_EDGE('',*,*,#9865,.T.);
#12810 = ORIENTED_EDGE('',*,*,#12763,.T.);
#12811 = ORIENTED_EDGE('',*,*,#12812,.F.);
#12812 = EDGE_CURVE('',#12813,#12756,#12815,.T.);
#12813 = VERTEX_POINT('',#12814);
#12814 = CARTESIAN_POINT('',(4.126230351815,4.566884426791,
    11.540384398536));
#12815 = LINE('',#12816,#12817);
#12816 = CARTESIAN_POINT('',(4.126230351815,6.266884426791,
    11.540384398536));
#12817 = VECTOR('',#12818,1.);
#12818 = DIRECTION('',(1.08968389867E-13,1.,-0.));
#12819 = ORIENTED_EDGE('',*,*,#12820,.F.);
#12820 = EDGE_CURVE('',#9866,#12813,#12821,.T.);
#12821 = LINE('',#12822,#12823);
#12822 = CARTESIAN_POINT('',(4.126230351815,4.566884426791,
    11.540384398536));
#12823 = VECTOR('',#12824,1.);
#12824 = DIRECTION('',(-3.48994967025E-02,3.802941962839E-15,
    -0.999390827019));
#12825 = PLANE('',#12826);
#12826 = AXIS2_PLACEMENT_3D('',#12827,#12828,#12829);
#12827 = CARTESIAN_POINT('',(4.126230351815,6.266884426791,
    11.540384398536));
#12828 = DIRECTION('',(-0.999390827019,1.089020092681E-13,
    3.48994967025E-02));
#12829 = DIRECTION('',(-3.48994967025E-02,3.802941962839E-15,
    -0.999390827019));
#12830 = ADVANCED_FACE('',(#12831,#12865),#12917,.F.);
#12831 = FACE_BOUND('',#12832,.T.);
#12832 = EDGE_LOOP('',(#12833,#12843,#12851,#12859));
#12833 = ORIENTED_EDGE('',*,*,#12834,.F.);
#12834 = EDGE_CURVE('',#12835,#12837,#12839,.T.);
#12835 = VERTEX_POINT('',#12836);
#12836 = CARTESIAN_POINT('',(3.076230351815,4.566884426791,
    11.090384398536));
#12837 = VERTEX_POINT('',#12838);
#12838 = CARTESIAN_POINT('',(4.076230351815,4.566884426791,
    11.090384398536));
#12839 = LINE('',#12840,#12841);
#12840 = CARTESIAN_POINT('',(3.076230351815,4.566884426791,
    11.090384398536));
#12841 = VECTOR('',#12842,1.);
#12842 = DIRECTION('',(1.,-1.08968389867E-13,0.));
#12843 = ORIENTED_EDGE('',*,*,#12844,.F.);
#12844 = EDGE_CURVE('',#12845,#12835,#12847,.T.);
#12845 = VERTEX_POINT('',#12846);
#12846 = CARTESIAN_POINT('',(3.076230351815,4.566884426791,
    10.790384398536));
#12847 = LINE('',#12848,#12849);
#12848 = CARTESIAN_POINT('',(3.076230351815,4.566884426791,
    10.790384398536));
#12849 = VECTOR('',#12850,1.);
#12850 = DIRECTION('',(0.,-0.,1.));
#12851 = ORIENTED_EDGE('',*,*,#12852,.F.);
#12852 = EDGE_CURVE('',#12853,#12845,#12855,.T.);
#12853 = VERTEX_POINT('',#12854);
#12854 = CARTESIAN_POINT('',(4.076230351815,4.566884426791,
    10.790384398536));
#12855 = LINE('',#12856,#12857);
#12856 = CARTESIAN_POINT('',(4.076230351815,4.566884426791,
    10.790384398536));
#12857 = VECTOR('',#12858,1.);
#12858 = DIRECTION('',(-1.,1.08968389867E-13,-5.421010862428E-17));
#12859 = ORIENTED_EDGE('',*,*,#12860,.F.);
#12860 = EDGE_CURVE('',#12837,#12853,#12861,.T.);
#12861 = LINE('',#12862,#12863);
#12862 = CARTESIAN_POINT('',(4.076230351815,4.566884426791,
    11.090384398536));
#12863 = VECTOR('',#12864,1.);
#12864 = DIRECTION('',(0.,0.,-1.));
#12865 = FACE_BOUND('',#12866,.T.);
#12866 = EDGE_LOOP('',(#12867,#12868,#12876,#12882,#12883,#12884,#12892,
    #12901,#12909,#12915,#12916));
#12867 = ORIENTED_EDGE('',*,*,#10924,.F.);
#12868 = ORIENTED_EDGE('',*,*,#12869,.T.);
#12869 = EDGE_CURVE('',#10925,#12870,#12872,.T.);
#12870 = VERTEX_POINT('',#12871);
#12871 = CARTESIAN_POINT('',(3.026230351815,4.566884426791,
    11.540384398536));
#12872 = LINE('',#12873,#12874);
#12873 = CARTESIAN_POINT('',(2.276230351815,4.566884426791,
    11.540384398536));
#12874 = VECTOR('',#12875,1.);
#12875 = DIRECTION('',(1.,-1.08968389867E-13,0.));
#12876 = ORIENTED_EDGE('',*,*,#12877,.T.);
#12877 = EDGE_CURVE('',#12870,#9874,#12878,.T.);
#12878 = LINE('',#12879,#12880);
#12879 = CARTESIAN_POINT('',(3.026230351815,4.566884426791,
    11.540384398536));
#12880 = VECTOR('',#12881,1.);
#12881 = DIRECTION('',(-3.48994967025E-02,3.802941962839E-15,
    0.999390827019));
#12882 = ORIENTED_EDGE('',*,*,#9873,.T.);
#12883 = ORIENTED_EDGE('',*,*,#12820,.T.);
#12884 = ORIENTED_EDGE('',*,*,#12885,.T.);
#12885 = EDGE_CURVE('',#12813,#12886,#12888,.T.);
#12886 = VERTEX_POINT('',#12887);
#12887 = CARTESIAN_POINT('',(4.673616720632,4.566884426791,
    11.540384398536));
#12888 = LINE('',#12889,#12890);
#12889 = CARTESIAN_POINT('',(2.276230351815,4.566884426791,
    11.540384398536));
#12890 = VECTOR('',#12891,1.);
#12891 = DIRECTION('',(1.,-1.08968389867E-13,0.));
#12892 = ORIENTED_EDGE('',*,*,#12893,.T.);
#12893 = EDGE_CURVE('',#12886,#12894,#12896,.T.);
#12894 = VERTEX_POINT('',#12895);
#12895 = CARTESIAN_POINT('',(4.823411150845,4.566884426791,
    11.398234791972));
#12896 = CIRCLE('',#12897,0.15);
#12897 = AXIS2_PLACEMENT_3D('',#12898,#12899,#12900);
#12898 = CARTESIAN_POINT('',(4.673616720632,4.566884426791,
    11.390384398536));
#12899 = DIRECTION('',(1.08968389867E-13,1.,3.426612651044E-45));
#12900 = DIRECTION('',(9.035018104046E-16,-9.845313752167E-29,-1.));
#12901 = ORIENTED_EDGE('',*,*,#12902,.F.);
#12902 = EDGE_CURVE('',#12903,#12894,#12905,.T.);
#12903 = VERTEX_POINT('',#12904);
#12904 = CARTESIAN_POINT('',(4.868369184922,4.566884426791,
    10.540384398536));
#12905 = LINE('',#12906,#12907);
#12906 = CARTESIAN_POINT('',(4.815961405639,4.566884426791,
    11.540384398536));
#12907 = VECTOR('',#12908,1.);
#12908 = DIRECTION('',(-5.233595624294E-02,5.70296488394E-15,
    0.998629534755));
#12909 = ORIENTED_EDGE('',*,*,#12910,.T.);
#12910 = EDGE_CURVE('',#12903,#11036,#12911,.T.);
#12911 = LINE('',#12912,#12913);
#12912 = CARTESIAN_POINT('',(2.276230351815,4.566884426791,
    10.540384398536));
#12913 = VECTOR('',#12914,1.);
#12914 = DIRECTION('',(-1.,1.08968389867E-13,0.));
#12915 = ORIENTED_EDGE('',*,*,#11035,.F.);
#12916 = ORIENTED_EDGE('',*,*,#10987,.T.);
#12917 = PLANE('',#12918);
#12918 = AXIS2_PLACEMENT_3D('',#12919,#12920,#12921);
#12919 = CARTESIAN_POINT('',(2.276230351815,4.566884426791,
    14.157634864197));
#12920 = DIRECTION('',(-1.08968389867E-13,-1.,0.));
#12921 = DIRECTION('',(0.,0.,-1.));
#12922 = ADVANCED_FACE('',(#12923),#12941,.T.);
#12923 = FACE_BOUND('',#12924,.T.);
#12924 = EDGE_LOOP('',(#12925,#12933,#12939,#12940));
#12925 = ORIENTED_EDGE('',*,*,#12926,.T.);
#12926 = EDGE_CURVE('',#12870,#12927,#12929,.T.);
#12927 = VERTEX_POINT('',#12928);
#12928 = CARTESIAN_POINT('',(3.026230351815,4.766884426791,
    11.540384398536));
#12929 = LINE('',#12930,#12931);
#12930 = CARTESIAN_POINT('',(3.026230351815,6.266884426791,
    11.540384398536));
#12931 = VECTOR('',#12932,1.);
#12932 = DIRECTION('',(1.08968389867E-13,1.,-0.));
#12933 = ORIENTED_EDGE('',*,*,#12934,.T.);
#12934 = EDGE_CURVE('',#12927,#9882,#12935,.T.);
#12935 = LINE('',#12936,#12937);
#12936 = CARTESIAN_POINT('',(3.026230351815,4.766884426791,
    11.540384398536));
#12937 = VECTOR('',#12938,1.);
#12938 = DIRECTION('',(-3.48994967025E-02,3.802941962839E-15,
    0.999390827019));
#12939 = ORIENTED_EDGE('',*,*,#9881,.F.);
#12940 = ORIENTED_EDGE('',*,*,#12877,.F.);
#12941 = PLANE('',#12942);
#12942 = AXIS2_PLACEMENT_3D('',#12943,#12944,#12945);
#12943 = CARTESIAN_POINT('',(3.026230351815,6.266884426791,
    11.540384398536));
#12944 = DIRECTION('',(0.999390827019,-1.089020092681E-13,
    3.48994967025E-02));
#12945 = DIRECTION('',(-3.48994967025E-02,3.802941962839E-15,
    0.999390827019));
#12946 = ADVANCED_FACE('',(#12947),#12963,.F.);
#12947 = FACE_BOUND('',#12948,.T.);
#12948 = EDGE_LOOP('',(#12949,#12950,#12951,#12957));
#12949 = ORIENTED_EDGE('',*,*,#9889,.T.);
#12950 = ORIENTED_EDGE('',*,*,#12934,.F.);
#12951 = ORIENTED_EDGE('',*,*,#12952,.T.);
#12952 = EDGE_CURVE('',#12927,#8624,#12953,.T.);
#12953 = LINE('',#12954,#12955);
#12954 = CARTESIAN_POINT('',(4.876230351815,4.766884426791,
    11.540384398536));
#12955 = VECTOR('',#12956,1.);
#12956 = DIRECTION('',(-1.,1.08968389867E-13,0.));
#12957 = ORIENTED_EDGE('',*,*,#12958,.F.);
#12958 = EDGE_CURVE('',#9890,#8624,#12959,.T.);
#12959 = LINE('',#12960,#12961);
#12960 = CARTESIAN_POINT('',(2.519473727431,4.766884426791,
    11.840384398536));
#12961 = VECTOR('',#12962,1.);
#12962 = DIRECTION('',(2.891205793295E-15,-3.150500400693E-28,-1.));
#12963 = PLANE('',#12964);
#12964 = AXIS2_PLACEMENT_3D('',#12965,#12966,#12967);
#12965 = CARTESIAN_POINT('',(4.756230351815,4.766884426791,
    11.140384398536));
#12966 = DIRECTION('',(-1.08968389867E-13,-1.,0.));
#12967 = DIRECTION('',(0.,0.,-1.));
#12968 = ADVANCED_FACE('',(#12969),#12980,.T.);
#12969 = FACE_BOUND('',#12970,.T.);
#12970 = EDGE_LOOP('',(#12971,#12972,#12973,#12974));
#12971 = ORIENTED_EDGE('',*,*,#9897,.F.);
#12972 = ORIENTED_EDGE('',*,*,#12958,.T.);
#12973 = ORIENTED_EDGE('',*,*,#10899,.F.);
#12974 = ORIENTED_EDGE('',*,*,#12975,.F.);
#12975 = EDGE_CURVE('',#9898,#10900,#12976,.T.);
#12976 = LINE('',#12977,#12978);
#12977 = CARTESIAN_POINT('',(2.469473727431,4.816884426791,
    11.540384398536));
#12978 = VECTOR('',#12979,1.);
#12979 = DIRECTION('',(2.891205793295E-15,-3.150500400693E-28,-1.));
#12980 = CYLINDRICAL_SURFACE('',#12981,5.E-02);
#12981 = AXIS2_PLACEMENT_3D('',#12982,#12983,#12984);
#12982 = CARTESIAN_POINT('',(2.469473727431,4.766884426791,
    11.140384398536));
#12983 = DIRECTION('',(-2.891205793295E-15,3.150500400693E-28,1.));
#12984 = DIRECTION('',(-1.,1.08968389867E-13,-2.891205793295E-15));
#12985 = ADVANCED_FACE('',(#12986),#12992,.T.);
#12986 = FACE_BOUND('',#12987,.T.);
#12987 = EDGE_LOOP('',(#12988,#12989,#12990,#12991));
#12988 = ORIENTED_EDGE('',*,*,#9906,.T.);
#12989 = ORIENTED_EDGE('',*,*,#12975,.T.);
#12990 = ORIENTED_EDGE('',*,*,#10910,.T.);
#12991 = ORIENTED_EDGE('',*,*,#10885,.T.);
#12992 = PLANE('',#12993);
#12993 = AXIS2_PLACEMENT_3D('',#12994,#12995,#12996);
#12994 = CARTESIAN_POINT('',(4.756230351815,4.816884426791,
    11.140384398536));
#12995 = DIRECTION('',(1.08968389867E-13,1.,0.));
#12996 = DIRECTION('',(0.,-0.,1.));
#12997 = ADVANCED_FACE('',(#12998),#13036,.F.);
#12998 = FACE_BOUND('',#12999,.T.);
#12999 = EDGE_LOOP('',(#13000,#13008,#13016,#13022,#13028,#13034,#13035)
  );
#13000 = ORIENTED_EDGE('',*,*,#13001,.F.);
#13001 = EDGE_CURVE('',#13002,#12506,#13004,.T.);
#13002 = VERTEX_POINT('',#13003);
#13003 = CARTESIAN_POINT('',(5.276230351814,2.816884426791,
    10.390384398536));
#13004 = LINE('',#13005,#13006);
#13005 = CARTESIAN_POINT('',(5.284080737868,2.667090137441,
    10.540178687886));
#13006 = VECTOR('',#13007,1.);
#13007 = DIRECTION('',(3.703247672019E-02,-0.706621750185,0.706621750185
    ));
#13008 = ORIENTED_EDGE('',*,*,#13009,.F.);
#13009 = EDGE_CURVE('',#13010,#13002,#13012,.T.);
#13010 = VERTEX_POINT('',#13011);
#13011 = CARTESIAN_POINT('',(5.306230351689,2.816884426791,
    10.390384398572));
#13012 = LINE('',#13013,#13014);
#13013 = CARTESIAN_POINT('',(4.756230351814,2.816884426791,
    10.390384398536));
#13014 = VECTOR('',#13015,1.);
#13015 = DIRECTION('',(-1.,1.08968389867E-13,0.));
#13016 = ORIENTED_EDGE('',*,*,#13017,.F.);
#13017 = EDGE_CURVE('',#11689,#13010,#13018,.T.);
#13018 = LINE('',#13019,#13020);
#13019 = CARTESIAN_POINT('',(4.756230351814,2.816884426791,
    10.390384398536));
#13020 = VECTOR('',#13021,1.);
#13021 = DIRECTION('',(-1.,1.08968389867E-13,0.));
#13022 = ORIENTED_EDGE('',*,*,#13023,.F.);
#13023 = EDGE_CURVE('',#11707,#11689,#13024,.T.);
#13024 = LINE('',#13025,#13026);
#13025 = CARTESIAN_POINT('',(4.756230351814,2.816884426791,
    10.390384398536));
#13026 = VECTOR('',#13027,1.);
#13027 = DIRECTION('',(-1.,1.08968389867E-13,0.));
#13028 = ORIENTED_EDGE('',*,*,#13029,.F.);
#13029 = EDGE_CURVE('',#10020,#11707,#13030,.T.);
#13030 = LINE('',#13031,#13032);
#13031 = CARTESIAN_POINT('',(4.756230351814,2.816884426791,
    10.390384398536));
#13032 = VECTOR('',#13033,1.);
#13033 = DIRECTION('',(-1.,1.08968389867E-13,0.));
#13034 = ORIENTED_EDGE('',*,*,#10017,.F.);
#13035 = ORIENTED_EDGE('',*,*,#12513,.F.);
#13036 = PLANE('',#13037);
#13037 = AXIS2_PLACEMENT_3D('',#13038,#13039,#13040);
#13038 = CARTESIAN_POINT('',(5.276230351814,2.666884426791,
    10.540384398536));
#13039 = DIRECTION('',(7.705228740991E-14,0.707106781187,0.707106781187)
  );
#13040 = DIRECTION('',(1.,-1.08968389867E-13,0.));
#13041 = ADVANCED_FACE('',(#13042),#13047,.F.);
#13042 = FACE_BOUND('',#13043,.F.);
#13043 = EDGE_LOOP('',(#13044,#13045,#13046));
#13044 = ORIENTED_EDGE('',*,*,#10027,.F.);
#13045 = ORIENTED_EDGE('',*,*,#11715,.F.);
#13046 = ORIENTED_EDGE('',*,*,#13029,.F.);
#13047 = PLANE('',#13048);
#13048 = AXIS2_PLACEMENT_3D('',#13049,#13050,#13051);
#13049 = CARTESIAN_POINT('',(5.306230351689,4.06688442679,
    10.390384398608));
#13050 = DIRECTION('',(9.020562076321E-17,-2.220446049008E-16,-1.));
#13051 = DIRECTION('',(-1.,1.08968389867E-13,-9.020562076324E-17));
#13052 = ADVANCED_FACE('',(#13053),#13081,.F.);
#13053 = FACE_BOUND('',#13054,.T.);
#13054 = EDGE_LOOP('',(#13055,#13063,#13064,#13065,#13066,#13067,#13075)
  );
#13055 = ORIENTED_EDGE('',*,*,#13056,.F.);
#13056 = EDGE_CURVE('',#12290,#13057,#13059,.T.);
#13057 = VERTEX_POINT('',#13058);
#13058 = CARTESIAN_POINT('',(4.876230351814,2.816884426791,
    10.390384398536));
#13059 = LINE('',#13060,#13061);
#13060 = CARTESIAN_POINT('',(4.876065783295,2.813744272369,
    10.393524552958));
#13061 = VECTOR('',#13062,1.);
#13062 = DIRECTION('',(3.703247672034E-02,0.706621750185,-0.706621750185
    ));
#13063 = ORIENTED_EDGE('',*,*,#12289,.F.);
#13064 = ORIENTED_EDGE('',*,*,#10079,.F.);
#13065 = ORIENTED_EDGE('',*,*,#10460,.T.);
#13066 = ORIENTED_EDGE('',*,*,#10409,.F.);
#13067 = ORIENTED_EDGE('',*,*,#13068,.F.);
#13068 = EDGE_CURVE('',#13069,#10410,#13071,.T.);
#13069 = VERTEX_POINT('',#13070);
#13070 = CARTESIAN_POINT('',(4.846230351787,2.816884426791,
    10.390384398536));
#13071 = LINE('',#13072,#13073);
#13072 = CARTESIAN_POINT('',(4.756230351814,2.816884426791,
    10.390384398536));
#13073 = VECTOR('',#13074,1.);
#13074 = DIRECTION('',(-1.,1.08968389867E-13,0.));
#13075 = ORIENTED_EDGE('',*,*,#13076,.F.);
#13076 = EDGE_CURVE('',#13057,#13069,#13077,.T.);
#13077 = LINE('',#13078,#13079);
#13078 = CARTESIAN_POINT('',(4.756230351814,2.816884426791,
    10.390384398536));
#13079 = VECTOR('',#13080,1.);
#13080 = DIRECTION('',(-1.,1.08968389867E-13,0.));
#13081 = PLANE('',#13082);
#13082 = AXIS2_PLACEMENT_3D('',#13083,#13084,#13085);
#13083 = CARTESIAN_POINT('',(4.756230351814,2.816884426791,
    10.390384398536));
#13084 = DIRECTION('',(7.705228740991E-14,0.707106781187,0.707106781187)
  );
#13085 = DIRECTION('',(-1.,1.08968389867E-13,0.));
#13086 = ADVANCED_FACE('',(#13087,#13139),#13209,.F.);
#13087 = FACE_BOUND('',#13088,.F.);
#13088 = EDGE_LOOP('',(#13089,#13090,#13098,#13107,#13115,#13123,#13131,
    #13138));
#13089 = ORIENTED_EDGE('',*,*,#10190,.F.);
#13090 = ORIENTED_EDGE('',*,*,#13091,.T.);
#13091 = EDGE_CURVE('',#10183,#13092,#13094,.T.);
#13092 = VERTEX_POINT('',#13093);
#13093 = CARTESIAN_POINT('',(4.648857498533,2.541884426805,
    11.440384398536));
#13094 = LINE('',#13095,#13096);
#13095 = CARTESIAN_POINT('',(2.306230351787,2.541884426805,
    11.440384398536));
#13096 = VECTOR('',#13097,1.);
#13097 = DIRECTION('',(1.,0.,0.));
#13098 = ORIENTED_EDGE('',*,*,#13099,.F.);
#13099 = EDGE_CURVE('',#13100,#13092,#13102,.T.);
#13100 = VERTEX_POINT('',#13101);
#13101 = CARTESIAN_POINT('',(4.798651928746,2.541884426805,
    11.298234791972));
#13102 = CIRCLE('',#13103,0.15);
#13103 = AXIS2_PLACEMENT_3D('',#13104,#13105,#13106);
#13104 = CARTESIAN_POINT('',(4.648857498533,2.541884426805,
    11.290384398536));
#13105 = DIRECTION('',(8.537024980201E-17,-1.,0.));
#13106 = DIRECTION('',(-1.,-8.537024980201E-17,0.));
#13107 = ORIENTED_EDGE('',*,*,#13108,.T.);
#13108 = EDGE_CURVE('',#13100,#13109,#13111,.T.);
#13109 = VERTEX_POINT('',#13110);
#13110 = CARTESIAN_POINT('',(4.838369184895,2.541884426805,
    10.540384398536));
#13111 = LINE('',#13112,#13113);
#13112 = CARTESIAN_POINT('',(4.79120218354,2.541884426805,
    11.440384398536));
#13113 = VECTOR('',#13114,1.);
#13114 = DIRECTION('',(5.233595624294E-02,2.062316783027E-16,
    -0.998629534755));
#13115 = ORIENTED_EDGE('',*,*,#13116,.F.);
#13116 = EDGE_CURVE('',#13117,#13109,#13119,.T.);
#13117 = VERTEX_POINT('',#13118);
#13118 = CARTESIAN_POINT('',(2.314091518679,2.541884426805,
    10.540384398536));
#13119 = LINE('',#13120,#13121);
#13120 = CARTESIAN_POINT('',(2.306230351787,2.541884426805,
    10.540384398536));
#13121 = VECTOR('',#13122,1.);
#13122 = DIRECTION('',(1.,8.537024980201E-17,0.));
#13123 = ORIENTED_EDGE('',*,*,#13124,.T.);
#13124 = EDGE_CURVE('',#13117,#13125,#13127,.T.);
#13125 = VERTEX_POINT('',#13126);
#13126 = CARTESIAN_POINT('',(2.353808774828,2.541884426805,
    11.298234791972));
#13127 = LINE('',#13128,#13129);
#13128 = CARTESIAN_POINT('',(2.306230351787,2.541884426805,
    10.390384398536));
#13129 = VECTOR('',#13130,1.);
#13130 = DIRECTION('',(5.233595624294E-02,2.062316783027E-16,
    0.998629534755));
#13131 = ORIENTED_EDGE('',*,*,#13132,.F.);
#13132 = EDGE_CURVE('',#10126,#13125,#13133,.T.);
#13133 = CIRCLE('',#13134,0.15);
#13134 = AXIS2_PLACEMENT_3D('',#13135,#13136,#13137);
#13135 = CARTESIAN_POINT('',(2.503603205041,2.541884426805,
    11.290384398536));
#13136 = DIRECTION('',(8.537024980201E-17,-1.,0.));
#13137 = DIRECTION('',(-1.,-8.537024980201E-17,-1.445602896647E-15));
#13138 = ORIENTED_EDGE('',*,*,#10133,.T.);
#13139 = FACE_BOUND('',#13140,.F.);
#13140 = EDGE_LOOP('',(#13141,#13151,#13160,#13168,#13177,#13185,#13194,
    #13202));
#13141 = ORIENTED_EDGE('',*,*,#13142,.F.);
#13142 = EDGE_CURVE('',#13143,#13145,#13147,.T.);
#13143 = VERTEX_POINT('',#13144);
#13144 = CARTESIAN_POINT('',(2.926230351787,2.541884426805,
    10.890384398536));
#13145 = VERTEX_POINT('',#13146);
#13146 = CARTESIAN_POINT('',(2.926230351787,2.541884426805,
    10.990384398536));
#13147 = LINE('',#13148,#13149);
#13148 = CARTESIAN_POINT('',(2.926230351787,2.541884426805,
    10.390384398536));
#13149 = VECTOR('',#13150,1.);
#13150 = DIRECTION('',(0.,0.,1.));
#13151 = ORIENTED_EDGE('',*,*,#13152,.F.);
#13152 = EDGE_CURVE('',#13153,#13143,#13155,.T.);
#13153 = VERTEX_POINT('',#13154);
#13154 = CARTESIAN_POINT('',(3.076230351787,2.541884426805,
    10.740384398536));
#13155 = CIRCLE('',#13156,0.15);
#13156 = AXIS2_PLACEMENT_3D('',#13157,#13158,#13159);
#13157 = CARTESIAN_POINT('',(3.076230351787,2.541884426805,
    10.890384398536));
#13158 = DIRECTION('',(-8.537024980201E-17,1.,0.));
#13159 = DIRECTION('',(-1.,-8.537024980201E-17,-0.));
#13160 = ORIENTED_EDGE('',*,*,#13161,.F.);
#13161 = EDGE_CURVE('',#13162,#13153,#13164,.T.);
#13162 = VERTEX_POINT('',#13163);
#13163 = CARTESIAN_POINT('',(4.076230351787,2.541884426805,
    10.740384398536));
#13164 = LINE('',#13165,#13166);
#13165 = CARTESIAN_POINT('',(2.306230351787,2.541884426805,
    10.740384398536));
#13166 = VECTOR('',#13167,1.);
#13167 = DIRECTION('',(-1.,-8.537024980201E-17,8.340016711427E-17));
#13168 = ORIENTED_EDGE('',*,*,#13169,.F.);
#13169 = EDGE_CURVE('',#13170,#13162,#13172,.T.);
#13170 = VERTEX_POINT('',#13171);
#13171 = CARTESIAN_POINT('',(4.226230351787,2.541884426805,
    10.890384398536));
#13172 = CIRCLE('',#13173,0.15);
#13173 = AXIS2_PLACEMENT_3D('',#13174,#13175,#13176);
#13174 = CARTESIAN_POINT('',(4.076230351787,2.541884426805,
    10.890384398536));
#13175 = DIRECTION('',(-8.537024980201E-17,1.,0.));
#13176 = DIRECTION('',(-1.,-8.537024980201E-17,-0.));
#13177 = ORIENTED_EDGE('',*,*,#13178,.F.);
#13178 = EDGE_CURVE('',#13179,#13170,#13181,.T.);
#13179 = VERTEX_POINT('',#13180);
#13180 = CARTESIAN_POINT('',(4.226230351787,2.541884426805,
    10.990384398536));
#13181 = LINE('',#13182,#13183);
#13182 = CARTESIAN_POINT('',(4.226230351787,2.541884426805,
    10.390384398536));
#13183 = VECTOR('',#13184,1.);
#13184 = DIRECTION('',(0.,0.,-1.));
#13185 = ORIENTED_EDGE('',*,*,#13186,.F.);
#13186 = EDGE_CURVE('',#13187,#13179,#13189,.T.);
#13187 = VERTEX_POINT('',#13188);
#13188 = CARTESIAN_POINT('',(4.076230351787,2.541884426805,
    11.140384398536));
#13189 = CIRCLE('',#13190,0.15);
#13190 = AXIS2_PLACEMENT_3D('',#13191,#13192,#13193);
#13191 = CARTESIAN_POINT('',(4.076230351787,2.541884426805,
    10.990384398536));
#13192 = DIRECTION('',(-8.537024980201E-17,1.,0.));
#13193 = DIRECTION('',(-1.,-8.537024980201E-17,-0.));
#13194 = ORIENTED_EDGE('',*,*,#13195,.F.);
#13195 = EDGE_CURVE('',#13196,#13187,#13198,.T.);
#13196 = VERTEX_POINT('',#13197);
#13197 = CARTESIAN_POINT('',(3.076230351787,2.541884426805,
    11.140384398536));
#13198 = LINE('',#13199,#13200);
#13199 = CARTESIAN_POINT('',(2.306230351787,2.541884426805,
    11.140384398536));
#13200 = VECTOR('',#13201,1.);
#13201 = DIRECTION('',(1.,8.537024980201E-17,-8.340016711427E-17));
#13202 = ORIENTED_EDGE('',*,*,#13203,.F.);
#13203 = EDGE_CURVE('',#13145,#13196,#13204,.T.);
#13204 = CIRCLE('',#13205,0.15);
#13205 = AXIS2_PLACEMENT_3D('',#13206,#13207,#13208);
#13206 = CARTESIAN_POINT('',(3.076230351787,2.541884426805,
    10.990384398536));
#13207 = DIRECTION('',(-8.537024980201E-17,1.,0.));
#13208 = DIRECTION('',(-1.,-8.537024980201E-17,-0.));
#13209 = PLANE('',#13210);
#13210 = AXIS2_PLACEMENT_3D('',#13211,#13212,#13213);
#13211 = CARTESIAN_POINT('',(2.306230351787,2.541884426805,
    10.390384398536));
#13212 = DIRECTION('',(-8.537024980201E-17,1.,0.));
#13213 = DIRECTION('',(-1.,-8.537024980201E-17,0.));
#13214 = ADVANCED_FACE('',(#13215),#13234,.T.);
#13215 = FACE_BOUND('',#13216,.T.);
#13216 = EDGE_LOOP('',(#13217,#13226,#13232,#13233));
#13217 = ORIENTED_EDGE('',*,*,#13218,.F.);
#13218 = EDGE_CURVE('',#13219,#10118,#13221,.T.);
#13219 = VERTEX_POINT('',#13220);
#13220 = CARTESIAN_POINT('',(2.353808774828,2.641884426805,
    11.298234791972));
#13221 = CIRCLE('',#13222,0.15);
#13222 = AXIS2_PLACEMENT_3D('',#13223,#13224,#13225);
#13223 = CARTESIAN_POINT('',(2.503603205041,2.641884426805,
    11.290384398536));
#13224 = DIRECTION('',(-0.,1.,0.));
#13225 = DIRECTION('',(1.445602896647E-15,0.,-1.));
#13226 = ORIENTED_EDGE('',*,*,#13227,.F.);
#13227 = EDGE_CURVE('',#13125,#13219,#13228,.T.);
#13228 = LINE('',#13229,#13230);
#13229 = CARTESIAN_POINT('',(2.353808774828,32.541884426805,
    11.298234791972));
#13230 = VECTOR('',#13231,1.);
#13231 = DIRECTION('',(-8.537024980201E-17,1.,-1.766936534557E-36));
#13232 = ORIENTED_EDGE('',*,*,#13132,.F.);
#13233 = ORIENTED_EDGE('',*,*,#10125,.F.);
#13234 = CYLINDRICAL_SURFACE('',#13235,0.15);
#13235 = AXIS2_PLACEMENT_3D('',#13236,#13237,#13238);
#13236 = CARTESIAN_POINT('',(2.503603205041,3.616884426805,
    11.290384398536));
#13237 = DIRECTION('',(8.537024980201E-17,-1.,0.));
#13238 = DIRECTION('',(1.,8.537024980201E-17,0.));
#13239 = ADVANCED_FACE('',(#13240,#13284),#13354,.F.);
#13240 = FACE_BOUND('',#13241,.F.);
#13241 = EDGE_LOOP('',(#13242,#13250,#13258,#13266,#13275,#13281,#13282,
    #13283));
#13242 = ORIENTED_EDGE('',*,*,#13243,.F.);
#13243 = EDGE_CURVE('',#13244,#13219,#13246,.T.);
#13244 = VERTEX_POINT('',#13245);
#13245 = CARTESIAN_POINT('',(2.311471129715,2.641884426805,
    10.490384398536));
#13246 = LINE('',#13247,#13248);
#13247 = CARTESIAN_POINT('',(2.361107795002,2.641884426805,
    11.437508393604));
#13248 = VECTOR('',#13249,1.);
#13249 = DIRECTION('',(5.233595624294E-02,0.,0.998629534755));
#13250 = ORIENTED_EDGE('',*,*,#13251,.F.);
#13251 = EDGE_CURVE('',#13252,#13244,#13254,.T.);
#13252 = VERTEX_POINT('',#13253);
#13253 = CARTESIAN_POINT('',(4.840989573859,2.641884426805,
    10.490384398536));
#13254 = LINE('',#13255,#13256);
#13255 = CARTESIAN_POINT('',(2.306230351787,2.641884426805,
    10.490384398536));
#13256 = VECTOR('',#13257,1.);
#13257 = DIRECTION('',(-1.,0.,0.));
#13258 = ORIENTED_EDGE('',*,*,#13259,.F.);
#13259 = EDGE_CURVE('',#13260,#13252,#13262,.T.);
#13260 = VERTEX_POINT('',#13261);
#13261 = CARTESIAN_POINT('',(4.798651928746,2.641884426805,
    11.298234791972));
#13262 = LINE('',#13263,#13264);
#13263 = CARTESIAN_POINT('',(4.784395715689,2.641884426805,
    11.570259541954));
#13264 = VECTOR('',#13265,1.);
#13265 = DIRECTION('',(5.233595624294E-02,0.,-0.998629534755));
#13266 = ORIENTED_EDGE('',*,*,#13267,.F.);
#13267 = EDGE_CURVE('',#13268,#13260,#13270,.T.);
#13268 = VERTEX_POINT('',#13269);
#13269 = CARTESIAN_POINT('',(4.648857498533,2.641884426805,
    11.440384398536));
#13270 = CIRCLE('',#13271,0.15);
#13271 = AXIS2_PLACEMENT_3D('',#13272,#13273,#13274);
#13272 = CARTESIAN_POINT('',(4.648857498533,2.641884426805,
    11.290384398536));
#13273 = DIRECTION('',(-0.,1.,0.));
#13274 = DIRECTION('',(0.,0.,-1.));
#13275 = ORIENTED_EDGE('',*,*,#13276,.T.);
#13276 = EDGE_CURVE('',#13268,#10175,#13277,.T.);
#13277 = LINE('',#13278,#13279);
#13278 = CARTESIAN_POINT('',(2.306230351787,2.641884426805,
    11.440384398536));
#13279 = VECTOR('',#13280,1.);
#13280 = DIRECTION('',(-1.,-0.,-0.));
#13281 = ORIENTED_EDGE('',*,*,#10174,.F.);
#13282 = ORIENTED_EDGE('',*,*,#10117,.T.);
#13283 = ORIENTED_EDGE('',*,*,#13218,.F.);
#13284 = FACE_BOUND('',#13285,.F.);
#13285 = EDGE_LOOP('',(#13286,#13296,#13305,#13313,#13322,#13330,#13339,
    #13347));
#13286 = ORIENTED_EDGE('',*,*,#13287,.F.);
#13287 = EDGE_CURVE('',#13288,#13290,#13292,.T.);
#13288 = VERTEX_POINT('',#13289);
#13289 = CARTESIAN_POINT('',(2.926230351787,2.641884426805,
    10.990384398536));
#13290 = VERTEX_POINT('',#13291);
#13291 = CARTESIAN_POINT('',(2.926230351787,2.641884426805,
    10.890384398536));
#13292 = LINE('',#13293,#13294);
#13293 = CARTESIAN_POINT('',(2.926230351787,2.641884426805,
    11.440384398536));
#13294 = VECTOR('',#13295,1.);
#13295 = DIRECTION('',(0.,0.,-1.));
#13296 = ORIENTED_EDGE('',*,*,#13297,.F.);
#13297 = EDGE_CURVE('',#13298,#13288,#13300,.T.);
#13298 = VERTEX_POINT('',#13299);
#13299 = CARTESIAN_POINT('',(3.076230351787,2.641884426805,
    11.140384398536));
#13300 = CIRCLE('',#13301,0.15);
#13301 = AXIS2_PLACEMENT_3D('',#13302,#13303,#13304);
#13302 = CARTESIAN_POINT('',(3.076230351787,2.641884426805,
    10.990384398536));
#13303 = DIRECTION('',(0.,-1.,0.));
#13304 = DIRECTION('',(0.,0.,-1.));
#13305 = ORIENTED_EDGE('',*,*,#13306,.F.);
#13306 = EDGE_CURVE('',#13307,#13298,#13309,.T.);
#13307 = VERTEX_POINT('',#13308);
#13308 = CARTESIAN_POINT('',(4.076230351787,2.641884426805,
    11.140384398536));
#13309 = LINE('',#13310,#13311);
#13310 = CARTESIAN_POINT('',(2.306230351787,2.641884426805,
    11.140384398536));
#13311 = VECTOR('',#13312,1.);
#13312 = DIRECTION('',(-1.,0.,8.340016711427E-17));
#13313 = ORIENTED_EDGE('',*,*,#13314,.F.);
#13314 = EDGE_CURVE('',#13315,#13307,#13317,.T.);
#13315 = VERTEX_POINT('',#13316);
#13316 = CARTESIAN_POINT('',(4.226230351787,2.641884426805,
    10.990384398536));
#13317 = CIRCLE('',#13318,0.15);
#13318 = AXIS2_PLACEMENT_3D('',#13319,#13320,#13321);
#13319 = CARTESIAN_POINT('',(4.076230351787,2.641884426805,
    10.990384398536));
#13320 = DIRECTION('',(0.,-1.,0.));
#13321 = DIRECTION('',(0.,0.,-1.));
#13322 = ORIENTED_EDGE('',*,*,#13323,.F.);
#13323 = EDGE_CURVE('',#13324,#13315,#13326,.T.);
#13324 = VERTEX_POINT('',#13325);
#13325 = CARTESIAN_POINT('',(4.226230351787,2.641884426805,
    10.890384398536));
#13326 = LINE('',#13327,#13328);
#13327 = CARTESIAN_POINT('',(4.226230351787,2.641884426805,
    11.440384398536));
#13328 = VECTOR('',#13329,1.);
#13329 = DIRECTION('',(0.,0.,1.));
#13330 = ORIENTED_EDGE('',*,*,#13331,.F.);
#13331 = EDGE_CURVE('',#13332,#13324,#13334,.T.);
#13332 = VERTEX_POINT('',#13333);
#13333 = CARTESIAN_POINT('',(4.076230351787,2.641884426805,
    10.740384398536));
#13334 = CIRCLE('',#13335,0.15);
#13335 = AXIS2_PLACEMENT_3D('',#13336,#13337,#13338);
#13336 = CARTESIAN_POINT('',(4.076230351787,2.641884426805,
    10.890384398536));
#13337 = DIRECTION('',(0.,-1.,0.));
#13338 = DIRECTION('',(0.,0.,-1.));
#13339 = ORIENTED_EDGE('',*,*,#13340,.F.);
#13340 = EDGE_CURVE('',#13341,#13332,#13343,.T.);
#13341 = VERTEX_POINT('',#13342);
#13342 = CARTESIAN_POINT('',(3.076230351787,2.641884426805,
    10.740384398536));
#13343 = LINE('',#13344,#13345);
#13344 = CARTESIAN_POINT('',(2.306230351787,2.641884426805,
    10.740384398536));
#13345 = VECTOR('',#13346,1.);
#13346 = DIRECTION('',(1.,0.,-8.340016711427E-17));
#13347 = ORIENTED_EDGE('',*,*,#13348,.F.);
#13348 = EDGE_CURVE('',#13290,#13341,#13349,.T.);
#13349 = CIRCLE('',#13350,0.15);
#13350 = AXIS2_PLACEMENT_3D('',#13351,#13352,#13353);
#13351 = CARTESIAN_POINT('',(3.076230351787,2.641884426805,
    10.890384398536));
#13352 = DIRECTION('',(0.,-1.,0.));
#13353 = DIRECTION('',(0.,0.,-1.));
#13354 = PLANE('',#13355);
#13355 = AXIS2_PLACEMENT_3D('',#13356,#13357,#13358);
#13356 = CARTESIAN_POINT('',(2.306230351787,2.641884426805,
    11.440384398536));
#13357 = DIRECTION('',(0.,-1.,0.));
#13358 = DIRECTION('',(0.,0.,-1.));
#13359 = ADVANCED_FACE('',(#13360),#13371,.F.);
#13360 = FACE_BOUND('',#13361,.F.);
#13361 = EDGE_LOOP('',(#13362,#13363,#13369,#13370));
#13362 = ORIENTED_EDGE('',*,*,#13276,.F.);
#13363 = ORIENTED_EDGE('',*,*,#13364,.F.);
#13364 = EDGE_CURVE('',#13092,#13268,#13365,.T.);
#13365 = LINE('',#13366,#13367);
#13366 = CARTESIAN_POINT('',(4.648857498533,3.616884426805,
    11.440384398536));
#13367 = VECTOR('',#13368,1.);
#13368 = DIRECTION('',(-8.537024980201E-17,1.,0.));
#13369 = ORIENTED_EDGE('',*,*,#13091,.F.);
#13370 = ORIENTED_EDGE('',*,*,#10182,.F.);
#13371 = PLANE('',#13372);
#13372 = AXIS2_PLACEMENT_3D('',#13373,#13374,#13375);
#13373 = CARTESIAN_POINT('',(3.576230351787,3.616884426805,
    11.440384398536));
#13374 = DIRECTION('',(0.,0.,-1.));
#13375 = DIRECTION('',(-1.,0.,0.));
#13376 = ADVANCED_FACE('',(#13377),#13383,.T.);
#13377 = FACE_BOUND('',#13378,.T.);
#13378 = EDGE_LOOP('',(#13379,#13380,#13381,#13382));
#13379 = ORIENTED_EDGE('',*,*,#12214,.T.);
#13380 = ORIENTED_EDGE('',*,*,#10159,.T.);
#13381 = ORIENTED_EDGE('',*,*,#12330,.F.);
#13382 = ORIENTED_EDGE('',*,*,#12230,.T.);
#13383 = PLANE('',#13384);
#13384 = AXIS2_PLACEMENT_3D('',#13385,#13386,#13387);
#13385 = CARTESIAN_POINT('',(4.756230351815,6.266884426791,
    11.540384398536));
#13386 = DIRECTION('',(0.,0.,-1.));
#13387 = DIRECTION('',(1.,-1.08968389867E-13,0.));
#13388 = ADVANCED_FACE('',(#13389),#13400,.T.);
#13389 = FACE_BOUND('',#13390,.T.);
#13390 = EDGE_LOOP('',(#13391,#13392,#13398,#13399));
#13391 = ORIENTED_EDGE('',*,*,#12027,.T.);
#13392 = ORIENTED_EDGE('',*,*,#13393,.T.);
#13393 = EDGE_CURVE('',#12020,#11961,#13394,.T.);
#13394 = LINE('',#13395,#13396);
#13395 = CARTESIAN_POINT('',(0.306922624757,6.266884426792,
    10.690384398536));
#13396 = VECTOR('',#13397,1.);
#13397 = DIRECTION('',(-1.08968389867E-13,-1.,0.));
#13398 = ORIENTED_EDGE('',*,*,#11960,.T.);
#13399 = ORIENTED_EDGE('',*,*,#10306,.T.);
#13400 = PLANE('',#13401);
#13401 = AXIS2_PLACEMENT_3D('',#13402,#13403,#13404);
#13402 = CARTESIAN_POINT('',(4.756230351815,6.266884426791,
    10.690384398536));
#13403 = DIRECTION('',(0.,-0.,1.));
#13404 = DIRECTION('',(-1.,1.08968389867E-13,0.));
#13405 = ADVANCED_FACE('',(#13406),#13433,.T.);
#13406 = FACE_BOUND('',#13407,.T.);
#13407 = EDGE_LOOP('',(#13408,#13418,#13424,#13425,#13426,#13427));
#13408 = ORIENTED_EDGE('',*,*,#13409,.F.);
#13409 = EDGE_CURVE('',#13410,#13412,#13414,.T.);
#13410 = VERTEX_POINT('',#13411);
#13411 = CARTESIAN_POINT('',(1.506230351787,2.216884426805,
    10.290384398536));
#13412 = VERTEX_POINT('',#13413);
#13413 = CARTESIAN_POINT('',(1.506230351787,5.016884426805,
    10.290384398536));
#13414 = LINE('',#13415,#13416);
#13415 = CARTESIAN_POINT('',(1.506230351787,5.016884426805,
    10.290384398536));
#13416 = VECTOR('',#13417,1.);
#13417 = DIRECTION('',(1.548860246408E-16,1.,0.));
#13418 = ORIENTED_EDGE('',*,*,#13419,.F.);
#13419 = EDGE_CURVE('',#10388,#13410,#13420,.T.);
#13420 = LINE('',#13421,#13422);
#13421 = CARTESIAN_POINT('',(1.506230351787,2.216884426805,
    10.390384398536));
#13422 = VECTOR('',#13423,1.);
#13423 = DIRECTION('',(0.,0.,-1.));
#13424 = ORIENTED_EDGE('',*,*,#10387,.T.);
#13425 = ORIENTED_EDGE('',*,*,#10362,.T.);
#13426 = ORIENTED_EDGE('',*,*,#11149,.T.);
#13427 = ORIENTED_EDGE('',*,*,#13428,.T.);
#13428 = EDGE_CURVE('',#11142,#13412,#13429,.T.);
#13429 = LINE('',#13430,#13431);
#13430 = CARTESIAN_POINT('',(1.506230351787,5.016884426805,
    10.390384398536));
#13431 = VECTOR('',#13432,1.);
#13432 = DIRECTION('',(0.,0.,-1.));
#13433 = PLANE('',#13434);
#13434 = AXIS2_PLACEMENT_3D('',#13435,#13436,#13437);
#13435 = CARTESIAN_POINT('',(1.506230351787,5.016884426805,
    10.390384398536));
#13436 = DIRECTION('',(-1.,1.548860246408E-16,0.));
#13437 = DIRECTION('',(-1.548860246408E-16,-1.,0.));
#13438 = ADVANCED_FACE('',(#13439),#13465,.F.);
#13439 = FACE_BOUND('',#13440,.T.);
#13440 = EDGE_LOOP('',(#13441,#13451,#13457,#13458,#13459));
#13441 = ORIENTED_EDGE('',*,*,#13442,.F.);
#13442 = EDGE_CURVE('',#13443,#13445,#13447,.T.);
#13443 = VERTEX_POINT('',#13444);
#13444 = CARTESIAN_POINT('',(2.006230351787,2.691884426805,
    10.290384398536));
#13445 = VERTEX_POINT('',#13446);
#13446 = CARTESIAN_POINT('',(2.006230351787,2.216884426805,
    10.290384398536));
#13447 = LINE('',#13448,#13449);
#13448 = CARTESIAN_POINT('',(2.006230351787,3.616884426805,
    10.290384398536));
#13449 = VECTOR('',#13450,1.);
#13450 = DIRECTION('',(0.,-1.,0.));
#13451 = ORIENTED_EDGE('',*,*,#13452,.T.);
#13452 = EDGE_CURVE('',#13443,#10429,#13453,.T.);
#13453 = LINE('',#13454,#13455);
#13454 = CARTESIAN_POINT('',(2.006230351787,2.691884426805,
    10.390384398536));
#13455 = VECTOR('',#13456,1.);
#13456 = DIRECTION('',(0.,0.,1.));
#13457 = ORIENTED_EDGE('',*,*,#10437,.T.);
#13458 = ORIENTED_EDGE('',*,*,#10378,.T.);
#13459 = ORIENTED_EDGE('',*,*,#13460,.T.);
#13460 = EDGE_CURVE('',#10379,#13445,#13461,.T.);
#13461 = LINE('',#13462,#13463);
#13462 = CARTESIAN_POINT('',(2.006230351787,2.216884426805,
    10.390384398536));
#13463 = VECTOR('',#13464,1.);
#13464 = DIRECTION('',(0.,0.,-1.));
#13465 = PLANE('',#13466);
#13466 = AXIS2_PLACEMENT_3D('',#13467,#13468,#13469);
#13467 = CARTESIAN_POINT('',(2.006230351787,2.216884426805,
    0.390384398536));
#13468 = DIRECTION('',(-1.,0.,0.));
#13469 = DIRECTION('',(0.,0.,1.));
#13470 = ADVANCED_FACE('',(#13471),#13482,.T.);
#13471 = FACE_BOUND('',#13472,.T.);
#13472 = EDGE_LOOP('',(#13473,#13474,#13475,#13476));
#13473 = ORIENTED_EDGE('',*,*,#13460,.F.);
#13474 = ORIENTED_EDGE('',*,*,#10395,.T.);
#13475 = ORIENTED_EDGE('',*,*,#13419,.T.);
#13476 = ORIENTED_EDGE('',*,*,#13477,.F.);
#13477 = EDGE_CURVE('',#13445,#13410,#13478,.T.);
#13478 = LINE('',#13479,#13480);
#13479 = CARTESIAN_POINT('',(2.306230351787,2.216884426805,
    10.290384398536));
#13480 = VECTOR('',#13481,1.);
#13481 = DIRECTION('',(-1.,0.,0.));
#13482 = PLANE('',#13483);
#13483 = AXIS2_PLACEMENT_3D('',#13484,#13485,#13486);
#13484 = CARTESIAN_POINT('',(2.306230351787,2.216884426805,
    10.390384398536));
#13485 = DIRECTION('',(0.,-1.,0.));
#13486 = DIRECTION('',(0.,0.,-1.));
#13487 = ADVANCED_FACE('',(#13488),#13541,.F.);
#13488 = FACE_BOUND('',#13489,.F.);
#13489 = EDGE_LOOP('',(#13490,#13499,#13500,#13501,#13502,#13511,#13519,
    #13534));
#13490 = ORIENTED_EDGE('',*,*,#13491,.T.);
#13491 = EDGE_CURVE('',#13492,#13443,#13494,.T.);
#13492 = VERTEX_POINT('',#13493);
#13493 = CARTESIAN_POINT('',(2.156230351787,2.841884426805,
    10.290384398536));
#13494 = CIRCLE('',#13495,0.15);
#13495 = AXIS2_PLACEMENT_3D('',#13496,#13497,#13498);
#13496 = CARTESIAN_POINT('',(2.156230351787,2.691884426805,
    10.290384398536));
#13497 = DIRECTION('',(0.,0.,1.));
#13498 = DIRECTION('',(1.,0.,0.));
#13499 = ORIENTED_EDGE('',*,*,#13452,.T.);
#13500 = ORIENTED_EDGE('',*,*,#10428,.T.);
#13501 = ORIENTED_EDGE('',*,*,#10419,.T.);
#13502 = ORIENTED_EDGE('',*,*,#13503,.T.);
#13503 = EDGE_CURVE('',#10410,#13504,#13506,.T.);
#13504 = VERTEX_POINT('',#13505);
#13505 = CARTESIAN_POINT('',(2.306230351787,2.691884426805,
    10.390384398536));
#13506 = CIRCLE('',#13507,0.15);
#13507 = AXIS2_PLACEMENT_3D('',#13508,#13509,#13510);
#13508 = CARTESIAN_POINT('',(2.156230351787,2.691884426805,
    10.390384398536));
#13509 = DIRECTION('',(0.,0.,-1.));
#13510 = DIRECTION('',(1.,7.228014483237E-16,0.));
#13511 = ORIENTED_EDGE('',*,*,#13512,.T.);
#13512 = EDGE_CURVE('',#13504,#13513,#13515,.T.);
#13513 = VERTEX_POINT('',#13514);
#13514 = CARTESIAN_POINT('',(2.306230351787,2.691884426805,
    10.311255613788));
#13515 = LINE('',#13516,#13517);
#13516 = CARTESIAN_POINT('',(2.306230351787,2.691884426805,
    10.290384398536));
#13517 = VECTOR('',#13518,1.);
#13518 = DIRECTION('',(0.,0.,-1.));
#13519 = ORIENTED_EDGE('',*,*,#13520,.T.);
#13520 = EDGE_CURVE('',#13513,#13521,#13523,.T.);
#13521 = VERTEX_POINT('',#13522);
#13522 = CARTESIAN_POINT('',(2.268033750665,2.791884426805,
    10.290384398536));
#13523 = B_SPLINE_CURVE_WITH_KNOTS('',3,(#13524,#13525,#13526,#13527,
    #13528,#13529,#13530,#13531,#13532,#13533),.UNSPECIFIED.,.F.,.F.,(4,
    3,3,4),(0.,4.547064367703E-05,9.102952945184E-05,1.116127822764E-04)
  ,.UNSPECIFIED.);
#13524 = CARTESIAN_POINT('',(2.306230351787,2.691884426805,
    10.311255613788));
#13525 = CARTESIAN_POINT('',(2.306230351787,2.705775937908,
    10.305192861298));
#13526 = CARTESIAN_POINT('',(2.304225643062,2.720450204251,
    10.300365366056));
#13527 = CARTESIAN_POINT('',(2.300012930878,2.734622816457,
    10.297030524557));
#13528 = CARTESIAN_POINT('',(2.295794275098,2.748815424395,
    10.293690978027));
#13529 = CARTESIAN_POINT('',(2.289239902685,2.762864365042,
    10.291754297705));
#13530 = CARTESIAN_POINT('',(2.28079663768,2.775450211782,
    10.290925150208));
#13531 = CARTESIAN_POINT('',(2.276937014703,2.781203510208,
    10.290546126603));
#13532 = CARTESIAN_POINT('',(2.272659321676,2.786712881194,
    10.290384398536));
#13533 = CARTESIAN_POINT('',(2.268033750665,2.791884426805,
    10.290384398536));
#13534 = ORIENTED_EDGE('',*,*,#13535,.T.);
#13535 = EDGE_CURVE('',#13521,#13492,#13536,.T.);
#13536 = CIRCLE('',#13537,0.15);
#13537 = AXIS2_PLACEMENT_3D('',#13538,#13539,#13540);
#13538 = CARTESIAN_POINT('',(2.156230351787,2.691884426805,
    10.290384398536));
#13539 = DIRECTION('',(0.,0.,1.));
#13540 = DIRECTION('',(1.,0.,0.));
#13541 = CYLINDRICAL_SURFACE('',#13542,0.15);
#13542 = AXIS2_PLACEMENT_3D('',#13543,#13544,#13545);
#13543 = CARTESIAN_POINT('',(2.156230351787,2.691884426805,
    0.390384398536));
#13544 = DIRECTION('',(0.,0.,-1.));
#13545 = DIRECTION('',(-1.,0.,0.));
#13546 = ADVANCED_FACE('',(#13547),#13565,.T.);
#13547 = FACE_BOUND('',#13548,.T.);
#13548 = EDGE_LOOP('',(#13549,#13557,#13558,#13559));
#13549 = ORIENTED_EDGE('',*,*,#13550,.F.);
#13550 = EDGE_CURVE('',#10502,#13551,#13553,.T.);
#13551 = VERTEX_POINT('',#13552);
#13552 = CARTESIAN_POINT('',(6.906230351689,4.966884426789,
    10.330384398608));
#13553 = LINE('',#13554,#13555);
#13554 = CARTESIAN_POINT('',(6.906230351689,4.966884426789,
    10.530384398608));
#13555 = VECTOR('',#13556,1.);
#13556 = DIRECTION('',(9.020562076316E-17,-2.220446049008E-16,-1.));
#13557 = ORIENTED_EDGE('',*,*,#10509,.T.);
#13558 = ORIENTED_EDGE('',*,*,#11813,.T.);
#13559 = ORIENTED_EDGE('',*,*,#13560,.F.);
#13560 = EDGE_CURVE('',#13551,#11806,#13561,.T.);
#13561 = LINE('',#13562,#13563);
#13562 = CARTESIAN_POINT('',(7.306230351689,4.966884426789,
    10.330384398608));
#13563 = VECTOR('',#13564,1.);
#13564 = DIRECTION('',(1.,-1.08968389867E-13,2.221348105458E-13));
#13565 = PLANE('',#13566);
#13566 = AXIS2_PLACEMENT_3D('',#13567,#13568,#13569);
#13567 = CARTESIAN_POINT('',(7.306230351689,4.966884426789,
    10.390384398608));
#13568 = DIRECTION('',(1.08968389867E-13,1.,-2.220446049008E-16));
#13569 = DIRECTION('',(-1.,1.08968389867E-13,-2.221348105458E-13));
#13570 = ADVANCED_FACE('',(#13571),#13590,.F.);
#13571 = FACE_BOUND('',#13572,.T.);
#13572 = EDGE_LOOP('',(#13573,#13581,#13587,#13588,#13589));
#13573 = ORIENTED_EDGE('',*,*,#13574,.T.);
#13574 = EDGE_CURVE('',#13551,#13575,#13577,.T.);
#13575 = VERTEX_POINT('',#13576);
#13576 = CARTESIAN_POINT('',(6.906230351689,4.501884426789,
    10.330384398608));
#13577 = LINE('',#13578,#13579);
#13578 = CARTESIAN_POINT('',(6.906230351689,4.966884426789,
    10.330384398608));
#13579 = VECTOR('',#13580,1.);
#13580 = DIRECTION('',(-1.08968389867E-13,-1.,2.220446049008E-16));
#13581 = ORIENTED_EDGE('',*,*,#13582,.T.);
#13582 = EDGE_CURVE('',#13575,#10532,#13583,.T.);
#13583 = LINE('',#13584,#13585);
#13584 = CARTESIAN_POINT('',(6.906230351689,4.501884426789,
    10.390384398608));
#13585 = VECTOR('',#13586,1.);
#13586 = DIRECTION('',(-9.020562076316E-17,2.220446049008E-16,1.));
#13587 = ORIENTED_EDGE('',*,*,#10540,.F.);
#13588 = ORIENTED_EDGE('',*,*,#10501,.F.);
#13589 = ORIENTED_EDGE('',*,*,#13550,.T.);
#13590 = PLANE('',#13591);
#13591 = AXIS2_PLACEMENT_3D('',#13592,#13593,#13594);
#13592 = CARTESIAN_POINT('',(6.906230351689,4.966884426789,
    10.530384398608));
#13593 = DIRECTION('',(1.,-1.08968389867E-13,9.020562076319E-17));
#13594 = DIRECTION('',(9.020562076316E-17,-2.220446049008E-16,-1.));
#13595 = ADVANCED_FACE('',(#13596),#13669,.F.);
#13596 = FACE_BOUND('',#13597,.F.);
#13597 = EDGE_LOOP('',(#13598,#13607,#13608,#13609,#13618,#13627,#13636,
    #13645,#13653,#13662));
#13598 = ORIENTED_EDGE('',*,*,#13599,.T.);
#13599 = EDGE_CURVE('',#13600,#13575,#13602,.T.);
#13600 = VERTEX_POINT('',#13601);
#13601 = CARTESIAN_POINT('',(6.806230351689,4.401884426789,
    10.330384398608));
#13602 = CIRCLE('',#13603,9.999999999999E-02);
#13603 = AXIS2_PLACEMENT_3D('',#13604,#13605,#13606);
#13604 = CARTESIAN_POINT('',(6.806230351689,4.501884426789,
    10.330384398608));
#13605 = DIRECTION('',(-9.020562076321E-17,2.220446049008E-16,1.));
#13606 = DIRECTION('',(1.,-1.08968389867E-13,9.020562076324E-17));
#13607 = ORIENTED_EDGE('',*,*,#13582,.T.);
#13608 = ORIENTED_EDGE('',*,*,#10531,.T.);
#13609 = ORIENTED_EDGE('',*,*,#13610,.T.);
#13610 = EDGE_CURVE('',#10524,#13611,#13613,.T.);
#13611 = VERTEX_POINT('',#13612);
#13612 = CARTESIAN_POINT('',(6.858908620455,4.416884426791,
    10.390384398572));
#13613 = CIRCLE('',#13614,9.999999999999E-02);
#13614 = AXIS2_PLACEMENT_3D('',#13615,#13616,#13617);
#13615 = CARTESIAN_POINT('',(6.806230351689,4.501884426789,
    10.390384398608));
#13616 = DIRECTION('',(9.020562076321E-17,-2.220446049008E-16,-1.));
#13617 = DIRECTION('',(-1.,1.08968389867E-13,-9.020562076324E-17));
#13618 = ORIENTED_EDGE('',*,*,#13619,.T.);
#13619 = EDGE_CURVE('',#13611,#13620,#13622,.T.);
#13620 = VERTEX_POINT('',#13621);
#13621 = CARTESIAN_POINT('',(6.806230351689,4.401884426789,
    10.390384398608));
#13622 = CIRCLE('',#13623,9.999999999999E-02);
#13623 = AXIS2_PLACEMENT_3D('',#13624,#13625,#13626);
#13624 = CARTESIAN_POINT('',(6.806230351689,4.501884426789,
    10.390384398608));
#13625 = DIRECTION('',(9.020562076321E-17,-2.220446049008E-16,-1.));
#13626 = DIRECTION('',(-1.,1.08968389867E-13,-9.020562076324E-17));
#13627 = ORIENTED_EDGE('',*,*,#13628,.T.);
#13628 = EDGE_CURVE('',#13620,#13629,#13631,.T.);
#13629 = VERTEX_POINT('',#13630);
#13630 = CARTESIAN_POINT('',(6.753552082922,4.416884426791,
    10.390384398572));
#13631 = CIRCLE('',#13632,9.999999999999E-02);
#13632 = AXIS2_PLACEMENT_3D('',#13633,#13634,#13635);
#13633 = CARTESIAN_POINT('',(6.806230351689,4.501884426789,
    10.390384398608));
#13634 = DIRECTION('',(9.020562076321E-17,-2.220446049008E-16,-1.));
#13635 = DIRECTION('',(-1.,1.08968389867E-13,-9.020562076324E-17));
#13636 = ORIENTED_EDGE('',*,*,#13637,.T.);
#13637 = EDGE_CURVE('',#13629,#13638,#13640,.T.);
#13638 = VERTEX_POINT('',#13639);
#13639 = CARTESIAN_POINT('',(6.706230351689,4.501884426789,
    10.390384398608));
#13640 = CIRCLE('',#13641,9.999999999999E-02);
#13641 = AXIS2_PLACEMENT_3D('',#13642,#13643,#13644);
#13642 = CARTESIAN_POINT('',(6.806230351689,4.501884426789,
    10.390384398608));
#13643 = DIRECTION('',(9.020562076321E-17,-2.220446049008E-16,-1.));
#13644 = DIRECTION('',(-1.,1.08968389867E-13,-9.020562076324E-17));
#13645 = ORIENTED_EDGE('',*,*,#13646,.T.);
#13646 = EDGE_CURVE('',#13638,#13647,#13649,.T.);
#13647 = VERTEX_POINT('',#13648);
#13648 = CARTESIAN_POINT('',(6.706230351689,4.501884426789,
    10.330697204381));
#13649 = LINE('',#13650,#13651);
#13650 = CARTESIAN_POINT('',(6.706230351689,4.501884426789,
    10.330384398608));
#13651 = VECTOR('',#13652,1.);
#13652 = DIRECTION('',(9.020562076316E-17,-2.220446049008E-16,-1.));
#13653 = ORIENTED_EDGE('',*,*,#13654,.F.);
#13654 = EDGE_CURVE('',#13655,#13647,#13657,.T.);
#13655 = VERTEX_POINT('',#13656);
#13656 = CARTESIAN_POINT('',(6.706731607978,4.491884426789,
    10.330384398608));
#13657 = B_SPLINE_CURVE_WITH_KNOTS('',3,(#13658,#13659,#13660,#13661),
  .UNSPECIFIED.,.F.,.F.,(4,4),(3.686287386451E-18,1.001744005819E-05),
  .PIECEWISE_BEZIER_KNOTS.);
#13658 = CARTESIAN_POINT('',(6.706731607978,4.491884426789,
    10.330384398608));
#13659 = CARTESIAN_POINT('',(6.706397693309,4.495206835793,
    10.330384398608));
#13660 = CARTESIAN_POINT('',(6.706230351689,4.498551808256,
    10.330488507714));
#13661 = CARTESIAN_POINT('',(6.706230351689,4.501884426789,
    10.330697204381));
#13662 = ORIENTED_EDGE('',*,*,#13663,.T.);
#13663 = EDGE_CURVE('',#13655,#13600,#13664,.T.);
#13664 = CIRCLE('',#13665,9.999999999999E-02);
#13665 = AXIS2_PLACEMENT_3D('',#13666,#13667,#13668);
#13666 = CARTESIAN_POINT('',(6.806230351689,4.501884426789,
    10.330384398608));
#13667 = DIRECTION('',(-9.020562076321E-17,2.220446049008E-16,1.));
#13668 = DIRECTION('',(1.,-1.08968389867E-13,9.020562076324E-17));
#13669 = CYLINDRICAL_SURFACE('',#13670,9.999999999999E-02);
#13670 = AXIS2_PLACEMENT_3D('',#13671,#13672,#13673);
#13671 = CARTESIAN_POINT('',(6.806230351689,4.501884426789,
    10.530384398608));
#13672 = DIRECTION('',(-9.020562076314E-17,2.220446049008E-16,1.));
#13673 = DIRECTION('',(1.,-1.08968389867E-13,9.020562076316E-17));
#13674 = ADVANCED_FACE('',(#13675),#13685,.F.);
#13675 = FACE_BOUND('',#13676,.F.);
#13676 = EDGE_LOOP('',(#13677,#13678,#13679));
#13677 = ORIENTED_EDGE('',*,*,#13610,.F.);
#13678 = ORIENTED_EDGE('',*,*,#10557,.F.);
#13679 = ORIENTED_EDGE('',*,*,#13680,.F.);
#13680 = EDGE_CURVE('',#13611,#10558,#13681,.T.);
#13681 = LINE('',#13682,#13683);
#13682 = CARTESIAN_POINT('',(4.756230351815,4.416884426791,
    10.390384398536));
#13683 = VECTOR('',#13684,1.);
#13684 = DIRECTION('',(1.,-1.08968389867E-13,0.));
#13685 = PLANE('',#13686);
#13686 = AXIS2_PLACEMENT_3D('',#13687,#13688,#13689);
#13687 = CARTESIAN_POINT('',(5.306230351689,4.06688442679,
    10.390384398608));
#13688 = DIRECTION('',(9.020562076321E-17,-2.220446049008E-16,-1.));
#13689 = DIRECTION('',(-1.,1.08968389867E-13,-9.020562076324E-17));
#13690 = ADVANCED_FACE('',(#13691),#13724,.F.);
#13691 = FACE_BOUND('',#13692,.T.);
#13692 = EDGE_LOOP('',(#13693,#13694,#13695,#13696,#13702,#13710,#13718)
  );
#13693 = ORIENTED_EDGE('',*,*,#12613,.F.);
#13694 = ORIENTED_EDGE('',*,*,#10565,.F.);
#13695 = ORIENTED_EDGE('',*,*,#13680,.F.);
#13696 = ORIENTED_EDGE('',*,*,#13697,.F.);
#13697 = EDGE_CURVE('',#13629,#13611,#13698,.T.);
#13698 = LINE('',#13699,#13700);
#13699 = CARTESIAN_POINT('',(4.756230351815,4.416884426791,
    10.390384398536));
#13700 = VECTOR('',#13701,1.);
#13701 = DIRECTION('',(1.,-1.08968389867E-13,0.));
#13702 = ORIENTED_EDGE('',*,*,#13703,.F.);
#13703 = EDGE_CURVE('',#13704,#13629,#13706,.T.);
#13704 = VERTEX_POINT('',#13705);
#13705 = CARTESIAN_POINT('',(5.306230351689,4.416884426791,
    10.390384398572));
#13706 = LINE('',#13707,#13708);
#13707 = CARTESIAN_POINT('',(4.756230351815,4.416884426791,
    10.390384398536));
#13708 = VECTOR('',#13709,1.);
#13709 = DIRECTION('',(1.,-1.08968389867E-13,0.));
#13710 = ORIENTED_EDGE('',*,*,#13711,.F.);
#13711 = EDGE_CURVE('',#13712,#13704,#13714,.T.);
#13712 = VERTEX_POINT('',#13713);
#13713 = CARTESIAN_POINT('',(5.276230351815,4.416884426791,
    10.390384398536));
#13714 = LINE('',#13715,#13716);
#13715 = CARTESIAN_POINT('',(4.756230351815,4.416884426791,
    10.390384398536));
#13716 = VECTOR('',#13717,1.);
#13717 = DIRECTION('',(1.,-1.08968389867E-13,0.));
#13718 = ORIENTED_EDGE('',*,*,#13719,.F.);
#13719 = EDGE_CURVE('',#12614,#13712,#13720,.T.);
#13720 = LINE('',#13721,#13722);
#13721 = CARTESIAN_POINT('',(5.284080737869,4.566678716141,
    10.540178687886));
#13722 = VECTOR('',#13723,1.);
#13723 = DIRECTION('',(-3.703247672034E-02,-0.706621750185,
    -0.706621750185));
#13724 = PLANE('',#13725);
#13725 = AXIS2_PLACEMENT_3D('',#13726,#13727,#13728);
#13726 = CARTESIAN_POINT('',(5.276230351815,4.566884426791,
    10.540384398536));
#13727 = DIRECTION('',(-7.705228740991E-14,-0.707106781187,
    0.707106781187));
#13728 = DIRECTION('',(-1.,1.08968389867E-13,0.));
#13729 = ADVANCED_FACE('',(#13730),#13740,.T.);
#13730 = FACE_BOUND('',#13731,.T.);
#13731 = EDGE_LOOP('',(#13732,#13738,#13739));
#13732 = ORIENTED_EDGE('',*,*,#13733,.T.);
#13733 = EDGE_CURVE('',#10719,#10761,#13734,.T.);
#13734 = LINE('',#13735,#13736);
#13735 = CARTESIAN_POINT('',(-1.743769648185,5.066884426792,
    11.140384398536));
#13736 = VECTOR('',#13737,1.);
#13737 = DIRECTION('',(1.,-1.087949175194E-13,0.));
#13738 = ORIENTED_EDGE('',*,*,#10760,.T.);
#13739 = ORIENTED_EDGE('',*,*,#10716,.T.);
#13740 = PLANE('',#13741);
#13741 = AXIS2_PLACEMENT_3D('',#13742,#13743,#13744);
#13742 = CARTESIAN_POINT('',(8.006230351815,5.066884426791,
    11.140384398536));
#13743 = DIRECTION('',(1.08968389867E-13,1.,0.));
#13744 = DIRECTION('',(0.,-0.,1.));
#13745 = ADVANCED_FACE('',(#13746),#13751,.F.);
#13746 = FACE_BOUND('',#13747,.T.);
#13747 = EDGE_LOOP('',(#13748,#13749,#13750));
#13748 = ORIENTED_EDGE('',*,*,#10769,.F.);
#13749 = ORIENTED_EDGE('',*,*,#13733,.F.);
#13750 = ORIENTED_EDGE('',*,*,#10744,.F.);
#13751 = PLANE('',#13752);
#13752 = AXIS2_PLACEMENT_3D('',#13753,#13754,#13755);
#13753 = CARTESIAN_POINT('',(-1.743769648185,5.066884426792,
    11.140384398536));
#13754 = DIRECTION('',(-7.692962393657E-14,-0.707106781187,
    -0.707106781187));
#13755 = DIRECTION('',(7.705228740991E-14,0.707106781187,-0.707106781187
    ));
#13756 = ADVANCED_FACE('',(#13757,#13809),#13879,.F.);
#13757 = FACE_BOUND('',#13758,.F.);
#13758 = EDGE_LOOP('',(#13759,#13769,#13777,#13785,#13792,#13793,#13794,
    #13802));
#13759 = ORIENTED_EDGE('',*,*,#13760,.F.);
#13760 = EDGE_CURVE('',#13761,#13763,#13765,.T.);
#13761 = VERTEX_POINT('',#13762);
#13762 = CARTESIAN_POINT('',(4.840989573859,4.591884426805,
    10.490384398536));
#13763 = VERTEX_POINT('',#13764);
#13764 = CARTESIAN_POINT('',(4.798651928746,4.591884426805,
    11.298234791972));
#13765 = LINE('',#13766,#13767);
#13766 = CARTESIAN_POINT('',(4.784395715689,4.591884426805,
    11.570259541954));
#13767 = VECTOR('',#13768,1.);
#13768 = DIRECTION('',(-5.233595624294E-02,0.,0.998629534755));
#13769 = ORIENTED_EDGE('',*,*,#13770,.F.);
#13770 = EDGE_CURVE('',#13771,#13761,#13773,.T.);
#13771 = VERTEX_POINT('',#13772);
#13772 = CARTESIAN_POINT('',(2.311471129715,4.591884426805,
    10.490384398536));
#13773 = LINE('',#13774,#13775);
#13774 = CARTESIAN_POINT('',(2.306230351787,4.591884426805,
    10.490384398536));
#13775 = VECTOR('',#13776,1.);
#13776 = DIRECTION('',(1.,0.,0.));
#13777 = ORIENTED_EDGE('',*,*,#13778,.F.);
#13778 = EDGE_CURVE('',#13779,#13771,#13781,.T.);
#13779 = VERTEX_POINT('',#13780);
#13780 = CARTESIAN_POINT('',(2.353808774828,4.591884426805,
    11.298234791972));
#13781 = LINE('',#13782,#13783);
#13782 = CARTESIAN_POINT('',(2.361107795002,4.591884426805,
    11.437508393604));
#13783 = VECTOR('',#13784,1.);
#13784 = DIRECTION('',(-5.233595624294E-02,0.,-0.998629534755));
#13785 = ORIENTED_EDGE('',*,*,#13786,.F.);
#13786 = EDGE_CURVE('',#11012,#13779,#13787,.T.);
#13787 = CIRCLE('',#13788,0.15);
#13788 = AXIS2_PLACEMENT_3D('',#13789,#13790,#13791);
#13789 = CARTESIAN_POINT('',(2.503603205041,4.591884426805,
    11.290384398536));
#13790 = DIRECTION('',(0.,-1.,0.));
#13791 = DIRECTION('',(0.,0.,1.));
#13792 = ORIENTED_EDGE('',*,*,#11019,.T.);
#13793 = ORIENTED_EDGE('',*,*,#10965,.F.);
#13794 = ORIENTED_EDGE('',*,*,#13795,.T.);
#13795 = EDGE_CURVE('',#10958,#13796,#13798,.T.);
#13796 = VERTEX_POINT('',#13797);
#13797 = CARTESIAN_POINT('',(4.648857498533,4.591884426805,
    11.440384398536));
#13798 = LINE('',#13799,#13800);
#13799 = CARTESIAN_POINT('',(2.306230351787,4.591884426805,
    11.440384398536));
#13800 = VECTOR('',#13801,1.);
#13801 = DIRECTION('',(1.,0.,0.));
#13802 = ORIENTED_EDGE('',*,*,#13803,.F.);
#13803 = EDGE_CURVE('',#13763,#13796,#13804,.T.);
#13804 = CIRCLE('',#13805,0.15);
#13805 = AXIS2_PLACEMENT_3D('',#13806,#13807,#13808);
#13806 = CARTESIAN_POINT('',(4.648857498533,4.591884426805,
    11.290384398536));
#13807 = DIRECTION('',(0.,-1.,0.));
#13808 = DIRECTION('',(0.,0.,1.));
#13809 = FACE_BOUND('',#13810,.F.);
#13810 = EDGE_LOOP('',(#13811,#13821,#13830,#13838,#13847,#13855,#13864,
    #13872));
#13811 = ORIENTED_EDGE('',*,*,#13812,.F.);
#13812 = EDGE_CURVE('',#13813,#13815,#13817,.T.);
#13813 = VERTEX_POINT('',#13814);
#13814 = CARTESIAN_POINT('',(2.926230351787,4.591884426805,
    10.890384398536));
#13815 = VERTEX_POINT('',#13816);
#13816 = CARTESIAN_POINT('',(2.926230351787,4.591884426805,
    10.990384398536));
#13817 = LINE('',#13818,#13819);
#13818 = CARTESIAN_POINT('',(2.926230351787,4.591884426805,
    11.440384398536));
#13819 = VECTOR('',#13820,1.);
#13820 = DIRECTION('',(0.,0.,1.));
#13821 = ORIENTED_EDGE('',*,*,#13822,.F.);
#13822 = EDGE_CURVE('',#13823,#13813,#13825,.T.);
#13823 = VERTEX_POINT('',#13824);
#13824 = CARTESIAN_POINT('',(3.076230351787,4.591884426805,
    10.740384398536));
#13825 = CIRCLE('',#13826,0.15);
#13826 = AXIS2_PLACEMENT_3D('',#13827,#13828,#13829);
#13827 = CARTESIAN_POINT('',(3.076230351787,4.591884426805,
    10.890384398536));
#13828 = DIRECTION('',(0.,1.,0.));
#13829 = DIRECTION('',(0.,0.,1.));
#13830 = ORIENTED_EDGE('',*,*,#13831,.F.);
#13831 = EDGE_CURVE('',#13832,#13823,#13834,.T.);
#13832 = VERTEX_POINT('',#13833);
#13833 = CARTESIAN_POINT('',(4.076230351787,4.591884426805,
    10.740384398536));
#13834 = LINE('',#13835,#13836);
#13835 = CARTESIAN_POINT('',(2.306230351787,4.591884426805,
    10.740384398536));
#13836 = VECTOR('',#13837,1.);
#13837 = DIRECTION('',(-1.,0.,8.340016711427E-17));
#13838 = ORIENTED_EDGE('',*,*,#13839,.F.);
#13839 = EDGE_CURVE('',#13840,#13832,#13842,.T.);
#13840 = VERTEX_POINT('',#13841);
#13841 = CARTESIAN_POINT('',(4.226230351787,4.591884426805,
    10.890384398536));
#13842 = CIRCLE('',#13843,0.15);
#13843 = AXIS2_PLACEMENT_3D('',#13844,#13845,#13846);
#13844 = CARTESIAN_POINT('',(4.076230351787,4.591884426805,
    10.890384398536));
#13845 = DIRECTION('',(0.,1.,0.));
#13846 = DIRECTION('',(0.,0.,1.));
#13847 = ORIENTED_EDGE('',*,*,#13848,.F.);
#13848 = EDGE_CURVE('',#13849,#13840,#13851,.T.);
#13849 = VERTEX_POINT('',#13850);
#13850 = CARTESIAN_POINT('',(4.226230351787,4.591884426805,
    10.990384398536));
#13851 = LINE('',#13852,#13853);
#13852 = CARTESIAN_POINT('',(4.226230351787,4.591884426805,
    11.440384398536));
#13853 = VECTOR('',#13854,1.);
#13854 = DIRECTION('',(0.,0.,-1.));
#13855 = ORIENTED_EDGE('',*,*,#13856,.F.);
#13856 = EDGE_CURVE('',#13857,#13849,#13859,.T.);
#13857 = VERTEX_POINT('',#13858);
#13858 = CARTESIAN_POINT('',(4.076230351787,4.591884426805,
    11.140384398536));
#13859 = CIRCLE('',#13860,0.15);
#13860 = AXIS2_PLACEMENT_3D('',#13861,#13862,#13863);
#13861 = CARTESIAN_POINT('',(4.076230351787,4.591884426805,
    10.990384398536));
#13862 = DIRECTION('',(0.,1.,0.));
#13863 = DIRECTION('',(0.,0.,1.));
#13864 = ORIENTED_EDGE('',*,*,#13865,.F.);
#13865 = EDGE_CURVE('',#13866,#13857,#13868,.T.);
#13866 = VERTEX_POINT('',#13867);
#13867 = CARTESIAN_POINT('',(3.076230351787,4.591884426805,
    11.140384398536));
#13868 = LINE('',#13869,#13870);
#13869 = CARTESIAN_POINT('',(2.306230351787,4.591884426805,
    11.140384398536));
#13870 = VECTOR('',#13871,1.);
#13871 = DIRECTION('',(1.,0.,-8.340016711427E-17));
#13872 = ORIENTED_EDGE('',*,*,#13873,.F.);
#13873 = EDGE_CURVE('',#13815,#13866,#13874,.T.);
#13874 = CIRCLE('',#13875,0.15);
#13875 = AXIS2_PLACEMENT_3D('',#13876,#13877,#13878);
#13876 = CARTESIAN_POINT('',(3.076230351787,4.591884426805,
    10.990384398536));
#13877 = DIRECTION('',(0.,1.,0.));
#13878 = DIRECTION('',(0.,0.,1.));
#13879 = PLANE('',#13880);
#13880 = AXIS2_PLACEMENT_3D('',#13881,#13882,#13883);
#13881 = CARTESIAN_POINT('',(2.306230351787,4.591884426805,
    11.440384398536));
#13882 = DIRECTION('',(0.,1.,0.));
#13883 = DIRECTION('',(0.,0.,1.));
#13884 = ADVANCED_FACE('',(#13885),#13903,.T.);
#13885 = FACE_BOUND('',#13886,.T.);
#13886 = EDGE_LOOP('',(#13887,#13888,#13889,#13897));
#13887 = ORIENTED_EDGE('',*,*,#10957,.F.);
#13888 = ORIENTED_EDGE('',*,*,#13795,.T.);
#13889 = ORIENTED_EDGE('',*,*,#13890,.T.);
#13890 = EDGE_CURVE('',#13796,#13891,#13893,.T.);
#13891 = VERTEX_POINT('',#13892);
#13892 = CARTESIAN_POINT('',(4.648857498533,4.691884426805,
    11.440384398536));
#13893 = LINE('',#13894,#13895);
#13894 = CARTESIAN_POINT('',(4.648857498533,4.691884426805,
    11.440384398536));
#13895 = VECTOR('',#13896,1.);
#13896 = DIRECTION('',(-8.537024980201E-17,1.,0.));
#13897 = ORIENTED_EDGE('',*,*,#13898,.T.);
#13898 = EDGE_CURVE('',#13891,#10950,#13899,.T.);
#13899 = LINE('',#13900,#13901);
#13900 = CARTESIAN_POINT('',(2.306230351787,4.691884426805,
    11.440384398536));
#13901 = VECTOR('',#13902,1.);
#13902 = DIRECTION('',(-1.,-0.,-0.));
#13903 = PLANE('',#13904);
#13904 = AXIS2_PLACEMENT_3D('',#13905,#13906,#13907);
#13905 = CARTESIAN_POINT('',(3.576230351787,3.616884426805,
    11.440384398536));
#13906 = DIRECTION('',(0.,0.,1.));
#13907 = DIRECTION('',(1.,0.,0.));
#13908 = ADVANCED_FACE('',(#13909,#13954),#14024,.F.);
#13909 = FACE_BOUND('',#13910,.F.);
#13910 = EDGE_LOOP('',(#13911,#13920,#13921,#13922,#13923,#13932,#13940,
    #13948));
#13911 = ORIENTED_EDGE('',*,*,#13912,.F.);
#13912 = EDGE_CURVE('',#13891,#13913,#13915,.T.);
#13913 = VERTEX_POINT('',#13914);
#13914 = CARTESIAN_POINT('',(4.798651928746,4.691884426805,
    11.298234791972));
#13915 = CIRCLE('',#13916,0.15);
#13916 = AXIS2_PLACEMENT_3D('',#13917,#13918,#13919);
#13917 = CARTESIAN_POINT('',(4.648857498533,4.691884426805,
    11.290384398536));
#13918 = DIRECTION('',(-0.,1.,0.));
#13919 = DIRECTION('',(0.,0.,-1.));
#13920 = ORIENTED_EDGE('',*,*,#13898,.T.);
#13921 = ORIENTED_EDGE('',*,*,#10949,.F.);
#13922 = ORIENTED_EDGE('',*,*,#11003,.T.);
#13923 = ORIENTED_EDGE('',*,*,#13924,.F.);
#13924 = EDGE_CURVE('',#13925,#11004,#13927,.T.);
#13925 = VERTEX_POINT('',#13926);
#13926 = CARTESIAN_POINT('',(2.353808774828,4.691884426805,
    11.298234791972));
#13927 = CIRCLE('',#13928,0.15);
#13928 = AXIS2_PLACEMENT_3D('',#13929,#13930,#13931);
#13929 = CARTESIAN_POINT('',(2.503603205041,4.691884426805,
    11.290384398536));
#13930 = DIRECTION('',(-0.,1.,0.));
#13931 = DIRECTION('',(1.445602896647E-15,0.,-1.));
#13932 = ORIENTED_EDGE('',*,*,#13933,.F.);
#13933 = EDGE_CURVE('',#13934,#13925,#13936,.T.);
#13934 = VERTEX_POINT('',#13935);
#13935 = CARTESIAN_POINT('',(2.314091518679,4.691884426805,
    10.540384398536));
#13936 = LINE('',#13937,#13938);
#13937 = CARTESIAN_POINT('',(2.306230351787,4.691884426805,
    10.390384398536));
#13938 = VECTOR('',#13939,1.);
#13939 = DIRECTION('',(5.233595624294E-02,0.,0.998629534755));
#13940 = ORIENTED_EDGE('',*,*,#13941,.F.);
#13941 = EDGE_CURVE('',#13942,#13934,#13944,.T.);
#13942 = VERTEX_POINT('',#13943);
#13943 = CARTESIAN_POINT('',(4.838369184895,4.691884426805,
    10.540384398536));
#13944 = LINE('',#13945,#13946);
#13945 = CARTESIAN_POINT('',(2.306230351787,4.691884426805,
    10.540384398536));
#13946 = VECTOR('',#13947,1.);
#13947 = DIRECTION('',(-1.,0.,0.));
#13948 = ORIENTED_EDGE('',*,*,#13949,.F.);
#13949 = EDGE_CURVE('',#13913,#13942,#13950,.T.);
#13950 = LINE('',#13951,#13952);
#13951 = CARTESIAN_POINT('',(4.839273158905,4.691884426805,
    10.523135546886));
#13952 = VECTOR('',#13953,1.);
#13953 = DIRECTION('',(5.233595624294E-02,0.,-0.998629534755));
#13954 = FACE_BOUND('',#13955,.F.);
#13955 = EDGE_LOOP('',(#13956,#13966,#13975,#13983,#13992,#14000,#14009,
    #14017));
#13956 = ORIENTED_EDGE('',*,*,#13957,.T.);
#13957 = EDGE_CURVE('',#13958,#13960,#13962,.T.);
#13958 = VERTEX_POINT('',#13959);
#13959 = CARTESIAN_POINT('',(4.076230351787,4.691884426805,
    10.740384398536));
#13960 = VERTEX_POINT('',#13961);
#13961 = CARTESIAN_POINT('',(3.076230351787,4.691884426805,
    10.740384398536));
#13962 = LINE('',#13963,#13964);
#13963 = CARTESIAN_POINT('',(4.226230351787,4.691884426805,
    10.740384398536));
#13964 = VECTOR('',#13965,1.);
#13965 = DIRECTION('',(-1.,0.,8.340016711427E-17));
#13966 = ORIENTED_EDGE('',*,*,#13967,.F.);
#13967 = EDGE_CURVE('',#13968,#13960,#13970,.T.);
#13968 = VERTEX_POINT('',#13969);
#13969 = CARTESIAN_POINT('',(2.926230351787,4.691884426805,
    10.890384398536));
#13970 = CIRCLE('',#13971,0.15);
#13971 = AXIS2_PLACEMENT_3D('',#13972,#13973,#13974);
#13972 = CARTESIAN_POINT('',(3.076230351787,4.691884426805,
    10.890384398536));
#13973 = DIRECTION('',(0.,-1.,0.));
#13974 = DIRECTION('',(0.,0.,-1.));
#13975 = ORIENTED_EDGE('',*,*,#13976,.T.);
#13976 = EDGE_CURVE('',#13968,#13977,#13979,.T.);
#13977 = VERTEX_POINT('',#13978);
#13978 = CARTESIAN_POINT('',(2.926230351787,4.691884426805,
    10.990384398536));
#13979 = LINE('',#13980,#13981);
#13980 = CARTESIAN_POINT('',(2.926230351787,4.691884426805,
    11.140384398536));
#13981 = VECTOR('',#13982,1.);
#13982 = DIRECTION('',(0.,0.,1.));
#13983 = ORIENTED_EDGE('',*,*,#13984,.F.);
#13984 = EDGE_CURVE('',#13985,#13977,#13987,.T.);
#13985 = VERTEX_POINT('',#13986);
#13986 = CARTESIAN_POINT('',(3.076230351787,4.691884426805,
    11.140384398536));
#13987 = CIRCLE('',#13988,0.15);
#13988 = AXIS2_PLACEMENT_3D('',#13989,#13990,#13991);
#13989 = CARTESIAN_POINT('',(3.076230351787,4.691884426805,
    10.990384398536));
#13990 = DIRECTION('',(0.,-1.,0.));
#13991 = DIRECTION('',(0.,0.,-1.));
#13992 = ORIENTED_EDGE('',*,*,#13993,.T.);
#13993 = EDGE_CURVE('',#13985,#13994,#13996,.T.);
#13994 = VERTEX_POINT('',#13995);
#13995 = CARTESIAN_POINT('',(4.076230351787,4.691884426805,
    11.140384398536));
#13996 = LINE('',#13997,#13998);
#13997 = CARTESIAN_POINT('',(4.226230351787,4.691884426805,
    11.140384398536));
#13998 = VECTOR('',#13999,1.);
#13999 = DIRECTION('',(1.,0.,-8.340016711427E-17));
#14000 = ORIENTED_EDGE('',*,*,#14001,.F.);
#14001 = EDGE_CURVE('',#14002,#13994,#14004,.T.);
#14002 = VERTEX_POINT('',#14003);
#14003 = CARTESIAN_POINT('',(4.226230351787,4.691884426805,
    10.990384398536));
#14004 = CIRCLE('',#14005,0.15);
#14005 = AXIS2_PLACEMENT_3D('',#14006,#14007,#14008);
#14006 = CARTESIAN_POINT('',(4.076230351787,4.691884426805,
    10.990384398536));
#14007 = DIRECTION('',(0.,-1.,0.));
#14008 = DIRECTION('',(0.,0.,-1.));
#14009 = ORIENTED_EDGE('',*,*,#14010,.T.);
#14010 = EDGE_CURVE('',#14002,#14011,#14013,.T.);
#14011 = VERTEX_POINT('',#14012);
#14012 = CARTESIAN_POINT('',(4.226230351787,4.691884426805,
    10.890384398536));
#14013 = LINE('',#14014,#14015);
#14014 = CARTESIAN_POINT('',(4.226230351787,4.691884426805,
    11.140384398536));
#14015 = VECTOR('',#14016,1.);
#14016 = DIRECTION('',(0.,0.,-1.));
#14017 = ORIENTED_EDGE('',*,*,#14018,.F.);
#14018 = EDGE_CURVE('',#13958,#14011,#14019,.T.);
#14019 = CIRCLE('',#14020,0.15);
#14020 = AXIS2_PLACEMENT_3D('',#14021,#14022,#14023);
#14021 = CARTESIAN_POINT('',(4.076230351787,4.691884426805,
    10.890384398536));
#14022 = DIRECTION('',(0.,-1.,0.));
#14023 = DIRECTION('',(0.,0.,-1.));
#14024 = PLANE('',#14025);
#14025 = AXIS2_PLACEMENT_3D('',#14026,#14027,#14028);
#14026 = CARTESIAN_POINT('',(2.306230351787,4.691884426805,
    10.390384398536));
#14027 = DIRECTION('',(0.,-1.,0.));
#14028 = DIRECTION('',(0.,0.,-1.));
#14029 = ADVANCED_FACE('',(#14030),#14036,.T.);
#14030 = FACE_BOUND('',#14031,.T.);
#14031 = EDGE_LOOP('',(#14032,#14033,#14034,#14035));
#14032 = ORIENTED_EDGE('',*,*,#12869,.F.);
#14033 = ORIENTED_EDGE('',*,*,#10934,.T.);
#14034 = ORIENTED_EDGE('',*,*,#12952,.F.);
#14035 = ORIENTED_EDGE('',*,*,#12926,.F.);
#14036 = PLANE('',#14037);
#14037 = AXIS2_PLACEMENT_3D('',#14038,#14039,#14040);
#14038 = CARTESIAN_POINT('',(4.756230351815,6.266884426791,
    11.540384398536));
#14039 = DIRECTION('',(0.,0.,-1.));
#14040 = DIRECTION('',(1.,-1.08968389867E-13,0.));
#14041 = ADVANCED_FACE('',(#14042),#14053,.T.);
#14042 = FACE_BOUND('',#14043,.T.);
#14043 = EDGE_LOOP('',(#14044,#14045,#14051,#14052));
#14044 = ORIENTED_EDGE('',*,*,#13924,.F.);
#14045 = ORIENTED_EDGE('',*,*,#14046,.F.);
#14046 = EDGE_CURVE('',#13779,#13925,#14047,.T.);
#14047 = LINE('',#14048,#14049);
#14048 = CARTESIAN_POINT('',(2.353808774828,4.691884426805,
    11.298234791972));
#14049 = VECTOR('',#14050,1.);
#14050 = DIRECTION('',(-8.537024980201E-17,1.,1.221185464903E-34));
#14051 = ORIENTED_EDGE('',*,*,#13786,.F.);
#14052 = ORIENTED_EDGE('',*,*,#11011,.T.);
#14053 = CYLINDRICAL_SURFACE('',#14054,0.15);
#14054 = AXIS2_PLACEMENT_3D('',#14055,#14056,#14057);
#14055 = CARTESIAN_POINT('',(2.503603205041,3.616884426805,
    11.290384398536));
#14056 = DIRECTION('',(-8.537024980201E-17,1.,0.));
#14057 = DIRECTION('',(-1.,-8.537024980201E-17,0.));
#14058 = ADVANCED_FACE('',(#14059),#14087,.F.);
#14059 = FACE_BOUND('',#14060,.T.);
#14060 = EDGE_LOOP('',(#14061,#14069,#14077,#14083,#14084,#14085,#14086)
  );
#14061 = ORIENTED_EDGE('',*,*,#14062,.F.);
#14062 = EDGE_CURVE('',#14063,#12903,#14065,.T.);
#14063 = VERTEX_POINT('',#14064);
#14064 = CARTESIAN_POINT('',(4.876230351815,4.416884426791,
    10.390384398536));
#14065 = LINE('',#14066,#14067);
#14066 = CARTESIAN_POINT('',(4.876065783295,4.420024581213,
    10.393524552958));
#14067 = VECTOR('',#14068,1.);
#14068 = DIRECTION('',(-3.703247672019E-02,0.706621750185,0.706621750185
    ));
#14069 = ORIENTED_EDGE('',*,*,#14070,.F.);
#14070 = EDGE_CURVE('',#14071,#14063,#14073,.T.);
#14071 = VERTEX_POINT('',#14072);
#14072 = CARTESIAN_POINT('',(4.846230351787,4.416884426791,
    10.390384398536));
#14073 = LINE('',#14074,#14075);
#14074 = CARTESIAN_POINT('',(4.756230351815,4.416884426791,
    10.390384398536));
#14075 = VECTOR('',#14076,1.);
#14076 = DIRECTION('',(1.,-1.08968389867E-13,0.));
#14077 = ORIENTED_EDGE('',*,*,#14078,.F.);
#14078 = EDGE_CURVE('',#11091,#14071,#14079,.T.);
#14079 = LINE('',#14080,#14081);
#14080 = CARTESIAN_POINT('',(4.756230351815,4.416884426791,
    10.390384398536));
#14081 = VECTOR('',#14082,1.);
#14082 = DIRECTION('',(1.,-1.08968389867E-13,0.));
#14083 = ORIENTED_EDGE('',*,*,#11101,.F.);
#14084 = ORIENTED_EDGE('',*,*,#11068,.F.);
#14085 = ORIENTED_EDGE('',*,*,#11043,.F.);
#14086 = ORIENTED_EDGE('',*,*,#12910,.F.);
#14087 = PLANE('',#14088);
#14088 = AXIS2_PLACEMENT_3D('',#14089,#14090,#14091);
#14089 = CARTESIAN_POINT('',(4.756230351815,4.416884426791,
    10.390384398536));
#14090 = DIRECTION('',(-7.705228740991E-14,-0.707106781187,
    0.707106781187));
#14091 = DIRECTION('',(1.,-1.08968389867E-13,0.));
#14092 = ADVANCED_FACE('',(#14093),#14153,.F.);
#14093 = FACE_BOUND('',#14094,.F.);
#14094 = EDGE_LOOP('',(#14095,#14106,#14121,#14129,#14136,#14137,#14138,
    #14146));
#14095 = ORIENTED_EDGE('',*,*,#14096,.T.);
#14096 = EDGE_CURVE('',#14097,#14099,#14101,.T.);
#14097 = VERTEX_POINT('',#14098);
#14098 = CARTESIAN_POINT('',(2.156230351787,4.391884426805,
    10.290384398536));
#14099 = VERTEX_POINT('',#14100);
#14100 = CARTESIAN_POINT('',(2.268033750665,4.441884426805,
    10.290384398536));
#14101 = CIRCLE('',#14102,0.15);
#14102 = AXIS2_PLACEMENT_3D('',#14103,#14104,#14105);
#14103 = CARTESIAN_POINT('',(2.156230351787,4.541884426805,
    10.290384398536));
#14104 = DIRECTION('',(0.,0.,1.));
#14105 = DIRECTION('',(1.,0.,0.));
#14106 = ORIENTED_EDGE('',*,*,#14107,.T.);
#14107 = EDGE_CURVE('',#14099,#14108,#14110,.T.);
#14108 = VERTEX_POINT('',#14109);
#14109 = CARTESIAN_POINT('',(2.306230351787,4.541884426805,
    10.311255613788));
#14110 = B_SPLINE_CURVE_WITH_KNOTS('',3,(#14111,#14112,#14113,#14114,
    #14115,#14116,#14117,#14118,#14119,#14120),.UNSPECIFIED.,.F.,.F.,(4,
    3,3,4),(0.,4.547096424961E-05,9.103260616323E-05,1.116177826978E-04)
  ,.UNSPECIFIED.);
#14111 = CARTESIAN_POINT('',(2.268033750665,4.441884426805,
    10.290384398536));
#14112 = CARTESIAN_POINT('',(2.278138409387,4.453181778701,
    10.290384398536));
#14113 = CARTESIAN_POINT('',(2.286618270287,4.466225295916,
    10.291188141254));
#14114 = CARTESIAN_POINT('',(2.292821635143,4.479893933089,
    10.293290737282));
#14115 = CARTESIAN_POINT('',(2.299033295789,4.493580849398,
    10.295396145121));
#14116 = CARTESIAN_POINT('',(2.303116901498,4.508252735743,
    10.298884609931));
#14117 = CARTESIAN_POINT('',(2.30497400152,4.522511077483,
    10.303742594958));
#14118 = CARTESIAN_POINT('',(2.305823065471,4.529029974593,
    10.305963660012));
#14119 = CARTESIAN_POINT('',(2.306230351787,4.535524705927,
    10.308480004043));
#14120 = CARTESIAN_POINT('',(2.306230351787,4.541884426805,
    10.311255613788));
#14121 = ORIENTED_EDGE('',*,*,#14122,.T.);
#14122 = EDGE_CURVE('',#14108,#14123,#14125,.T.);
#14123 = VERTEX_POINT('',#14124);
#14124 = CARTESIAN_POINT('',(2.306230351787,4.54188173511,
    10.390384398536));
#14125 = LINE('',#14126,#14127);
#14126 = CARTESIAN_POINT('',(2.306230351787,4.541884426805,
    10.390384398536));
#14127 = VECTOR('',#14128,1.);
#14128 = DIRECTION('',(0.,0.,1.));
#14129 = ORIENTED_EDGE('',*,*,#14130,.T.);
#14130 = EDGE_CURVE('',#14123,#11091,#14131,.T.);
#14131 = CIRCLE('',#14132,0.15);
#14132 = AXIS2_PLACEMENT_3D('',#14133,#14134,#14135);
#14133 = CARTESIAN_POINT('',(2.156230351787,4.541884426805,
    10.390384398536));
#14134 = DIRECTION('',(0.,0.,-1.));
#14135 = DIRECTION('',(1.,0.,0.));
#14136 = ORIENTED_EDGE('',*,*,#11090,.T.);
#14137 = ORIENTED_EDGE('',*,*,#11117,.T.);
#14138 = ORIENTED_EDGE('',*,*,#14139,.T.);
#14139 = EDGE_CURVE('',#11110,#14140,#14142,.T.);
#14140 = VERTEX_POINT('',#14141);
#14141 = CARTESIAN_POINT('',(2.006230351787,4.541884426805,
    10.290384398536));
#14142 = LINE('',#14143,#14144);
#14143 = CARTESIAN_POINT('',(2.006230351787,4.541884426805,
    10.290384398536));
#14144 = VECTOR('',#14145,1.);
#14145 = DIRECTION('',(-0.,-0.,-1.));
#14146 = ORIENTED_EDGE('',*,*,#14147,.T.);
#14147 = EDGE_CURVE('',#14140,#14097,#14148,.T.);
#14148 = CIRCLE('',#14149,0.15);
#14149 = AXIS2_PLACEMENT_3D('',#14150,#14151,#14152);
#14150 = CARTESIAN_POINT('',(2.156230351787,4.541884426805,
    10.290384398536));
#14151 = DIRECTION('',(0.,0.,1.));
#14152 = DIRECTION('',(1.,0.,0.));
#14153 = CYLINDRICAL_SURFACE('',#14154,0.15);
#14154 = AXIS2_PLACEMENT_3D('',#14155,#14156,#14157);
#14155 = CARTESIAN_POINT('',(2.156230351787,4.541884426805,
    0.390384398536));
#14156 = DIRECTION('',(0.,0.,-1.));
#14157 = DIRECTION('',(-1.,0.,0.));
#14158 = ADVANCED_FACE('',(#14159),#14178,.F.);
#14159 = FACE_BOUND('',#14160,.T.);
#14160 = EDGE_LOOP('',(#14161,#14162,#14163,#14164,#14172));
#14161 = ORIENTED_EDGE('',*,*,#11133,.T.);
#14162 = ORIENTED_EDGE('',*,*,#11109,.T.);
#14163 = ORIENTED_EDGE('',*,*,#14139,.T.);
#14164 = ORIENTED_EDGE('',*,*,#14165,.F.);
#14165 = EDGE_CURVE('',#14166,#14140,#14168,.T.);
#14166 = VERTEX_POINT('',#14167);
#14167 = CARTESIAN_POINT('',(2.006230351787,5.016884426805,
    10.290384398536));
#14168 = LINE('',#14169,#14170);
#14169 = CARTESIAN_POINT('',(2.006230351787,3.616884426805,
    10.290384398536));
#14170 = VECTOR('',#14171,1.);
#14171 = DIRECTION('',(0.,-1.,0.));
#14172 = ORIENTED_EDGE('',*,*,#14173,.T.);
#14173 = EDGE_CURVE('',#14166,#11134,#14174,.T.);
#14174 = LINE('',#14175,#14176);
#14175 = CARTESIAN_POINT('',(2.006230351787,5.016884426805,
    10.390384398536));
#14176 = VECTOR('',#14177,1.);
#14177 = DIRECTION('',(0.,0.,1.));
#14178 = PLANE('',#14179);
#14179 = AXIS2_PLACEMENT_3D('',#14180,#14181,#14182);
#14180 = CARTESIAN_POINT('',(2.006230351787,5.016884426805,
    0.390384398536));
#14181 = DIRECTION('',(-1.,0.,0.));
#14182 = DIRECTION('',(0.,0.,1.));
#14183 = ADVANCED_FACE('',(#14184),#14195,.T.);
#14184 = FACE_BOUND('',#14185,.T.);
#14185 = EDGE_LOOP('',(#14186,#14187,#14193,#14194));
#14186 = ORIENTED_EDGE('',*,*,#14173,.F.);
#14187 = ORIENTED_EDGE('',*,*,#14188,.F.);
#14188 = EDGE_CURVE('',#13412,#14166,#14189,.T.);
#14189 = LINE('',#14190,#14191);
#14190 = CARTESIAN_POINT('',(2.306230351787,5.016884426805,
    10.290384398536));
#14191 = VECTOR('',#14192,1.);
#14192 = DIRECTION('',(1.,0.,0.));
#14193 = ORIENTED_EDGE('',*,*,#13428,.F.);
#14194 = ORIENTED_EDGE('',*,*,#11141,.T.);
#14195 = PLANE('',#14196);
#14196 = AXIS2_PLACEMENT_3D('',#14197,#14198,#14199);
#14197 = CARTESIAN_POINT('',(2.306230351787,5.016884426805,
    10.390384398536));
#14198 = DIRECTION('',(0.,1.,0.));
#14199 = DIRECTION('',(0.,0.,1.));
#14200 = ADVANCED_FACE('',(#14201),#14250,.F.);
#14201 = FACE_BOUND('',#14202,.T.);
#14202 = EDGE_LOOP('',(#14203,#14213,#14219,#14220,#14228,#14236,#14244)
  );
#14203 = ORIENTED_EDGE('',*,*,#14204,.F.);
#14204 = EDGE_CURVE('',#14205,#14207,#14209,.T.);
#14205 = VERTEX_POINT('',#14206);
#14206 = CARTESIAN_POINT('',(2.156230351815,8.766884426791,
    11.140384398536));
#14207 = VERTEX_POINT('',#14208);
#14208 = CARTESIAN_POINT('',(2.156230351815,9.466884426791,
    11.140384398536));
#14209 = LINE('',#14210,#14211);
#14210 = CARTESIAN_POINT('',(2.156230351815,8.766884426791,
    11.140384398536));
#14211 = VECTOR('',#14212,1.);
#14212 = DIRECTION('',(1.08968389867E-13,1.,0.));
#14213 = ORIENTED_EDGE('',*,*,#14214,.F.);
#14214 = EDGE_CURVE('',#11229,#14205,#14215,.T.);
#14215 = LINE('',#14216,#14217);
#14216 = CARTESIAN_POINT('',(2.156230351815,8.766884426791,
    11.540384398536));
#14217 = VECTOR('',#14218,1.);
#14218 = DIRECTION('',(0.,0.,-1.));
#14219 = ORIENTED_EDGE('',*,*,#11228,.T.);
#14220 = ORIENTED_EDGE('',*,*,#14221,.T.);
#14221 = EDGE_CURVE('',#11231,#14222,#14224,.T.);
#14222 = VERTEX_POINT('',#14223);
#14223 = CARTESIAN_POINT('',(2.156230351815,9.166884426791,
    11.790384398536));
#14224 = LINE('',#14225,#14226);
#14225 = CARTESIAN_POINT('',(2.156230351815,9.166884426791,
    20.240384398536));
#14226 = VECTOR('',#14227,1.);
#14227 = DIRECTION('',(0.,0.,-1.));
#14228 = ORIENTED_EDGE('',*,*,#14229,.T.);
#14229 = EDGE_CURVE('',#14222,#14230,#14232,.T.);
#14230 = VERTEX_POINT('',#14231);
#14231 = CARTESIAN_POINT('',(2.156230351815,9.416884426791,
    11.540384398536));
#14232 = LINE('',#14233,#14234);
#14233 = CARTESIAN_POINT('',(2.156230351815,9.091884426791,
    11.865384398536));
#14234 = VECTOR('',#14235,1.);
#14235 = DIRECTION('',(7.705228740991E-14,0.707106781187,-0.707106781187
    ));
#14236 = ORIENTED_EDGE('',*,*,#14237,.F.);
#14237 = EDGE_CURVE('',#14238,#14230,#14240,.T.);
#14238 = VERTEX_POINT('',#14239);
#14239 = CARTESIAN_POINT('',(2.156230351815,9.466884426791,
    11.540384398536));
#14240 = LINE('',#14241,#14242);
#14241 = CARTESIAN_POINT('',(2.156230351815,8.766884426791,
    11.540384398536));
#14242 = VECTOR('',#14243,1.);
#14243 = DIRECTION('',(-1.08968389867E-13,-1.,0.));
#14244 = ORIENTED_EDGE('',*,*,#14245,.T.);
#14245 = EDGE_CURVE('',#14238,#14207,#14246,.T.);
#14246 = LINE('',#14247,#14248);
#14247 = CARTESIAN_POINT('',(2.156230351815,9.466884426791,
    18.466422226905));
#14248 = VECTOR('',#14249,1.);
#14249 = DIRECTION('',(0.,0.,-1.));
#14250 = PLANE('',#14251);
#14251 = AXIS2_PLACEMENT_3D('',#14252,#14253,#14254);
#14252 = CARTESIAN_POINT('',(2.156230351815,8.766884426791,
    11.540384398536));
#14253 = DIRECTION('',(1.,-1.08968389867E-13,0.));
#14254 = DIRECTION('',(0.,-0.,1.));
#14255 = ADVANCED_FACE('',(#14256),#14307,.F.);
#14256 = FACE_BOUND('',#14257,.T.);
#14257 = EDGE_LOOP('',(#14258,#14266,#14274,#14283,#14291,#14299,#14305,
    #14306));
#14258 = ORIENTED_EDGE('',*,*,#14259,.F.);
#14259 = EDGE_CURVE('',#14260,#14205,#14262,.T.);
#14260 = VERTEX_POINT('',#14261);
#14261 = CARTESIAN_POINT('',(0.856230351815,8.766884426791,
    11.140384398536));
#14262 = LINE('',#14263,#14264);
#14263 = CARTESIAN_POINT('',(0.856230351815,8.766884426791,
    11.140384398536));
#14264 = VECTOR('',#14265,1.);
#14265 = DIRECTION('',(1.,-1.08968389867E-13,0.));
#14266 = ORIENTED_EDGE('',*,*,#14267,.F.);
#14267 = EDGE_CURVE('',#14268,#14260,#14270,.T.);
#14268 = VERTEX_POINT('',#14269);
#14269 = CARTESIAN_POINT('',(0.856230351815,8.766884426791,
    11.240384398536));
#14270 = LINE('',#14271,#14272);
#14271 = CARTESIAN_POINT('',(0.856230351815,8.766884426791,
    11.540384398536));
#14272 = VECTOR('',#14273,1.);
#14273 = DIRECTION('',(0.,0.,-1.));
#14274 = ORIENTED_EDGE('',*,*,#14275,.T.);
#14275 = EDGE_CURVE('',#14268,#14276,#14278,.T.);
#14276 = VERTEX_POINT('',#14277);
#14277 = CARTESIAN_POINT('',(1.156230351815,8.766884426791,
    11.540384398536));
#14278 = CIRCLE('',#14279,0.3);
#14279 = AXIS2_PLACEMENT_3D('',#14280,#14281,#14282);
#14280 = CARTESIAN_POINT('',(1.156230351815,8.766884426791,
    11.240384398536));
#14281 = DIRECTION('',(1.08968389867E-13,1.,0.));
#14282 = DIRECTION('',(0.,0.,-1.));
#14283 = ORIENTED_EDGE('',*,*,#14284,.F.);
#14284 = EDGE_CURVE('',#14285,#14276,#14287,.T.);
#14285 = VERTEX_POINT('',#14286);
#14286 = CARTESIAN_POINT('',(1.506230351815,8.766884426791,
    11.540384398536));
#14287 = LINE('',#14288,#14289);
#14288 = CARTESIAN_POINT('',(0.856230351815,8.766884426791,
    11.540384398536));
#14289 = VECTOR('',#14290,1.);
#14290 = DIRECTION('',(-1.,1.08968389867E-13,0.));
#14291 = ORIENTED_EDGE('',*,*,#14292,.T.);
#14292 = EDGE_CURVE('',#14285,#14293,#14295,.T.);
#14293 = VERTEX_POINT('',#14294);
#14294 = CARTESIAN_POINT('',(1.756230351815,8.766884426791,
    11.790384398536));
#14295 = LINE('',#14296,#14297);
#14296 = CARTESIAN_POINT('',(1.181230351815,8.766884426791,
    11.215384398536));
#14297 = VECTOR('',#14298,1.);
#14298 = DIRECTION('',(0.707106781187,-7.705228740991E-14,0.707106781187
    ));
#14299 = ORIENTED_EDGE('',*,*,#14300,.F.);
#14300 = EDGE_CURVE('',#11239,#14293,#14301,.T.);
#14301 = LINE('',#14302,#14303);
#14302 = CARTESIAN_POINT('',(1.756230351815,8.766884426791,
    20.240384398536));
#14303 = VECTOR('',#14304,1.);
#14304 = DIRECTION('',(0.,0.,-1.));
#14305 = ORIENTED_EDGE('',*,*,#11238,.T.);
#14306 = ORIENTED_EDGE('',*,*,#14214,.T.);
#14307 = PLANE('',#14308);
#14308 = AXIS2_PLACEMENT_3D('',#14309,#14310,#14311);
#14309 = CARTESIAN_POINT('',(0.856230351815,8.766884426791,
    11.540384398536));
#14310 = DIRECTION('',(-1.08968389867E-13,-1.,0.));
#14311 = DIRECTION('',(0.,0.,-1.));
#14312 = ADVANCED_FACE('',(#14313),#14331,.F.);
#14313 = FACE_BOUND('',#14314,.T.);
#14314 = EDGE_LOOP('',(#14315,#14316,#14324,#14330));
#14315 = ORIENTED_EDGE('',*,*,#14300,.T.);
#14316 = ORIENTED_EDGE('',*,*,#14317,.T.);
#14317 = EDGE_CURVE('',#14293,#14318,#14320,.T.);
#14318 = VERTEX_POINT('',#14319);
#14319 = CARTESIAN_POINT('',(1.756230351815,9.166884426791,
    11.790384398536));
#14320 = LINE('',#14321,#14322);
#14321 = CARTESIAN_POINT('',(1.756230351815,9.166884426791,
    11.790384398536));
#14322 = VECTOR('',#14323,1.);
#14323 = DIRECTION('',(1.08968389867E-13,1.,0.));
#14324 = ORIENTED_EDGE('',*,*,#14325,.F.);
#14325 = EDGE_CURVE('',#11247,#14318,#14326,.T.);
#14326 = LINE('',#14327,#14328);
#14327 = CARTESIAN_POINT('',(1.756230351815,9.166884426791,
    20.240384398536));
#14328 = VECTOR('',#14329,1.);
#14329 = DIRECTION('',(0.,0.,-1.));
#14330 = ORIENTED_EDGE('',*,*,#11246,.T.);
#14331 = PLANE('',#14332);
#14332 = AXIS2_PLACEMENT_3D('',#14333,#14334,#14335);
#14333 = CARTESIAN_POINT('',(1.756230351815,8.766884426791,
    20.240384398536));
#14334 = DIRECTION('',(-1.,1.08968389867E-13,0.));
#14335 = DIRECTION('',(0.,0.,-1.));
#14336 = ADVANCED_FACE('',(#14337),#14348,.F.);
#14337 = FACE_BOUND('',#14338,.T.);
#14338 = EDGE_LOOP('',(#14339,#14340,#14346,#14347));
#14339 = ORIENTED_EDGE('',*,*,#14325,.T.);
#14340 = ORIENTED_EDGE('',*,*,#14341,.T.);
#14341 = EDGE_CURVE('',#14318,#14222,#14342,.T.);
#14342 = LINE('',#14343,#14344);
#14343 = CARTESIAN_POINT('',(2.156230351815,9.166884426791,
    11.790384398536));
#14344 = VECTOR('',#14345,1.);
#14345 = DIRECTION('',(1.,-1.08968389867E-13,0.));
#14346 = ORIENTED_EDGE('',*,*,#14221,.F.);
#14347 = ORIENTED_EDGE('',*,*,#11254,.T.);
#14348 = PLANE('',#14349);
#14349 = AXIS2_PLACEMENT_3D('',#14350,#14351,#14352);
#14350 = CARTESIAN_POINT('',(2.156230351815,9.166884426791,
    20.240384398536));
#14351 = DIRECTION('',(1.08968389867E-13,1.,0.));
#14352 = DIRECTION('',(0.,-0.,1.));
#14353 = ADVANCED_FACE('',(#14354),#14365,.F.);
#14354 = FACE_BOUND('',#14355,.T.);
#14355 = EDGE_LOOP('',(#14356,#14357,#14358,#14364));
#14356 = ORIENTED_EDGE('',*,*,#11358,.F.);
#14357 = ORIENTED_EDGE('',*,*,#11528,.F.);
#14358 = ORIENTED_EDGE('',*,*,#14359,.T.);
#14359 = EDGE_CURVE('',#11521,#11375,#14360,.T.);
#14360 = LINE('',#14361,#14362);
#14361 = CARTESIAN_POINT('',(6.750018116128,9.560672191104,
    11.356248443988));
#14362 = VECTOR('',#14363,1.);
#14363 = DIRECTION('',(0.684791078772,0.684791078772,-0.249243569364));
#14364 = ORIENTED_EDGE('',*,*,#11374,.F.);
#14365 = PLANE('',#14366);
#14366 = AXIS2_PLACEMENT_3D('',#14367,#14368,#14369);
#14367 = CARTESIAN_POINT('',(6.856230351815,9.466884426791,
    11.390384398536));
#14368 = DIRECTION('',(3.726938432026E-14,0.342020143326,0.939692620786)
  );
#14369 = DIRECTION('',(-1.,1.08968389867E-13,0.));
#14370 = ADVANCED_FACE('',(#14371),#14377,.F.);
#14371 = FACE_BOUND('',#14372,.T.);
#14372 = EDGE_LOOP('',(#14373,#14374,#14375,#14376));
#14373 = ORIENTED_EDGE('',*,*,#14359,.F.);
#14374 = ORIENTED_EDGE('',*,*,#11520,.F.);
#14375 = ORIENTED_EDGE('',*,*,#11423,.F.);
#14376 = ORIENTED_EDGE('',*,*,#11382,.F.);
#14377 = PLANE('',#14378);
#14378 = AXIS2_PLACEMENT_3D('',#14379,#14380,#14381);
#14379 = CARTESIAN_POINT('',(6.656230351815,10.166884426791,
    11.390384398536));
#14380 = DIRECTION('',(0.342020143326,-3.716343603957E-14,0.939692620786
    ));
#14381 = DIRECTION('',(1.086586178177E-13,1.,4.914497051139E-33));
#14382 = ADVANCED_FACE('',(#14383),#14417,.F.);
#14383 = FACE_BOUND('',#14384,.T.);
#14384 = EDGE_LOOP('',(#14385,#14386,#14392,#14393,#14394,#14402,#14410,
    #14416));
#14385 = ORIENTED_EDGE('',*,*,#14204,.T.);
#14386 = ORIENTED_EDGE('',*,*,#14387,.T.);
#14387 = EDGE_CURVE('',#14207,#11487,#14388,.T.);
#14388 = LINE('',#14389,#14390);
#14389 = CARTESIAN_POINT('',(2.156230351815,9.466884426791,
    11.140384398536));
#14390 = VECTOR('',#14391,1.);
#14391 = DIRECTION('',(1.,-1.08968389867E-13,0.));
#14392 = ORIENTED_EDGE('',*,*,#11486,.T.);
#14393 = ORIENTED_EDGE('',*,*,#11404,.T.);
#14394 = ORIENTED_EDGE('',*,*,#14395,.F.);
#14395 = EDGE_CURVE('',#14396,#11407,#14398,.T.);
#14396 = VERTEX_POINT('',#14397);
#14397 = CARTESIAN_POINT('',(2.256230351815,10.066884426791,
    11.140384398536));
#14398 = LINE('',#14399,#14400);
#14399 = CARTESIAN_POINT('',(2.256230351815,6.266884426791,
    11.140384398536));
#14400 = VECTOR('',#14401,1.);
#14401 = DIRECTION('',(1.08968389867E-13,1.,0.));
#14402 = ORIENTED_EDGE('',*,*,#14403,.T.);
#14403 = EDGE_CURVE('',#14396,#14404,#14406,.T.);
#14404 = VERTEX_POINT('',#14405);
#14405 = CARTESIAN_POINT('',(0.856230351815,10.066884426791,
    11.140384398536));
#14406 = LINE('',#14407,#14408);
#14407 = CARTESIAN_POINT('',(0.856230351815,10.066884426791,
    11.140384398536));
#14408 = VECTOR('',#14409,1.);
#14409 = DIRECTION('',(-1.,1.08968389867E-13,0.));
#14410 = ORIENTED_EDGE('',*,*,#14411,.T.);
#14411 = EDGE_CURVE('',#14404,#14260,#14412,.T.);
#14412 = LINE('',#14413,#14414);
#14413 = CARTESIAN_POINT('',(0.856230351815,8.766884426791,
    11.140384398536));
#14414 = VECTOR('',#14415,1.);
#14415 = DIRECTION('',(-1.08968389867E-13,-1.,0.));
#14416 = ORIENTED_EDGE('',*,*,#14259,.T.);
#14417 = PLANE('',#14418);
#14418 = AXIS2_PLACEMENT_3D('',#14419,#14420,#14421);
#14419 = CARTESIAN_POINT('',(4.756230351815,6.266884426791,
    11.140384398536));
#14420 = DIRECTION('',(0.,0.,-1.));
#14421 = DIRECTION('',(1.,-1.08968389867E-13,0.));
#14422 = ADVANCED_FACE('',(#14423),#14441,.F.);
#14423 = FACE_BOUND('',#14424,.T.);
#14424 = EDGE_LOOP('',(#14425,#14426,#14427,#14435));
#14425 = ORIENTED_EDGE('',*,*,#11439,.F.);
#14426 = ORIENTED_EDGE('',*,*,#11553,.F.);
#14427 = ORIENTED_EDGE('',*,*,#14428,.T.);
#14428 = EDGE_CURVE('',#11546,#14429,#14431,.T.);
#14429 = VERTEX_POINT('',#14430);
#14430 = CARTESIAN_POINT('',(3.492605023523,9.466884426791,
    11.540384398536));
#14431 = LINE('',#14432,#14433);
#14432 = CARTESIAN_POINT('',(6.356230351815,9.466884426791,
    11.440384398536));
#14433 = VECTOR('',#14434,1.);
#14434 = DIRECTION('',(-0.999390827019,1.089020092681E-13,
    3.489949670249E-02));
#14435 = ORIENTED_EDGE('',*,*,#14436,.F.);
#14436 = EDGE_CURVE('',#11440,#14429,#14437,.T.);
#14437 = LINE('',#14438,#14439);
#14438 = CARTESIAN_POINT('',(3.492605023523,13.032255261576,
    11.540384398536));
#14439 = VECTOR('',#14440,1.);
#14440 = DIRECTION('',(-1.08968389867E-13,-1.,0.));
#14441 = PLANE('',#14442);
#14442 = AXIS2_PLACEMENT_3D('',#14443,#14444,#14445);
#14443 = CARTESIAN_POINT('',(6.356230351816,13.032255261576,
    11.440384398536));
#14444 = DIRECTION('',(3.489949670249E-02,-3.802941962838E-15,
    0.999390827019));
#14445 = DIRECTION('',(-0.999390827019,1.089020092681E-13,
    3.489949670249E-02));
#14446 = ADVANCED_FACE('',(#14447),#14495,.T.);
#14447 = FACE_BOUND('',#14448,.T.);
#14448 = EDGE_LOOP('',(#14449,#14450,#14458,#14466,#14472,#14473,#14474,
    #14480,#14481,#14489));
#14449 = ORIENTED_EDGE('',*,*,#14284,.T.);
#14450 = ORIENTED_EDGE('',*,*,#14451,.T.);
#14451 = EDGE_CURVE('',#14276,#14452,#14454,.T.);
#14452 = VERTEX_POINT('',#14453);
#14453 = CARTESIAN_POINT('',(1.156230351815,10.066884426791,
    11.540384398536));
#14454 = LINE('',#14455,#14456);
#14455 = CARTESIAN_POINT('',(1.156230351815,6.266884426791,
    11.540384398536));
#14456 = VECTOR('',#14457,1.);
#14457 = DIRECTION('',(1.08968389867E-13,1.,0.));
#14458 = ORIENTED_EDGE('',*,*,#14459,.T.);
#14459 = EDGE_CURVE('',#14452,#14460,#14462,.T.);
#14460 = VERTEX_POINT('',#14461);
#14461 = CARTESIAN_POINT('',(2.256230351815,10.066884426791,
    11.540384398536));
#14462 = LINE('',#14463,#14464);
#14463 = CARTESIAN_POINT('',(0.856230351815,10.066884426791,
    11.540384398536));
#14464 = VECTOR('',#14465,1.);
#14465 = DIRECTION('',(1.,-1.08968389867E-13,0.));
#14466 = ORIENTED_EDGE('',*,*,#14467,.F.);
#14467 = EDGE_CURVE('',#11448,#14460,#14468,.T.);
#14468 = LINE('',#14469,#14470);
#14469 = CARTESIAN_POINT('',(2.256230351815,10.166884426791,
    11.540384398536));
#14470 = VECTOR('',#14471,1.);
#14471 = DIRECTION('',(-1.08968389867E-13,-1.,0.));
#14472 = ORIENTED_EDGE('',*,*,#11447,.F.);
#14473 = ORIENTED_EDGE('',*,*,#14436,.T.);
#14474 = ORIENTED_EDGE('',*,*,#14475,.F.);
#14475 = EDGE_CURVE('',#14238,#14429,#14476,.T.);
#14476 = LINE('',#14477,#14478);
#14477 = CARTESIAN_POINT('',(2.156230351815,9.466884426791,
    11.540384398536));
#14478 = VECTOR('',#14479,1.);
#14479 = DIRECTION('',(1.,-1.08968389867E-13,0.));
#14480 = ORIENTED_EDGE('',*,*,#14237,.T.);
#14481 = ORIENTED_EDGE('',*,*,#14482,.T.);
#14482 = EDGE_CURVE('',#14230,#14483,#14485,.T.);
#14483 = VERTEX_POINT('',#14484);
#14484 = CARTESIAN_POINT('',(1.506230351815,9.416884426791,
    11.540384398536));
#14485 = LINE('',#14486,#14487);
#14486 = CARTESIAN_POINT('',(1.756230351815,9.416884426791,
    11.540384398536));
#14487 = VECTOR('',#14488,1.);
#14488 = DIRECTION('',(-1.,1.08968389867E-13,0.));
#14489 = ORIENTED_EDGE('',*,*,#14490,.T.);
#14490 = EDGE_CURVE('',#14483,#14285,#14491,.T.);
#14491 = LINE('',#14492,#14493);
#14492 = CARTESIAN_POINT('',(1.506230351815,8.766884426791,
    11.540384398536));
#14493 = VECTOR('',#14494,1.);
#14494 = DIRECTION('',(-1.08968389867E-13,-1.,0.));
#14495 = PLANE('',#14496);
#14496 = AXIS2_PLACEMENT_3D('',#14497,#14498,#14499);
#14497 = CARTESIAN_POINT('',(4.756230351815,6.266884426791,
    11.540384398536));
#14498 = DIRECTION('',(0.,0.,-1.));
#14499 = DIRECTION('',(1.,-1.08968389867E-13,0.));
#14500 = ADVANCED_FACE('',(#14501),#14512,.T.);
#14501 = FACE_BOUND('',#14502,.T.);
#14502 = EDGE_LOOP('',(#14503,#14509,#14510,#14511));
#14503 = ORIENTED_EDGE('',*,*,#14504,.T.);
#14504 = EDGE_CURVE('',#14460,#14396,#14505,.T.);
#14505 = LINE('',#14506,#14507);
#14506 = CARTESIAN_POINT('',(2.256230351815,10.066884426791,
    11.540384398536));
#14507 = VECTOR('',#14508,1.);
#14508 = DIRECTION('',(-4.500714858134E-29,-4.130293990421E-16,-1.));
#14509 = ORIENTED_EDGE('',*,*,#14395,.T.);
#14510 = ORIENTED_EDGE('',*,*,#11455,.T.);
#14511 = ORIENTED_EDGE('',*,*,#14467,.T.);
#14512 = PLANE('',#14513);
#14513 = AXIS2_PLACEMENT_3D('',#14514,#14515,#14516);
#14514 = CARTESIAN_POINT('',(2.256230351815,6.266884426791,
    11.140384398536));
#14515 = DIRECTION('',(1.,-1.08968389867E-13,0.));
#14516 = DIRECTION('',(0.,-0.,1.));
#14517 = ADVANCED_FACE('',(#14518),#14526,.F.);
#14518 = FACE_BOUND('',#14519,.T.);
#14519 = EDGE_LOOP('',(#14520,#14521,#14522,#14523,#14524,#14525));
#14520 = ORIENTED_EDGE('',*,*,#14387,.F.);
#14521 = ORIENTED_EDGE('',*,*,#14245,.F.);
#14522 = ORIENTED_EDGE('',*,*,#14475,.T.);
#14523 = ORIENTED_EDGE('',*,*,#14428,.F.);
#14524 = ORIENTED_EDGE('',*,*,#11545,.F.);
#14525 = ORIENTED_EDGE('',*,*,#11494,.T.);
#14526 = PLANE('',#14527);
#14527 = AXIS2_PLACEMENT_3D('',#14528,#14529,#14530);
#14528 = CARTESIAN_POINT('',(2.156230351815,9.466884426791,
    18.466422226905));
#14529 = DIRECTION('',(-1.08968389867E-13,-1.,0.));
#14530 = DIRECTION('',(0.,0.,-1.));
#14531 = ADVANCED_FACE('',(#14532),#14536,.F.);
#14532 = FACE_BOUND('',#14533,.T.);
#14533 = EDGE_LOOP('',(#14534,#14535));
#14534 = ORIENTED_EDGE('',*,*,#11619,.T.);
#14535 = ORIENTED_EDGE('',*,*,#11586,.T.);
#14536 = PLANE('',#14537);
#14537 = AXIS2_PLACEMENT_3D('',#14538,#14539,#14540);
#14538 = CARTESIAN_POINT('',(10.556230351815,9.01688442679,
    9.640384398536));
#14539 = DIRECTION('',(0.,-0.,1.));
#14540 = DIRECTION('',(-1.,1.08968389867E-13,0.));
#14541 = ADVANCED_FACE('',(#14542),#14546,.F.);
#14542 = FACE_BOUND('',#14543,.T.);
#14543 = EDGE_LOOP('',(#14544,#14545));
#14544 = ORIENTED_EDGE('',*,*,#11644,.T.);
#14545 = ORIENTED_EDGE('',*,*,#11668,.T.);
#14546 = PLANE('',#14547);
#14547 = AXIS2_PLACEMENT_3D('',#14548,#14549,#14550);
#14548 = CARTESIAN_POINT('',(-1.043769648186,3.516884426792,
    9.640384398536));
#14549 = DIRECTION('',(0.,-0.,1.));
#14550 = DIRECTION('',(-1.,1.08968389867E-13,0.));
#14551 = ADVANCED_FACE('',(#14552),#14578,.F.);
#14552 = FACE_BOUND('',#14553,.F.);
#14553 = EDGE_LOOP('',(#14554,#14555,#14556,#14564,#14572));
#14554 = ORIENTED_EDGE('',*,*,#13017,.F.);
#14555 = ORIENTED_EDGE('',*,*,#11686,.F.);
#14556 = ORIENTED_EDGE('',*,*,#14557,.F.);
#14557 = EDGE_CURVE('',#14558,#11687,#14560,.T.);
#14558 = VERTEX_POINT('',#14559);
#14559 = CARTESIAN_POINT('',(6.706230351689,2.701884426789,
    10.390384398608));
#14560 = LINE('',#14561,#14562);
#14561 = CARTESIAN_POINT('',(6.706230351689,4.066884426789,
    10.390384398608));
#14562 = VECTOR('',#14563,1.);
#14563 = DIRECTION('',(1.08968389867E-13,1.,-2.220446049008E-16));
#14564 = ORIENTED_EDGE('',*,*,#14565,.F.);
#14565 = EDGE_CURVE('',#14566,#14558,#14568,.T.);
#14566 = VERTEX_POINT('',#14567);
#14567 = CARTESIAN_POINT('',(5.306230351689,2.70188442679,
    10.390384398608));
#14568 = LINE('',#14569,#14570);
#14569 = CARTESIAN_POINT('',(6.706230351689,2.701884426789,
    10.390384398608));
#14570 = VECTOR('',#14571,1.);
#14571 = DIRECTION('',(1.,-1.088135038423E-13,9.020562076324E-17));
#14572 = ORIENTED_EDGE('',*,*,#14573,.F.);
#14573 = EDGE_CURVE('',#13010,#14566,#14574,.T.);
#14574 = LINE('',#14575,#14576);
#14575 = CARTESIAN_POINT('',(5.306230351689,4.06688442679,
    10.390384398608));
#14576 = VECTOR('',#14577,1.);
#14577 = DIRECTION('',(-1.08968389867E-13,-1.,2.220446049008E-16));
#14578 = PLANE('',#14579);
#14579 = AXIS2_PLACEMENT_3D('',#14580,#14581,#14582);
#14580 = CARTESIAN_POINT('',(5.306230351689,4.06688442679,
    10.390384398608));
#14581 = DIRECTION('',(9.020562076321E-17,-2.220446049008E-16,-1.));
#14582 = DIRECTION('',(-1.,1.08968389867E-13,-9.020562076324E-17));
#14583 = ADVANCED_FACE('',(#14584),#14589,.F.);
#14584 = FACE_BOUND('',#14585,.F.);
#14585 = EDGE_LOOP('',(#14586,#14587,#14588));
#14586 = ORIENTED_EDGE('',*,*,#11697,.F.);
#14587 = ORIENTED_EDGE('',*,*,#13023,.F.);
#14588 = ORIENTED_EDGE('',*,*,#11706,.F.);
#14589 = PLANE('',#14590);
#14590 = AXIS2_PLACEMENT_3D('',#14591,#14592,#14593);
#14591 = CARTESIAN_POINT('',(4.756230351815,6.266884426791,
    10.390384398536));
#14592 = DIRECTION('',(0.,-0.,1.));
#14593 = DIRECTION('',(-1.,1.08968389867E-13,0.));
#14594 = ADVANCED_FACE('',(#14595),#14628,.F.);
#14595 = FACE_BOUND('',#14596,.T.);
#14596 = EDGE_LOOP('',(#14597,#14598,#14599,#14600,#14601,#14602,#14610,
    #14618,#14624,#14625,#14626,#14627));
#14597 = ORIENTED_EDGE('',*,*,#11805,.T.);
#14598 = ORIENTED_EDGE('',*,*,#11831,.T.);
#14599 = ORIENTED_EDGE('',*,*,#11774,.F.);
#14600 = ORIENTED_EDGE('',*,*,#11731,.T.);
#14601 = ORIENTED_EDGE('',*,*,#11740,.T.);
#14602 = ORIENTED_EDGE('',*,*,#14603,.T.);
#14603 = EDGE_CURVE('',#11741,#14604,#14606,.T.);
#14604 = VERTEX_POINT('',#14605);
#14605 = CARTESIAN_POINT('',(5.306230351689,2.74188442679,
    10.330384398608));
#14606 = LINE('',#14607,#14608);
#14607 = CARTESIAN_POINT('',(5.306230351689,2.74188442679,
    10.330384398608));
#14608 = VECTOR('',#14609,1.);
#14609 = DIRECTION('',(-1.,1.08968389867E-13,-9.020562076324E-17));
#14610 = ORIENTED_EDGE('',*,*,#14611,.F.);
#14611 = EDGE_CURVE('',#14612,#14604,#14614,.T.);
#14612 = VERTEX_POINT('',#14613);
#14613 = CARTESIAN_POINT('',(5.306230351689,4.49188442679,
    10.330384398608));
#14614 = LINE('',#14615,#14616);
#14615 = CARTESIAN_POINT('',(5.306230351689,4.06688442679,
    10.330384398608));
#14616 = VECTOR('',#14617,1.);
#14617 = DIRECTION('',(-1.08968389867E-13,-1.,2.220446049008E-16));
#14618 = ORIENTED_EDGE('',*,*,#14619,.T.);
#14619 = EDGE_CURVE('',#14612,#13655,#14620,.T.);
#14620 = LINE('',#14621,#14622);
#14621 = CARTESIAN_POINT('',(6.706230351689,4.491884426789,
    10.330384398608));
#14622 = VECTOR('',#14623,1.);
#14623 = DIRECTION('',(1.,-1.08968389867E-13,9.020562076324E-17));
#14624 = ORIENTED_EDGE('',*,*,#13663,.T.);
#14625 = ORIENTED_EDGE('',*,*,#13599,.T.);
#14626 = ORIENTED_EDGE('',*,*,#13574,.F.);
#14627 = ORIENTED_EDGE('',*,*,#13560,.T.);
#14628 = PLANE('',#14629);
#14629 = AXIS2_PLACEMENT_3D('',#14630,#14631,#14632);
#14630 = CARTESIAN_POINT('',(7.306230351689,4.066884426789,
    10.330384398608));
#14631 = DIRECTION('',(-9.020562076321E-17,2.220446049008E-16,1.));
#14632 = DIRECTION('',(1.,-1.08968389867E-13,9.020562076324E-17));
#14633 = ADVANCED_FACE('',(#14634),#14680,.T.);
#14634 = FACE_BOUND('',#14635,.T.);
#14635 = EDGE_LOOP('',(#14636,#14647,#14655,#14664,#14671,#14672,#14673)
  );
#14636 = ORIENTED_EDGE('',*,*,#14637,.F.);
#14637 = EDGE_CURVE('',#14638,#14640,#14642,.T.);
#14638 = VERTEX_POINT('',#14639);
#14639 = CARTESIAN_POINT('',(6.70098957376,2.581884426789,
    10.490384398608));
#14640 = VERTEX_POINT('',#14641);
#14641 = CARTESIAN_POINT('',(6.706230351689,2.616984466822,
    10.390384398608));
#14642 = ( BOUNDED_CURVE() B_SPLINE_CURVE(3,(#14643,#14644,#14645,#14646
),.UNSPECIFIED.,.F.,.F.) B_SPLINE_CURVE_WITH_KNOTS((4,4),(4.712388980385
,5.387520513323),.PIECEWISE_BEZIER_KNOTS.) CURVE() 
GEOMETRIC_REPRESENTATION_ITEM() RATIONAL_B_SPLINE_CURVE((1.,
0.962375771364,0.962375771364,1.)) REPRESENTATION_ITEM('') );
#14643 = CARTESIAN_POINT('',(6.70098957376,2.581884426789,
    10.490384398608));
#14644 = CARTESIAN_POINT('',(6.702913367986,2.581884426789,
    10.453676218018));
#14645 = CARTESIAN_POINT('',(6.704728590302,2.594041853953,
    10.419039712897));
#14646 = CARTESIAN_POINT('',(6.706230351689,2.616984466822,
    10.390384398608));
#14647 = ORIENTED_EDGE('',*,*,#14648,.F.);
#14648 = EDGE_CURVE('',#14649,#14638,#14651,.T.);
#14649 = VERTEX_POINT('',#14650);
#14650 = CARTESIAN_POINT('',(5.311471129617,2.58188442679,
    10.490384398608));
#14651 = LINE('',#14652,#14653);
#14652 = CARTESIAN_POINT('',(6.706230351689,2.581884426789,
    10.490384398608));
#14653 = VECTOR('',#14654,1.);
#14654 = DIRECTION('',(1.,-1.08968389867E-13,9.020562076324E-17));
#14655 = ORIENTED_EDGE('',*,*,#14656,.F.);
#14656 = EDGE_CURVE('',#14657,#14649,#14659,.T.);
#14657 = VERTEX_POINT('',#14658);
#14658 = CARTESIAN_POINT('',(5.306230351689,2.616984466822,
    10.390384398607));
#14659 = ( BOUNDED_CURVE() B_SPLINE_CURVE(3,(#14660,#14661,#14662,#14663
),.UNSPECIFIED.,.F.,.F.) B_SPLINE_CURVE_WITH_KNOTS((4,4),(4.037257447442
,4.712388980385),.PIECEWISE_BEZIER_KNOTS.) CURVE() 
GEOMETRIC_REPRESENTATION_ITEM() RATIONAL_B_SPLINE_CURVE((1.,
0.962375771364,0.962375771364,1.)) REPRESENTATION_ITEM('') );
#14660 = CARTESIAN_POINT('',(5.306230351689,2.616984466822,
    10.390384398607));
#14661 = CARTESIAN_POINT('',(5.307732113075,2.594041853953,
    10.419039712897));
#14662 = CARTESIAN_POINT('',(5.309547335391,2.58188442679,
    10.453676218018));
#14663 = CARTESIAN_POINT('',(5.311471129617,2.58188442679,
    10.490384398608));
#14664 = ORIENTED_EDGE('',*,*,#14665,.F.);
#14665 = EDGE_CURVE('',#14604,#14657,#14666,.T.);
#14666 = CIRCLE('',#14667,0.16);
#14667 = AXIS2_PLACEMENT_3D('',#14668,#14669,#14670);
#14668 = CARTESIAN_POINT('',(5.306230351689,2.74188442679,
    10.490384398608));
#14669 = DIRECTION('',(-1.,1.08968389867E-13,-2.221348105458E-13));
#14670 = DIRECTION('',(1.08968389867E-13,1.,-2.220446049008E-16));
#14671 = ORIENTED_EDGE('',*,*,#14603,.F.);
#14672 = ORIENTED_EDGE('',*,*,#11749,.F.);
#14673 = ORIENTED_EDGE('',*,*,#14674,.F.);
#14674 = EDGE_CURVE('',#14640,#11750,#14675,.T.);
#14675 = CIRCLE('',#14676,0.16);
#14676 = AXIS2_PLACEMENT_3D('',#14677,#14678,#14679);
#14677 = CARTESIAN_POINT('',(6.706230351689,2.741884426789,
    10.490384398608));
#14678 = DIRECTION('',(1.,-1.08968389867E-13,9.020562076319E-17));
#14679 = DIRECTION('',(-9.020562080034E-17,-3.409628265488E-13,1.));
#14680 = CYLINDRICAL_SURFACE('',#14681,0.16);
#14681 = AXIS2_PLACEMENT_3D('',#14682,#14683,#14684);
#14682 = CARTESIAN_POINT('',(7.306230351689,2.741884426789,
    10.490384398608));
#14683 = DIRECTION('',(1.,-1.08968389867E-13,9.020562076324E-17));
#14684 = DIRECTION('',(9.020562076321E-17,-2.220446049008E-16,-1.));
#14685 = ADVANCED_FACE('',(#14686),#14697,.F.);
#14686 = FACE_BOUND('',#14687,.T.);
#14687 = EDGE_LOOP('',(#14688,#14694,#14695,#14696));
#14688 = ORIENTED_EDGE('',*,*,#14689,.T.);
#14689 = EDGE_CURVE('',#14558,#14640,#14690,.T.);
#14690 = LINE('',#14691,#14692);
#14691 = CARTESIAN_POINT('',(6.706230351689,3.693325390088,
    10.390384398608));
#14692 = VECTOR('',#14693,1.);
#14693 = DIRECTION('',(-1.08968389867E-13,-1.,2.220446049008E-16));
#14694 = ORIENTED_EDGE('',*,*,#14674,.T.);
#14695 = ORIENTED_EDGE('',*,*,#11758,.T.);
#14696 = ORIENTED_EDGE('',*,*,#14557,.F.);
#14697 = PLANE('',#14698);
#14698 = AXIS2_PLACEMENT_3D('',#14699,#14700,#14701);
#14699 = CARTESIAN_POINT('',(6.706230351688,2.581884426789,
    11.440384398608));
#14700 = DIRECTION('',(-1.,1.08968389867E-13,-9.020562076319E-17));
#14701 = DIRECTION('',(-9.020562076316E-17,2.220446049008E-16,1.));
#14702 = ADVANCED_FACE('',(#14703),#14709,.F.);
#14703 = FACE_BOUND('',#14704,.T.);
#14704 = EDGE_LOOP('',(#14705,#14706,#14707,#14708));
#14705 = ORIENTED_EDGE('',*,*,#12019,.F.);
#14706 = ORIENTED_EDGE('',*,*,#11995,.F.);
#14707 = ORIENTED_EDGE('',*,*,#11968,.F.);
#14708 = ORIENTED_EDGE('',*,*,#13393,.F.);
#14709 = PLANE('',#14710);
#14710 = AXIS2_PLACEMENT_3D('',#14711,#14712,#14713);
#14711 = CARTESIAN_POINT('',(0.306922624757,6.266884426792,
    10.690384398536));
#14712 = DIRECTION('',(-0.173648177667,1.89221623237E-14,-0.984807753012
    ));
#14713 = DIRECTION('',(-1.08968389867E-13,-1.,0.));
#14714 = ADVANCED_FACE('',(#14715),#14740,.F.);
#14715 = FACE_BOUND('',#14716,.T.);
#14716 = EDGE_LOOP('',(#14717,#14718,#14726,#14734));
#14717 = ORIENTED_EDGE('',*,*,#12252,.T.);
#14718 = ORIENTED_EDGE('',*,*,#14719,.T.);
#14719 = EDGE_CURVE('',#12255,#14720,#14722,.T.);
#14720 = VERTEX_POINT('',#14721);
#14721 = CARTESIAN_POINT('',(3.076230351814,2.466884426791,
    10.990384398536));
#14722 = LINE('',#14723,#14724);
#14723 = CARTESIAN_POINT('',(3.076230351814,2.466884426791,
    10.990384398536));
#14724 = VECTOR('',#14725,1.);
#14725 = DIRECTION('',(-7.705228740991E-14,-0.707106781187,
    0.707106781187));
#14726 = ORIENTED_EDGE('',*,*,#14727,.F.);
#14727 = EDGE_CURVE('',#14728,#14720,#14730,.T.);
#14728 = VERTEX_POINT('',#14729);
#14729 = CARTESIAN_POINT('',(3.076230351814,2.466884426791,
    11.090384398536));
#14730 = LINE('',#14731,#14732);
#14731 = CARTESIAN_POINT('',(3.076230351814,2.466884426791,
    11.090384398536));
#14732 = VECTOR('',#14733,1.);
#14733 = DIRECTION('',(0.,0.,-1.));
#14734 = ORIENTED_EDGE('',*,*,#14735,.T.);
#14735 = EDGE_CURVE('',#14728,#12253,#14736,.T.);
#14736 = LINE('',#14737,#14738);
#14737 = CARTESIAN_POINT('',(3.076230351814,1.4228537759,11.090384398536
    ));
#14738 = VECTOR('',#14739,1.);
#14739 = DIRECTION('',(1.08968389867E-13,1.,-0.));
#14740 = PLANE('',#14741);
#14741 = AXIS2_PLACEMENT_3D('',#14742,#14743,#14744);
#14742 = CARTESIAN_POINT('',(3.076230351814,1.4228537759,11.090384398536
    ));
#14743 = DIRECTION('',(1.,-1.08968389867E-13,0.));
#14744 = DIRECTION('',(0.,-0.,1.));
#14745 = ADVANCED_FACE('',(#14746),#14764,.F.);
#14746 = FACE_BOUND('',#14747,.T.);
#14747 = EDGE_LOOP('',(#14748,#14756,#14762,#14763));
#14748 = ORIENTED_EDGE('',*,*,#14749,.F.);
#14749 = EDGE_CURVE('',#14750,#14728,#14752,.T.);
#14750 = VERTEX_POINT('',#14751);
#14751 = CARTESIAN_POINT('',(4.076230351814,2.466884426791,
    11.090384398536));
#14752 = LINE('',#14753,#14754);
#14753 = CARTESIAN_POINT('',(3.076230351814,2.466884426791,
    11.090384398536));
#14754 = VECTOR('',#14755,1.);
#14755 = DIRECTION('',(-1.,1.08968389867E-13,0.));
#14756 = ORIENTED_EDGE('',*,*,#14757,.T.);
#14757 = EDGE_CURVE('',#14750,#12263,#14758,.T.);
#14758 = LINE('',#14759,#14760);
#14759 = CARTESIAN_POINT('',(4.076230351814,1.4228537759,11.090384398536
    ));
#14760 = VECTOR('',#14761,1.);
#14761 = DIRECTION('',(1.08968389867E-13,1.,-0.));
#14762 = ORIENTED_EDGE('',*,*,#12262,.T.);
#14763 = ORIENTED_EDGE('',*,*,#14735,.F.);
#14764 = PLANE('',#14765);
#14765 = AXIS2_PLACEMENT_3D('',#14766,#14767,#14768);
#14766 = CARTESIAN_POINT('',(3.076230351814,1.4228537759,11.090384398536
    ));
#14767 = DIRECTION('',(0.,0.,-1.));
#14768 = DIRECTION('',(1.,-1.08968389867E-13,0.));
#14769 = ADVANCED_FACE('',(#14770),#14788,.F.);
#14770 = FACE_BOUND('',#14771,.T.);
#14771 = EDGE_LOOP('',(#14772,#14780,#14786,#14787));
#14772 = ORIENTED_EDGE('',*,*,#14773,.F.);
#14773 = EDGE_CURVE('',#14774,#14750,#14776,.T.);
#14774 = VERTEX_POINT('',#14775);
#14775 = CARTESIAN_POINT('',(4.076230351814,2.466884426791,
    10.990384398536));
#14776 = LINE('',#14777,#14778);
#14777 = CARTESIAN_POINT('',(4.076230351814,2.466884426791,
    11.090384398536));
#14778 = VECTOR('',#14779,1.);
#14779 = DIRECTION('',(0.,-0.,1.));
#14780 = ORIENTED_EDGE('',*,*,#14781,.T.);
#14781 = EDGE_CURVE('',#14774,#12271,#14782,.T.);
#14782 = LINE('',#14783,#14784);
#14783 = CARTESIAN_POINT('',(4.076230351814,2.466884426791,
    10.990384398536));
#14784 = VECTOR('',#14785,1.);
#14785 = DIRECTION('',(7.705228740991E-14,0.707106781187,-0.707106781187
    ));
#14786 = ORIENTED_EDGE('',*,*,#12270,.T.);
#14787 = ORIENTED_EDGE('',*,*,#14757,.F.);
#14788 = PLANE('',#14789);
#14789 = AXIS2_PLACEMENT_3D('',#14790,#14791,#14792);
#14790 = CARTESIAN_POINT('',(4.076230351814,1.4228537759,11.090384398536
    ));
#14791 = DIRECTION('',(-1.,1.08968389867E-13,0.));
#14792 = DIRECTION('',(0.,0.,-1.));
#14793 = ADVANCED_FACE('',(#14794),#14805,.T.);
#14794 = FACE_BOUND('',#14795,.T.);
#14795 = EDGE_LOOP('',(#14796,#14797,#14798,#14799));
#14796 = ORIENTED_EDGE('',*,*,#14719,.F.);
#14797 = ORIENTED_EDGE('',*,*,#12278,.T.);
#14798 = ORIENTED_EDGE('',*,*,#14781,.F.);
#14799 = ORIENTED_EDGE('',*,*,#14800,.F.);
#14800 = EDGE_CURVE('',#14720,#14774,#14801,.T.);
#14801 = LINE('',#14802,#14803);
#14802 = CARTESIAN_POINT('',(4.076230351814,2.466884426791,
    10.990384398536));
#14803 = VECTOR('',#14804,1.);
#14804 = DIRECTION('',(1.,-1.08968389867E-13,5.421010862428E-17));
#14805 = PLANE('',#14806);
#14806 = AXIS2_PLACEMENT_3D('',#14807,#14808,#14809);
#14807 = CARTESIAN_POINT('',(4.756230351814,2.466884426791,
    10.990384398536));
#14808 = DIRECTION('',(-7.701395507449E-14,-0.707106781187,
    -0.707106781187));
#14809 = DIRECTION('',(-1.,1.08968389867E-13,-5.421010862428E-17));
#14810 = ADVANCED_FACE('',(#14811),#14828,.T.);
#14811 = FACE_BOUND('',#14812,.T.);
#14812 = EDGE_LOOP('',(#14813,#14814,#14820,#14821,#14822));
#14813 = ORIENTED_EDGE('',*,*,#12385,.F.);
#14814 = ORIENTED_EDGE('',*,*,#14815,.T.);
#14815 = EDGE_CURVE('',#12377,#12298,#14816,.T.);
#14816 = LINE('',#14817,#14818);
#14817 = CARTESIAN_POINT('',(4.823411150845,2.666884426791,
    11.398234791972));
#14818 = VECTOR('',#14819,1.);
#14819 = DIRECTION('',(1.08968389867E-13,1.,-0.));
#14820 = ORIENTED_EDGE('',*,*,#12297,.T.);
#14821 = ORIENTED_EDGE('',*,*,#13056,.T.);
#14822 = ORIENTED_EDGE('',*,*,#14823,.T.);
#14823 = EDGE_CURVE('',#13057,#12386,#14824,.T.);
#14824 = LINE('',#14825,#14826);
#14825 = CARTESIAN_POINT('',(4.876230351814,3.818462624689,
    10.390384398536));
#14826 = VECTOR('',#14827,1.);
#14827 = DIRECTION('',(-1.08968389867E-13,-1.,0.));
#14828 = PLANE('',#14829);
#14829 = AXIS2_PLACEMENT_3D('',#14830,#14831,#14832);
#14830 = CARTESIAN_POINT('',(4.876230351814,3.818462624689,
    10.390384398536));
#14831 = DIRECTION('',(-0.998629534755,1.088190524758E-13,
    -5.233595624294E-02));
#14832 = DIRECTION('',(5.233595624294E-02,-5.70296488394E-15,
    -0.998629534755));
#14833 = ADVANCED_FACE('',(#14834),#14845,.F.);
#14834 = FACE_BOUND('',#14835,.F.);
#14835 = EDGE_LOOP('',(#14836,#14842,#14843,#14844));
#14836 = ORIENTED_EDGE('',*,*,#14837,.T.);
#14837 = EDGE_CURVE('',#12306,#12369,#14838,.T.);
#14838 = LINE('',#14839,#14840);
#14839 = CARTESIAN_POINT('',(4.673616720632,2.466884426791,
    11.540384398536));
#14840 = VECTOR('',#14841,1.);
#14841 = DIRECTION('',(-1.08968389867E-13,-1.,0.));
#14842 = ORIENTED_EDGE('',*,*,#12376,.T.);
#14843 = ORIENTED_EDGE('',*,*,#14815,.T.);
#14844 = ORIENTED_EDGE('',*,*,#12305,.T.);
#14845 = CYLINDRICAL_SURFACE('',#14846,0.15);
#14846 = AXIS2_PLACEMENT_3D('',#14847,#14848,#14849);
#14847 = CARTESIAN_POINT('',(4.673616720632,6.266884426791,
    11.390384398536));
#14848 = DIRECTION('',(1.08968389867E-13,1.,0.));
#14849 = DIRECTION('',(0.,-0.,1.));
#14850 = ADVANCED_FACE('',(#14851),#14857,.T.);
#14851 = FACE_BOUND('',#14852,.T.);
#14852 = EDGE_LOOP('',(#14853,#14854,#14855,#14856));
#14853 = ORIENTED_EDGE('',*,*,#12314,.F.);
#14854 = ORIENTED_EDGE('',*,*,#14837,.T.);
#14855 = ORIENTED_EDGE('',*,*,#12368,.T.);
#14856 = ORIENTED_EDGE('',*,*,#12344,.F.);
#14857 = PLANE('',#14858);
#14858 = AXIS2_PLACEMENT_3D('',#14859,#14860,#14861);
#14859 = CARTESIAN_POINT('',(4.756230351815,6.266884426791,
    11.540384398536));
#14860 = DIRECTION('',(0.,0.,-1.));
#14861 = DIRECTION('',(1.,-1.08968389867E-13,0.));
#14862 = ADVANCED_FACE('',(#14863),#14889,.T.);
#14863 = FACE_BOUND('',#14864,.T.);
#14864 = EDGE_LOOP('',(#14865,#14873,#14881,#14887,#14888));
#14865 = ORIENTED_EDGE('',*,*,#14866,.F.);
#14866 = EDGE_CURVE('',#14867,#13057,#14869,.T.);
#14867 = VERTEX_POINT('',#14868);
#14868 = CARTESIAN_POINT('',(4.876230351814,2.916884426791,
    10.390384398536));
#14869 = LINE('',#14870,#14871);
#14870 = CARTESIAN_POINT('',(4.876230351814,2.666884426791,
    10.390384398536));
#14871 = VECTOR('',#14872,1.);
#14872 = DIRECTION('',(-1.091110480475E-13,-1.,0.));
#14873 = ORIENTED_EDGE('',*,*,#14874,.T.);
#14874 = EDGE_CURVE('',#14867,#14875,#14877,.T.);
#14875 = VERTEX_POINT('',#14876);
#14876 = CARTESIAN_POINT('',(4.976230351814,2.816884426791,
    10.290384398536));
#14877 = LINE('',#14878,#14879);
#14878 = CARTESIAN_POINT('',(3.826230351815,3.966884426791,
    11.440384398536));
#14879 = VECTOR('',#14880,1.);
#14880 = DIRECTION('',(0.57735026919,-0.57735026919,-0.57735026919));
#14881 = ORIENTED_EDGE('',*,*,#14882,.F.);
#14882 = EDGE_CURVE('',#12394,#14875,#14883,.T.);
#14883 = LINE('',#14884,#14885);
#14884 = CARTESIAN_POINT('',(4.976230351814,3.066884426791,
    10.290384398536));
#14885 = VECTOR('',#14886,1.);
#14886 = DIRECTION('',(1.096460162248E-13,1.,0.));
#14887 = ORIENTED_EDGE('',*,*,#12393,.F.);
#14888 = ORIENTED_EDGE('',*,*,#14823,.F.);
#14889 = PLANE('',#14890);
#14890 = AXIS2_PLACEMENT_3D('',#14891,#14892,#14893);
#14891 = CARTESIAN_POINT('',(4.976230351815,6.266884426791,
    10.290384398536));
#14892 = DIRECTION('',(-0.707106781187,7.753144160262E-14,
    -0.707106781187));
#14893 = DIRECTION('',(-1.096460162248E-13,-1.,-3.812644749221E-32));
#14894 = ADVANCED_FACE('',(#14895),#14913,.T.);
#14895 = FACE_BOUND('',#14896,.T.);
#14896 = EDGE_LOOP('',(#14897,#14898,#14906,#14912));
#14897 = ORIENTED_EDGE('',*,*,#14882,.T.);
#14898 = ORIENTED_EDGE('',*,*,#14899,.F.);
#14899 = EDGE_CURVE('',#14900,#14875,#14902,.T.);
#14900 = VERTEX_POINT('',#14901);
#14901 = CARTESIAN_POINT('',(5.176230351814,2.816884426791,
    10.290384398536));
#14902 = LINE('',#14903,#14904);
#14903 = CARTESIAN_POINT('',(8.309783742408,2.816884426791,
    10.290384398536));
#14904 = VECTOR('',#14905,1.);
#14905 = DIRECTION('',(-1.,1.08968389867E-13,0.));
#14906 = ORIENTED_EDGE('',*,*,#14907,.T.);
#14907 = EDGE_CURVE('',#14900,#12402,#14908,.T.);
#14908 = LINE('',#14909,#14910);
#14909 = CARTESIAN_POINT('',(5.176230351814,2.466884426791,
    10.290384398536));
#14910 = VECTOR('',#14911,1.);
#14911 = DIRECTION('',(-1.08968389867E-13,-1.,0.));
#14912 = ORIENTED_EDGE('',*,*,#12401,.T.);
#14913 = PLANE('',#14914);
#14914 = AXIS2_PLACEMENT_3D('',#14915,#14916,#14917);
#14915 = CARTESIAN_POINT('',(4.756230351815,6.266884426791,
    10.290384398536));
#14916 = DIRECTION('',(0.,0.,-1.));
#14917 = DIRECTION('',(1.,-1.08968389867E-13,0.));
#14918 = ADVANCED_FACE('',(#14919),#14943,.T.);
#14919 = FACE_BOUND('',#14920,.T.);
#14920 = EDGE_LOOP('',(#14921,#14922,#14930,#14936,#14942));
#14921 = ORIENTED_EDGE('',*,*,#14907,.F.);
#14922 = ORIENTED_EDGE('',*,*,#14923,.T.);
#14923 = EDGE_CURVE('',#14900,#14924,#14926,.T.);
#14924 = VERTEX_POINT('',#14925);
#14925 = CARTESIAN_POINT('',(5.276230351814,2.916884426791,
    10.390384398536));
#14926 = LINE('',#14927,#14928);
#14927 = CARTESIAN_POINT('',(6.326230351815,3.966884426791,
    11.440384398536));
#14928 = VECTOR('',#14929,1.);
#14929 = DIRECTION('',(0.57735026919,0.57735026919,0.57735026919));
#14930 = ORIENTED_EDGE('',*,*,#14931,.F.);
#14931 = EDGE_CURVE('',#13002,#14924,#14932,.T.);
#14932 = LINE('',#14933,#14934);
#14933 = CARTESIAN_POINT('',(5.276230351814,2.366884426791,
    10.390384398536));
#14934 = VECTOR('',#14935,1.);
#14935 = DIRECTION('',(1.08968389867E-13,1.,0.));
#14936 = ORIENTED_EDGE('',*,*,#14937,.T.);
#14937 = EDGE_CURVE('',#13002,#12410,#14938,.T.);
#14938 = LINE('',#14939,#14940);
#14939 = CARTESIAN_POINT('',(5.276230351814,3.818462624689,
    10.390384398536));
#14940 = VECTOR('',#14941,1.);
#14941 = DIRECTION('',(-1.08968389867E-13,-1.,0.));
#14942 = ORIENTED_EDGE('',*,*,#12409,.F.);
#14943 = PLANE('',#14944);
#14944 = AXIS2_PLACEMENT_3D('',#14945,#14946,#14947);
#14945 = CARTESIAN_POINT('',(5.176230351815,6.266884426791,
    10.290384398536));
#14946 = DIRECTION('',(0.707106781187,-7.705228740991E-14,
    -0.707106781187));
#14947 = DIRECTION('',(1.08968389867E-13,1.,0.));
#14948 = ADVANCED_FACE('',(#14949),#14961,.T.);
#14949 = FACE_BOUND('',#14950,.T.);
#14950 = EDGE_LOOP('',(#14951,#14952,#14958,#14959,#14960));
#14951 = ORIENTED_EDGE('',*,*,#12505,.T.);
#14952 = ORIENTED_EDGE('',*,*,#14953,.T.);
#14953 = EDGE_CURVE('',#12497,#12418,#14954,.T.);
#14954 = LINE('',#14955,#14956);
#14955 = CARTESIAN_POINT('',(5.329049552784,2.466884426791,
    11.398234791972));
#14956 = VECTOR('',#14957,1.);
#14957 = DIRECTION('',(-1.08968389867E-13,-1.,0.));
#14958 = ORIENTED_EDGE('',*,*,#12417,.F.);
#14959 = ORIENTED_EDGE('',*,*,#14937,.F.);
#14960 = ORIENTED_EDGE('',*,*,#13001,.T.);
#14961 = PLANE('',#14962);
#14962 = AXIS2_PLACEMENT_3D('',#14963,#14964,#14965);
#14963 = CARTESIAN_POINT('',(5.276230351814,3.818462624689,
    10.390384398536));
#14964 = DIRECTION('',(0.998629534755,-1.088190524758E-13,
    -5.233595624294E-02));
#14965 = DIRECTION('',(5.233595624294E-02,-5.70296488394E-15,
    0.998629534755));
#14966 = ADVANCED_FACE('',(#14967),#14978,.F.);
#14967 = FACE_BOUND('',#14968,.F.);
#14968 = EDGE_LOOP('',(#14969,#14970,#14971,#14977));
#14969 = ORIENTED_EDGE('',*,*,#14953,.T.);
#14970 = ORIENTED_EDGE('',*,*,#12425,.T.);
#14971 = ORIENTED_EDGE('',*,*,#14972,.T.);
#14972 = EDGE_CURVE('',#12426,#12489,#14973,.T.);
#14973 = LINE('',#14974,#14975);
#14974 = CARTESIAN_POINT('',(5.478843982997,2.666884426791,
    11.540384398536));
#14975 = VECTOR('',#14976,1.);
#14976 = DIRECTION('',(1.08968389867E-13,1.,0.));
#14977 = ORIENTED_EDGE('',*,*,#12496,.T.);
#14978 = CYLINDRICAL_SURFACE('',#14979,0.15);
#14979 = AXIS2_PLACEMENT_3D('',#14980,#14981,#14982);
#14980 = CARTESIAN_POINT('',(5.478843982997,3.818462624689,
    11.390384398536));
#14981 = DIRECTION('',(1.08968389867E-13,1.,0.));
#14982 = DIRECTION('',(0.,-0.,1.));
#14983 = ADVANCED_FACE('',(#14984),#14990,.T.);
#14984 = FACE_BOUND('',#14985,.T.);
#14985 = EDGE_LOOP('',(#14986,#14987,#14988,#14989));
#14986 = ORIENTED_EDGE('',*,*,#12434,.T.);
#14987 = ORIENTED_EDGE('',*,*,#14972,.T.);
#14988 = ORIENTED_EDGE('',*,*,#12488,.T.);
#14989 = ORIENTED_EDGE('',*,*,#12460,.T.);
#14990 = PLANE('',#14991);
#14991 = AXIS2_PLACEMENT_3D('',#14992,#14993,#14994);
#14992 = CARTESIAN_POINT('',(4.756230351815,6.266884426791,
    11.540384398536));
#14993 = DIRECTION('',(0.,0.,-1.));
#14994 = DIRECTION('',(1.,-1.08968389867E-13,0.));
#14995 = ADVANCED_FACE('',(#14996),#15021,.F.);
#14996 = FACE_BOUND('',#14997,.T.);
#14997 = EDGE_LOOP('',(#14998,#14999,#15007,#15015));
#14998 = ORIENTED_EDGE('',*,*,#12522,.T.);
#14999 = ORIENTED_EDGE('',*,*,#15000,.T.);
#15000 = EDGE_CURVE('',#12525,#15001,#15003,.T.);
#15001 = VERTEX_POINT('',#15002);
#15002 = CARTESIAN_POINT('',(5.706230351814,2.466884426791,
    10.990384398536));
#15003 = LINE('',#15004,#15005);
#15004 = CARTESIAN_POINT('',(5.706230351814,2.466884426791,
    10.990384398536));
#15005 = VECTOR('',#15006,1.);
#15006 = DIRECTION('',(-7.705228740991E-14,-0.707106781187,
    0.707106781187));
#15007 = ORIENTED_EDGE('',*,*,#15008,.F.);
#15008 = EDGE_CURVE('',#15009,#15001,#15011,.T.);
#15009 = VERTEX_POINT('',#15010);
#15010 = CARTESIAN_POINT('',(5.706230351814,2.466884426791,
    11.090384398536));
#15011 = LINE('',#15012,#15013);
#15012 = CARTESIAN_POINT('',(5.706230351814,2.466884426791,
    11.090384398536));
#15013 = VECTOR('',#15014,1.);
#15014 = DIRECTION('',(0.,0.,-1.));
#15015 = ORIENTED_EDGE('',*,*,#15016,.T.);
#15016 = EDGE_CURVE('',#15009,#12523,#15017,.T.);
#15017 = LINE('',#15018,#15019);
#15018 = CARTESIAN_POINT('',(5.706230351814,1.4228537759,11.090384398536
    ));
#15019 = VECTOR('',#15020,1.);
#15020 = DIRECTION('',(1.08968389867E-13,1.,-0.));
#15021 = PLANE('',#15022);
#15022 = AXIS2_PLACEMENT_3D('',#15023,#15024,#15025);
#15023 = CARTESIAN_POINT('',(5.706230351814,1.4228537759,11.090384398536
    ));
#15024 = DIRECTION('',(1.,-1.08968389867E-13,0.));
#15025 = DIRECTION('',(0.,-0.,1.));
#15026 = ADVANCED_FACE('',(#15027),#15045,.F.);
#15027 = FACE_BOUND('',#15028,.T.);
#15028 = EDGE_LOOP('',(#15029,#15037,#15043,#15044));
#15029 = ORIENTED_EDGE('',*,*,#15030,.F.);
#15030 = EDGE_CURVE('',#15031,#15009,#15033,.T.);
#15031 = VERTEX_POINT('',#15032);
#15032 = CARTESIAN_POINT('',(6.306230351814,2.466884426791,
    11.090384398536));
#15033 = LINE('',#15034,#15035);
#15034 = CARTESIAN_POINT('',(5.706230351814,2.466884426791,
    11.090384398536));
#15035 = VECTOR('',#15036,1.);
#15036 = DIRECTION('',(-1.,1.08968389867E-13,0.));
#15037 = ORIENTED_EDGE('',*,*,#15038,.T.);
#15038 = EDGE_CURVE('',#15031,#12533,#15039,.T.);
#15039 = LINE('',#15040,#15041);
#15040 = CARTESIAN_POINT('',(6.306230351814,1.4228537759,11.090384398536
    ));
#15041 = VECTOR('',#15042,1.);
#15042 = DIRECTION('',(1.08968389867E-13,1.,-0.));
#15043 = ORIENTED_EDGE('',*,*,#12532,.T.);
#15044 = ORIENTED_EDGE('',*,*,#15016,.F.);
#15045 = PLANE('',#15046);
#15046 = AXIS2_PLACEMENT_3D('',#15047,#15048,#15049);
#15047 = CARTESIAN_POINT('',(5.706230351814,1.4228537759,11.090384398536
    ));
#15048 = DIRECTION('',(0.,0.,-1.));
#15049 = DIRECTION('',(1.,-1.08968389867E-13,0.));
#15050 = ADVANCED_FACE('',(#15051),#15069,.F.);
#15051 = FACE_BOUND('',#15052,.T.);
#15052 = EDGE_LOOP('',(#15053,#15061,#15067,#15068));
#15053 = ORIENTED_EDGE('',*,*,#15054,.F.);
#15054 = EDGE_CURVE('',#15055,#15031,#15057,.T.);
#15055 = VERTEX_POINT('',#15056);
#15056 = CARTESIAN_POINT('',(6.306230351814,2.466884426791,
    10.990384398536));
#15057 = LINE('',#15058,#15059);
#15058 = CARTESIAN_POINT('',(6.306230351814,2.466884426791,
    11.090384398536));
#15059 = VECTOR('',#15060,1.);
#15060 = DIRECTION('',(0.,-0.,1.));
#15061 = ORIENTED_EDGE('',*,*,#15062,.T.);
#15062 = EDGE_CURVE('',#15055,#12541,#15063,.T.);
#15063 = LINE('',#15064,#15065);
#15064 = CARTESIAN_POINT('',(6.306230351814,2.466884426791,
    10.990384398536));
#15065 = VECTOR('',#15066,1.);
#15066 = DIRECTION('',(7.705228740991E-14,0.707106781187,-0.707106781187
    ));
#15067 = ORIENTED_EDGE('',*,*,#12540,.T.);
#15068 = ORIENTED_EDGE('',*,*,#15038,.F.);
#15069 = PLANE('',#15070);
#15070 = AXIS2_PLACEMENT_3D('',#15071,#15072,#15073);
#15071 = CARTESIAN_POINT('',(6.306230351814,1.4228537759,11.090384398536
    ));
#15072 = DIRECTION('',(-1.,1.08968389867E-13,0.));
#15073 = DIRECTION('',(0.,0.,-1.));
#15074 = ADVANCED_FACE('',(#15075),#15086,.T.);
#15075 = FACE_BOUND('',#15076,.T.);
#15076 = EDGE_LOOP('',(#15077,#15078,#15079,#15080));
#15077 = ORIENTED_EDGE('',*,*,#15000,.F.);
#15078 = ORIENTED_EDGE('',*,*,#12548,.T.);
#15079 = ORIENTED_EDGE('',*,*,#15062,.F.);
#15080 = ORIENTED_EDGE('',*,*,#15081,.F.);
#15081 = EDGE_CURVE('',#15001,#15055,#15082,.T.);
#15082 = LINE('',#15083,#15084);
#15083 = CARTESIAN_POINT('',(6.306230351814,2.466884426791,
    10.990384398536));
#15084 = VECTOR('',#15085,1.);
#15085 = DIRECTION('',(1.,-1.08968389867E-13,0.));
#15086 = PLANE('',#15087);
#15087 = AXIS2_PLACEMENT_3D('',#15088,#15089,#15090);
#15088 = CARTESIAN_POINT('',(4.756230351814,2.466884426791,
    10.990384398536));
#15089 = DIRECTION('',(-7.705228740991E-14,-0.707106781187,
    -0.707106781187));
#15090 = DIRECTION('',(-1.,1.08968389867E-13,0.));
#15091 = ADVANCED_FACE('',(#15092),#15109,.T.);
#15092 = FACE_BOUND('',#15093,.T.);
#15093 = EDGE_LOOP('',(#15094,#15095,#15101,#15102,#15103));
#15094 = ORIENTED_EDGE('',*,*,#12788,.F.);
#15095 = ORIENTED_EDGE('',*,*,#15096,.T.);
#15096 = EDGE_CURVE('',#12780,#12622,#15097,.T.);
#15097 = LINE('',#15098,#15099);
#15098 = CARTESIAN_POINT('',(5.329049552784,4.566884426791,
    11.398234791972));
#15099 = VECTOR('',#15100,1.);
#15100 = DIRECTION('',(-1.08968389867E-13,-1.,0.));
#15101 = ORIENTED_EDGE('',*,*,#12621,.T.);
#15102 = ORIENTED_EDGE('',*,*,#13719,.T.);
#15103 = ORIENTED_EDGE('',*,*,#15104,.T.);
#15104 = EDGE_CURVE('',#13712,#12789,#15105,.T.);
#15105 = LINE('',#15106,#15107);
#15106 = CARTESIAN_POINT('',(5.276230351814,3.415306228893,
    10.390384398536));
#15107 = VECTOR('',#15108,1.);
#15108 = DIRECTION('',(1.08968389867E-13,1.,0.));
#15109 = PLANE('',#15110);
#15110 = AXIS2_PLACEMENT_3D('',#15111,#15112,#15113);
#15111 = CARTESIAN_POINT('',(5.276230351814,3.415306228893,
    10.390384398536));
#15112 = DIRECTION('',(0.998629534755,-1.088190524758E-13,
    -5.233595624294E-02));
#15113 = DIRECTION('',(5.233595624294E-02,-5.70296488394E-15,
    0.998629534755));
#15114 = ADVANCED_FACE('',(#15115),#15126,.F.);
#15115 = FACE_BOUND('',#15116,.F.);
#15116 = EDGE_LOOP('',(#15117,#15123,#15124,#15125));
#15117 = ORIENTED_EDGE('',*,*,#15118,.T.);
#15118 = EDGE_CURVE('',#12630,#12772,#15119,.T.);
#15119 = LINE('',#15120,#15121);
#15120 = CARTESIAN_POINT('',(5.478843982997,4.766884426791,
    11.540384398536));
#15121 = VECTOR('',#15122,1.);
#15122 = DIRECTION('',(1.08968389867E-13,1.,0.));
#15123 = ORIENTED_EDGE('',*,*,#12779,.T.);
#15124 = ORIENTED_EDGE('',*,*,#15096,.T.);
#15125 = ORIENTED_EDGE('',*,*,#12629,.T.);
#15126 = CYLINDRICAL_SURFACE('',#15127,0.15);
#15127 = AXIS2_PLACEMENT_3D('',#15128,#15129,#15130);
#15128 = CARTESIAN_POINT('',(5.478843982997,6.266884426791,
    11.390384398536));
#15129 = DIRECTION('',(-1.08968389867E-13,-1.,0.));
#15130 = DIRECTION('',(0.,0.,-1.));
#15131 = ADVANCED_FACE('',(#15132),#15138,.T.);
#15132 = FACE_BOUND('',#15133,.T.);
#15133 = EDGE_LOOP('',(#15134,#15135,#15136,#15137));
#15134 = ORIENTED_EDGE('',*,*,#12638,.T.);
#15135 = ORIENTED_EDGE('',*,*,#15118,.T.);
#15136 = ORIENTED_EDGE('',*,*,#12771,.F.);
#15137 = ORIENTED_EDGE('',*,*,#12696,.F.);
#15138 = PLANE('',#15139);
#15139 = AXIS2_PLACEMENT_3D('',#15140,#15141,#15142);
#15140 = CARTESIAN_POINT('',(4.756230351815,6.266884426791,
    11.540384398536));
#15141 = DIRECTION('',(0.,0.,-1.));
#15142 = DIRECTION('',(1.,-1.08968389867E-13,0.));
#15143 = ADVANCED_FACE('',(#15144),#15169,.F.);
#15144 = FACE_BOUND('',#15145,.T.);
#15145 = EDGE_LOOP('',(#15146,#15154,#15162,#15168));
#15146 = ORIENTED_EDGE('',*,*,#15147,.F.);
#15147 = EDGE_CURVE('',#15148,#12659,#15150,.T.);
#15148 = VERTEX_POINT('',#15149);
#15149 = CARTESIAN_POINT('',(6.306230351815,4.766884426791,
    11.090384398536));
#15150 = LINE('',#15151,#15152);
#15151 = CARTESIAN_POINT('',(6.306230351815,5.810915077682,
    11.090384398536));
#15152 = VECTOR('',#15153,1.);
#15153 = DIRECTION('',(-1.08968389867E-13,-1.,0.));
#15154 = ORIENTED_EDGE('',*,*,#15155,.T.);
#15155 = EDGE_CURVE('',#15148,#15156,#15158,.T.);
#15156 = VERTEX_POINT('',#15157);
#15157 = CARTESIAN_POINT('',(5.706230351815,4.766884426791,
    11.090384398536));
#15158 = LINE('',#15159,#15160);
#15159 = CARTESIAN_POINT('',(5.706230351815,4.766884426791,
    11.090384398536));
#15160 = VECTOR('',#15161,1.);
#15161 = DIRECTION('',(-1.,1.08968389867E-13,0.));
#15162 = ORIENTED_EDGE('',*,*,#15163,.T.);
#15163 = EDGE_CURVE('',#15156,#12657,#15164,.T.);
#15164 = LINE('',#15165,#15166);
#15165 = CARTESIAN_POINT('',(5.706230351815,5.810915077682,
    11.090384398536));
#15166 = VECTOR('',#15167,1.);
#15167 = DIRECTION('',(-1.08968389867E-13,-1.,0.));
#15168 = ORIENTED_EDGE('',*,*,#12656,.T.);
#15169 = PLANE('',#15170);
#15170 = AXIS2_PLACEMENT_3D('',#15171,#15172,#15173);
#15171 = CARTESIAN_POINT('',(5.706230351815,5.810915077682,
    11.090384398536));
#15172 = DIRECTION('',(0.,0.,-1.));
#15173 = DIRECTION('',(1.,-1.08968389867E-13,0.));
#15174 = ADVANCED_FACE('',(#15175),#15193,.F.);
#15175 = FACE_BOUND('',#15176,.T.);
#15176 = EDGE_LOOP('',(#15177,#15185,#15191,#15192));
#15177 = ORIENTED_EDGE('',*,*,#15178,.T.);
#15178 = EDGE_CURVE('',#15156,#15179,#15181,.T.);
#15179 = VERTEX_POINT('',#15180);
#15180 = CARTESIAN_POINT('',(5.706230351815,4.766884426791,
    10.990384398536));
#15181 = LINE('',#15182,#15183);
#15182 = CARTESIAN_POINT('',(5.706230351815,4.766884426791,
    10.790384398536));
#15183 = VECTOR('',#15184,1.);
#15184 = DIRECTION('',(0.,0.,-1.));
#15185 = ORIENTED_EDGE('',*,*,#15186,.T.);
#15186 = EDGE_CURVE('',#15179,#12667,#15187,.T.);
#15187 = LINE('',#15188,#15189);
#15188 = CARTESIAN_POINT('',(5.706230351815,4.566884426791,
    10.790384398536));
#15189 = VECTOR('',#15190,1.);
#15190 = DIRECTION('',(-7.705228740991E-14,-0.707106781187,
    -0.707106781187));
#15191 = ORIENTED_EDGE('',*,*,#12666,.T.);
#15192 = ORIENTED_EDGE('',*,*,#15163,.F.);
#15193 = PLANE('',#15194);
#15194 = AXIS2_PLACEMENT_3D('',#15195,#15196,#15197);
#15195 = CARTESIAN_POINT('',(5.706230351815,5.810915077682,
    10.790384398536));
#15196 = DIRECTION('',(1.,-1.08968389867E-13,0.));
#15197 = DIRECTION('',(0.,-0.,1.));
#15198 = ADVANCED_FACE('',(#15199),#15217,.F.);
#15199 = FACE_BOUND('',#15200,.T.);
#15200 = EDGE_LOOP('',(#15201,#15202,#15210,#15216));
#15201 = ORIENTED_EDGE('',*,*,#15186,.F.);
#15202 = ORIENTED_EDGE('',*,*,#15203,.F.);
#15203 = EDGE_CURVE('',#15204,#15179,#15206,.T.);
#15204 = VERTEX_POINT('',#15205);
#15205 = CARTESIAN_POINT('',(6.306230351815,4.766884426791,
    10.990384398536));
#15206 = LINE('',#15207,#15208);
#15207 = CARTESIAN_POINT('',(4.756230351815,4.766884426791,
    10.990384398536));
#15208 = VECTOR('',#15209,1.);
#15209 = DIRECTION('',(-1.,1.08968389867E-13,0.));
#15210 = ORIENTED_EDGE('',*,*,#15211,.F.);
#15211 = EDGE_CURVE('',#12675,#15204,#15212,.T.);
#15212 = LINE('',#15213,#15214);
#15213 = CARTESIAN_POINT('',(6.306230351815,4.566884426791,
    10.790384398536));
#15214 = VECTOR('',#15215,1.);
#15215 = DIRECTION('',(7.705228740991E-14,0.707106781187,0.707106781187)
  );
#15216 = ORIENTED_EDGE('',*,*,#12674,.T.);
#15217 = PLANE('',#15218);
#15218 = AXIS2_PLACEMENT_3D('',#15219,#15220,#15221);
#15219 = CARTESIAN_POINT('',(6.306230351815,4.566884426791,
    10.790384398536));
#15220 = DIRECTION('',(-7.705228740991E-14,-0.707106781187,
    0.707106781187));
#15221 = DIRECTION('',(1.,-1.08968389867E-13,0.));
#15222 = ADVANCED_FACE('',(#15223),#15234,.F.);
#15223 = FACE_BOUND('',#15224,.T.);
#15224 = EDGE_LOOP('',(#15225,#15226,#15227,#15233));
#15225 = ORIENTED_EDGE('',*,*,#12682,.T.);
#15226 = ORIENTED_EDGE('',*,*,#15211,.T.);
#15227 = ORIENTED_EDGE('',*,*,#15228,.T.);
#15228 = EDGE_CURVE('',#15204,#15148,#15229,.T.);
#15229 = LINE('',#15230,#15231);
#15230 = CARTESIAN_POINT('',(6.306230351815,4.766884426791,
    11.090384398536));
#15231 = VECTOR('',#15232,1.);
#15232 = DIRECTION('',(0.,-0.,1.));
#15233 = ORIENTED_EDGE('',*,*,#15147,.T.);
#15234 = PLANE('',#15235);
#15235 = AXIS2_PLACEMENT_3D('',#15236,#15237,#15238);
#15236 = CARTESIAN_POINT('',(6.306230351815,5.810915077682,
    11.090384398536));
#15237 = DIRECTION('',(-1.,1.08968389867E-13,0.));
#15238 = DIRECTION('',(0.,0.,-1.));
#15239 = ADVANCED_FACE('',(#15240),#15265,.T.);
#15240 = FACE_BOUND('',#15241,.T.);
#15241 = EDGE_LOOP('',(#15242,#15250,#15258,#15264));
#15242 = ORIENTED_EDGE('',*,*,#15243,.T.);
#15243 = EDGE_CURVE('',#12721,#15244,#15246,.T.);
#15244 = VERTEX_POINT('',#15245);
#15245 = CARTESIAN_POINT('',(5.176230351815,4.416884426791,
    10.290384398536));
#15246 = LINE('',#15247,#15248);
#15247 = CARTESIAN_POINT('',(5.176230351815,4.166884426791,
    10.290384398536));
#15248 = VECTOR('',#15249,1.);
#15249 = DIRECTION('',(-1.08968389867E-13,-1.,0.));
#15250 = ORIENTED_EDGE('',*,*,#15251,.T.);
#15251 = EDGE_CURVE('',#15244,#15252,#15254,.T.);
#15252 = VERTEX_POINT('',#15253);
#15253 = CARTESIAN_POINT('',(4.976230351815,4.416884426791,
    10.290384398536));
#15254 = LINE('',#15255,#15256);
#15255 = CARTESIAN_POINT('',(8.309783742408,4.416884426791,
    10.290384398536));
#15256 = VECTOR('',#15257,1.);
#15257 = DIRECTION('',(-1.,1.08968389867E-13,0.));
#15258 = ORIENTED_EDGE('',*,*,#15259,.T.);
#15259 = EDGE_CURVE('',#15252,#12723,#15260,.T.);
#15260 = LINE('',#15261,#15262);
#15261 = CARTESIAN_POINT('',(4.976230351815,4.766884426791,
    10.290384398536));
#15262 = VECTOR('',#15263,1.);
#15263 = DIRECTION('',(1.088328645954E-13,1.,-0.));
#15264 = ORIENTED_EDGE('',*,*,#12720,.F.);
#15265 = PLANE('',#15266);
#15266 = AXIS2_PLACEMENT_3D('',#15267,#15268,#15269);
#15267 = CARTESIAN_POINT('',(4.756230351815,6.266884426791,
    10.290384398536));
#15268 = DIRECTION('',(0.,0.,-1.));
#15269 = DIRECTION('',(1.,-1.08968389867E-13,0.));
#15270 = ADVANCED_FACE('',(#15271),#15295,.T.);
#15271 = FACE_BOUND('',#15272,.T.);
#15272 = EDGE_LOOP('',(#15273,#15274,#15282,#15288,#15294));
#15273 = ORIENTED_EDGE('',*,*,#15259,.F.);
#15274 = ORIENTED_EDGE('',*,*,#15275,.T.);
#15275 = EDGE_CURVE('',#15252,#15276,#15278,.T.);
#15276 = VERTEX_POINT('',#15277);
#15277 = CARTESIAN_POINT('',(4.876230351815,4.316884426791,
    10.390384398536));
#15278 = LINE('',#15279,#15280);
#15279 = CARTESIAN_POINT('',(5.592897018481,5.033551093458,
    9.673717731869));
#15280 = VECTOR('',#15281,1.);
#15281 = DIRECTION('',(-0.57735026919,-0.57735026919,0.57735026919));
#15282 = ORIENTED_EDGE('',*,*,#15283,.F.);
#15283 = EDGE_CURVE('',#14063,#15276,#15284,.T.);
#15284 = LINE('',#15285,#15286);
#15285 = CARTESIAN_POINT('',(4.876230351814,2.666884426791,
    10.390384398536));
#15286 = VECTOR('',#15287,1.);
#15287 = DIRECTION('',(-1.091110480475E-13,-1.,0.));
#15288 = ORIENTED_EDGE('',*,*,#15289,.T.);
#15289 = EDGE_CURVE('',#14063,#12731,#15290,.T.);
#15290 = LINE('',#15291,#15292);
#15291 = CARTESIAN_POINT('',(4.876230351814,3.415306228893,
    10.390384398536));
#15292 = VECTOR('',#15293,1.);
#15293 = DIRECTION('',(1.08968389867E-13,1.,0.));
#15294 = ORIENTED_EDGE('',*,*,#12730,.F.);
#15295 = PLANE('',#15296);
#15296 = AXIS2_PLACEMENT_3D('',#15297,#15298,#15299);
#15297 = CARTESIAN_POINT('',(4.976230351815,6.266884426791,
    10.290384398536));
#15298 = DIRECTION('',(-0.707106781187,7.695645657136E-14,
    -0.707106781187));
#15299 = DIRECTION('',(-1.088328645954E-13,-1.,-2.047915950044E-33));
#15300 = ADVANCED_FACE('',(#15301),#15313,.T.);
#15301 = FACE_BOUND('',#15302,.T.);
#15302 = EDGE_LOOP('',(#15303,#15304,#15310,#15311,#15312));
#15303 = ORIENTED_EDGE('',*,*,#12902,.T.);
#15304 = ORIENTED_EDGE('',*,*,#15305,.T.);
#15305 = EDGE_CURVE('',#12894,#12739,#15306,.T.);
#15306 = LINE('',#15307,#15308);
#15307 = CARTESIAN_POINT('',(4.823411150845,4.766884426791,
    11.398234791972));
#15308 = VECTOR('',#15309,1.);
#15309 = DIRECTION('',(1.08968389867E-13,1.,0.));
#15310 = ORIENTED_EDGE('',*,*,#12738,.F.);
#15311 = ORIENTED_EDGE('',*,*,#15289,.F.);
#15312 = ORIENTED_EDGE('',*,*,#14062,.T.);
#15313 = PLANE('',#15314);
#15314 = AXIS2_PLACEMENT_3D('',#15315,#15316,#15317);
#15315 = CARTESIAN_POINT('',(4.815961405639,3.415306228893,
    11.540384398536));
#15316 = DIRECTION('',(-0.998629534755,1.088190524758E-13,
    -5.233595624294E-02));
#15317 = DIRECTION('',(5.233595624294E-02,-5.70296488394E-15,
    -0.998629534755));
#15318 = ADVANCED_FACE('',(#15319),#15330,.F.);
#15319 = FACE_BOUND('',#15320,.F.);
#15320 = EDGE_LOOP('',(#15321,#15322,#15323,#15329));
#15321 = ORIENTED_EDGE('',*,*,#15305,.T.);
#15322 = ORIENTED_EDGE('',*,*,#12746,.T.);
#15323 = ORIENTED_EDGE('',*,*,#15324,.T.);
#15324 = EDGE_CURVE('',#12747,#12886,#15325,.T.);
#15325 = LINE('',#15326,#15327);
#15326 = CARTESIAN_POINT('',(4.673616720632,4.566884426791,
    11.540384398536));
#15327 = VECTOR('',#15328,1.);
#15328 = DIRECTION('',(-1.08968389867E-13,-1.,0.));
#15329 = ORIENTED_EDGE('',*,*,#12893,.T.);
#15330 = CYLINDRICAL_SURFACE('',#15331,0.15);
#15331 = AXIS2_PLACEMENT_3D('',#15332,#15333,#15334);
#15332 = CARTESIAN_POINT('',(4.673616720632,3.415306228893,
    11.390384398536));
#15333 = DIRECTION('',(-1.08968389867E-13,-1.,0.));
#15334 = DIRECTION('',(0.,0.,-1.));
#15335 = ADVANCED_FACE('',(#15336),#15342,.T.);
#15336 = FACE_BOUND('',#15337,.T.);
#15337 = EDGE_LOOP('',(#15338,#15339,#15340,#15341));
#15338 = ORIENTED_EDGE('',*,*,#12755,.F.);
#15339 = ORIENTED_EDGE('',*,*,#15324,.T.);
#15340 = ORIENTED_EDGE('',*,*,#12885,.F.);
#15341 = ORIENTED_EDGE('',*,*,#12812,.T.);
#15342 = PLANE('',#15343);
#15343 = AXIS2_PLACEMENT_3D('',#15344,#15345,#15346);
#15344 = CARTESIAN_POINT('',(4.756230351815,6.266884426791,
    11.540384398536));
#15345 = DIRECTION('',(0.,0.,-1.));
#15346 = DIRECTION('',(1.,-1.08968389867E-13,0.));
#15347 = ADVANCED_FACE('',(#15348),#15367,.T.);
#15348 = FACE_BOUND('',#15349,.T.);
#15349 = EDGE_LOOP('',(#15350,#15358,#15364,#15365,#15366));
#15350 = ORIENTED_EDGE('',*,*,#15351,.F.);
#15351 = EDGE_CURVE('',#15352,#13712,#15354,.T.);
#15352 = VERTEX_POINT('',#15353);
#15353 = CARTESIAN_POINT('',(5.276230351815,4.316884426791,
    10.390384398536));
#15354 = LINE('',#15355,#15356);
#15355 = CARTESIAN_POINT('',(5.276230351814,2.366884426791,
    10.390384398536));
#15356 = VECTOR('',#15357,1.);
#15357 = DIRECTION('',(1.08968389867E-13,1.,0.));
#15358 = ORIENTED_EDGE('',*,*,#15359,.T.);
#15359 = EDGE_CURVE('',#15352,#15244,#15360,.T.);
#15360 = LINE('',#15361,#15362);
#15361 = CARTESIAN_POINT('',(4.559563685148,5.033551093458,
    9.673717731869));
#15362 = VECTOR('',#15363,1.);
#15363 = DIRECTION('',(-0.57735026919,0.57735026919,-0.57735026919));
#15364 = ORIENTED_EDGE('',*,*,#15243,.F.);
#15365 = ORIENTED_EDGE('',*,*,#12796,.F.);
#15366 = ORIENTED_EDGE('',*,*,#15104,.F.);
#15367 = PLANE('',#15368);
#15368 = AXIS2_PLACEMENT_3D('',#15369,#15370,#15371);
#15369 = CARTESIAN_POINT('',(5.176230351815,6.266884426791,
    10.290384398536));
#15370 = DIRECTION('',(0.707106781187,-7.705228740991E-14,
    -0.707106781187));
#15371 = DIRECTION('',(1.08968389867E-13,1.,0.));
#15372 = ADVANCED_FACE('',(#15373),#15398,.F.);
#15373 = FACE_BOUND('',#15374,.T.);
#15374 = EDGE_LOOP('',(#15375,#15383,#15391,#15397));
#15375 = ORIENTED_EDGE('',*,*,#15376,.F.);
#15376 = EDGE_CURVE('',#15377,#12837,#15379,.T.);
#15377 = VERTEX_POINT('',#15378);
#15378 = CARTESIAN_POINT('',(4.076230351815,4.766884426791,
    11.090384398536));
#15379 = LINE('',#15380,#15381);
#15380 = CARTESIAN_POINT('',(4.076230351815,5.810915077682,
    11.090384398536));
#15381 = VECTOR('',#15382,1.);
#15382 = DIRECTION('',(-1.08968389867E-13,-1.,0.));
#15383 = ORIENTED_EDGE('',*,*,#15384,.T.);
#15384 = EDGE_CURVE('',#15377,#15385,#15387,.T.);
#15385 = VERTEX_POINT('',#15386);
#15386 = CARTESIAN_POINT('',(3.076230351815,4.766884426791,
    11.090384398536));
#15387 = LINE('',#15388,#15389);
#15388 = CARTESIAN_POINT('',(3.076230351815,4.766884426791,
    11.090384398536));
#15389 = VECTOR('',#15390,1.);
#15390 = DIRECTION('',(-1.,1.08968389867E-13,0.));
#15391 = ORIENTED_EDGE('',*,*,#15392,.T.);
#15392 = EDGE_CURVE('',#15385,#12835,#15393,.T.);
#15393 = LINE('',#15394,#15395);
#15394 = CARTESIAN_POINT('',(3.076230351815,5.810915077682,
    11.090384398536));
#15395 = VECTOR('',#15396,1.);
#15396 = DIRECTION('',(-1.08968389867E-13,-1.,0.));
#15397 = ORIENTED_EDGE('',*,*,#12834,.T.);
#15398 = PLANE('',#15399);
#15399 = AXIS2_PLACEMENT_3D('',#15400,#15401,#15402);
#15400 = CARTESIAN_POINT('',(3.076230351815,5.810915077682,
    11.090384398536));
#15401 = DIRECTION('',(0.,0.,-1.));
#15402 = DIRECTION('',(1.,-1.08968389867E-13,0.));
#15403 = ADVANCED_FACE('',(#15404),#15422,.F.);
#15404 = FACE_BOUND('',#15405,.T.);
#15405 = EDGE_LOOP('',(#15406,#15414,#15420,#15421));
#15406 = ORIENTED_EDGE('',*,*,#15407,.T.);
#15407 = EDGE_CURVE('',#15385,#15408,#15410,.T.);
#15408 = VERTEX_POINT('',#15409);
#15409 = CARTESIAN_POINT('',(3.076230351815,4.766884426791,
    10.990384398536));
#15410 = LINE('',#15411,#15412);
#15411 = CARTESIAN_POINT('',(3.076230351815,4.766884426791,
    10.790384398536));
#15412 = VECTOR('',#15413,1.);
#15413 = DIRECTION('',(0.,0.,-1.));
#15414 = ORIENTED_EDGE('',*,*,#15415,.T.);
#15415 = EDGE_CURVE('',#15408,#12845,#15416,.T.);
#15416 = LINE('',#15417,#15418);
#15417 = CARTESIAN_POINT('',(3.076230351815,4.566884426791,
    10.790384398536));
#15418 = VECTOR('',#15419,1.);
#15419 = DIRECTION('',(-7.705228740991E-14,-0.707106781187,
    -0.707106781187));
#15420 = ORIENTED_EDGE('',*,*,#12844,.T.);
#15421 = ORIENTED_EDGE('',*,*,#15392,.F.);
#15422 = PLANE('',#15423);
#15423 = AXIS2_PLACEMENT_3D('',#15424,#15425,#15426);
#15424 = CARTESIAN_POINT('',(3.076230351815,5.810915077682,
    10.790384398536));
#15425 = DIRECTION('',(1.,-1.08968389867E-13,0.));
#15426 = DIRECTION('',(0.,-0.,1.));
#15427 = ADVANCED_FACE('',(#15428),#15446,.F.);
#15428 = FACE_BOUND('',#15429,.T.);
#15429 = EDGE_LOOP('',(#15430,#15431,#15439,#15445));
#15430 = ORIENTED_EDGE('',*,*,#15415,.F.);
#15431 = ORIENTED_EDGE('',*,*,#15432,.F.);
#15432 = EDGE_CURVE('',#15433,#15408,#15435,.T.);
#15433 = VERTEX_POINT('',#15434);
#15434 = CARTESIAN_POINT('',(4.076230351815,4.766884426791,
    10.990384398536));
#15435 = LINE('',#15436,#15437);
#15436 = CARTESIAN_POINT('',(4.756230351815,4.766884426791,
    10.990384398536));
#15437 = VECTOR('',#15438,1.);
#15438 = DIRECTION('',(-1.,1.08968389867E-13,-5.421010862428E-17));
#15439 = ORIENTED_EDGE('',*,*,#15440,.F.);
#15440 = EDGE_CURVE('',#12853,#15433,#15441,.T.);
#15441 = LINE('',#15442,#15443);
#15442 = CARTESIAN_POINT('',(4.076230351815,4.566884426791,
    10.790384398536));
#15443 = VECTOR('',#15444,1.);
#15444 = DIRECTION('',(7.705228740991E-14,0.707106781187,0.707106781187)
  );
#15445 = ORIENTED_EDGE('',*,*,#12852,.T.);
#15446 = PLANE('',#15447);
#15447 = AXIS2_PLACEMENT_3D('',#15448,#15449,#15450);
#15448 = CARTESIAN_POINT('',(4.076230351815,4.566884426791,
    10.790384398536));
#15449 = DIRECTION('',(-7.709061974532E-14,-0.707106781187,
    0.707106781187));
#15450 = DIRECTION('',(1.,-1.08968389867E-13,5.421010862428E-17));
#15451 = ADVANCED_FACE('',(#15452),#15463,.F.);
#15452 = FACE_BOUND('',#15453,.T.);
#15453 = EDGE_LOOP('',(#15454,#15455,#15456,#15462));
#15454 = ORIENTED_EDGE('',*,*,#12860,.T.);
#15455 = ORIENTED_EDGE('',*,*,#15440,.T.);
#15456 = ORIENTED_EDGE('',*,*,#15457,.T.);
#15457 = EDGE_CURVE('',#15433,#15377,#15458,.T.);
#15458 = LINE('',#15459,#15460);
#15459 = CARTESIAN_POINT('',(4.076230351815,4.766884426791,
    11.090384398536));
#15460 = VECTOR('',#15461,1.);
#15461 = DIRECTION('',(0.,-0.,1.));
#15462 = ORIENTED_EDGE('',*,*,#15376,.T.);
#15463 = PLANE('',#15464);
#15464 = AXIS2_PLACEMENT_3D('',#15465,#15466,#15467);
#15465 = CARTESIAN_POINT('',(4.076230351815,5.810915077682,
    11.090384398536));
#15466 = DIRECTION('',(-1.,1.08968389867E-13,0.));
#15467 = DIRECTION('',(0.,0.,-1.));
#15468 = ADVANCED_FACE('',(#15469),#15503,.F.);
#15469 = FACE_BOUND('',#15470,.F.);
#15470 = EDGE_LOOP('',(#15471,#15477,#15478,#15479,#15485,#15486,#15487,
    #15493,#15494,#15495,#15501,#15502));
#15471 = ORIENTED_EDGE('',*,*,#15472,.F.);
#15472 = EDGE_CURVE('',#14924,#14867,#15473,.T.);
#15473 = LINE('',#15474,#15475);
#15474 = CARTESIAN_POINT('',(1.506230351814,2.916884426791,
    10.390384398536));
#15475 = VECTOR('',#15476,1.);
#15476 = DIRECTION('',(-1.,1.08968389867E-13,0.));
#15477 = ORIENTED_EDGE('',*,*,#14931,.F.);
#15478 = ORIENTED_EDGE('',*,*,#13009,.F.);
#15479 = ORIENTED_EDGE('',*,*,#15480,.F.);
#15480 = EDGE_CURVE('',#13704,#13010,#15481,.T.);
#15481 = LINE('',#15482,#15483);
#15482 = CARTESIAN_POINT('',(5.306230351689,4.06688442679,
    10.390384398608));
#15483 = VECTOR('',#15484,1.);
#15484 = DIRECTION('',(-1.08968389867E-13,-1.,2.220446049008E-16));
#15485 = ORIENTED_EDGE('',*,*,#13711,.F.);
#15486 = ORIENTED_EDGE('',*,*,#15351,.F.);
#15487 = ORIENTED_EDGE('',*,*,#15488,.F.);
#15488 = EDGE_CURVE('',#15276,#15352,#15489,.T.);
#15489 = LINE('',#15490,#15491);
#15490 = CARTESIAN_POINT('',(1.506230351815,4.316884426791,
    10.390384398536));
#15491 = VECTOR('',#15492,1.);
#15492 = DIRECTION('',(1.,-1.08968389867E-13,0.));
#15493 = ORIENTED_EDGE('',*,*,#15283,.F.);
#15494 = ORIENTED_EDGE('',*,*,#14070,.F.);
#15495 = ORIENTED_EDGE('',*,*,#15496,.F.);
#15496 = EDGE_CURVE('',#13069,#14071,#15497,.T.);
#15497 = LINE('',#15498,#15499);
#15498 = CARTESIAN_POINT('',(4.846230351787,4.691884426805,
    10.390384398536));
#15499 = VECTOR('',#15500,1.);
#15500 = DIRECTION('',(-2.017120320903E-16,1.,0.));
#15501 = ORIENTED_EDGE('',*,*,#13076,.F.);
#15502 = ORIENTED_EDGE('',*,*,#14866,.F.);
#15503 = PLANE('',#15504);
#15504 = AXIS2_PLACEMENT_3D('',#15505,#15506,#15507);
#15505 = CARTESIAN_POINT('',(4.756230351815,6.266884426791,
    10.390384398536));
#15506 = DIRECTION('',(0.,-0.,1.));
#15507 = DIRECTION('',(-1.,1.08968389867E-13,0.));
#15508 = ADVANCED_FACE('',(#15509),#15535,.T.);
#15509 = FACE_BOUND('',#15510,.T.);
#15510 = EDGE_LOOP('',(#15511,#15521,#15527,#15528,#15529));
#15511 = ORIENTED_EDGE('',*,*,#15512,.T.);
#15512 = EDGE_CURVE('',#15513,#15515,#15517,.T.);
#15513 = VERTEX_POINT('',#15514);
#15514 = CARTESIAN_POINT('',(2.306230351787,2.741884426805,
    10.390384398536));
#15515 = VERTEX_POINT('',#15516);
#15516 = CARTESIAN_POINT('',(4.846230351787,2.741884426805,
    10.390384398536));
#15517 = LINE('',#15518,#15519);
#15518 = CARTESIAN_POINT('',(3.576230351787,2.741884426805,
    10.390384398536));
#15519 = VECTOR('',#15520,1.);
#15520 = DIRECTION('',(1.,0.,0.));
#15521 = ORIENTED_EDGE('',*,*,#15522,.T.);
#15522 = EDGE_CURVE('',#15515,#13069,#15523,.T.);
#15523 = LINE('',#15524,#15525);
#15524 = CARTESIAN_POINT('',(4.846230351787,4.691884426805,
    10.390384398536));
#15525 = VECTOR('',#15526,1.);
#15526 = DIRECTION('',(-2.017120320903E-16,1.,0.));
#15527 = ORIENTED_EDGE('',*,*,#13068,.T.);
#15528 = ORIENTED_EDGE('',*,*,#13503,.T.);
#15529 = ORIENTED_EDGE('',*,*,#15530,.F.);
#15530 = EDGE_CURVE('',#15513,#13504,#15531,.T.);
#15531 = LINE('',#15532,#15533);
#15532 = CARTESIAN_POINT('',(2.306230351787,32.541884426805,
    10.390384398536));
#15533 = VECTOR('',#15534,1.);
#15534 = DIRECTION('',(8.537024980201E-17,-1.,0.));
#15535 = PLANE('',#15536);
#15536 = AXIS2_PLACEMENT_3D('',#15537,#15538,#15539);
#15537 = CARTESIAN_POINT('',(3.576230351787,3.616884426805,
    10.390384398536));
#15538 = DIRECTION('',(0.,0.,1.));
#15539 = DIRECTION('',(1.,0.,0.));
#15540 = ADVANCED_FACE('',(#15541),#15569,.F.);
#15541 = FACE_BOUND('',#15542,.T.);
#15542 = EDGE_LOOP('',(#15543,#15544,#15545,#15546,#15553,#15554,#15562)
  );
#15543 = ORIENTED_EDGE('',*,*,#13124,.T.);
#15544 = ORIENTED_EDGE('',*,*,#13227,.T.);
#15545 = ORIENTED_EDGE('',*,*,#13243,.F.);
#15546 = ORIENTED_EDGE('',*,*,#15547,.T.);
#15547 = EDGE_CURVE('',#13244,#15513,#15548,.T.);
#15548 = ( BOUNDED_CURVE() B_SPLINE_CURVE(3,(#15549,#15550,#15551,#15552
),.UNSPECIFIED.,.F.,.F.) B_SPLINE_CURVE_WITH_KNOTS((4,4),(4.712388980385
,6.28318530718),.PIECEWISE_BEZIER_KNOTS.) CURVE() 
GEOMETRIC_REPRESENTATION_ITEM() RATIONAL_B_SPLINE_CURVE((1.,
0.804737854124,0.804737854124,1.)) REPRESENTATION_ITEM('') );
#15549 = CARTESIAN_POINT('',(2.311471129715,2.641884426805,
    10.490384398536));
#15550 = CARTESIAN_POINT('',(2.308401153082,2.641884426805,
    10.431805754773));
#15551 = CARTESIAN_POINT('',(2.306230351787,2.683305783042,
    10.390384398536));
#15552 = CARTESIAN_POINT('',(2.306230351787,2.741884426805,
    10.390384398536));
#15553 = ORIENTED_EDGE('',*,*,#15530,.T.);
#15554 = ORIENTED_EDGE('',*,*,#15555,.T.);
#15555 = EDGE_CURVE('',#13504,#15556,#15558,.T.);
#15556 = VERTEX_POINT('',#15557);
#15557 = CARTESIAN_POINT('',(2.306230351787,2.591884426805,
    10.390384398536));
#15558 = LINE('',#15559,#15560);
#15559 = CARTESIAN_POINT('',(2.306230351787,5.016884426805,
    10.390384398536));
#15560 = VECTOR('',#15561,1.);
#15561 = DIRECTION('',(-1.548860246408E-16,-1.,0.));
#15562 = ORIENTED_EDGE('',*,*,#15563,.T.);
#15563 = EDGE_CURVE('',#15556,#13117,#15564,.T.);
#15564 = ( BOUNDED_CURVE() B_SPLINE_CURVE(3,(#15565,#15566,#15567,#15568
),.UNSPECIFIED.,.F.,.F.) B_SPLINE_CURVE_WITH_KNOTS((4,4),(4.068887871591
,4.712388980385),.PIECEWISE_BEZIER_KNOTS.) CURVE() 
GEOMETRIC_REPRESENTATION_ITEM() RATIONAL_B_SPLINE_CURVE((1.,
0.965788865367,0.965788865367,1.)) REPRESENTATION_ITEM('') );
#15565 = CARTESIAN_POINT('',(2.306230351787,2.591884426805,
    10.390384398536));
#15566 = CARTESIAN_POINT('',(2.308518332188,2.55914147673,
    10.434041665303));
#15567 = CARTESIAN_POINT('',(2.311231543178,2.541884426805,
    10.485812815078));
#15568 = CARTESIAN_POINT('',(2.314091518679,2.541884426805,
    10.540384398536));
#15569 = PLANE('',#15570);
#15570 = AXIS2_PLACEMENT_3D('',#15571,#15572,#15573);
#15571 = CARTESIAN_POINT('',(2.306230351787,32.541884426805,
    10.390384398536));
#15572 = DIRECTION('',(0.998629534755,8.525325284166E-17,
    -5.233595624294E-02));
#15573 = DIRECTION('',(-5.233595624294E-02,-9.791878148592E-34,
    -0.998629534755));
#15574 = ADVANCED_FACE('',(#15575),#15611,.T.);
#15575 = FACE_BOUND('',#15576,.T.);
#15576 = EDGE_LOOP('',(#15577,#15584,#15585,#15593,#15602,#15609,#15610)
  );
#15577 = ORIENTED_EDGE('',*,*,#15578,.F.);
#15578 = EDGE_CURVE('',#13513,#15556,#15579,.T.);
#15579 = CIRCLE('',#15580,0.25);
#15580 = AXIS2_PLACEMENT_3D('',#15581,#15582,#15583);
#15581 = CARTESIAN_POINT('',(2.306230351787,2.791884426805,
    10.540384398536));
#15582 = DIRECTION('',(-1.,-0.,-0.));
#15583 = DIRECTION('',(0.,0.,-1.));
#15584 = ORIENTED_EDGE('',*,*,#13520,.T.);
#15585 = ORIENTED_EDGE('',*,*,#15586,.F.);
#15586 = EDGE_CURVE('',#15587,#13521,#15589,.T.);
#15587 = VERTEX_POINT('',#15588);
#15588 = CARTESIAN_POINT('',(4.846230351787,2.791884426805,
    10.290384398536));
#15589 = LINE('',#15590,#15591);
#15590 = CARTESIAN_POINT('',(3.576230351787,2.791884426805,
    10.290384398536));
#15591 = VECTOR('',#15592,1.);
#15592 = DIRECTION('',(-1.,-8.537024980201E-17,-0.));
#15593 = ORIENTED_EDGE('',*,*,#15594,.F.);
#15594 = EDGE_CURVE('',#15595,#15587,#15597,.T.);
#15595 = VERTEX_POINT('',#15596);
#15596 = CARTESIAN_POINT('',(4.846230351787,2.591884426805,
    10.390384398536));
#15597 = CIRCLE('',#15598,0.25);
#15598 = AXIS2_PLACEMENT_3D('',#15599,#15600,#15601);
#15599 = CARTESIAN_POINT('',(4.846230351787,2.791884426805,
    10.540384398536));
#15600 = DIRECTION('',(1.,2.017120320903E-16,0.));
#15601 = DIRECTION('',(2.017120320903E-16,-1.,0.));
#15602 = ORIENTED_EDGE('',*,*,#15603,.F.);
#15603 = EDGE_CURVE('',#13109,#15595,#15604,.T.);
#15604 = ( BOUNDED_CURVE() B_SPLINE_CURVE(3,(#15605,#15606,#15607,#15608
),.UNSPECIFIED.,.F.,.F.) B_SPLINE_CURVE_WITH_KNOTS((4,4),(4.712388980385
,5.355890089178),.PIECEWISE_BEZIER_KNOTS.) CURVE() 
GEOMETRIC_REPRESENTATION_ITEM() RATIONAL_B_SPLINE_CURVE((1.,
0.965788865367,0.965788865367,1.)) REPRESENTATION_ITEM('') );
#15605 = CARTESIAN_POINT('',(4.838369184895,2.541884426805,
    10.540384398536));
#15606 = CARTESIAN_POINT('',(4.841229160396,2.541884426805,
    10.485812815078));
#15607 = CARTESIAN_POINT('',(4.843942371386,2.55914147673,
    10.434041665303));
#15608 = CARTESIAN_POINT('',(4.846230351787,2.591884426805,
    10.390384398536));
#15609 = ORIENTED_EDGE('',*,*,#13116,.F.);
#15610 = ORIENTED_EDGE('',*,*,#15563,.F.);
#15611 = CYLINDRICAL_SURFACE('',#15612,0.25);
#15612 = AXIS2_PLACEMENT_3D('',#15613,#15614,#15615);
#15613 = CARTESIAN_POINT('',(2.306230351787,2.791884426805,
    10.540384398536));
#15614 = DIRECTION('',(1.,8.537024980201E-17,0.));
#15615 = DIRECTION('',(-8.537024980201E-17,1.,0.));
#15616 = ADVANCED_FACE('',(#15617),#15641,.F.);
#15617 = FACE_BOUND('',#15618,.T.);
#15618 = EDGE_LOOP('',(#15619,#15620,#15626,#15627,#15628,#15634));
#15619 = ORIENTED_EDGE('',*,*,#13259,.F.);
#15620 = ORIENTED_EDGE('',*,*,#15621,.T.);
#15621 = EDGE_CURVE('',#13260,#13100,#15622,.T.);
#15622 = LINE('',#15623,#15624);
#15623 = CARTESIAN_POINT('',(4.798651928746,32.541884426805,
    11.298234791972));
#15624 = VECTOR('',#15625,1.);
#15625 = DIRECTION('',(8.537024980201E-17,-1.,-2.104309505173E-36));
#15626 = ORIENTED_EDGE('',*,*,#13108,.T.);
#15627 = ORIENTED_EDGE('',*,*,#15603,.T.);
#15628 = ORIENTED_EDGE('',*,*,#15629,.F.);
#15629 = EDGE_CURVE('',#15515,#15595,#15630,.T.);
#15630 = LINE('',#15631,#15632);
#15631 = CARTESIAN_POINT('',(4.846230351787,32.541884426805,
    10.390384398536));
#15632 = VECTOR('',#15633,1.);
#15633 = DIRECTION('',(8.537024980201E-17,-1.,0.));
#15634 = ORIENTED_EDGE('',*,*,#15635,.T.);
#15635 = EDGE_CURVE('',#15515,#13252,#15636,.T.);
#15636 = ( BOUNDED_CURVE() B_SPLINE_CURVE(3,(#15637,#15638,#15639,#15640
),.UNSPECIFIED.,.F.,.F.) B_SPLINE_CURVE_WITH_KNOTS((4,4),(3.14159265359,
4.712388980385),.PIECEWISE_BEZIER_KNOTS.) CURVE() 
GEOMETRIC_REPRESENTATION_ITEM() RATIONAL_B_SPLINE_CURVE((1.,
0.804737854124,0.804737854124,1.)) REPRESENTATION_ITEM('') );
#15637 = CARTESIAN_POINT('',(4.846230351787,2.741884426805,
    10.390384398536));
#15638 = CARTESIAN_POINT('',(4.846230351787,2.683305783042,
    10.390384398536));
#15639 = CARTESIAN_POINT('',(4.844059550492,2.641884426805,
    10.431805754773));
#15640 = CARTESIAN_POINT('',(4.840989573859,2.641884426805,
    10.490384398536));
#15641 = PLANE('',#15642);
#15642 = AXIS2_PLACEMENT_3D('',#15643,#15644,#15645);
#15643 = CARTESIAN_POINT('',(4.79120218354,32.541884426805,
    11.440384398536));
#15644 = DIRECTION('',(-0.998629534755,-8.525325284166E-17,
    -5.233595624294E-02));
#15645 = DIRECTION('',(-5.233595624294E-02,-6.182807899591E-34,
    0.998629534755));
#15646 = ADVANCED_FACE('',(#15647),#15653,.T.);
#15647 = FACE_BOUND('',#15648,.T.);
#15648 = EDGE_LOOP('',(#15649,#15650,#15651,#15652));
#15649 = ORIENTED_EDGE('',*,*,#13267,.F.);
#15650 = ORIENTED_EDGE('',*,*,#13364,.F.);
#15651 = ORIENTED_EDGE('',*,*,#13099,.F.);
#15652 = ORIENTED_EDGE('',*,*,#15621,.F.);
#15653 = CYLINDRICAL_SURFACE('',#15654,0.15);
#15654 = AXIS2_PLACEMENT_3D('',#15655,#15656,#15657);
#15655 = CARTESIAN_POINT('',(4.648857498533,32.541884426805,
    11.290384398536));
#15656 = DIRECTION('',(8.537024980201E-17,-1.,0.));
#15657 = DIRECTION('',(1.,8.537024980201E-17,0.));
#15658 = ADVANCED_FACE('',(#15659),#15675,.F.);
#15659 = FACE_BOUND('',#15660,.T.);
#15660 = EDGE_LOOP('',(#15661,#15662,#15668,#15669));
#15661 = ORIENTED_EDGE('',*,*,#13287,.F.);
#15662 = ORIENTED_EDGE('',*,*,#15663,.T.);
#15663 = EDGE_CURVE('',#13288,#13145,#15664,.T.);
#15664 = LINE('',#15665,#15666);
#15665 = CARTESIAN_POINT('',(2.926230351787,2.541884426805,
    10.990384398536));
#15666 = VECTOR('',#15667,1.);
#15667 = DIRECTION('',(-0.,-1.,-0.));
#15668 = ORIENTED_EDGE('',*,*,#13142,.F.);
#15669 = ORIENTED_EDGE('',*,*,#15670,.T.);
#15670 = EDGE_CURVE('',#13143,#13290,#15671,.T.);
#15671 = LINE('',#15672,#15673);
#15672 = CARTESIAN_POINT('',(2.926230351787,2.641884426805,
    10.890384398536));
#15673 = VECTOR('',#15674,1.);
#15674 = DIRECTION('',(0.,1.,0.));
#15675 = PLANE('',#15676);
#15676 = AXIS2_PLACEMENT_3D('',#15677,#15678,#15679);
#15677 = CARTESIAN_POINT('',(2.926230351787,-5.308115573195,
    11.140384398536));
#15678 = DIRECTION('',(-1.,0.,0.));
#15679 = DIRECTION('',(0.,0.,1.));
#15680 = ADVANCED_FACE('',(#15681),#15692,.F.);
#15681 = FACE_BOUND('',#15682,.F.);
#15682 = EDGE_LOOP('',(#15683,#15684,#15685,#15691));
#15683 = ORIENTED_EDGE('',*,*,#15670,.T.);
#15684 = ORIENTED_EDGE('',*,*,#13348,.T.);
#15685 = ORIENTED_EDGE('',*,*,#15686,.T.);
#15686 = EDGE_CURVE('',#13341,#13153,#15687,.T.);
#15687 = LINE('',#15688,#15689);
#15688 = CARTESIAN_POINT('',(3.076230351787,2.541884426805,
    10.740384398536));
#15689 = VECTOR('',#15690,1.);
#15690 = DIRECTION('',(-0.,-1.,-0.));
#15691 = ORIENTED_EDGE('',*,*,#13152,.T.);
#15692 = CYLINDRICAL_SURFACE('',#15693,0.15);
#15693 = AXIS2_PLACEMENT_3D('',#15694,#15695,#15696);
#15694 = CARTESIAN_POINT('',(3.076230351787,-5.308115573195,
    10.890384398536));
#15695 = DIRECTION('',(0.,-1.,0.));
#15696 = DIRECTION('',(0.,0.,-1.));
#15697 = ADVANCED_FACE('',(#15698),#15709,.F.);
#15698 = FACE_BOUND('',#15699,.F.);
#15699 = EDGE_LOOP('',(#15700,#15706,#15707,#15708));
#15700 = ORIENTED_EDGE('',*,*,#15701,.T.);
#15701 = EDGE_CURVE('',#13196,#13298,#15702,.T.);
#15702 = LINE('',#15703,#15704);
#15703 = CARTESIAN_POINT('',(3.076230351787,2.641884426805,
    11.140384398536));
#15704 = VECTOR('',#15705,1.);
#15705 = DIRECTION('',(0.,1.,0.));
#15706 = ORIENTED_EDGE('',*,*,#13297,.T.);
#15707 = ORIENTED_EDGE('',*,*,#15663,.T.);
#15708 = ORIENTED_EDGE('',*,*,#13203,.T.);
#15709 = CYLINDRICAL_SURFACE('',#15710,0.15);
#15710 = AXIS2_PLACEMENT_3D('',#15711,#15712,#15713);
#15711 = CARTESIAN_POINT('',(3.076230351787,-5.308115573195,
    10.990384398536));
#15712 = DIRECTION('',(0.,-1.,0.));
#15713 = DIRECTION('',(0.,0.,-1.));
#15714 = ADVANCED_FACE('',(#15715),#15726,.F.);
#15715 = FACE_BOUND('',#15716,.T.);
#15716 = EDGE_LOOP('',(#15717,#15718,#15724,#15725));
#15717 = ORIENTED_EDGE('',*,*,#13161,.F.);
#15718 = ORIENTED_EDGE('',*,*,#15719,.T.);
#15719 = EDGE_CURVE('',#13162,#13332,#15720,.T.);
#15720 = LINE('',#15721,#15722);
#15721 = CARTESIAN_POINT('',(4.076230351787,2.641884426805,
    10.740384398536));
#15722 = VECTOR('',#15723,1.);
#15723 = DIRECTION('',(0.,1.,0.));
#15724 = ORIENTED_EDGE('',*,*,#13340,.F.);
#15725 = ORIENTED_EDGE('',*,*,#15686,.T.);
#15726 = PLANE('',#15727);
#15727 = AXIS2_PLACEMENT_3D('',#15728,#15729,#15730);
#15728 = CARTESIAN_POINT('',(4.226230351787,-5.308115573195,
    10.740384398536));
#15729 = DIRECTION('',(-8.340016711427E-17,0.,-1.));
#15730 = DIRECTION('',(-1.,0.,8.340016711427E-17));
#15731 = ADVANCED_FACE('',(#15732),#15743,.F.);
#15732 = FACE_BOUND('',#15733,.T.);
#15733 = EDGE_LOOP('',(#15734,#15735,#15736,#15737));
#15734 = ORIENTED_EDGE('',*,*,#13195,.F.);
#15735 = ORIENTED_EDGE('',*,*,#15701,.T.);
#15736 = ORIENTED_EDGE('',*,*,#13306,.F.);
#15737 = ORIENTED_EDGE('',*,*,#15738,.T.);
#15738 = EDGE_CURVE('',#13307,#13187,#15739,.T.);
#15739 = LINE('',#15740,#15741);
#15740 = CARTESIAN_POINT('',(4.076230351787,2.541884426805,
    11.140384398536));
#15741 = VECTOR('',#15742,1.);
#15742 = DIRECTION('',(0.,-1.,0.));
#15743 = PLANE('',#15744);
#15744 = AXIS2_PLACEMENT_3D('',#15745,#15746,#15747);
#15745 = CARTESIAN_POINT('',(4.226230351787,-5.308115573195,
    11.140384398536));
#15746 = DIRECTION('',(8.340016711427E-17,0.,1.));
#15747 = DIRECTION('',(1.,0.,-8.340016711427E-17));
#15748 = ADVANCED_FACE('',(#15749),#15760,.F.);
#15749 = FACE_BOUND('',#15750,.F.);
#15750 = EDGE_LOOP('',(#15751,#15752,#15753,#15759));
#15751 = ORIENTED_EDGE('',*,*,#15719,.T.);
#15752 = ORIENTED_EDGE('',*,*,#13331,.T.);
#15753 = ORIENTED_EDGE('',*,*,#15754,.T.);
#15754 = EDGE_CURVE('',#13324,#13170,#15755,.T.);
#15755 = LINE('',#15756,#15757);
#15756 = CARTESIAN_POINT('',(4.226230351787,2.541884426805,
    10.890384398536));
#15757 = VECTOR('',#15758,1.);
#15758 = DIRECTION('',(0.,-1.,0.));
#15759 = ORIENTED_EDGE('',*,*,#13169,.T.);
#15760 = CYLINDRICAL_SURFACE('',#15761,0.15);
#15761 = AXIS2_PLACEMENT_3D('',#15762,#15763,#15764);
#15762 = CARTESIAN_POINT('',(4.076230351787,-5.308115573195,
    10.890384398536));
#15763 = DIRECTION('',(0.,-1.,0.));
#15764 = DIRECTION('',(0.,0.,-1.));
#15765 = ADVANCED_FACE('',(#15766),#15777,.F.);
#15766 = FACE_BOUND('',#15767,.F.);
#15767 = EDGE_LOOP('',(#15768,#15774,#15775,#15776));
#15768 = ORIENTED_EDGE('',*,*,#15769,.T.);
#15769 = EDGE_CURVE('',#13179,#13315,#15770,.T.);
#15770 = LINE('',#15771,#15772);
#15771 = CARTESIAN_POINT('',(4.226230351787,2.641884426805,
    10.990384398536));
#15772 = VECTOR('',#15773,1.);
#15773 = DIRECTION('',(0.,1.,0.));
#15774 = ORIENTED_EDGE('',*,*,#13314,.T.);
#15775 = ORIENTED_EDGE('',*,*,#15738,.T.);
#15776 = ORIENTED_EDGE('',*,*,#13186,.T.);
#15777 = CYLINDRICAL_SURFACE('',#15778,0.15);
#15778 = AXIS2_PLACEMENT_3D('',#15779,#15780,#15781);
#15779 = CARTESIAN_POINT('',(4.076230351787,-5.308115573195,
    10.990384398536));
#15780 = DIRECTION('',(0.,-1.,0.));
#15781 = DIRECTION('',(0.,0.,-1.));
#15782 = ADVANCED_FACE('',(#15783),#15789,.F.);
#15783 = FACE_BOUND('',#15784,.T.);
#15784 = EDGE_LOOP('',(#15785,#15786,#15787,#15788));
#15785 = ORIENTED_EDGE('',*,*,#13178,.F.);
#15786 = ORIENTED_EDGE('',*,*,#15769,.T.);
#15787 = ORIENTED_EDGE('',*,*,#13323,.F.);
#15788 = ORIENTED_EDGE('',*,*,#15754,.T.);
#15789 = PLANE('',#15790);
#15790 = AXIS2_PLACEMENT_3D('',#15791,#15792,#15793);
#15791 = CARTESIAN_POINT('',(4.226230351787,-5.308115573195,
    11.140384398536));
#15792 = DIRECTION('',(1.,0.,0.));
#15793 = DIRECTION('',(0.,0.,-1.));
#15794 = ADVANCED_FACE('',(#15795),#15801,.F.);
#15795 = FACE_BOUND('',#15796,.F.);
#15796 = EDGE_LOOP('',(#15797,#15798,#15799,#15800));
#15797 = ORIENTED_EDGE('',*,*,#13251,.T.);
#15798 = ORIENTED_EDGE('',*,*,#15547,.T.);
#15799 = ORIENTED_EDGE('',*,*,#15512,.T.);
#15800 = ORIENTED_EDGE('',*,*,#15635,.T.);
#15801 = CYLINDRICAL_SURFACE('',#15802,1.E-01);
#15802 = AXIS2_PLACEMENT_3D('',#15803,#15804,#15805);
#15803 = CARTESIAN_POINT('',(2.306230351787,2.741884426805,
    10.490384398536));
#15804 = DIRECTION('',(-1.,0.,0.));
#15805 = DIRECTION('',(0.,0.,1.));
#15806 = ADVANCED_FACE('',(#15807),#15833,.F.);
#15807 = FACE_BOUND('',#15808,.T.);
#15808 = EDGE_LOOP('',(#15809,#15817,#15818,#15819,#15820,#15821,#15822,
    #15823,#15824,#15825,#15826,#15827));
#15809 = ORIENTED_EDGE('',*,*,#15810,.F.);
#15810 = EDGE_CURVE('',#15587,#15811,#15813,.T.);
#15811 = VERTEX_POINT('',#15812);
#15812 = CARTESIAN_POINT('',(4.846230351787,4.441884426805,
    10.290384398536));
#15813 = LINE('',#15814,#15815);
#15814 = CARTESIAN_POINT('',(4.846230351787,4.691884426805,
    10.290384398536));
#15815 = VECTOR('',#15816,1.);
#15816 = DIRECTION('',(-2.017120320903E-16,1.,0.));
#15817 = ORIENTED_EDGE('',*,*,#15586,.T.);
#15818 = ORIENTED_EDGE('',*,*,#13535,.T.);
#15819 = ORIENTED_EDGE('',*,*,#13491,.T.);
#15820 = ORIENTED_EDGE('',*,*,#13442,.T.);
#15821 = ORIENTED_EDGE('',*,*,#13477,.T.);
#15822 = ORIENTED_EDGE('',*,*,#13409,.T.);
#15823 = ORIENTED_EDGE('',*,*,#14188,.T.);
#15824 = ORIENTED_EDGE('',*,*,#14165,.T.);
#15825 = ORIENTED_EDGE('',*,*,#14147,.T.);
#15826 = ORIENTED_EDGE('',*,*,#14096,.T.);
#15827 = ORIENTED_EDGE('',*,*,#15828,.T.);
#15828 = EDGE_CURVE('',#14099,#15811,#15829,.T.);
#15829 = LINE('',#15830,#15831);
#15830 = CARTESIAN_POINT('',(3.576230351787,4.441884426805,
    10.290384398536));
#15831 = VECTOR('',#15832,1.);
#15832 = DIRECTION('',(1.,0.,0.));
#15833 = PLANE('',#15834);
#15834 = AXIS2_PLACEMENT_3D('',#15835,#15836,#15837);
#15835 = CARTESIAN_POINT('',(3.576230351787,3.616884426805,
    10.290384398536));
#15836 = DIRECTION('',(0.,0.,1.));
#15837 = DIRECTION('',(1.,0.,0.));
#15838 = ADVANCED_FACE('',(#15839),#15844,.F.);
#15839 = FACE_BOUND('',#15840,.T.);
#15840 = EDGE_LOOP('',(#15841,#15842,#15843));
#15841 = ORIENTED_EDGE('',*,*,#15555,.F.);
#15842 = ORIENTED_EDGE('',*,*,#13512,.T.);
#15843 = ORIENTED_EDGE('',*,*,#15578,.T.);
#15844 = PLANE('',#15845);
#15845 = AXIS2_PLACEMENT_3D('',#15846,#15847,#15848);
#15846 = CARTESIAN_POINT('',(2.306230351787,2.216884426805,
    0.390384398536));
#15847 = DIRECTION('',(1.,0.,0.));
#15848 = DIRECTION('',(0.,0.,-1.));
#15849 = ADVANCED_FACE('',(#15850),#15855,.F.);
#15850 = FACE_BOUND('',#15851,.F.);
#15851 = EDGE_LOOP('',(#15852,#15853,#15854));
#15852 = ORIENTED_EDGE('',*,*,#13697,.F.);
#15853 = ORIENTED_EDGE('',*,*,#13628,.F.);
#15854 = ORIENTED_EDGE('',*,*,#13619,.F.);
#15855 = PLANE('',#15856);
#15856 = AXIS2_PLACEMENT_3D('',#15857,#15858,#15859);
#15857 = CARTESIAN_POINT('',(4.756230351815,6.266884426791,
    10.390384398536));
#15858 = DIRECTION('',(0.,-0.,1.));
#15859 = DIRECTION('',(-1.,1.08968389867E-13,0.));
#15860 = ADVANCED_FACE('',(#15861),#15887,.F.);
#15861 = FACE_BOUND('',#15862,.F.);
#15862 = EDGE_LOOP('',(#15863,#15864,#15865,#15873,#15881));
#15863 = ORIENTED_EDGE('',*,*,#13637,.F.);
#15864 = ORIENTED_EDGE('',*,*,#13703,.F.);
#15865 = ORIENTED_EDGE('',*,*,#15866,.F.);
#15866 = EDGE_CURVE('',#15867,#13704,#15869,.T.);
#15867 = VERTEX_POINT('',#15868);
#15868 = CARTESIAN_POINT('',(5.306230351689,4.53188442679,
    10.390384398607));
#15869 = LINE('',#15870,#15871);
#15870 = CARTESIAN_POINT('',(5.306230351689,4.06688442679,
    10.390384398608));
#15871 = VECTOR('',#15872,1.);
#15872 = DIRECTION('',(-1.08968389867E-13,-1.,2.220446049008E-16));
#15873 = ORIENTED_EDGE('',*,*,#15874,.F.);
#15874 = EDGE_CURVE('',#15875,#15867,#15877,.T.);
#15875 = VERTEX_POINT('',#15876);
#15876 = CARTESIAN_POINT('',(6.706230351689,4.531884426789,
    10.390384398608));
#15877 = LINE('',#15878,#15879);
#15878 = CARTESIAN_POINT('',(5.306230351689,4.53188442679,
    10.390384398608));
#15879 = VECTOR('',#15880,1.);
#15880 = DIRECTION('',(-1.,1.091232758916E-13,-9.020562076324E-17));
#15881 = ORIENTED_EDGE('',*,*,#15882,.F.);
#15882 = EDGE_CURVE('',#13638,#15875,#15883,.T.);
#15883 = LINE('',#15884,#15885);
#15884 = CARTESIAN_POINT('',(6.706230351689,4.066884426789,
    10.390384398608));
#15885 = VECTOR('',#15886,1.);
#15886 = DIRECTION('',(1.08968389867E-13,1.,-2.220446049008E-16));
#15887 = PLANE('',#15888);
#15888 = AXIS2_PLACEMENT_3D('',#15889,#15890,#15891);
#15889 = CARTESIAN_POINT('',(5.306230351689,4.06688442679,
    10.390384398608));
#15890 = DIRECTION('',(9.020562076321E-17,-2.220446049008E-16,-1.));
#15891 = DIRECTION('',(-1.,1.08968389867E-13,-9.020562076324E-17));
#15892 = ADVANCED_FACE('',(#15893),#15912,.F.);
#15893 = FACE_BOUND('',#15894,.T.);
#15894 = EDGE_LOOP('',(#15895,#15896,#15905,#15911));
#15895 = ORIENTED_EDGE('',*,*,#13646,.T.);
#15896 = ORIENTED_EDGE('',*,*,#15897,.T.);
#15897 = EDGE_CURVE('',#13647,#15898,#15900,.T.);
#15898 = VERTEX_POINT('',#15899);
#15899 = CARTESIAN_POINT('',(6.706230351689,4.616784386757,
    10.390384398608));
#15900 = CIRCLE('',#15901,0.16);
#15901 = AXIS2_PLACEMENT_3D('',#15902,#15903,#15904);
#15902 = CARTESIAN_POINT('',(6.706230351689,4.491884426789,
    10.490384398608));
#15903 = DIRECTION('',(1.,-1.08968389867E-13,9.020562076319E-17));
#15904 = DIRECTION('',(-9.020562083036E-17,-6.164179409956E-13,1.));
#15905 = ORIENTED_EDGE('',*,*,#15906,.F.);
#15906 = EDGE_CURVE('',#15875,#15898,#15907,.T.);
#15907 = LINE('',#15908,#15909);
#15908 = CARTESIAN_POINT('',(6.706230351689,4.451884426789,
    10.390384398608));
#15909 = VECTOR('',#15910,1.);
#15910 = DIRECTION('',(1.08968389867E-13,1.,-2.220446049008E-16));
#15911 = ORIENTED_EDGE('',*,*,#15882,.F.);
#15912 = PLANE('',#15913);
#15913 = AXIS2_PLACEMENT_3D('',#15914,#15915,#15916);
#15914 = CARTESIAN_POINT('',(6.706230351689,4.651884426789,
    11.440384398608));
#15915 = DIRECTION('',(-1.,1.08968389867E-13,-9.020562076319E-17));
#15916 = DIRECTION('',(-9.020562076316E-17,2.220446049008E-16,1.));
#15917 = ADVANCED_FACE('',(#15918),#15956,.T.);
#15918 = FACE_BOUND('',#15919,.T.);
#15919 = EDGE_LOOP('',(#15920,#15931,#15939,#15946,#15947,#15948,#15949)
  );
#15920 = ORIENTED_EDGE('',*,*,#15921,.F.);
#15921 = EDGE_CURVE('',#15922,#15924,#15926,.T.);
#15922 = VERTEX_POINT('',#15923);
#15923 = CARTESIAN_POINT('',(5.311471129617,4.65188442679,
    10.490384398608));
#15924 = VERTEX_POINT('',#15925);
#15925 = CARTESIAN_POINT('',(5.306230351689,4.616784386757,
    10.390384398607));
#15926 = ( BOUNDED_CURVE() B_SPLINE_CURVE(3,(#15927,#15928,#15929,#15930
),.UNSPECIFIED.,.F.,.F.) B_SPLINE_CURVE_WITH_KNOTS((4,4),(4.712388980385
,5.387520513327),.PIECEWISE_BEZIER_KNOTS.) CURVE() 
GEOMETRIC_REPRESENTATION_ITEM() RATIONAL_B_SPLINE_CURVE((1.,
0.962375771364,0.962375771364,1.)) REPRESENTATION_ITEM('') );
#15927 = CARTESIAN_POINT('',(5.311471129617,4.65188442679,
    10.490384398608));
#15928 = CARTESIAN_POINT('',(5.309547335391,4.65188442679,
    10.453676218018));
#15929 = CARTESIAN_POINT('',(5.307732113076,4.639726999626,
    10.419039712897));
#15930 = CARTESIAN_POINT('',(5.306230351689,4.616784386757,
    10.390384398607));
#15931 = ORIENTED_EDGE('',*,*,#15932,.F.);
#15932 = EDGE_CURVE('',#15933,#15922,#15935,.T.);
#15933 = VERTEX_POINT('',#15934);
#15934 = CARTESIAN_POINT('',(6.70098957376,4.651884426789,
    10.490384398608));
#15935 = LINE('',#15936,#15937);
#15936 = CARTESIAN_POINT('',(5.306230351689,4.65188442679,
    10.490384398608));
#15937 = VECTOR('',#15938,1.);
#15938 = DIRECTION('',(-1.,1.08968389867E-13,-9.020562076324E-17));
#15939 = ORIENTED_EDGE('',*,*,#15940,.F.);
#15940 = EDGE_CURVE('',#15898,#15933,#15941,.T.);
#15941 = ( BOUNDED_CURVE() B_SPLINE_CURVE(3,(#15942,#15943,#15944,#15945
),.UNSPECIFIED.,.F.,.F.) B_SPLINE_CURVE_WITH_KNOTS((4,4),(4.037257447446
,4.712388980385),.PIECEWISE_BEZIER_KNOTS.) CURVE() 
GEOMETRIC_REPRESENTATION_ITEM() RATIONAL_B_SPLINE_CURVE((1.,
0.962375771364,0.962375771364,1.)) REPRESENTATION_ITEM('') );
#15942 = CARTESIAN_POINT('',(6.706230351689,4.616784386757,
    10.390384398608));
#15943 = CARTESIAN_POINT('',(6.704728590302,4.639726999626,
    10.419039712897));
#15944 = CARTESIAN_POINT('',(6.702913367987,4.651884426789,
    10.453676218018));
#15945 = CARTESIAN_POINT('',(6.70098957376,4.651884426789,
    10.490384398608));
#15946 = ORIENTED_EDGE('',*,*,#15897,.F.);
#15947 = ORIENTED_EDGE('',*,*,#13654,.F.);
#15948 = ORIENTED_EDGE('',*,*,#14619,.F.);
#15949 = ORIENTED_EDGE('',*,*,#15950,.F.);
#15950 = EDGE_CURVE('',#15924,#14612,#15951,.T.);
#15951 = CIRCLE('',#15952,0.16);
#15952 = AXIS2_PLACEMENT_3D('',#15953,#15954,#15955);
#15953 = CARTESIAN_POINT('',(5.306230351689,4.49188442679,
    10.490384398608));
#15954 = DIRECTION('',(-1.,1.08968389867E-13,-2.221348105458E-13));
#15955 = DIRECTION('',(1.08968389867E-13,1.,-2.220446049008E-16));
#15956 = CYLINDRICAL_SURFACE('',#15957,0.16);
#15957 = AXIS2_PLACEMENT_3D('',#15958,#15959,#15960);
#15958 = CARTESIAN_POINT('',(7.306230351689,4.491884426789,
    10.490384398608));
#15959 = DIRECTION('',(-1.,1.08968389867E-13,-9.020562076324E-17));
#15960 = DIRECTION('',(-9.020562076321E-17,2.220446049008E-16,1.));
#15961 = ADVANCED_FACE('',(#15962),#15996,.F.);
#15962 = FACE_BOUND('',#15963,.T.);
#15963 = EDGE_LOOP('',(#15964,#15965,#15971,#15972,#15981,#15989));
#15964 = ORIENTED_EDGE('',*,*,#13949,.F.);
#15965 = ORIENTED_EDGE('',*,*,#15966,.T.);
#15966 = EDGE_CURVE('',#13913,#13763,#15967,.T.);
#15967 = LINE('',#15968,#15969);
#15968 = CARTESIAN_POINT('',(4.798651928746,4.591884426805,
    11.298234791972));
#15969 = VECTOR('',#15970,1.);
#15970 = DIRECTION('',(8.537024980201E-17,-1.,-2.104309505173E-36));
#15971 = ORIENTED_EDGE('',*,*,#13760,.F.);
#15972 = ORIENTED_EDGE('',*,*,#15973,.T.);
#15973 = EDGE_CURVE('',#13761,#15974,#15976,.T.);
#15974 = VERTEX_POINT('',#15975);
#15975 = CARTESIAN_POINT('',(4.846230351787,4.491884426805,
    10.390384398536));
#15976 = ( BOUNDED_CURVE() B_SPLINE_CURVE(3,(#15977,#15978,#15979,#15980
),.UNSPECIFIED.,.F.,.F.) B_SPLINE_CURVE_WITH_KNOTS((4,4),(4.712388980385
,6.28318530718),.PIECEWISE_BEZIER_KNOTS.) CURVE() 
GEOMETRIC_REPRESENTATION_ITEM() RATIONAL_B_SPLINE_CURVE((1.,
0.804737854124,0.804737854124,1.)) REPRESENTATION_ITEM('') );
#15977 = CARTESIAN_POINT('',(4.840989573859,4.591884426805,
    10.490384398536));
#15978 = CARTESIAN_POINT('',(4.844059550492,4.591884426805,
    10.431805754773));
#15979 = CARTESIAN_POINT('',(4.846230351787,4.550463070568,
    10.390384398536));
#15980 = CARTESIAN_POINT('',(4.846230351787,4.491884426805,
    10.390384398536));
#15981 = ORIENTED_EDGE('',*,*,#15982,.F.);
#15982 = EDGE_CURVE('',#15983,#15974,#15985,.T.);
#15983 = VERTEX_POINT('',#15984);
#15984 = CARTESIAN_POINT('',(4.846230351787,4.641884426805,
    10.390384398536));
#15985 = LINE('',#15986,#15987);
#15986 = CARTESIAN_POINT('',(4.846230351787,32.541884426805,
    10.390384398536));
#15987 = VECTOR('',#15988,1.);
#15988 = DIRECTION('',(8.537024980201E-17,-1.,0.));
#15989 = ORIENTED_EDGE('',*,*,#15990,.T.);
#15990 = EDGE_CURVE('',#15983,#13942,#15991,.T.);
#15991 = ( BOUNDED_CURVE() B_SPLINE_CURVE(3,(#15992,#15993,#15994,#15995
),.UNSPECIFIED.,.F.,.F.) B_SPLINE_CURVE_WITH_KNOTS((4,4),(4.068887871591
,4.712388980385),.PIECEWISE_BEZIER_KNOTS.) CURVE() 
GEOMETRIC_REPRESENTATION_ITEM() RATIONAL_B_SPLINE_CURVE((1.,
0.965788865367,0.965788865367,1.)) REPRESENTATION_ITEM('') );
#15992 = CARTESIAN_POINT('',(4.846230351787,4.641884426805,
    10.390384398536));
#15993 = CARTESIAN_POINT('',(4.843942371386,4.67462737688,
    10.434041665303));
#15994 = CARTESIAN_POINT('',(4.841229160396,4.691884426805,
    10.485812815078));
#15995 = CARTESIAN_POINT('',(4.838369184895,4.691884426805,
    10.540384398536));
#15996 = PLANE('',#15997);
#15997 = AXIS2_PLACEMENT_3D('',#15998,#15999,#16000);
#15998 = CARTESIAN_POINT('',(4.79120218354,32.541884426805,
    11.440384398536));
#15999 = DIRECTION('',(-0.998629534755,-8.525325284166E-17,
    -5.233595624294E-02));
#16000 = DIRECTION('',(-5.233595624294E-02,-6.182807899591E-34,
    0.998629534755));
#16001 = ADVANCED_FACE('',(#16002),#16008,.T.);
#16002 = FACE_BOUND('',#16003,.T.);
#16003 = EDGE_LOOP('',(#16004,#16005,#16006,#16007));
#16004 = ORIENTED_EDGE('',*,*,#13912,.F.);
#16005 = ORIENTED_EDGE('',*,*,#13890,.F.);
#16006 = ORIENTED_EDGE('',*,*,#13803,.F.);
#16007 = ORIENTED_EDGE('',*,*,#15966,.F.);
#16008 = CYLINDRICAL_SURFACE('',#16009,0.15);
#16009 = AXIS2_PLACEMENT_3D('',#16010,#16011,#16012);
#16010 = CARTESIAN_POINT('',(4.648857498533,32.541884426805,
    11.290384398536));
#16011 = DIRECTION('',(-8.537024980201E-17,1.,0.));
#16012 = DIRECTION('',(-1.,-8.537024980201E-17,-0.));
#16013 = ADVANCED_FACE('',(#16014),#16049,.F.);
#16014 = FACE_BOUND('',#16015,.T.);
#16015 = EDGE_LOOP('',(#16016,#16017,#16018,#16019,#16028,#16034,#16042)
  );
#16016 = ORIENTED_EDGE('',*,*,#13778,.F.);
#16017 = ORIENTED_EDGE('',*,*,#14046,.T.);
#16018 = ORIENTED_EDGE('',*,*,#13933,.F.);
#16019 = ORIENTED_EDGE('',*,*,#16020,.T.);
#16020 = EDGE_CURVE('',#13934,#16021,#16023,.T.);
#16021 = VERTEX_POINT('',#16022);
#16022 = CARTESIAN_POINT('',(2.306230351787,4.641884426805,
    10.390384398536));
#16023 = ( BOUNDED_CURVE() B_SPLINE_CURVE(3,(#16024,#16025,#16026,#16027
),.UNSPECIFIED.,.F.,.F.) B_SPLINE_CURVE_WITH_KNOTS((4,4),(4.712388980385
,5.355890089178),.PIECEWISE_BEZIER_KNOTS.) CURVE() 
GEOMETRIC_REPRESENTATION_ITEM() RATIONAL_B_SPLINE_CURVE((1.,
0.965788865367,0.965788865367,1.)) REPRESENTATION_ITEM('') );
#16024 = CARTESIAN_POINT('',(2.314091518679,4.691884426805,
    10.540384398536));
#16025 = CARTESIAN_POINT('',(2.311231543178,4.691884426805,
    10.485812815078));
#16026 = CARTESIAN_POINT('',(2.308518332188,4.67462737688,
    10.434041665303));
#16027 = CARTESIAN_POINT('',(2.306230351787,4.641884426805,
    10.390384398536));
#16028 = ORIENTED_EDGE('',*,*,#16029,.T.);
#16029 = EDGE_CURVE('',#16021,#14123,#16030,.T.);
#16030 = LINE('',#16031,#16032);
#16031 = CARTESIAN_POINT('',(2.306230351787,5.016884426805,
    10.390384398536));
#16032 = VECTOR('',#16033,1.);
#16033 = DIRECTION('',(-1.548860246408E-16,-1.,0.));
#16034 = ORIENTED_EDGE('',*,*,#16035,.F.);
#16035 = EDGE_CURVE('',#16036,#14123,#16038,.T.);
#16036 = VERTEX_POINT('',#16037);
#16037 = CARTESIAN_POINT('',(2.306230351787,4.491884426805,
    10.390384398536));
#16038 = LINE('',#16039,#16040);
#16039 = CARTESIAN_POINT('',(2.306230351787,3.616884426805,
    10.390384398536));
#16040 = VECTOR('',#16041,1.);
#16041 = DIRECTION('',(-8.537024980201E-17,1.,0.));
#16042 = ORIENTED_EDGE('',*,*,#16043,.T.);
#16043 = EDGE_CURVE('',#16036,#13771,#16044,.T.);
#16044 = ( BOUNDED_CURVE() B_SPLINE_CURVE(3,(#16045,#16046,#16047,#16048
),.UNSPECIFIED.,.F.,.F.) B_SPLINE_CURVE_WITH_KNOTS((4,4),(3.14159265359,
4.712388980385),.PIECEWISE_BEZIER_KNOTS.) CURVE() 
GEOMETRIC_REPRESENTATION_ITEM() RATIONAL_B_SPLINE_CURVE((1.,
0.804737854124,0.804737854124,1.)) REPRESENTATION_ITEM('') );
#16045 = CARTESIAN_POINT('',(2.306230351787,4.491884426805,
    10.390384398536));
#16046 = CARTESIAN_POINT('',(2.306230351787,4.550463070568,
    10.390384398536));
#16047 = CARTESIAN_POINT('',(2.308401153082,4.591884426805,
    10.431805754773));
#16048 = CARTESIAN_POINT('',(2.311471129715,4.591884426805,
    10.490384398536));
#16049 = PLANE('',#16050);
#16050 = AXIS2_PLACEMENT_3D('',#16051,#16052,#16053);
#16051 = CARTESIAN_POINT('',(2.306230351787,32.541884426805,
    10.390384398536));
#16052 = DIRECTION('',(0.998629534755,8.525325284166E-17,
    -5.233595624294E-02));
#16053 = DIRECTION('',(-5.233595624294E-02,-9.791878148592E-34,
    -0.998629534755));
#16054 = ADVANCED_FACE('',(#16055),#16066,.F.);
#16055 = FACE_BOUND('',#16056,.F.);
#16056 = EDGE_LOOP('',(#16057,#16058,#16059,#16065));
#16057 = ORIENTED_EDGE('',*,*,#13770,.T.);
#16058 = ORIENTED_EDGE('',*,*,#15973,.T.);
#16059 = ORIENTED_EDGE('',*,*,#16060,.T.);
#16060 = EDGE_CURVE('',#15974,#16036,#16061,.T.);
#16061 = LINE('',#16062,#16063);
#16062 = CARTESIAN_POINT('',(3.576230351787,4.491884426805,
    10.390384398536));
#16063 = VECTOR('',#16064,1.);
#16064 = DIRECTION('',(-1.,-0.,-0.));
#16065 = ORIENTED_EDGE('',*,*,#16043,.T.);
#16066 = CYLINDRICAL_SURFACE('',#16067,0.1);
#16067 = AXIS2_PLACEMENT_3D('',#16068,#16069,#16070);
#16068 = CARTESIAN_POINT('',(2.306230351787,4.491884426805,
    10.490384398536));
#16069 = DIRECTION('',(1.,0.,0.));
#16070 = DIRECTION('',(0.,0.,-1.));
#16071 = ADVANCED_FACE('',(#16072),#16088,.F.);
#16072 = FACE_BOUND('',#16073,.T.);
#16073 = EDGE_LOOP('',(#16074,#16075,#16081,#16082));
#16074 = ORIENTED_EDGE('',*,*,#13976,.T.);
#16075 = ORIENTED_EDGE('',*,*,#16076,.T.);
#16076 = EDGE_CURVE('',#13977,#13815,#16077,.T.);
#16077 = LINE('',#16078,#16079);
#16078 = CARTESIAN_POINT('',(2.926230351787,4.591884426805,
    10.990384398536));
#16079 = VECTOR('',#16080,1.);
#16080 = DIRECTION('',(-0.,-1.,-0.));
#16081 = ORIENTED_EDGE('',*,*,#13812,.F.);
#16082 = ORIENTED_EDGE('',*,*,#16083,.T.);
#16083 = EDGE_CURVE('',#13813,#13968,#16084,.T.);
#16084 = LINE('',#16085,#16086);
#16085 = CARTESIAN_POINT('',(2.926230351787,4.691884426805,
    10.890384398536));
#16086 = VECTOR('',#16087,1.);
#16087 = DIRECTION('',(0.,1.,0.));
#16088 = PLANE('',#16089);
#16089 = AXIS2_PLACEMENT_3D('',#16090,#16091,#16092);
#16090 = CARTESIAN_POINT('',(2.926230351787,-5.308115573195,
    11.140384398536));
#16091 = DIRECTION('',(-1.,0.,0.));
#16092 = DIRECTION('',(0.,0.,1.));
#16093 = ADVANCED_FACE('',(#16094),#16105,.F.);
#16094 = FACE_BOUND('',#16095,.F.);
#16095 = EDGE_LOOP('',(#16096,#16097,#16098,#16104));
#16096 = ORIENTED_EDGE('',*,*,#16083,.T.);
#16097 = ORIENTED_EDGE('',*,*,#13967,.T.);
#16098 = ORIENTED_EDGE('',*,*,#16099,.T.);
#16099 = EDGE_CURVE('',#13960,#13823,#16100,.T.);
#16100 = LINE('',#16101,#16102);
#16101 = CARTESIAN_POINT('',(3.076230351787,4.591884426805,
    10.740384398536));
#16102 = VECTOR('',#16103,1.);
#16103 = DIRECTION('',(-0.,-1.,-0.));
#16104 = ORIENTED_EDGE('',*,*,#13822,.T.);
#16105 = CYLINDRICAL_SURFACE('',#16106,0.15);
#16106 = AXIS2_PLACEMENT_3D('',#16107,#16108,#16109);
#16107 = CARTESIAN_POINT('',(3.076230351787,-5.308115573195,
    10.890384398536));
#16108 = DIRECTION('',(0.,-1.,0.));
#16109 = DIRECTION('',(0.,0.,-1.));
#16110 = ADVANCED_FACE('',(#16111),#16122,.F.);
#16111 = FACE_BOUND('',#16112,.F.);
#16112 = EDGE_LOOP('',(#16113,#16119,#16120,#16121));
#16113 = ORIENTED_EDGE('',*,*,#16114,.T.);
#16114 = EDGE_CURVE('',#13866,#13985,#16115,.T.);
#16115 = LINE('',#16116,#16117);
#16116 = CARTESIAN_POINT('',(3.076230351787,4.691884426805,
    11.140384398536));
#16117 = VECTOR('',#16118,1.);
#16118 = DIRECTION('',(0.,1.,0.));
#16119 = ORIENTED_EDGE('',*,*,#13984,.T.);
#16120 = ORIENTED_EDGE('',*,*,#16076,.T.);
#16121 = ORIENTED_EDGE('',*,*,#13873,.T.);
#16122 = CYLINDRICAL_SURFACE('',#16123,0.15);
#16123 = AXIS2_PLACEMENT_3D('',#16124,#16125,#16126);
#16124 = CARTESIAN_POINT('',(3.076230351787,-5.308115573195,
    10.990384398536));
#16125 = DIRECTION('',(0.,-1.,0.));
#16126 = DIRECTION('',(0.,0.,-1.));
#16127 = ADVANCED_FACE('',(#16128),#16139,.F.);
#16128 = FACE_BOUND('',#16129,.T.);
#16129 = EDGE_LOOP('',(#16130,#16131,#16137,#16138));
#16130 = ORIENTED_EDGE('',*,*,#13831,.F.);
#16131 = ORIENTED_EDGE('',*,*,#16132,.T.);
#16132 = EDGE_CURVE('',#13832,#13958,#16133,.T.);
#16133 = LINE('',#16134,#16135);
#16134 = CARTESIAN_POINT('',(4.076230351787,4.691884426805,
    10.740384398536));
#16135 = VECTOR('',#16136,1.);
#16136 = DIRECTION('',(0.,1.,0.));
#16137 = ORIENTED_EDGE('',*,*,#13957,.T.);
#16138 = ORIENTED_EDGE('',*,*,#16099,.T.);
#16139 = PLANE('',#16140);
#16140 = AXIS2_PLACEMENT_3D('',#16141,#16142,#16143);
#16141 = CARTESIAN_POINT('',(4.226230351787,-5.308115573195,
    10.740384398536));
#16142 = DIRECTION('',(-8.340016711427E-17,0.,-1.));
#16143 = DIRECTION('',(-1.,0.,8.340016711427E-17));
#16144 = ADVANCED_FACE('',(#16145),#16156,.F.);
#16145 = FACE_BOUND('',#16146,.T.);
#16146 = EDGE_LOOP('',(#16147,#16148,#16154,#16155));
#16147 = ORIENTED_EDGE('',*,*,#13993,.T.);
#16148 = ORIENTED_EDGE('',*,*,#16149,.T.);
#16149 = EDGE_CURVE('',#13994,#13857,#16150,.T.);
#16150 = LINE('',#16151,#16152);
#16151 = CARTESIAN_POINT('',(4.076230351787,4.591884426805,
    11.140384398536));
#16152 = VECTOR('',#16153,1.);
#16153 = DIRECTION('',(0.,-1.,0.));
#16154 = ORIENTED_EDGE('',*,*,#13865,.F.);
#16155 = ORIENTED_EDGE('',*,*,#16114,.T.);
#16156 = PLANE('',#16157);
#16157 = AXIS2_PLACEMENT_3D('',#16158,#16159,#16160);
#16158 = CARTESIAN_POINT('',(4.226230351787,-5.308115573195,
    11.140384398536));
#16159 = DIRECTION('',(8.340016711427E-17,0.,1.));
#16160 = DIRECTION('',(1.,0.,-8.340016711427E-17));
#16161 = ADVANCED_FACE('',(#16162),#16173,.F.);
#16162 = FACE_BOUND('',#16163,.F.);
#16163 = EDGE_LOOP('',(#16164,#16165,#16166,#16172));
#16164 = ORIENTED_EDGE('',*,*,#16132,.T.);
#16165 = ORIENTED_EDGE('',*,*,#14018,.T.);
#16166 = ORIENTED_EDGE('',*,*,#16167,.T.);
#16167 = EDGE_CURVE('',#14011,#13840,#16168,.T.);
#16168 = LINE('',#16169,#16170);
#16169 = CARTESIAN_POINT('',(4.226230351787,4.591884426805,
    10.890384398536));
#16170 = VECTOR('',#16171,1.);
#16171 = DIRECTION('',(0.,-1.,0.));
#16172 = ORIENTED_EDGE('',*,*,#13839,.T.);
#16173 = CYLINDRICAL_SURFACE('',#16174,0.15);
#16174 = AXIS2_PLACEMENT_3D('',#16175,#16176,#16177);
#16175 = CARTESIAN_POINT('',(4.076230351787,-5.308115573195,
    10.890384398536));
#16176 = DIRECTION('',(0.,-1.,0.));
#16177 = DIRECTION('',(0.,0.,-1.));
#16178 = ADVANCED_FACE('',(#16179),#16190,.F.);
#16179 = FACE_BOUND('',#16180,.F.);
#16180 = EDGE_LOOP('',(#16181,#16187,#16188,#16189));
#16181 = ORIENTED_EDGE('',*,*,#16182,.T.);
#16182 = EDGE_CURVE('',#13849,#14002,#16183,.T.);
#16183 = LINE('',#16184,#16185);
#16184 = CARTESIAN_POINT('',(4.226230351787,4.691884426805,
    10.990384398536));
#16185 = VECTOR('',#16186,1.);
#16186 = DIRECTION('',(0.,1.,0.));
#16187 = ORIENTED_EDGE('',*,*,#14001,.T.);
#16188 = ORIENTED_EDGE('',*,*,#16149,.T.);
#16189 = ORIENTED_EDGE('',*,*,#13856,.T.);
#16190 = CYLINDRICAL_SURFACE('',#16191,0.15);
#16191 = AXIS2_PLACEMENT_3D('',#16192,#16193,#16194);
#16192 = CARTESIAN_POINT('',(4.076230351787,-5.308115573195,
    10.990384398536));
#16193 = DIRECTION('',(0.,-1.,0.));
#16194 = DIRECTION('',(0.,0.,-1.));
#16195 = ADVANCED_FACE('',(#16196),#16202,.F.);
#16196 = FACE_BOUND('',#16197,.T.);
#16197 = EDGE_LOOP('',(#16198,#16199,#16200,#16201));
#16198 = ORIENTED_EDGE('',*,*,#14010,.T.);
#16199 = ORIENTED_EDGE('',*,*,#16167,.T.);
#16200 = ORIENTED_EDGE('',*,*,#13848,.F.);
#16201 = ORIENTED_EDGE('',*,*,#16182,.T.);
#16202 = PLANE('',#16203);
#16203 = AXIS2_PLACEMENT_3D('',#16204,#16205,#16206);
#16204 = CARTESIAN_POINT('',(4.226230351787,-5.308115573195,
    11.140384398536));
#16205 = DIRECTION('',(1.,0.,0.));
#16206 = DIRECTION('',(0.,0.,-1.));
#16207 = ADVANCED_FACE('',(#16208),#16229,.T.);
#16208 = FACE_BOUND('',#16209,.T.);
#16209 = EDGE_LOOP('',(#16210,#16217,#16218,#16219,#16226,#16227,#16228)
  );
#16210 = ORIENTED_EDGE('',*,*,#16211,.F.);
#16211 = EDGE_CURVE('',#15811,#15983,#16212,.T.);
#16212 = CIRCLE('',#16213,0.25);
#16213 = AXIS2_PLACEMENT_3D('',#16214,#16215,#16216);
#16214 = CARTESIAN_POINT('',(4.846230351787,4.441884426805,
    10.540384398536));
#16215 = DIRECTION('',(1.,2.017120320903E-16,7.868619306511E-48));
#16216 = DIRECTION('',(2.017120320903E-16,-1.,-8.673617379884E-16));
#16217 = ORIENTED_EDGE('',*,*,#15828,.F.);
#16218 = ORIENTED_EDGE('',*,*,#14107,.T.);
#16219 = ORIENTED_EDGE('',*,*,#16220,.F.);
#16220 = EDGE_CURVE('',#16021,#14108,#16221,.T.);
#16221 = CIRCLE('',#16222,0.25);
#16222 = AXIS2_PLACEMENT_3D('',#16223,#16224,#16225);
#16223 = CARTESIAN_POINT('',(2.306230351787,4.441884426805,
    10.540384398536));
#16224 = DIRECTION('',(-1.,-0.,0.));
#16225 = DIRECTION('',(0.,-8.673617379884E-15,-1.));
#16226 = ORIENTED_EDGE('',*,*,#16020,.F.);
#16227 = ORIENTED_EDGE('',*,*,#13941,.F.);
#16228 = ORIENTED_EDGE('',*,*,#15990,.F.);
#16229 = CYLINDRICAL_SURFACE('',#16230,0.25);
#16230 = AXIS2_PLACEMENT_3D('',#16231,#16232,#16233);
#16231 = CARTESIAN_POINT('',(2.306230351787,4.441884426805,
    10.540384398536));
#16232 = DIRECTION('',(-1.,0.,0.));
#16233 = DIRECTION('',(0.,0.,1.));
#16234 = ADVANCED_FACE('',(#16235),#16247,.T.);
#16235 = FACE_BOUND('',#16236,.T.);
#16236 = EDGE_LOOP('',(#16237,#16238,#16244,#16245,#16246));
#16237 = ORIENTED_EDGE('',*,*,#14078,.T.);
#16238 = ORIENTED_EDGE('',*,*,#16239,.T.);
#16239 = EDGE_CURVE('',#14071,#15974,#16240,.T.);
#16240 = LINE('',#16241,#16242);
#16241 = CARTESIAN_POINT('',(4.846230351787,4.691884426805,
    10.390384398536));
#16242 = VECTOR('',#16243,1.);
#16243 = DIRECTION('',(-2.017120320903E-16,1.,0.));
#16244 = ORIENTED_EDGE('',*,*,#16060,.T.);
#16245 = ORIENTED_EDGE('',*,*,#16035,.T.);
#16246 = ORIENTED_EDGE('',*,*,#14130,.T.);
#16247 = PLANE('',#16248);
#16248 = AXIS2_PLACEMENT_3D('',#16249,#16250,#16251);
#16249 = CARTESIAN_POINT('',(3.576230351787,3.616884426805,
    10.390384398536));
#16250 = DIRECTION('',(0.,0.,1.));
#16251 = DIRECTION('',(1.,0.,0.));
#16252 = ADVANCED_FACE('',(#16253),#16258,.F.);
#16253 = FACE_BOUND('',#16254,.T.);
#16254 = EDGE_LOOP('',(#16255,#16256,#16257));
#16255 = ORIENTED_EDGE('',*,*,#16220,.T.);
#16256 = ORIENTED_EDGE('',*,*,#14122,.T.);
#16257 = ORIENTED_EDGE('',*,*,#16029,.F.);
#16258 = PLANE('',#16259);
#16259 = AXIS2_PLACEMENT_3D('',#16260,#16261,#16262);
#16260 = CARTESIAN_POINT('',(2.306230351787,5.016884426805,
    0.390384398536));
#16261 = DIRECTION('',(1.,0.,0.));
#16262 = DIRECTION('',(0.,0.,-1.));
#16263 = ADVANCED_FACE('',(#16264),#16275,.T.);
#16264 = FACE_BOUND('',#16265,.T.);
#16265 = EDGE_LOOP('',(#16266,#16272,#16273,#16274));
#16266 = ORIENTED_EDGE('',*,*,#16267,.T.);
#16267 = EDGE_CURVE('',#14318,#14483,#16268,.T.);
#16268 = LINE('',#16269,#16270);
#16269 = CARTESIAN_POINT('',(1.889563685148,9.033551093458,
    11.923717731869));
#16270 = VECTOR('',#16271,1.);
#16271 = DIRECTION('',(-0.57735026919,0.57735026919,-0.57735026919));
#16272 = ORIENTED_EDGE('',*,*,#14482,.F.);
#16273 = ORIENTED_EDGE('',*,*,#14229,.F.);
#16274 = ORIENTED_EDGE('',*,*,#14341,.F.);
#16275 = PLANE('',#16276);
#16276 = AXIS2_PLACEMENT_3D('',#16277,#16278,#16279);
#16277 = CARTESIAN_POINT('',(2.156230351815,9.166884426791,
    11.790384398536));
#16278 = DIRECTION('',(-7.705228740991E-14,-0.707106781187,
    -0.707106781187));
#16279 = DIRECTION('',(-1.,1.08968389867E-13,0.));
#16280 = ADVANCED_FACE('',(#16281),#16299,.F.);
#16281 = FACE_BOUND('',#16282,.T.);
#16282 = EDGE_LOOP('',(#16283,#16284,#16292,#16298));
#16283 = ORIENTED_EDGE('',*,*,#14411,.F.);
#16284 = ORIENTED_EDGE('',*,*,#16285,.F.);
#16285 = EDGE_CURVE('',#16286,#14404,#16288,.T.);
#16286 = VERTEX_POINT('',#16287);
#16287 = CARTESIAN_POINT('',(0.856230351815,10.066884426791,
    11.240384398536));
#16288 = LINE('',#16289,#16290);
#16289 = CARTESIAN_POINT('',(0.856230351815,10.066884426791,
    11.540384398536));
#16290 = VECTOR('',#16291,1.);
#16291 = DIRECTION('',(0.,0.,-1.));
#16292 = ORIENTED_EDGE('',*,*,#16293,.T.);
#16293 = EDGE_CURVE('',#16286,#14268,#16294,.T.);
#16294 = LINE('',#16295,#16296);
#16295 = CARTESIAN_POINT('',(0.856230351815,8.766884426791,
    11.240384398536));
#16296 = VECTOR('',#16297,1.);
#16297 = DIRECTION('',(-1.08968389867E-13,-1.,0.));
#16298 = ORIENTED_EDGE('',*,*,#14267,.T.);
#16299 = PLANE('',#16300);
#16300 = AXIS2_PLACEMENT_3D('',#16301,#16302,#16303);
#16301 = CARTESIAN_POINT('',(0.856230351815,8.766884426791,
    11.540384398536));
#16302 = DIRECTION('',(-1.,1.08968389867E-13,0.));
#16303 = DIRECTION('',(0.,0.,-1.));
#16304 = ADVANCED_FACE('',(#16305),#16317,.F.);
#16305 = FACE_BOUND('',#16306,.F.);
#16306 = EDGE_LOOP('',(#16307,#16308,#16315,#16316));
#16307 = ORIENTED_EDGE('',*,*,#14451,.T.);
#16308 = ORIENTED_EDGE('',*,*,#16309,.T.);
#16309 = EDGE_CURVE('',#14452,#16286,#16310,.T.);
#16310 = CIRCLE('',#16311,0.3);
#16311 = AXIS2_PLACEMENT_3D('',#16312,#16313,#16314);
#16312 = CARTESIAN_POINT('',(1.156230351815,10.066884426791,
    11.240384398536));
#16313 = DIRECTION('',(-1.08968389867E-13,-1.,0.));
#16314 = DIRECTION('',(0.,-0.,1.));
#16315 = ORIENTED_EDGE('',*,*,#16293,.T.);
#16316 = ORIENTED_EDGE('',*,*,#14275,.T.);
#16317 = CYLINDRICAL_SURFACE('',#16318,0.3);
#16318 = AXIS2_PLACEMENT_3D('',#16319,#16320,#16321);
#16319 = CARTESIAN_POINT('',(1.156230351815,6.266884426791,
    11.240384398536));
#16320 = DIRECTION('',(1.08968389867E-13,1.,0.));
#16321 = DIRECTION('',(0.,-0.,1.));
#16322 = ADVANCED_FACE('',(#16323),#16329,.T.);
#16323 = FACE_BOUND('',#16324,.T.);
#16324 = EDGE_LOOP('',(#16325,#16326,#16327,#16328));
#16325 = ORIENTED_EDGE('',*,*,#14292,.F.);
#16326 = ORIENTED_EDGE('',*,*,#14490,.F.);
#16327 = ORIENTED_EDGE('',*,*,#16267,.F.);
#16328 = ORIENTED_EDGE('',*,*,#14317,.F.);
#16329 = PLANE('',#16330);
#16330 = AXIS2_PLACEMENT_3D('',#16331,#16332,#16333);
#16331 = CARTESIAN_POINT('',(1.756230351815,8.766884426791,
    11.790384398536));
#16332 = DIRECTION('',(0.707106781187,-7.705228740991E-14,
    -0.707106781187));
#16333 = DIRECTION('',(-1.08968389867E-13,-1.,0.));
#16334 = ADVANCED_FACE('',(#16335),#16342,.F.);
#16335 = FACE_BOUND('',#16336,.T.);
#16336 = EDGE_LOOP('',(#16337,#16338,#16339,#16340,#16341));
#16337 = ORIENTED_EDGE('',*,*,#14403,.F.);
#16338 = ORIENTED_EDGE('',*,*,#14504,.F.);
#16339 = ORIENTED_EDGE('',*,*,#14459,.F.);
#16340 = ORIENTED_EDGE('',*,*,#16309,.T.);
#16341 = ORIENTED_EDGE('',*,*,#16285,.T.);
#16342 = PLANE('',#16343);
#16343 = AXIS2_PLACEMENT_3D('',#16344,#16345,#16346);
#16344 = CARTESIAN_POINT('',(0.856230351815,10.066884426791,
    11.540384398536));
#16345 = DIRECTION('',(1.08968389867E-13,1.,0.));
#16346 = DIRECTION('',(0.,-0.,1.));
#16347 = ADVANCED_FACE('',(#16348),#16368,.F.);
#16348 = FACE_BOUND('',#16349,.T.);
#16349 = EDGE_LOOP('',(#16350,#16351,#16352,#16358,#16359,#16360,#16361,
    #16367));
#16350 = ORIENTED_EDGE('',*,*,#14611,.T.);
#16351 = ORIENTED_EDGE('',*,*,#14665,.T.);
#16352 = ORIENTED_EDGE('',*,*,#16353,.F.);
#16353 = EDGE_CURVE('',#14566,#14657,#16354,.T.);
#16354 = LINE('',#16355,#16356);
#16355 = CARTESIAN_POINT('',(5.306230351689,3.693325390088,
    10.390384398607));
#16356 = VECTOR('',#16357,1.);
#16357 = DIRECTION('',(-1.08968389867E-13,-1.,2.220446049008E-16));
#16358 = ORIENTED_EDGE('',*,*,#14573,.F.);
#16359 = ORIENTED_EDGE('',*,*,#15480,.F.);
#16360 = ORIENTED_EDGE('',*,*,#15866,.F.);
#16361 = ORIENTED_EDGE('',*,*,#16362,.T.);
#16362 = EDGE_CURVE('',#15867,#15924,#16363,.T.);
#16363 = LINE('',#16364,#16365);
#16364 = CARTESIAN_POINT('',(5.306230351689,4.45188442679,
    10.390384398607));
#16365 = VECTOR('',#16366,1.);
#16366 = DIRECTION('',(1.08968389867E-13,1.,-2.220446049008E-16));
#16367 = ORIENTED_EDGE('',*,*,#15950,.T.);
#16368 = PLANE('',#16369);
#16369 = AXIS2_PLACEMENT_3D('',#16370,#16371,#16372);
#16370 = CARTESIAN_POINT('',(5.306230351689,4.06688442679,
    10.330384398608));
#16371 = DIRECTION('',(1.,-1.08968389867E-13,2.221348105458E-13));
#16372 = DIRECTION('',(1.08968389867E-13,1.,-2.220446049008E-16));
#16373 = ADVANCED_FACE('',(#16374),#16401,.F.);
#16374 = FACE_BOUND('',#16375,.F.);
#16375 = EDGE_LOOP('',(#16376,#16386,#16393,#16394));
#16376 = ORIENTED_EDGE('',*,*,#16377,.T.);
#16377 = EDGE_CURVE('',#16378,#16380,#16382,.T.);
#16378 = VERTEX_POINT('',#16379);
#16379 = CARTESIAN_POINT('',(6.703085884932,2.641884426789,
    10.450384398608));
#16380 = VERTEX_POINT('',#16381);
#16381 = CARTESIAN_POINT('',(5.309374818446,2.64188442679,
    10.450384398608));
#16382 = LINE('',#16383,#16384);
#16383 = CARTESIAN_POINT('',(5.306230351689,2.64188442679,
    10.450384398608));
#16384 = VECTOR('',#16385,1.);
#16385 = DIRECTION('',(-1.,1.088135038423E-13,-9.020562076324E-17));
#16386 = ORIENTED_EDGE('',*,*,#16387,.T.);
#16387 = EDGE_CURVE('',#16380,#14566,#16388,.T.);
#16388 = ( BOUNDED_CURVE() B_SPLINE_CURVE(3,(#16389,#16390,#16391,#16392
),.UNSPECIFIED.,.F.,.F.) B_SPLINE_CURVE_WITH_KNOTS((4,4),(1.570796326795
,3.14159265359),.PIECEWISE_BEZIER_KNOTS.) CURVE() 
GEOMETRIC_REPRESENTATION_ITEM() RATIONAL_B_SPLINE_CURVE((1.,
0.804737854124,0.804737854124,1.)) REPRESENTATION_ITEM('') );
#16389 = CARTESIAN_POINT('',(5.309374818446,2.64188442679,
    10.450384398608));
#16390 = CARTESIAN_POINT('',(5.307532832466,2.64188442679,
    10.415237212351));
#16391 = CARTESIAN_POINT('',(5.306230351689,2.666737240532,
    10.390384398608));
#16392 = CARTESIAN_POINT('',(5.306230351689,2.70188442679,
    10.390384398608));
#16393 = ORIENTED_EDGE('',*,*,#14565,.T.);
#16394 = ORIENTED_EDGE('',*,*,#16395,.T.);
#16395 = EDGE_CURVE('',#14558,#16378,#16396,.T.);
#16396 = ( BOUNDED_CURVE() B_SPLINE_CURVE(3,(#16397,#16398,#16399,#16400
),.UNSPECIFIED.,.F.,.F.) B_SPLINE_CURVE_WITH_KNOTS((4,4),(
3.867020450176E-15,1.570796326795),.PIECEWISE_BEZIER_KNOTS.) CURVE() 
GEOMETRIC_REPRESENTATION_ITEM() RATIONAL_B_SPLINE_CURVE((1.,
0.804737854124,0.804737854124,1.)) REPRESENTATION_ITEM('') );
#16397 = CARTESIAN_POINT('',(6.706230351689,2.701884426789,
    10.390384398608));
#16398 = CARTESIAN_POINT('',(6.706230351689,2.666737240532,
    10.390384398608));
#16399 = CARTESIAN_POINT('',(6.704927870911,2.641884426789,
    10.41523721235));
#16400 = CARTESIAN_POINT('',(6.703085884932,2.641884426789,
    10.450384398608));
#16401 = CYLINDRICAL_SURFACE('',#16402,5.999999999995E-02);
#16402 = AXIS2_PLACEMENT_3D('',#16403,#16404,#16405);
#16403 = CARTESIAN_POINT('',(5.306230351689,2.70188442679,
    10.450384398608));
#16404 = DIRECTION('',(1.,-1.088135038423E-13,9.020562076324E-17));
#16405 = DIRECTION('',(9.020562076321E-17,-2.220446049009E-16,-1.));
#16406 = ADVANCED_FACE('',(#16407),#16434,.F.);
#16407 = FACE_BOUND('',#16408,.T.);
#16408 = EDGE_LOOP('',(#16409,#16417,#16418,#16419,#16420,#16428));
#16409 = ORIENTED_EDGE('',*,*,#16410,.T.);
#16410 = EDGE_CURVE('',#16411,#14638,#16413,.T.);
#16411 = VERTEX_POINT('',#16412);
#16412 = CARTESIAN_POINT('',(6.658651928647,2.581884426789,
    11.298234792044));
#16413 = LINE('',#16414,#16415);
#16414 = CARTESIAN_POINT('',(6.706230351689,2.581884426789,
    10.390384398608));
#16415 = VECTOR('',#16416,1.);
#16416 = DIRECTION('',(5.233595624317E-02,-5.924705184452E-15,
    -0.998629534755));
#16417 = ORIENTED_EDGE('',*,*,#14637,.T.);
#16418 = ORIENTED_EDGE('',*,*,#14689,.F.);
#16419 = ORIENTED_EDGE('',*,*,#16395,.T.);
#16420 = ORIENTED_EDGE('',*,*,#16421,.T.);
#16421 = EDGE_CURVE('',#16378,#16422,#16424,.T.);
#16422 = VERTEX_POINT('',#16423);
#16423 = CARTESIAN_POINT('',(6.658651928647,2.641884426789,
    11.298234792044));
#16424 = LINE('',#16425,#16426);
#16425 = CARTESIAN_POINT('',(6.706230351689,2.641884426789,
    10.390384398608));
#16426 = VECTOR('',#16427,1.);
#16427 = DIRECTION('',(-5.233595624317E-02,5.916599076244E-15,
    0.998629534755));
#16428 = ORIENTED_EDGE('',*,*,#16429,.T.);
#16429 = EDGE_CURVE('',#16422,#16411,#16430,.T.);
#16430 = LINE('',#16431,#16432);
#16431 = CARTESIAN_POINT('',(6.658651928647,3.693325390088,
    11.298234792044));
#16432 = VECTOR('',#16433,1.);
#16433 = DIRECTION('',(-1.08968389867E-13,-1.,2.220446049008E-16));
#16434 = PLANE('',#16435);
#16435 = AXIS2_PLACEMENT_3D('',#16436,#16437,#16438);
#16436 = CARTESIAN_POINT('',(6.706230351689,3.693325390088,
    10.390384398608));
#16437 = DIRECTION('',(-0.998629534755,1.088074315591E-13,
    -5.233595624317E-02));
#16438 = DIRECTION('',(-5.233595624317E-02,5.924705184452E-15,
    0.998629534755));
#16439 = ADVANCED_FACE('',(#16440,#16510),#16546,.T.);
#16440 = FACE_BOUND('',#16441,.T.);
#16441 = EDGE_LOOP('',(#16442,#16452,#16461,#16469,#16478,#16486,#16495,
    #16503));
#16442 = ORIENTED_EDGE('',*,*,#16443,.F.);
#16443 = EDGE_CURVE('',#16444,#16446,#16448,.T.);
#16444 = VERTEX_POINT('',#16445);
#16445 = CARTESIAN_POINT('',(6.406230351688,2.581884426789,
    10.860384398607));
#16446 = VERTEX_POINT('',#16447);
#16447 = CARTESIAN_POINT('',(6.406230351688,2.581884426789,
    11.000384398608));
#16448 = LINE('',#16449,#16450);
#16449 = CARTESIAN_POINT('',(6.406230351688,2.581884426789,
    13.268734620522));
#16450 = VECTOR('',#16451,1.);
#16451 = DIRECTION('',(-2.221348105458E-13,2.22044604925E-16,1.));
#16452 = ORIENTED_EDGE('',*,*,#16453,.T.);
#16453 = EDGE_CURVE('',#16444,#16454,#16456,.T.);
#16454 = VERTEX_POINT('',#16455);
#16455 = CARTESIAN_POINT('',(6.276230351689,2.581884426789,
    10.730384398608));
#16456 = CIRCLE('',#16457,0.13);
#16457 = AXIS2_PLACEMENT_3D('',#16458,#16459,#16460);
#16458 = CARTESIAN_POINT('',(6.276230351688,2.581884426789,
    10.860384398607));
#16459 = DIRECTION('',(1.08968389867E-13,1.,-2.220446049008E-16));
#16460 = DIRECTION('',(1.,-1.08968389867E-13,2.221348105458E-13));
#16461 = ORIENTED_EDGE('',*,*,#16462,.F.);
#16462 = EDGE_CURVE('',#16463,#16454,#16465,.T.);
#16463 = VERTEX_POINT('',#16464);
#16464 = CARTESIAN_POINT('',(5.736230351689,2.58188442679,
    10.730384398608));
#16465 = LINE('',#16466,#16467);
#16466 = CARTESIAN_POINT('',(7.306230351689,2.581884426789,
    10.730384398608));
#16467 = VECTOR('',#16468,1.);
#16468 = DIRECTION('',(1.,-1.08968389867E-13,2.221348105458E-13));
#16469 = ORIENTED_EDGE('',*,*,#16470,.T.);
#16470 = EDGE_CURVE('',#16463,#16471,#16473,.T.);
#16471 = VERTEX_POINT('',#16472);
#16472 = CARTESIAN_POINT('',(5.606230351688,2.58188442679,
    10.860384398607));
#16473 = CIRCLE('',#16474,0.13);
#16474 = AXIS2_PLACEMENT_3D('',#16475,#16476,#16477);
#16475 = CARTESIAN_POINT('',(5.736230351688,2.58188442679,
    10.860384398607));
#16476 = DIRECTION('',(1.08968389867E-13,1.,-2.220446049008E-16));
#16477 = DIRECTION('',(1.,-1.08968389867E-13,2.221348105458E-13));
#16478 = ORIENTED_EDGE('',*,*,#16479,.F.);
#16479 = EDGE_CURVE('',#16480,#16471,#16482,.T.);
#16480 = VERTEX_POINT('',#16481);
#16481 = CARTESIAN_POINT('',(5.606230351688,2.58188442679,
    11.000384398608));
#16482 = LINE('',#16483,#16484);
#16483 = CARTESIAN_POINT('',(5.606230351688,2.58188442679,
    13.268734620522));
#16484 = VECTOR('',#16485,1.);
#16485 = DIRECTION('',(2.221348105458E-13,-2.22044604925E-16,-1.));
#16486 = ORIENTED_EDGE('',*,*,#16487,.T.);
#16487 = EDGE_CURVE('',#16480,#16488,#16490,.T.);
#16488 = VERTEX_POINT('',#16489);
#16489 = CARTESIAN_POINT('',(5.736230351688,2.58188442679,
    11.130384398607));
#16490 = CIRCLE('',#16491,0.13);
#16491 = AXIS2_PLACEMENT_3D('',#16492,#16493,#16494);
#16492 = CARTESIAN_POINT('',(5.736230351688,2.58188442679,
    11.000384398608));
#16493 = DIRECTION('',(1.08968389867E-13,1.,-2.220446049008E-16));
#16494 = DIRECTION('',(1.,-1.08968389867E-13,2.221348105458E-13));
#16495 = ORIENTED_EDGE('',*,*,#16496,.F.);
#16496 = EDGE_CURVE('',#16497,#16488,#16499,.T.);
#16497 = VERTEX_POINT('',#16498);
#16498 = CARTESIAN_POINT('',(6.276230351688,2.581884426789,
    11.130384398607));
#16499 = LINE('',#16500,#16501);
#16500 = CARTESIAN_POINT('',(7.306230351689,2.581884426789,
    11.130384398608));
#16501 = VECTOR('',#16502,1.);
#16502 = DIRECTION('',(-1.,1.08968389867E-13,-2.221348105458E-13));
#16503 = ORIENTED_EDGE('',*,*,#16504,.T.);
#16504 = EDGE_CURVE('',#16497,#16446,#16505,.T.);
#16505 = CIRCLE('',#16506,0.13);
#16506 = AXIS2_PLACEMENT_3D('',#16507,#16508,#16509);
#16507 = CARTESIAN_POINT('',(6.276230351688,2.581884426789,
    11.000384398608));
#16508 = DIRECTION('',(1.08968389867E-13,1.,-2.220446049008E-16));
#16509 = DIRECTION('',(1.,-1.08968389867E-13,2.221348105458E-13));
#16510 = FACE_BOUND('',#16511,.T.);
#16511 = EDGE_LOOP('',(#16512,#16520,#16521,#16522,#16531,#16539));
#16512 = ORIENTED_EDGE('',*,*,#16513,.F.);
#16513 = EDGE_CURVE('',#14649,#16514,#16516,.T.);
#16514 = VERTEX_POINT('',#16515);
#16515 = CARTESIAN_POINT('',(5.35380877473,2.58188442679,11.298234792044
    ));
#16516 = LINE('',#16517,#16518);
#16517 = CARTESIAN_POINT('',(5.361258519936,2.58188442679,
    11.440384398607));
#16518 = VECTOR('',#16519,1.);
#16519 = DIRECTION('',(5.233595624272E-02,-5.48122458343E-15,
    0.998629534755));
#16520 = ORIENTED_EDGE('',*,*,#14648,.T.);
#16521 = ORIENTED_EDGE('',*,*,#16410,.F.);
#16522 = ORIENTED_EDGE('',*,*,#16523,.T.);
#16523 = EDGE_CURVE('',#16411,#16524,#16526,.T.);
#16524 = VERTEX_POINT('',#16525);
#16525 = CARTESIAN_POINT('',(6.508857498434,2.581884426789,
    11.440384398607));
#16526 = CIRCLE('',#16527,0.15);
#16527 = AXIS2_PLACEMENT_3D('',#16528,#16529,#16530);
#16528 = CARTESIAN_POINT('',(6.508857498434,2.581884426789,
    11.290384398607));
#16529 = DIRECTION('',(-1.08968389867E-13,-1.,2.220446049008E-16));
#16530 = DIRECTION('',(1.,-1.08968389867E-13,2.221348105458E-13));
#16531 = ORIENTED_EDGE('',*,*,#16532,.F.);
#16532 = EDGE_CURVE('',#16533,#16524,#16535,.T.);
#16533 = VERTEX_POINT('',#16534);
#16534 = CARTESIAN_POINT('',(5.503603204943,2.58188442679,
    11.440384398608));
#16535 = LINE('',#16536,#16537);
#16536 = CARTESIAN_POINT('',(5.306230351688,2.58188442679,
    11.440384398608));
#16537 = VECTOR('',#16538,1.);
#16538 = DIRECTION('',(1.,-1.088135038423E-13,-9.507176791856E-14));
#16539 = ORIENTED_EDGE('',*,*,#16540,.T.);
#16540 = EDGE_CURVE('',#16533,#16514,#16541,.T.);
#16541 = CIRCLE('',#16542,0.15);
#16542 = AXIS2_PLACEMENT_3D('',#16543,#16544,#16545);
#16543 = CARTESIAN_POINT('',(5.503603204943,2.58188442679,
    11.290384398607));
#16544 = DIRECTION('',(-1.08968389867E-13,-1.,2.220446049008E-16));
#16545 = DIRECTION('',(1.,-1.08968389867E-13,2.221348105458E-13));
#16546 = PLANE('',#16547);
#16547 = AXIS2_PLACEMENT_3D('',#16548,#16549,#16550);
#16548 = CARTESIAN_POINT('',(7.306230351689,2.581884426789,
    13.268734620523));
#16549 = DIRECTION('',(-1.08968389867E-13,-1.,2.220446049008E-16));
#16550 = DIRECTION('',(1.,-1.08968389867E-13,2.221348105458E-13));
#16551 = ADVANCED_FACE('',(#16552),#16572,.F.);
#16552 = FACE_BOUND('',#16553,.T.);
#16553 = EDGE_LOOP('',(#16554,#16555,#16556,#16557,#16565,#16571));
#16554 = ORIENTED_EDGE('',*,*,#16353,.T.);
#16555 = ORIENTED_EDGE('',*,*,#14656,.T.);
#16556 = ORIENTED_EDGE('',*,*,#16513,.T.);
#16557 = ORIENTED_EDGE('',*,*,#16558,.T.);
#16558 = EDGE_CURVE('',#16514,#16559,#16561,.T.);
#16559 = VERTEX_POINT('',#16560);
#16560 = CARTESIAN_POINT('',(5.35380877473,2.64188442679,11.298234792044
    ));
#16561 = LINE('',#16562,#16563);
#16562 = CARTESIAN_POINT('',(5.35380877473,3.693325390088,
    11.298234792044));
#16563 = VECTOR('',#16564,1.);
#16564 = DIRECTION('',(1.08968389867E-13,1.,-2.220446049008E-16));
#16565 = ORIENTED_EDGE('',*,*,#16566,.T.);
#16566 = EDGE_CURVE('',#16559,#16380,#16567,.T.);
#16567 = LINE('',#16568,#16569);
#16568 = CARTESIAN_POINT('',(5.361258519936,2.64188442679,
    11.440384398607));
#16569 = VECTOR('',#16570,1.);
#16570 = DIRECTION('',(-5.233595624272E-02,5.473118475222E-15,
    -0.998629534755));
#16571 = ORIENTED_EDGE('',*,*,#16387,.T.);
#16572 = PLANE('',#16573);
#16573 = AXIS2_PLACEMENT_3D('',#16574,#16575,#16576);
#16574 = CARTESIAN_POINT('',(5.361258519936,3.693325390088,
    11.440384398607));
#16575 = DIRECTION('',(0.998629534755,-1.088306733925E-13,
    -5.233595624272E-02));
#16576 = DIRECTION('',(-5.233595624272E-02,5.48122458343E-15,
    -0.998629534755));
#16577 = ADVANCED_FACE('',(#16578),#16584,.T.);
#16578 = FACE_BOUND('',#16579,.T.);
#16579 = EDGE_LOOP('',(#16580,#16581,#16582,#16583));
#16580 = ORIENTED_EDGE('',*,*,#14727,.T.);
#16581 = ORIENTED_EDGE('',*,*,#14800,.T.);
#16582 = ORIENTED_EDGE('',*,*,#14773,.T.);
#16583 = ORIENTED_EDGE('',*,*,#14749,.T.);
#16584 = PLANE('',#16585);
#16585 = AXIS2_PLACEMENT_3D('',#16586,#16587,#16588);
#16586 = CARTESIAN_POINT('',(4.756230351814,2.466884426791,
    11.140384398536));
#16587 = DIRECTION('',(-1.08968389867E-13,-1.,0.));
#16588 = DIRECTION('',(0.,0.,-1.));
#16589 = ADVANCED_FACE('',(#16590),#16596,.T.);
#16590 = FACE_BOUND('',#16591,.T.);
#16591 = EDGE_LOOP('',(#16592,#16593,#16594,#16595));
#16592 = ORIENTED_EDGE('',*,*,#15472,.F.);
#16593 = ORIENTED_EDGE('',*,*,#14923,.F.);
#16594 = ORIENTED_EDGE('',*,*,#14899,.T.);
#16595 = ORIENTED_EDGE('',*,*,#14874,.F.);
#16596 = PLANE('',#16597);
#16597 = AXIS2_PLACEMENT_3D('',#16598,#16599,#16600);
#16598 = CARTESIAN_POINT('',(4.756230351814,3.066884426791,
    10.540384398536));
#16599 = DIRECTION('',(7.705228740991E-14,0.707106781187,-0.707106781187
    ));
#16600 = DIRECTION('',(1.,-1.08968389867E-13,0.));
#16601 = ADVANCED_FACE('',(#16602),#16608,.T.);
#16602 = FACE_BOUND('',#16603,.T.);
#16603 = EDGE_LOOP('',(#16604,#16605,#16606,#16607));
#16604 = ORIENTED_EDGE('',*,*,#15008,.T.);
#16605 = ORIENTED_EDGE('',*,*,#15081,.T.);
#16606 = ORIENTED_EDGE('',*,*,#15054,.T.);
#16607 = ORIENTED_EDGE('',*,*,#15030,.T.);
#16608 = PLANE('',#16609);
#16609 = AXIS2_PLACEMENT_3D('',#16610,#16611,#16612);
#16610 = CARTESIAN_POINT('',(4.756230351814,2.466884426791,
    11.140384398536));
#16611 = DIRECTION('',(-1.08968389867E-13,-1.,0.));
#16612 = DIRECTION('',(0.,0.,-1.));
#16613 = ADVANCED_FACE('',(#16614),#16620,.F.);
#16614 = FACE_BOUND('',#16615,.T.);
#16615 = EDGE_LOOP('',(#16616,#16617,#16618,#16619));
#16616 = ORIENTED_EDGE('',*,*,#15228,.F.);
#16617 = ORIENTED_EDGE('',*,*,#15203,.T.);
#16618 = ORIENTED_EDGE('',*,*,#15178,.F.);
#16619 = ORIENTED_EDGE('',*,*,#15155,.F.);
#16620 = PLANE('',#16621);
#16621 = AXIS2_PLACEMENT_3D('',#16622,#16623,#16624);
#16622 = CARTESIAN_POINT('',(4.756230351815,4.766884426791,
    11.140384398536));
#16623 = DIRECTION('',(-1.08968389867E-13,-1.,0.));
#16624 = DIRECTION('',(0.,0.,-1.));
#16625 = ADVANCED_FACE('',(#16626),#16632,.T.);
#16626 = FACE_BOUND('',#16627,.T.);
#16627 = EDGE_LOOP('',(#16628,#16629,#16630,#16631));
#16628 = ORIENTED_EDGE('',*,*,#15488,.F.);
#16629 = ORIENTED_EDGE('',*,*,#15275,.F.);
#16630 = ORIENTED_EDGE('',*,*,#15251,.F.);
#16631 = ORIENTED_EDGE('',*,*,#15359,.F.);
#16632 = PLANE('',#16633);
#16633 = AXIS2_PLACEMENT_3D('',#16634,#16635,#16636);
#16634 = CARTESIAN_POINT('',(4.756230351815,4.166884426791,
    10.540384398536));
#16635 = DIRECTION('',(-7.705228740991E-14,-0.707106781187,
    -0.707106781187));
#16636 = DIRECTION('',(-1.,1.08968389867E-13,0.));
#16637 = ADVANCED_FACE('',(#16638),#16644,.F.);
#16638 = FACE_BOUND('',#16639,.T.);
#16639 = EDGE_LOOP('',(#16640,#16641,#16642,#16643));
#16640 = ORIENTED_EDGE('',*,*,#15457,.F.);
#16641 = ORIENTED_EDGE('',*,*,#15432,.T.);
#16642 = ORIENTED_EDGE('',*,*,#15407,.F.);
#16643 = ORIENTED_EDGE('',*,*,#15384,.F.);
#16644 = PLANE('',#16645);
#16645 = AXIS2_PLACEMENT_3D('',#16646,#16647,#16648);
#16646 = CARTESIAN_POINT('',(4.756230351815,4.766884426791,
    11.140384398536));
#16647 = DIRECTION('',(-1.08968389867E-13,-1.,0.));
#16648 = DIRECTION('',(0.,0.,-1.));
#16649 = ADVANCED_FACE('',(#16650),#16660,.F.);
#16650 = FACE_BOUND('',#16651,.T.);
#16651 = EDGE_LOOP('',(#16652,#16653,#16654,#16655,#16656,#16657,#16658,
    #16659));
#16652 = ORIENTED_EDGE('',*,*,#15629,.T.);
#16653 = ORIENTED_EDGE('',*,*,#15594,.T.);
#16654 = ORIENTED_EDGE('',*,*,#15810,.T.);
#16655 = ORIENTED_EDGE('',*,*,#16211,.T.);
#16656 = ORIENTED_EDGE('',*,*,#15982,.T.);
#16657 = ORIENTED_EDGE('',*,*,#16239,.F.);
#16658 = ORIENTED_EDGE('',*,*,#15496,.F.);
#16659 = ORIENTED_EDGE('',*,*,#15522,.F.);
#16660 = PLANE('',#16661);
#16661 = AXIS2_PLACEMENT_3D('',#16662,#16663,#16664);
#16662 = CARTESIAN_POINT('',(4.846230351787,4.691884426805,
    10.390384398536));
#16663 = DIRECTION('',(-1.,-2.017120320903E-16,0.));
#16664 = DIRECTION('',(2.017120320903E-16,-1.,0.));
#16665 = ADVANCED_FACE('',(#16666),#16693,.F.);
#16666 = FACE_BOUND('',#16667,.F.);
#16667 = EDGE_LOOP('',(#16668,#16678,#16685,#16686));
#16668 = ORIENTED_EDGE('',*,*,#16669,.T.);
#16669 = EDGE_CURVE('',#16670,#16672,#16674,.T.);
#16670 = VERTEX_POINT('',#16671);
#16671 = CARTESIAN_POINT('',(5.309374818446,4.59188442679,
    10.450384398608));
#16672 = VERTEX_POINT('',#16673);
#16673 = CARTESIAN_POINT('',(6.703085884932,4.591884426789,
    10.450384398608));
#16674 = LINE('',#16675,#16676);
#16675 = CARTESIAN_POINT('',(6.706230351689,4.591884426789,
    10.450384398608));
#16676 = VECTOR('',#16677,1.);
#16677 = DIRECTION('',(1.,-1.091232758916E-13,9.020562076324E-17));
#16678 = ORIENTED_EDGE('',*,*,#16679,.T.);
#16679 = EDGE_CURVE('',#16672,#15875,#16680,.T.);
#16680 = ( BOUNDED_CURVE() B_SPLINE_CURVE(3,(#16681,#16682,#16683,#16684
),.UNSPECIFIED.,.F.,.F.) B_SPLINE_CURVE_WITH_KNOTS((4,4),(1.570796326795
,3.14159265359),.PIECEWISE_BEZIER_KNOTS.) CURVE() 
GEOMETRIC_REPRESENTATION_ITEM() RATIONAL_B_SPLINE_CURVE((1.,
0.804737854124,0.804737854124,1.)) REPRESENTATION_ITEM('') );
#16681 = CARTESIAN_POINT('',(6.703085884932,4.591884426789,
    10.450384398608));
#16682 = CARTESIAN_POINT('',(6.704927870912,4.591884426789,
    10.41523721235));
#16683 = CARTESIAN_POINT('',(6.706230351689,4.567031613047,
    10.390384398608));
#16684 = CARTESIAN_POINT('',(6.706230351689,4.531884426789,
    10.390384398608));
#16685 = ORIENTED_EDGE('',*,*,#15874,.T.);
#16686 = ORIENTED_EDGE('',*,*,#16687,.T.);
#16687 = EDGE_CURVE('',#15867,#16670,#16688,.T.);
#16688 = ( BOUNDED_CURVE() B_SPLINE_CURVE(3,(#16689,#16690,#16691,#16692
),.UNSPECIFIED.,.F.,.F.) B_SPLINE_CURVE_WITH_KNOTS((4,4),(0.,
1.570796326795),.PIECEWISE_BEZIER_KNOTS.) CURVE() 
GEOMETRIC_REPRESENTATION_ITEM() RATIONAL_B_SPLINE_CURVE((1.,
0.804737854124,0.804737854124,1.)) REPRESENTATION_ITEM('') );
#16689 = CARTESIAN_POINT('',(5.306230351689,4.53188442679,
    10.390384398607));
#16690 = CARTESIAN_POINT('',(5.306230351689,4.567031613047,
    10.390384398608));
#16691 = CARTESIAN_POINT('',(5.307532832466,4.59188442679,
    10.415237212351));
#16692 = CARTESIAN_POINT('',(5.309374818446,4.59188442679,
    10.450384398608));
#16693 = CYLINDRICAL_SURFACE('',#16694,5.999999999995E-02);
#16694 = AXIS2_PLACEMENT_3D('',#16695,#16696,#16697);
#16695 = CARTESIAN_POINT('',(5.306230351689,4.53188442679,
    10.450384398608));
#16696 = DIRECTION('',(-1.,1.091232758916E-13,-9.020562076324E-17));
#16697 = DIRECTION('',(-9.020562076321E-17,2.220446049008E-16,1.));
#16698 = ADVANCED_FACE('',(#16699),#16726,.F.);
#16699 = FACE_BOUND('',#16700,.T.);
#16700 = EDGE_LOOP('',(#16701,#16702,#16703,#16711,#16719,#16725));
#16701 = ORIENTED_EDGE('',*,*,#15906,.T.);
#16702 = ORIENTED_EDGE('',*,*,#15940,.T.);
#16703 = ORIENTED_EDGE('',*,*,#16704,.T.);
#16704 = EDGE_CURVE('',#15933,#16705,#16707,.T.);
#16705 = VERTEX_POINT('',#16706);
#16706 = CARTESIAN_POINT('',(6.658651928647,4.651884426789,
    11.298234792044));
#16707 = LINE('',#16708,#16709);
#16708 = CARTESIAN_POINT('',(6.706230351689,4.651884426789,
    10.390384398608));
#16709 = VECTOR('',#16710,1.);
#16710 = DIRECTION('',(-5.233595624317E-02,5.924705184452E-15,
    0.998629534755));
#16711 = ORIENTED_EDGE('',*,*,#16712,.T.);
#16712 = EDGE_CURVE('',#16705,#16713,#16715,.T.);
#16713 = VERTEX_POINT('',#16714);
#16714 = CARTESIAN_POINT('',(6.658651928647,4.591884426789,
    11.298234792044));
#16715 = LINE('',#16716,#16717);
#16716 = CARTESIAN_POINT('',(6.658651928647,4.451884426789,
    11.298234792044));
#16717 = VECTOR('',#16718,1.);
#16718 = DIRECTION('',(-1.08968389867E-13,-1.,2.220446049008E-16));
#16719 = ORIENTED_EDGE('',*,*,#16720,.F.);
#16720 = EDGE_CURVE('',#16672,#16713,#16721,.T.);
#16721 = LINE('',#16722,#16723);
#16722 = CARTESIAN_POINT('',(6.647518235231,4.591884426789,
    11.510678317964));
#16723 = VECTOR('',#16724,1.);
#16724 = DIRECTION('',(-5.233595624317E-02,5.932811292661E-15,
    0.998629534755));
#16725 = ORIENTED_EDGE('',*,*,#16679,.T.);
#16726 = PLANE('',#16727);
#16727 = AXIS2_PLACEMENT_3D('',#16728,#16729,#16730);
#16728 = CARTESIAN_POINT('',(6.706230351689,4.451884426789,
    10.390384398608));
#16729 = DIRECTION('',(-0.998629534755,1.088074315591E-13,
    -5.233595624317E-02));
#16730 = DIRECTION('',(-5.233595624317E-02,5.924705184452E-15,
    0.998629534755));
#16731 = ADVANCED_FACE('',(#16732),#16759,.F.);
#16732 = FACE_BOUND('',#16733,.T.);
#16733 = EDGE_LOOP('',(#16734,#16742,#16743,#16744,#16745,#16753));
#16734 = ORIENTED_EDGE('',*,*,#16735,.T.);
#16735 = EDGE_CURVE('',#16736,#15922,#16738,.T.);
#16736 = VERTEX_POINT('',#16737);
#16737 = CARTESIAN_POINT('',(5.35380877473,4.65188442679,11.298234792044
    ));
#16738 = LINE('',#16739,#16740);
#16739 = CARTESIAN_POINT('',(5.361258519936,4.65188442679,
    11.440384398607));
#16740 = VECTOR('',#16741,1.);
#16741 = DIRECTION('',(-5.233595624272E-02,5.48122458343E-15,
    -0.998629534755));
#16742 = ORIENTED_EDGE('',*,*,#15921,.T.);
#16743 = ORIENTED_EDGE('',*,*,#16362,.F.);
#16744 = ORIENTED_EDGE('',*,*,#16687,.T.);
#16745 = ORIENTED_EDGE('',*,*,#16746,.F.);
#16746 = EDGE_CURVE('',#16747,#16670,#16749,.T.);
#16747 = VERTEX_POINT('',#16748);
#16748 = CARTESIAN_POINT('',(5.35380877473,4.59188442679,11.298234792044
    ));
#16749 = LINE('',#16750,#16751);
#16750 = CARTESIAN_POINT('',(5.361107794904,4.59188442679,
    11.437508393677));
#16751 = VECTOR('',#16752,1.);
#16752 = DIRECTION('',(-5.233595624272E-02,5.489330691639E-15,
    -0.998629534755));
#16753 = ORIENTED_EDGE('',*,*,#16754,.T.);
#16754 = EDGE_CURVE('',#16747,#16736,#16755,.T.);
#16755 = LINE('',#16756,#16757);
#16756 = CARTESIAN_POINT('',(5.35380877473,4.45188442679,11.298234792044
    ));
#16757 = VECTOR('',#16758,1.);
#16758 = DIRECTION('',(1.08968389867E-13,1.,-2.220446049008E-16));
#16759 = PLANE('',#16760);
#16760 = AXIS2_PLACEMENT_3D('',#16761,#16762,#16763);
#16761 = CARTESIAN_POINT('',(5.361258519936,4.45188442679,
    11.440384398607));
#16762 = DIRECTION('',(0.998629534755,-1.088306733925E-13,
    -5.233595624272E-02));
#16763 = DIRECTION('',(-5.233595624272E-02,5.48122458343E-15,
    -0.998629534755));
#16764 = ADVANCED_FACE('',(#16765,#16835),#16864,.T.);
#16765 = FACE_BOUND('',#16766,.T.);
#16766 = EDGE_LOOP('',(#16767,#16777,#16786,#16794,#16803,#16811,#16820,
    #16828));
#16767 = ORIENTED_EDGE('',*,*,#16768,.F.);
#16768 = EDGE_CURVE('',#16769,#16771,#16773,.T.);
#16769 = VERTEX_POINT('',#16770);
#16770 = CARTESIAN_POINT('',(6.406230351689,4.651884426789,
    11.000384398608));
#16771 = VERTEX_POINT('',#16772);
#16772 = CARTESIAN_POINT('',(6.406230351689,4.651884426789,
    10.860384398607));
#16773 = LINE('',#16774,#16775);
#16774 = CARTESIAN_POINT('',(6.406230351689,4.651884426789,
    11.130384398607));
#16775 = VECTOR('',#16776,1.);
#16776 = DIRECTION('',(2.221348105458E-13,-2.22044604925E-16,-1.));
#16777 = ORIENTED_EDGE('',*,*,#16778,.T.);
#16778 = EDGE_CURVE('',#16769,#16779,#16781,.T.);
#16779 = VERTEX_POINT('',#16780);
#16780 = CARTESIAN_POINT('',(6.276230351689,4.651884426789,
    11.130384398607));
#16781 = CIRCLE('',#16782,0.13);
#16782 = AXIS2_PLACEMENT_3D('',#16783,#16784,#16785);
#16783 = CARTESIAN_POINT('',(6.276230351689,4.651884426789,
    11.000384398608));
#16784 = DIRECTION('',(-1.08968389867E-13,-1.,2.220446049008E-16));
#16785 = DIRECTION('',(-1.,1.08968389867E-13,-2.221348105458E-13));
#16786 = ORIENTED_EDGE('',*,*,#16787,.F.);
#16787 = EDGE_CURVE('',#16788,#16779,#16790,.T.);
#16788 = VERTEX_POINT('',#16789);
#16789 = CARTESIAN_POINT('',(5.736230351689,4.65188442679,
    11.130384398607));
#16790 = LINE('',#16791,#16792);
#16791 = CARTESIAN_POINT('',(6.406230351689,4.651884426789,
    11.130384398607));
#16792 = VECTOR('',#16793,1.);
#16793 = DIRECTION('',(1.,-1.08968389867E-13,2.221348105458E-13));
#16794 = ORIENTED_EDGE('',*,*,#16795,.T.);
#16795 = EDGE_CURVE('',#16788,#16796,#16798,.T.);
#16796 = VERTEX_POINT('',#16797);
#16797 = CARTESIAN_POINT('',(5.606230351689,4.65188442679,
    11.000384398608));
#16798 = CIRCLE('',#16799,0.13);
#16799 = AXIS2_PLACEMENT_3D('',#16800,#16801,#16802);
#16800 = CARTESIAN_POINT('',(5.736230351689,4.65188442679,
    11.000384398608));
#16801 = DIRECTION('',(-1.08968389867E-13,-1.,2.220446049008E-16));
#16802 = DIRECTION('',(-1.,1.08968389867E-13,-2.221348105458E-13));
#16803 = ORIENTED_EDGE('',*,*,#16804,.F.);
#16804 = EDGE_CURVE('',#16805,#16796,#16807,.T.);
#16805 = VERTEX_POINT('',#16806);
#16806 = CARTESIAN_POINT('',(5.606230351689,4.65188442679,
    10.860384398607));
#16807 = LINE('',#16808,#16809);
#16808 = CARTESIAN_POINT('',(5.606230351689,4.65188442679,
    11.130384398607));
#16809 = VECTOR('',#16810,1.);
#16810 = DIRECTION('',(-2.221348105458E-13,2.22044604925E-16,1.));
#16811 = ORIENTED_EDGE('',*,*,#16812,.T.);
#16812 = EDGE_CURVE('',#16805,#16813,#16815,.T.);
#16813 = VERTEX_POINT('',#16814);
#16814 = CARTESIAN_POINT('',(5.736230351689,4.65188442679,
    10.730384398608));
#16815 = CIRCLE('',#16816,0.13);
#16816 = AXIS2_PLACEMENT_3D('',#16817,#16818,#16819);
#16817 = CARTESIAN_POINT('',(5.736230351689,4.65188442679,
    10.860384398607));
#16818 = DIRECTION('',(-1.08968389867E-13,-1.,2.220446049008E-16));
#16819 = DIRECTION('',(-1.,1.08968389867E-13,-2.221348105458E-13));
#16820 = ORIENTED_EDGE('',*,*,#16821,.F.);
#16821 = EDGE_CURVE('',#16822,#16813,#16824,.T.);
#16822 = VERTEX_POINT('',#16823);
#16823 = CARTESIAN_POINT('',(6.276230351689,4.651884426789,
    10.730384398608));
#16824 = LINE('',#16825,#16826);
#16825 = CARTESIAN_POINT('',(6.406230351689,4.651884426789,
    10.730384398608));
#16826 = VECTOR('',#16827,1.);
#16827 = DIRECTION('',(-1.,1.08968389867E-13,-2.221348105458E-13));
#16828 = ORIENTED_EDGE('',*,*,#16829,.T.);
#16829 = EDGE_CURVE('',#16822,#16771,#16830,.T.);
#16830 = CIRCLE('',#16831,0.13);
#16831 = AXIS2_PLACEMENT_3D('',#16832,#16833,#16834);
#16832 = CARTESIAN_POINT('',(6.276230351689,4.651884426789,
    10.860384398607));
#16833 = DIRECTION('',(-1.08968389867E-13,-1.,2.220446049008E-16));
#16834 = DIRECTION('',(-1.,1.08968389867E-13,-2.221348105458E-13));
#16835 = FACE_BOUND('',#16836,.T.);
#16836 = EDGE_LOOP('',(#16837,#16838,#16839,#16840,#16849,#16857));
#16837 = ORIENTED_EDGE('',*,*,#16704,.F.);
#16838 = ORIENTED_EDGE('',*,*,#15932,.T.);
#16839 = ORIENTED_EDGE('',*,*,#16735,.F.);
#16840 = ORIENTED_EDGE('',*,*,#16841,.T.);
#16841 = EDGE_CURVE('',#16736,#16842,#16844,.T.);
#16842 = VERTEX_POINT('',#16843);
#16843 = CARTESIAN_POINT('',(5.503603204943,4.65188442679,
    11.440384398608));
#16844 = CIRCLE('',#16845,0.15);
#16845 = AXIS2_PLACEMENT_3D('',#16846,#16847,#16848);
#16846 = CARTESIAN_POINT('',(5.503603204943,4.65188442679,
    11.290384398607));
#16847 = DIRECTION('',(1.08968389867E-13,1.,-2.220446049008E-16));
#16848 = DIRECTION('',(-1.,1.08968389867E-13,-2.221348105458E-13));
#16849 = ORIENTED_EDGE('',*,*,#16850,.F.);
#16850 = EDGE_CURVE('',#16851,#16842,#16853,.T.);
#16851 = VERTEX_POINT('',#16852);
#16852 = CARTESIAN_POINT('',(6.508857498434,4.651884426789,
    11.440384398607));
#16853 = LINE('',#16854,#16855);
#16854 = CARTESIAN_POINT('',(5.306230351689,4.65188442679,
    11.440384398608));
#16855 = VECTOR('',#16856,1.);
#16856 = DIRECTION('',(-1.,1.088135038423E-13,9.507176791856E-14));
#16857 = ORIENTED_EDGE('',*,*,#16858,.T.);
#16858 = EDGE_CURVE('',#16851,#16705,#16859,.T.);
#16859 = CIRCLE('',#16860,0.15);
#16860 = AXIS2_PLACEMENT_3D('',#16861,#16862,#16863);
#16861 = CARTESIAN_POINT('',(6.508857498434,4.651884426789,
    11.290384398607));
#16862 = DIRECTION('',(1.08968389867E-13,1.,-2.220446049008E-16));
#16863 = DIRECTION('',(-1.,1.08968389867E-13,-2.221348105458E-13));
#16864 = PLANE('',#16865);
#16865 = AXIS2_PLACEMENT_3D('',#16866,#16867,#16868);
#16866 = CARTESIAN_POINT('',(7.306230351689,4.651884426789,
    13.268734620523));
#16867 = DIRECTION('',(1.08968389867E-13,1.,-2.220446049008E-16));
#16868 = DIRECTION('',(-1.,1.08968389867E-13,-2.221348105458E-13));
#16869 = ADVANCED_FACE('',(#16870,#16940),#16969,.F.);
#16870 = FACE_BOUND('',#16871,.T.);
#16871 = EDGE_LOOP('',(#16872,#16882,#16891,#16899,#16908,#16916,#16925,
    #16933));
#16872 = ORIENTED_EDGE('',*,*,#16873,.T.);
#16873 = EDGE_CURVE('',#16874,#16876,#16878,.T.);
#16874 = VERTEX_POINT('',#16875);
#16875 = CARTESIAN_POINT('',(5.606230351688,2.64188442679,
    11.000384398608));
#16876 = VERTEX_POINT('',#16877);
#16877 = CARTESIAN_POINT('',(5.606230351688,2.64188442679,
    10.860384398607));
#16878 = LINE('',#16879,#16880);
#16879 = CARTESIAN_POINT('',(5.606230351688,2.64188442679,
    11.440384398608));
#16880 = VECTOR('',#16881,1.);
#16881 = DIRECTION('',(2.221348105458E-13,-2.22044604925E-16,-1.));
#16882 = ORIENTED_EDGE('',*,*,#16883,.T.);
#16883 = EDGE_CURVE('',#16876,#16884,#16886,.T.);
#16884 = VERTEX_POINT('',#16885);
#16885 = CARTESIAN_POINT('',(5.736230351689,2.64188442679,
    10.730384398608));
#16886 = CIRCLE('',#16887,0.13);
#16887 = AXIS2_PLACEMENT_3D('',#16888,#16889,#16890);
#16888 = CARTESIAN_POINT('',(5.736230351688,2.64188442679,
    10.860384398607));
#16889 = DIRECTION('',(-1.088135038423E-13,-1.,2.220446049008E-16));
#16890 = DIRECTION('',(1.,-1.088135038423E-13,2.221348105458E-13));
#16891 = ORIENTED_EDGE('',*,*,#16892,.T.);
#16892 = EDGE_CURVE('',#16884,#16893,#16895,.T.);
#16893 = VERTEX_POINT('',#16894);
#16894 = CARTESIAN_POINT('',(6.276230351689,2.641884426789,
    10.730384398608));
#16895 = LINE('',#16896,#16897);
#16896 = CARTESIAN_POINT('',(5.306230351689,2.64188442679,
    10.730384398608));
#16897 = VECTOR('',#16898,1.);
#16898 = DIRECTION('',(1.,-1.088135038423E-13,2.221348105458E-13));
#16899 = ORIENTED_EDGE('',*,*,#16900,.T.);
#16900 = EDGE_CURVE('',#16893,#16901,#16903,.T.);
#16901 = VERTEX_POINT('',#16902);
#16902 = CARTESIAN_POINT('',(6.406230351688,2.641884426789,
    10.860384398607));
#16903 = CIRCLE('',#16904,0.13);
#16904 = AXIS2_PLACEMENT_3D('',#16905,#16906,#16907);
#16905 = CARTESIAN_POINT('',(6.276230351688,2.641884426789,
    10.860384398607));
#16906 = DIRECTION('',(-1.088135038423E-13,-1.,2.220446049008E-16));
#16907 = DIRECTION('',(1.,-1.088135038423E-13,2.221348105458E-13));
#16908 = ORIENTED_EDGE('',*,*,#16909,.T.);
#16909 = EDGE_CURVE('',#16901,#16910,#16912,.T.);
#16910 = VERTEX_POINT('',#16911);
#16911 = CARTESIAN_POINT('',(6.406230351688,2.641884426789,
    11.000384398608));
#16912 = LINE('',#16913,#16914);
#16913 = CARTESIAN_POINT('',(6.406230351688,2.641884426789,
    11.440384398608));
#16914 = VECTOR('',#16915,1.);
#16915 = DIRECTION('',(-2.221348105458E-13,2.22044604925E-16,1.));
#16916 = ORIENTED_EDGE('',*,*,#16917,.T.);
#16917 = EDGE_CURVE('',#16910,#16918,#16920,.T.);
#16918 = VERTEX_POINT('',#16919);
#16919 = CARTESIAN_POINT('',(6.276230351688,2.641884426789,
    11.130384398607));
#16920 = CIRCLE('',#16921,0.13);
#16921 = AXIS2_PLACEMENT_3D('',#16922,#16923,#16924);
#16922 = CARTESIAN_POINT('',(6.276230351688,2.641884426789,
    11.000384398608));
#16923 = DIRECTION('',(-1.088135038423E-13,-1.,2.220446049008E-16));
#16924 = DIRECTION('',(1.,-1.088135038423E-13,2.221348105458E-13));
#16925 = ORIENTED_EDGE('',*,*,#16926,.T.);
#16926 = EDGE_CURVE('',#16918,#16927,#16929,.T.);
#16927 = VERTEX_POINT('',#16928);
#16928 = CARTESIAN_POINT('',(5.736230351688,2.64188442679,
    11.130384398607));
#16929 = LINE('',#16930,#16931);
#16930 = CARTESIAN_POINT('',(5.306230351689,2.64188442679,
    11.130384398607));
#16931 = VECTOR('',#16932,1.);
#16932 = DIRECTION('',(-1.,1.088135038423E-13,-2.221348105458E-13));
#16933 = ORIENTED_EDGE('',*,*,#16934,.T.);
#16934 = EDGE_CURVE('',#16927,#16874,#16935,.T.);
#16935 = CIRCLE('',#16936,0.13);
#16936 = AXIS2_PLACEMENT_3D('',#16937,#16938,#16939);
#16937 = CARTESIAN_POINT('',(5.736230351688,2.64188442679,
    11.000384398608));
#16938 = DIRECTION('',(-1.088135038423E-13,-1.,2.220446049008E-16));
#16939 = DIRECTION('',(1.,-1.088135038423E-13,2.221348105458E-13));
#16940 = FACE_BOUND('',#16941,.T.);
#16941 = EDGE_LOOP('',(#16942,#16943,#16944,#16945,#16954,#16962));
#16942 = ORIENTED_EDGE('',*,*,#16421,.F.);
#16943 = ORIENTED_EDGE('',*,*,#16377,.T.);
#16944 = ORIENTED_EDGE('',*,*,#16566,.F.);
#16945 = ORIENTED_EDGE('',*,*,#16946,.T.);
#16946 = EDGE_CURVE('',#16559,#16947,#16949,.T.);
#16947 = VERTEX_POINT('',#16948);
#16948 = CARTESIAN_POINT('',(5.503603204943,2.64188442679,
    11.440384398608));
#16949 = CIRCLE('',#16950,0.15);
#16950 = AXIS2_PLACEMENT_3D('',#16951,#16952,#16953);
#16951 = CARTESIAN_POINT('',(5.503603204943,2.64188442679,
    11.290384398607));
#16952 = DIRECTION('',(1.088135038423E-13,1.,-2.220446049008E-16));
#16953 = DIRECTION('',(1.,-1.088135038423E-13,2.221348105458E-13));
#16954 = ORIENTED_EDGE('',*,*,#16955,.F.);
#16955 = EDGE_CURVE('',#16956,#16947,#16958,.T.);
#16956 = VERTEX_POINT('',#16957);
#16957 = CARTESIAN_POINT('',(6.508857498434,2.641884426789,
    11.440384398607));
#16958 = LINE('',#16959,#16960);
#16959 = CARTESIAN_POINT('',(5.306230351688,2.64188442679,
    11.440384398608));
#16960 = VECTOR('',#16961,1.);
#16961 = DIRECTION('',(-1.,1.088135038423E-13,9.507176791856E-14));
#16962 = ORIENTED_EDGE('',*,*,#16963,.T.);
#16963 = EDGE_CURVE('',#16956,#16422,#16964,.T.);
#16964 = CIRCLE('',#16965,0.15);
#16965 = AXIS2_PLACEMENT_3D('',#16966,#16967,#16968);
#16966 = CARTESIAN_POINT('',(6.508857498434,2.641884426789,
    11.290384398607));
#16967 = DIRECTION('',(1.088135038423E-13,1.,-2.220446049008E-16));
#16968 = DIRECTION('',(1.,-1.088135038423E-13,2.221348105458E-13));
#16969 = PLANE('',#16970);
#16970 = AXIS2_PLACEMENT_3D('',#16971,#16972,#16973);
#16971 = CARTESIAN_POINT('',(5.306230351688,2.64188442679,
    11.440384398608));
#16972 = DIRECTION('',(-1.088135038423E-13,-1.,2.220446049008E-16));
#16973 = DIRECTION('',(1.,-1.088135038423E-13,2.221348105458E-13));
#16974 = ADVANCED_FACE('',(#16975),#16986,.T.);
#16975 = FACE_BOUND('',#16976,.T.);
#16976 = EDGE_LOOP('',(#16977,#16978,#16984,#16985));
#16977 = ORIENTED_EDGE('',*,*,#16963,.F.);
#16978 = ORIENTED_EDGE('',*,*,#16979,.F.);
#16979 = EDGE_CURVE('',#16524,#16956,#16980,.T.);
#16980 = LINE('',#16981,#16982);
#16981 = CARTESIAN_POINT('',(6.508857498434,3.166884426789,
    11.440384398607));
#16982 = VECTOR('',#16983,1.);
#16983 = DIRECTION('',(1.08968389867E-13,1.,-2.220446049008E-16));
#16984 = ORIENTED_EDGE('',*,*,#16523,.F.);
#16985 = ORIENTED_EDGE('',*,*,#16429,.F.);
#16986 = CYLINDRICAL_SURFACE('',#16987,0.15);
#16987 = AXIS2_PLACEMENT_3D('',#16988,#16989,#16990);
#16988 = CARTESIAN_POINT('',(6.508857498434,3.693325390088,
    11.290384398607));
#16989 = DIRECTION('',(-1.08968389867E-13,-1.,2.220446049008E-16));
#16990 = DIRECTION('',(1.,-1.08968389867E-13,2.221348105458E-13));
#16991 = ADVANCED_FACE('',(#16992),#17008,.F.);
#16992 = FACE_BOUND('',#16993,.T.);
#16993 = EDGE_LOOP('',(#16994,#16995,#17001,#17002));
#16994 = ORIENTED_EDGE('',*,*,#16443,.T.);
#16995 = ORIENTED_EDGE('',*,*,#16996,.T.);
#16996 = EDGE_CURVE('',#16446,#16910,#16997,.T.);
#16997 = LINE('',#16998,#16999);
#16998 = CARTESIAN_POINT('',(6.406230351688,2.641884426789,
    11.000384398608));
#16999 = VECTOR('',#17000,1.);
#17000 = DIRECTION('',(1.08968389867E-13,1.,-2.220446049008E-16));
#17001 = ORIENTED_EDGE('',*,*,#16909,.F.);
#17002 = ORIENTED_EDGE('',*,*,#17003,.T.);
#17003 = EDGE_CURVE('',#16901,#16444,#17004,.T.);
#17004 = LINE('',#17005,#17006);
#17005 = CARTESIAN_POINT('',(6.406230351688,2.581884426789,
    10.860384398607));
#17006 = VECTOR('',#17007,1.);
#17007 = DIRECTION('',(-1.08968389867E-13,-1.,2.220446049008E-16));
#17008 = PLANE('',#17009);
#17009 = AXIS2_PLACEMENT_3D('',#17010,#17011,#17012);
#17010 = CARTESIAN_POINT('',(6.406230351688,-5.348115573211,
    11.130384398607));
#17011 = DIRECTION('',(1.,-1.08968389867E-13,2.221348105458E-13));
#17012 = DIRECTION('',(1.08968389867E-13,1.,-2.220446049008E-16));
#17013 = ADVANCED_FACE('',(#17014),#17025,.F.);
#17014 = FACE_BOUND('',#17015,.F.);
#17015 = EDGE_LOOP('',(#17016,#17022,#17023,#17024));
#17016 = ORIENTED_EDGE('',*,*,#17017,.T.);
#17017 = EDGE_CURVE('',#16454,#16893,#17018,.T.);
#17018 = LINE('',#17019,#17020);
#17019 = CARTESIAN_POINT('',(6.276230351689,2.641884426789,
    10.730384398608));
#17020 = VECTOR('',#17021,1.);
#17021 = DIRECTION('',(1.08968389867E-13,1.,-2.220446049008E-16));
#17022 = ORIENTED_EDGE('',*,*,#16900,.T.);
#17023 = ORIENTED_EDGE('',*,*,#17003,.T.);
#17024 = ORIENTED_EDGE('',*,*,#16453,.T.);
#17025 = CYLINDRICAL_SURFACE('',#17026,0.13);
#17026 = AXIS2_PLACEMENT_3D('',#17027,#17028,#17029);
#17027 = CARTESIAN_POINT('',(6.276230351688,-5.348115573211,
    10.860384398607));
#17028 = DIRECTION('',(-1.08968389867E-13,-1.,2.220446049008E-16));
#17029 = DIRECTION('',(1.,-1.08968389867E-13,2.221348105458E-13));
#17030 = ADVANCED_FACE('',(#17031),#17042,.F.);
#17031 = FACE_BOUND('',#17032,.T.);
#17032 = EDGE_LOOP('',(#17033,#17034,#17040,#17041));
#17033 = ORIENTED_EDGE('',*,*,#16892,.F.);
#17034 = ORIENTED_EDGE('',*,*,#17035,.T.);
#17035 = EDGE_CURVE('',#16884,#16463,#17036,.T.);
#17036 = LINE('',#17037,#17038);
#17037 = CARTESIAN_POINT('',(5.736230351689,2.58188442679,
    10.730384398608));
#17038 = VECTOR('',#17039,1.);
#17039 = DIRECTION('',(-1.08968389867E-13,-1.,2.220446049008E-16));
#17040 = ORIENTED_EDGE('',*,*,#16462,.T.);
#17041 = ORIENTED_EDGE('',*,*,#17017,.T.);
#17042 = PLANE('',#17043);
#17043 = AXIS2_PLACEMENT_3D('',#17044,#17045,#17046);
#17044 = CARTESIAN_POINT('',(6.406230351688,-5.348115573211,
    10.730384398608));
#17045 = DIRECTION('',(2.221348105458E-13,-2.22044604925E-16,-1.));
#17046 = DIRECTION('',(-1.08968389867E-13,-1.,2.220446049008E-16));
#17047 = ADVANCED_FACE('',(#17048),#17059,.F.);
#17048 = FACE_BOUND('',#17049,.F.);
#17049 = EDGE_LOOP('',(#17050,#17056,#17057,#17058));
#17050 = ORIENTED_EDGE('',*,*,#17051,.T.);
#17051 = EDGE_CURVE('',#16471,#16876,#17052,.T.);
#17052 = LINE('',#17053,#17054);
#17053 = CARTESIAN_POINT('',(5.606230351688,2.64188442679,
    10.860384398607));
#17054 = VECTOR('',#17055,1.);
#17055 = DIRECTION('',(1.08968389867E-13,1.,-2.220446049008E-16));
#17056 = ORIENTED_EDGE('',*,*,#16883,.T.);
#17057 = ORIENTED_EDGE('',*,*,#17035,.T.);
#17058 = ORIENTED_EDGE('',*,*,#16470,.T.);
#17059 = CYLINDRICAL_SURFACE('',#17060,0.13);
#17060 = AXIS2_PLACEMENT_3D('',#17061,#17062,#17063);
#17061 = CARTESIAN_POINT('',(5.736230351688,-5.34811557321,
    10.860384398607));
#17062 = DIRECTION('',(-1.08968389867E-13,-1.,2.220446049008E-16));
#17063 = DIRECTION('',(1.,-1.08968389867E-13,2.221348105458E-13));
#17064 = ADVANCED_FACE('',(#17065),#17076,.F.);
#17065 = FACE_BOUND('',#17066,.T.);
#17066 = EDGE_LOOP('',(#17067,#17068,#17074,#17075));
#17067 = ORIENTED_EDGE('',*,*,#16873,.F.);
#17068 = ORIENTED_EDGE('',*,*,#17069,.T.);
#17069 = EDGE_CURVE('',#16874,#16480,#17070,.T.);
#17070 = LINE('',#17071,#17072);
#17071 = CARTESIAN_POINT('',(5.606230351688,2.58188442679,
    11.000384398608));
#17072 = VECTOR('',#17073,1.);
#17073 = DIRECTION('',(-1.08968389867E-13,-1.,2.220446049008E-16));
#17074 = ORIENTED_EDGE('',*,*,#16479,.T.);
#17075 = ORIENTED_EDGE('',*,*,#17051,.T.);
#17076 = PLANE('',#17077);
#17077 = AXIS2_PLACEMENT_3D('',#17078,#17079,#17080);
#17078 = CARTESIAN_POINT('',(5.606230351688,-5.34811557321,
    11.130384398607));
#17079 = DIRECTION('',(-1.,1.08968389867E-13,-2.221348105458E-13));
#17080 = DIRECTION('',(-1.08968389867E-13,-1.,2.220446049008E-16));
#17081 = ADVANCED_FACE('',(#17082),#17093,.F.);
#17082 = FACE_BOUND('',#17083,.F.);
#17083 = EDGE_LOOP('',(#17084,#17090,#17091,#17092));
#17084 = ORIENTED_EDGE('',*,*,#17085,.T.);
#17085 = EDGE_CURVE('',#16488,#16927,#17086,.T.);
#17086 = LINE('',#17087,#17088);
#17087 = CARTESIAN_POINT('',(5.736230351688,2.64188442679,
    11.130384398607));
#17088 = VECTOR('',#17089,1.);
#17089 = DIRECTION('',(1.08968389867E-13,1.,-2.220446049008E-16));
#17090 = ORIENTED_EDGE('',*,*,#16934,.T.);
#17091 = ORIENTED_EDGE('',*,*,#17069,.T.);
#17092 = ORIENTED_EDGE('',*,*,#16487,.T.);
#17093 = CYLINDRICAL_SURFACE('',#17094,0.13);
#17094 = AXIS2_PLACEMENT_3D('',#17095,#17096,#17097);
#17095 = CARTESIAN_POINT('',(5.736230351688,-5.34811557321,
    11.000384398608));
#17096 = DIRECTION('',(-1.08968389867E-13,-1.,2.220446049008E-16));
#17097 = DIRECTION('',(1.,-1.08968389867E-13,2.221348105458E-13));
#17098 = ADVANCED_FACE('',(#17099),#17110,.F.);
#17099 = FACE_BOUND('',#17100,.T.);
#17100 = EDGE_LOOP('',(#17101,#17102,#17103,#17104));
#17101 = ORIENTED_EDGE('',*,*,#16496,.T.);
#17102 = ORIENTED_EDGE('',*,*,#17085,.T.);
#17103 = ORIENTED_EDGE('',*,*,#16926,.F.);
#17104 = ORIENTED_EDGE('',*,*,#17105,.T.);
#17105 = EDGE_CURVE('',#16918,#16497,#17106,.T.);
#17106 = LINE('',#17107,#17108);
#17107 = CARTESIAN_POINT('',(6.276230351688,2.581884426789,
    11.130384398607));
#17108 = VECTOR('',#17109,1.);
#17109 = DIRECTION('',(-1.08968389867E-13,-1.,2.220446049008E-16));
#17110 = PLANE('',#17111);
#17111 = AXIS2_PLACEMENT_3D('',#17112,#17113,#17114);
#17112 = CARTESIAN_POINT('',(6.406230351688,-5.348115573211,
    11.130384398607));
#17113 = DIRECTION('',(-2.221348105458E-13,2.22044604925E-16,1.));
#17114 = DIRECTION('',(1.08968389867E-13,1.,-2.220446049008E-16));
#17115 = ADVANCED_FACE('',(#17116),#17122,.F.);
#17116 = FACE_BOUND('',#17117,.F.);
#17117 = EDGE_LOOP('',(#17118,#17119,#17120,#17121));
#17118 = ORIENTED_EDGE('',*,*,#16996,.T.);
#17119 = ORIENTED_EDGE('',*,*,#16917,.T.);
#17120 = ORIENTED_EDGE('',*,*,#17105,.T.);
#17121 = ORIENTED_EDGE('',*,*,#16504,.T.);
#17122 = CYLINDRICAL_SURFACE('',#17123,0.13);
#17123 = AXIS2_PLACEMENT_3D('',#17124,#17125,#17126);
#17124 = CARTESIAN_POINT('',(6.276230351688,-5.348115573211,
    11.000384398608));
#17125 = DIRECTION('',(-1.08968389867E-13,-1.,2.220446049008E-16));
#17126 = DIRECTION('',(1.,-1.08968389867E-13,2.221348105458E-13));
#17127 = ADVANCED_FACE('',(#17128),#17139,.F.);
#17128 = FACE_BOUND('',#17129,.T.);
#17129 = EDGE_LOOP('',(#17130,#17131,#17132,#17133));
#17130 = ORIENTED_EDGE('',*,*,#16532,.T.);
#17131 = ORIENTED_EDGE('',*,*,#16979,.T.);
#17132 = ORIENTED_EDGE('',*,*,#16955,.T.);
#17133 = ORIENTED_EDGE('',*,*,#17134,.T.);
#17134 = EDGE_CURVE('',#16947,#16533,#17135,.T.);
#17135 = LINE('',#17136,#17137);
#17136 = CARTESIAN_POINT('',(5.503603204943,3.16688442679,
    11.440384398607));
#17137 = VECTOR('',#17138,1.);
#17138 = DIRECTION('',(-1.08968389867E-13,-1.,2.220446049008E-16));
#17139 = PLANE('',#17140);
#17140 = AXIS2_PLACEMENT_3D('',#17141,#17142,#17143);
#17141 = CARTESIAN_POINT('',(578.73838085814,3.166884426727,
    11.440384398553));
#17142 = DIRECTION('',(-9.507176791856E-14,-2.220446048905E-16,-1.));
#17143 = DIRECTION('',(-1.,1.08968389867E-13,9.507176791856E-14));
#17144 = ADVANCED_FACE('',(#17145),#17151,.T.);
#17145 = FACE_BOUND('',#17146,.T.);
#17146 = EDGE_LOOP('',(#17147,#17148,#17149,#17150));
#17147 = ORIENTED_EDGE('',*,*,#16946,.F.);
#17148 = ORIENTED_EDGE('',*,*,#16558,.F.);
#17149 = ORIENTED_EDGE('',*,*,#16540,.F.);
#17150 = ORIENTED_EDGE('',*,*,#17134,.F.);
#17151 = CYLINDRICAL_SURFACE('',#17152,0.15);
#17152 = AXIS2_PLACEMENT_3D('',#17153,#17154,#17155);
#17153 = CARTESIAN_POINT('',(5.503603204943,3.16688442679,
    11.290384398607));
#17154 = DIRECTION('',(-1.08968389867E-13,-1.,2.220446049008E-16));
#17155 = DIRECTION('',(1.,-1.08968389867E-13,2.221348105458E-13));
#17156 = ADVANCED_FACE('',(#17157,#17227),#17256,.F.);
#17157 = FACE_BOUND('',#17158,.T.);
#17158 = EDGE_LOOP('',(#17159,#17169,#17178,#17186,#17195,#17203,#17212,
    #17220));
#17159 = ORIENTED_EDGE('',*,*,#17160,.T.);
#17160 = EDGE_CURVE('',#17161,#17163,#17165,.T.);
#17161 = VERTEX_POINT('',#17162);
#17162 = CARTESIAN_POINT('',(5.606230351689,4.59188442679,
    10.860384398607));
#17163 = VERTEX_POINT('',#17164);
#17164 = CARTESIAN_POINT('',(5.606230351689,4.59188442679,
    11.000384398608));
#17165 = LINE('',#17166,#17167);
#17166 = CARTESIAN_POINT('',(5.606230351689,4.59188442679,
    11.440384398608));
#17167 = VECTOR('',#17168,1.);
#17168 = DIRECTION('',(-2.221348105458E-13,2.220446049251E-16,1.));
#17169 = ORIENTED_EDGE('',*,*,#17170,.T.);
#17170 = EDGE_CURVE('',#17163,#17171,#17173,.T.);
#17171 = VERTEX_POINT('',#17172);
#17172 = CARTESIAN_POINT('',(5.736230351689,4.59188442679,
    11.130384398607));
#17173 = CIRCLE('',#17174,0.13);
#17174 = AXIS2_PLACEMENT_3D('',#17175,#17176,#17177);
#17175 = CARTESIAN_POINT('',(5.736230351689,4.59188442679,
    11.000384398608));
#17176 = DIRECTION('',(1.091232758916E-13,1.,-2.220446049008E-16));
#17177 = DIRECTION('',(-1.,1.091232758916E-13,-2.221348105458E-13));
#17178 = ORIENTED_EDGE('',*,*,#17179,.T.);
#17179 = EDGE_CURVE('',#17171,#17180,#17182,.T.);
#17180 = VERTEX_POINT('',#17181);
#17181 = CARTESIAN_POINT('',(6.276230351689,4.591884426789,
    11.130384398607));
#17182 = LINE('',#17183,#17184);
#17183 = CARTESIAN_POINT('',(5.306230351689,4.59188442679,
    11.130384398607));
#17184 = VECTOR('',#17185,1.);
#17185 = DIRECTION('',(1.,-1.091232758916E-13,2.221348105458E-13));
#17186 = ORIENTED_EDGE('',*,*,#17187,.T.);
#17187 = EDGE_CURVE('',#17180,#17188,#17190,.T.);
#17188 = VERTEX_POINT('',#17189);
#17189 = CARTESIAN_POINT('',(6.406230351689,4.591884426789,
    11.000384398608));
#17190 = CIRCLE('',#17191,0.13);
#17191 = AXIS2_PLACEMENT_3D('',#17192,#17193,#17194);
#17192 = CARTESIAN_POINT('',(6.276230351689,4.591884426789,
    11.000384398608));
#17193 = DIRECTION('',(1.091232758916E-13,1.,-2.220446049008E-16));
#17194 = DIRECTION('',(-1.,1.091232758916E-13,-2.221348105458E-13));
#17195 = ORIENTED_EDGE('',*,*,#17196,.T.);
#17196 = EDGE_CURVE('',#17188,#17197,#17199,.T.);
#17197 = VERTEX_POINT('',#17198);
#17198 = CARTESIAN_POINT('',(6.406230351689,4.591884426789,
    10.860384398607));
#17199 = LINE('',#17200,#17201);
#17200 = CARTESIAN_POINT('',(6.406230351688,4.591884426789,
    11.440384398608));
#17201 = VECTOR('',#17202,1.);
#17202 = DIRECTION('',(2.221348105458E-13,-2.220446049251E-16,-1.));
#17203 = ORIENTED_EDGE('',*,*,#17204,.T.);
#17204 = EDGE_CURVE('',#17197,#17205,#17207,.T.);
#17205 = VERTEX_POINT('',#17206);
#17206 = CARTESIAN_POINT('',(6.276230351689,4.591884426789,
    10.730384398608));
#17207 = CIRCLE('',#17208,0.13);
#17208 = AXIS2_PLACEMENT_3D('',#17209,#17210,#17211);
#17209 = CARTESIAN_POINT('',(6.276230351689,4.591884426789,
    10.860384398607));
#17210 = DIRECTION('',(1.091232758916E-13,1.,-2.220446049008E-16));
#17211 = DIRECTION('',(-1.,1.091232758916E-13,-2.221348105458E-13));
#17212 = ORIENTED_EDGE('',*,*,#17213,.T.);
#17213 = EDGE_CURVE('',#17205,#17214,#17216,.T.);
#17214 = VERTEX_POINT('',#17215);
#17215 = CARTESIAN_POINT('',(5.736230351689,4.59188442679,
    10.730384398608));
#17216 = LINE('',#17217,#17218);
#17217 = CARTESIAN_POINT('',(5.306230351689,4.59188442679,
    10.730384398608));
#17218 = VECTOR('',#17219,1.);
#17219 = DIRECTION('',(-1.,1.091232758916E-13,-2.221348105458E-13));
#17220 = ORIENTED_EDGE('',*,*,#17221,.T.);
#17221 = EDGE_CURVE('',#17214,#17161,#17222,.T.);
#17222 = CIRCLE('',#17223,0.13);
#17223 = AXIS2_PLACEMENT_3D('',#17224,#17225,#17226);
#17224 = CARTESIAN_POINT('',(5.736230351689,4.59188442679,
    10.860384398607));
#17225 = DIRECTION('',(1.091232758916E-13,1.,-2.220446049008E-16));
#17226 = DIRECTION('',(-1.,1.091232758916E-13,-2.221348105458E-13));
#17227 = FACE_BOUND('',#17228,.T.);
#17228 = EDGE_LOOP('',(#17229,#17230,#17231,#17232,#17241,#17249));
#17229 = ORIENTED_EDGE('',*,*,#16746,.T.);
#17230 = ORIENTED_EDGE('',*,*,#16669,.T.);
#17231 = ORIENTED_EDGE('',*,*,#16720,.T.);
#17232 = ORIENTED_EDGE('',*,*,#17233,.T.);
#17233 = EDGE_CURVE('',#16713,#17234,#17236,.T.);
#17234 = VERTEX_POINT('',#17235);
#17235 = CARTESIAN_POINT('',(6.508857498434,4.591884426789,
    11.440384398607));
#17236 = CIRCLE('',#17237,0.15);
#17237 = AXIS2_PLACEMENT_3D('',#17238,#17239,#17240);
#17238 = CARTESIAN_POINT('',(6.508857498434,4.591884426789,
    11.290384398607));
#17239 = DIRECTION('',(-1.091232758916E-13,-1.,2.220446049008E-16));
#17240 = DIRECTION('',(-1.,1.091232758916E-13,-2.221348105458E-13));
#17241 = ORIENTED_EDGE('',*,*,#17242,.F.);
#17242 = EDGE_CURVE('',#17243,#17234,#17245,.T.);
#17243 = VERTEX_POINT('',#17244);
#17244 = CARTESIAN_POINT('',(5.503603204943,4.59188442679,
    11.440384398608));
#17245 = LINE('',#17246,#17247);
#17246 = CARTESIAN_POINT('',(5.306230351689,4.59188442679,
    11.440384398608));
#17247 = VECTOR('',#17248,1.);
#17248 = DIRECTION('',(1.,-1.091232758916E-13,-9.507176791856E-14));
#17249 = ORIENTED_EDGE('',*,*,#17250,.T.);
#17250 = EDGE_CURVE('',#17243,#16747,#17251,.T.);
#17251 = CIRCLE('',#17252,0.15);
#17252 = AXIS2_PLACEMENT_3D('',#17253,#17254,#17255);
#17253 = CARTESIAN_POINT('',(5.503603204943,4.59188442679,
    11.290384398607));
#17254 = DIRECTION('',(-1.091232758916E-13,-1.,2.220446049008E-16));
#17255 = DIRECTION('',(-1.,1.091232758916E-13,-2.221348105458E-13));
#17256 = PLANE('',#17257);
#17257 = AXIS2_PLACEMENT_3D('',#17258,#17259,#17260);
#17258 = CARTESIAN_POINT('',(5.306230351689,4.59188442679,
    11.440384398608));
#17259 = DIRECTION('',(1.091232758916E-13,1.,-2.220446049008E-16));
#17260 = DIRECTION('',(-1.,1.091232758916E-13,-2.221348105458E-13));
#17261 = ADVANCED_FACE('',(#17262),#17273,.T.);
#17262 = FACE_BOUND('',#17263,.T.);
#17263 = EDGE_LOOP('',(#17264,#17265,#17266,#17267));
#17264 = ORIENTED_EDGE('',*,*,#17233,.F.);
#17265 = ORIENTED_EDGE('',*,*,#16712,.F.);
#17266 = ORIENTED_EDGE('',*,*,#16858,.F.);
#17267 = ORIENTED_EDGE('',*,*,#17268,.F.);
#17268 = EDGE_CURVE('',#17234,#16851,#17269,.T.);
#17269 = LINE('',#17270,#17271);
#17270 = CARTESIAN_POINT('',(6.508857498434,3.166884426789,
    11.440384398607));
#17271 = VECTOR('',#17272,1.);
#17272 = DIRECTION('',(1.08968389867E-13,1.,-2.220446049008E-16));
#17273 = CYLINDRICAL_SURFACE('',#17274,0.15);
#17274 = AXIS2_PLACEMENT_3D('',#17275,#17276,#17277);
#17275 = CARTESIAN_POINT('',(6.508857498434,3.166884426789,
    11.290384398607));
#17276 = DIRECTION('',(1.08968389867E-13,1.,-2.220446049008E-16));
#17277 = DIRECTION('',(-1.,1.08968389867E-13,-2.221348105458E-13));
#17278 = ADVANCED_FACE('',(#17279),#17290,.T.);
#17279 = FACE_BOUND('',#17280,.T.);
#17280 = EDGE_LOOP('',(#17281,#17282,#17283,#17284));
#17281 = ORIENTED_EDGE('',*,*,#16841,.F.);
#17282 = ORIENTED_EDGE('',*,*,#16754,.F.);
#17283 = ORIENTED_EDGE('',*,*,#17250,.F.);
#17284 = ORIENTED_EDGE('',*,*,#17285,.F.);
#17285 = EDGE_CURVE('',#16842,#17243,#17286,.T.);
#17286 = LINE('',#17287,#17288);
#17287 = CARTESIAN_POINT('',(5.503603204943,3.16688442679,
    11.440384398607));
#17288 = VECTOR('',#17289,1.);
#17289 = DIRECTION('',(-1.08968389867E-13,-1.,2.220446049008E-16));
#17290 = CYLINDRICAL_SURFACE('',#17291,0.15);
#17291 = AXIS2_PLACEMENT_3D('',#17292,#17293,#17294);
#17292 = CARTESIAN_POINT('',(5.503603204943,3.16688442679,
    11.290384398607));
#17293 = DIRECTION('',(-1.08968389867E-13,-1.,2.220446049008E-16));
#17294 = DIRECTION('',(1.,-1.08968389867E-13,2.221348105458E-13));
#17295 = ADVANCED_FACE('',(#17296),#17312,.F.);
#17296 = FACE_BOUND('',#17297,.T.);
#17297 = EDGE_LOOP('',(#17298,#17299,#17305,#17306));
#17298 = ORIENTED_EDGE('',*,*,#17196,.F.);
#17299 = ORIENTED_EDGE('',*,*,#17300,.T.);
#17300 = EDGE_CURVE('',#17188,#16769,#17301,.T.);
#17301 = LINE('',#17302,#17303);
#17302 = CARTESIAN_POINT('',(6.406230351689,4.651884426789,
    11.000384398608));
#17303 = VECTOR('',#17304,1.);
#17304 = DIRECTION('',(1.08968389867E-13,1.,-2.220446049008E-16));
#17305 = ORIENTED_EDGE('',*,*,#16768,.T.);
#17306 = ORIENTED_EDGE('',*,*,#17307,.T.);
#17307 = EDGE_CURVE('',#16771,#17197,#17308,.T.);
#17308 = LINE('',#17309,#17310);
#17309 = CARTESIAN_POINT('',(6.406230351689,4.591884426789,
    10.860384398607));
#17310 = VECTOR('',#17311,1.);
#17311 = DIRECTION('',(-1.08968389867E-13,-1.,2.220446049008E-16));
#17312 = PLANE('',#17313);
#17313 = AXIS2_PLACEMENT_3D('',#17314,#17315,#17316);
#17314 = CARTESIAN_POINT('',(6.406230351688,-5.348115573211,
    11.130384398607));
#17315 = DIRECTION('',(1.,-1.08968389867E-13,2.221348105458E-13));
#17316 = DIRECTION('',(1.08968389867E-13,1.,-2.220446049008E-16));
#17317 = ADVANCED_FACE('',(#17318),#17329,.F.);
#17318 = FACE_BOUND('',#17319,.F.);
#17319 = EDGE_LOOP('',(#17320,#17321,#17322,#17328));
#17320 = ORIENTED_EDGE('',*,*,#17300,.T.);
#17321 = ORIENTED_EDGE('',*,*,#16778,.T.);
#17322 = ORIENTED_EDGE('',*,*,#17323,.T.);
#17323 = EDGE_CURVE('',#16779,#17180,#17324,.T.);
#17324 = LINE('',#17325,#17326);
#17325 = CARTESIAN_POINT('',(6.276230351689,4.591884426789,
    11.130384398607));
#17326 = VECTOR('',#17327,1.);
#17327 = DIRECTION('',(-1.08968389867E-13,-1.,2.220446049008E-16));
#17328 = ORIENTED_EDGE('',*,*,#17187,.T.);
#17329 = CYLINDRICAL_SURFACE('',#17330,0.13);
#17330 = AXIS2_PLACEMENT_3D('',#17331,#17332,#17333);
#17331 = CARTESIAN_POINT('',(6.276230351688,-5.348115573211,
    11.000384398608));
#17332 = DIRECTION('',(-1.08968389867E-13,-1.,2.220446049008E-16));
#17333 = DIRECTION('',(1.,-1.08968389867E-13,2.221348105458E-13));
#17334 = ADVANCED_FACE('',(#17335),#17346,.F.);
#17335 = FACE_BOUND('',#17336,.T.);
#17336 = EDGE_LOOP('',(#17337,#17338,#17339,#17340));
#17337 = ORIENTED_EDGE('',*,*,#16787,.T.);
#17338 = ORIENTED_EDGE('',*,*,#17323,.T.);
#17339 = ORIENTED_EDGE('',*,*,#17179,.F.);
#17340 = ORIENTED_EDGE('',*,*,#17341,.T.);
#17341 = EDGE_CURVE('',#17171,#16788,#17342,.T.);
#17342 = LINE('',#17343,#17344);
#17343 = CARTESIAN_POINT('',(5.736230351689,4.65188442679,
    11.130384398607));
#17344 = VECTOR('',#17345,1.);
#17345 = DIRECTION('',(1.08968389867E-13,1.,-2.220446049008E-16));
#17346 = PLANE('',#17347);
#17347 = AXIS2_PLACEMENT_3D('',#17348,#17349,#17350);
#17348 = CARTESIAN_POINT('',(6.406230351688,-5.348115573211,
    11.130384398607));
#17349 = DIRECTION('',(-2.221348105458E-13,2.22044604925E-16,1.));
#17350 = DIRECTION('',(1.08968389867E-13,1.,-2.220446049008E-16));
#17351 = ADVANCED_FACE('',(#17352),#17363,.F.);
#17352 = FACE_BOUND('',#17353,.F.);
#17353 = EDGE_LOOP('',(#17354,#17355,#17356,#17362));
#17354 = ORIENTED_EDGE('',*,*,#17341,.T.);
#17355 = ORIENTED_EDGE('',*,*,#16795,.T.);
#17356 = ORIENTED_EDGE('',*,*,#17357,.T.);
#17357 = EDGE_CURVE('',#16796,#17163,#17358,.T.);
#17358 = LINE('',#17359,#17360);
#17359 = CARTESIAN_POINT('',(5.606230351689,4.59188442679,
    11.000384398608));
#17360 = VECTOR('',#17361,1.);
#17361 = DIRECTION('',(-1.08968389867E-13,-1.,2.220446049008E-16));
#17362 = ORIENTED_EDGE('',*,*,#17170,.T.);
#17363 = CYLINDRICAL_SURFACE('',#17364,0.13);
#17364 = AXIS2_PLACEMENT_3D('',#17365,#17366,#17367);
#17365 = CARTESIAN_POINT('',(5.736230351688,-5.34811557321,
    11.000384398608));
#17366 = DIRECTION('',(-1.08968389867E-13,-1.,2.220446049008E-16));
#17367 = DIRECTION('',(1.,-1.08968389867E-13,2.221348105458E-13));
#17368 = ADVANCED_FACE('',(#17369),#17380,.F.);
#17369 = FACE_BOUND('',#17370,.T.);
#17370 = EDGE_LOOP('',(#17371,#17372,#17373,#17374));
#17371 = ORIENTED_EDGE('',*,*,#16804,.T.);
#17372 = ORIENTED_EDGE('',*,*,#17357,.T.);
#17373 = ORIENTED_EDGE('',*,*,#17160,.F.);
#17374 = ORIENTED_EDGE('',*,*,#17375,.T.);
#17375 = EDGE_CURVE('',#17161,#16805,#17376,.T.);
#17376 = LINE('',#17377,#17378);
#17377 = CARTESIAN_POINT('',(5.606230351689,4.65188442679,
    10.860384398607));
#17378 = VECTOR('',#17379,1.);
#17379 = DIRECTION('',(1.08968389867E-13,1.,-2.220446049008E-16));
#17380 = PLANE('',#17381);
#17381 = AXIS2_PLACEMENT_3D('',#17382,#17383,#17384);
#17382 = CARTESIAN_POINT('',(5.606230351688,-5.34811557321,
    11.130384398607));
#17383 = DIRECTION('',(-1.,1.08968389867E-13,-2.221348105458E-13));
#17384 = DIRECTION('',(-1.08968389867E-13,-1.,2.220446049008E-16));
#17385 = ADVANCED_FACE('',(#17386),#17397,.F.);
#17386 = FACE_BOUND('',#17387,.F.);
#17387 = EDGE_LOOP('',(#17388,#17389,#17390,#17396));
#17388 = ORIENTED_EDGE('',*,*,#17375,.T.);
#17389 = ORIENTED_EDGE('',*,*,#16812,.T.);
#17390 = ORIENTED_EDGE('',*,*,#17391,.T.);
#17391 = EDGE_CURVE('',#16813,#17214,#17392,.T.);
#17392 = LINE('',#17393,#17394);
#17393 = CARTESIAN_POINT('',(5.736230351689,4.59188442679,
    10.730384398608));
#17394 = VECTOR('',#17395,1.);
#17395 = DIRECTION('',(-1.08968389867E-13,-1.,2.220446049008E-16));
#17396 = ORIENTED_EDGE('',*,*,#17221,.T.);
#17397 = CYLINDRICAL_SURFACE('',#17398,0.13);
#17398 = AXIS2_PLACEMENT_3D('',#17399,#17400,#17401);
#17399 = CARTESIAN_POINT('',(5.736230351688,-5.34811557321,
    10.860384398607));
#17400 = DIRECTION('',(-1.08968389867E-13,-1.,2.220446049008E-16));
#17401 = DIRECTION('',(1.,-1.08968389867E-13,2.221348105458E-13));
#17402 = ADVANCED_FACE('',(#17403),#17414,.F.);
#17403 = FACE_BOUND('',#17404,.T.);
#17404 = EDGE_LOOP('',(#17405,#17406,#17412,#17413));
#17405 = ORIENTED_EDGE('',*,*,#17213,.F.);
#17406 = ORIENTED_EDGE('',*,*,#17407,.T.);
#17407 = EDGE_CURVE('',#17205,#16822,#17408,.T.);
#17408 = LINE('',#17409,#17410);
#17409 = CARTESIAN_POINT('',(6.276230351689,4.651884426789,
    10.730384398608));
#17410 = VECTOR('',#17411,1.);
#17411 = DIRECTION('',(1.08968389867E-13,1.,-2.220446049008E-16));
#17412 = ORIENTED_EDGE('',*,*,#16821,.T.);
#17413 = ORIENTED_EDGE('',*,*,#17391,.T.);
#17414 = PLANE('',#17415);
#17415 = AXIS2_PLACEMENT_3D('',#17416,#17417,#17418);
#17416 = CARTESIAN_POINT('',(6.406230351688,-5.348115573211,
    10.730384398608));
#17417 = DIRECTION('',(2.221348105458E-13,-2.22044604925E-16,-1.));
#17418 = DIRECTION('',(-1.08968389867E-13,-1.,2.220446049008E-16));
#17419 = ADVANCED_FACE('',(#17420),#17426,.F.);
#17420 = FACE_BOUND('',#17421,.F.);
#17421 = EDGE_LOOP('',(#17422,#17423,#17424,#17425));
#17422 = ORIENTED_EDGE('',*,*,#17407,.T.);
#17423 = ORIENTED_EDGE('',*,*,#16829,.T.);
#17424 = ORIENTED_EDGE('',*,*,#17307,.T.);
#17425 = ORIENTED_EDGE('',*,*,#17204,.T.);
#17426 = CYLINDRICAL_SURFACE('',#17427,0.13);
#17427 = AXIS2_PLACEMENT_3D('',#17428,#17429,#17430);
#17428 = CARTESIAN_POINT('',(6.276230351688,-5.348115573211,
    10.860384398607));
#17429 = DIRECTION('',(-1.08968389867E-13,-1.,2.220446049008E-16));
#17430 = DIRECTION('',(1.,-1.08968389867E-13,2.221348105458E-13));
#17431 = ADVANCED_FACE('',(#17432),#17438,.F.);
#17432 = FACE_BOUND('',#17433,.T.);
#17433 = EDGE_LOOP('',(#17434,#17435,#17436,#17437));
#17434 = ORIENTED_EDGE('',*,*,#16850,.T.);
#17435 = ORIENTED_EDGE('',*,*,#17285,.T.);
#17436 = ORIENTED_EDGE('',*,*,#17242,.T.);
#17437 = ORIENTED_EDGE('',*,*,#17268,.T.);
#17438 = PLANE('',#17439);
#17439 = AXIS2_PLACEMENT_3D('',#17440,#17441,#17442);
#17440 = CARTESIAN_POINT('',(578.73838085814,3.166884426727,
    11.440384398553));
#17441 = DIRECTION('',(-9.507176791856E-14,-2.220446048905E-16,-1.));
#17442 = DIRECTION('',(-1.,1.08968389867E-13,9.507176791856E-14));
#17443 = ORIENTED_CLOSED_SHELL('',*,#17444,.F.);
#17444 = CLOSED_SHELL('',(#17445,#17485,#17516,#17540,#17564,#17581));
#17445 = ADVANCED_FACE('',(#17446),#17480,.T.);
#17446 = FACE_BOUND('',#17447,.F.);
#17447 = EDGE_LOOP('',(#17448,#17458,#17466,#17474));
#17448 = ORIENTED_EDGE('',*,*,#17449,.T.);
#17449 = EDGE_CURVE('',#17450,#17452,#17454,.T.);
#17450 = VERTEX_POINT('',#17451);
#17451 = CARTESIAN_POINT('',(2.156230351815,8.166884426791,
    11.140384398536));
#17452 = VERTEX_POINT('',#17453);
#17453 = CARTESIAN_POINT('',(2.156230351815,8.366884426791,
    11.140384398536));
#17454 = LINE('',#17455,#17456);
#17455 = CARTESIAN_POINT('',(2.156230351815,8.166884426791,
    11.140384398536));
#17456 = VECTOR('',#17457,1.);
#17457 = DIRECTION('',(1.08968389867E-13,1.,0.));
#17458 = ORIENTED_EDGE('',*,*,#17459,.T.);
#17459 = EDGE_CURVE('',#17452,#17460,#17462,.T.);
#17460 = VERTEX_POINT('',#17461);
#17461 = CARTESIAN_POINT('',(0.956230351815,8.366884426791,
    11.140384398536));
#17462 = LINE('',#17463,#17464);
#17463 = CARTESIAN_POINT('',(0.956230351815,8.366884426791,
    11.140384398536));
#17464 = VECTOR('',#17465,1.);
#17465 = DIRECTION('',(-1.,1.08968389867E-13,0.));
#17466 = ORIENTED_EDGE('',*,*,#17467,.T.);
#17467 = EDGE_CURVE('',#17460,#17468,#17470,.T.);
#17468 = VERTEX_POINT('',#17469);
#17469 = CARTESIAN_POINT('',(0.956230351815,8.166884426791,
    11.140384398536));
#17470 = LINE('',#17471,#17472);
#17471 = CARTESIAN_POINT('',(0.956230351815,8.166884426791,
    11.140384398536));
#17472 = VECTOR('',#17473,1.);
#17473 = DIRECTION('',(-1.08968389867E-13,-1.,0.));
#17474 = ORIENTED_EDGE('',*,*,#17475,.T.);
#17475 = EDGE_CURVE('',#17468,#17450,#17476,.T.);
#17476 = LINE('',#17477,#17478);
#17477 = CARTESIAN_POINT('',(0.956230351815,8.166884426791,
    11.140384398536));
#17478 = VECTOR('',#17479,1.);
#17479 = DIRECTION('',(1.,-1.08968389867E-13,0.));
#17480 = PLANE('',#17481);
#17481 = AXIS2_PLACEMENT_3D('',#17482,#17483,#17484);
#17482 = CARTESIAN_POINT('',(4.756230351815,6.266884426791,
    11.140384398536));
#17483 = DIRECTION('',(0.,0.,-1.));
#17484 = DIRECTION('',(1.,-1.08968389867E-13,0.));
#17485 = ADVANCED_FACE('',(#17486),#17511,.T.);
#17486 = FACE_BOUND('',#17487,.F.);
#17487 = EDGE_LOOP('',(#17488,#17489,#17497,#17505));
#17488 = ORIENTED_EDGE('',*,*,#17449,.F.);
#17489 = ORIENTED_EDGE('',*,*,#17490,.F.);
#17490 = EDGE_CURVE('',#17491,#17450,#17493,.T.);
#17491 = VERTEX_POINT('',#17492);
#17492 = CARTESIAN_POINT('',(2.156230351815,8.166884426791,
    11.240384398536));
#17493 = LINE('',#17494,#17495);
#17494 = CARTESIAN_POINT('',(2.156230351815,8.166884426791,
    11.240384398536));
#17495 = VECTOR('',#17496,1.);
#17496 = DIRECTION('',(0.,0.,-1.));
#17497 = ORIENTED_EDGE('',*,*,#17498,.F.);
#17498 = EDGE_CURVE('',#17499,#17491,#17501,.T.);
#17499 = VERTEX_POINT('',#17500);
#17500 = CARTESIAN_POINT('',(2.156230351815,8.366884426791,
    11.240384398536));
#17501 = LINE('',#17502,#17503);
#17502 = CARTESIAN_POINT('',(2.156230351815,8.166884426791,
    11.240384398536));
#17503 = VECTOR('',#17504,1.);
#17504 = DIRECTION('',(-1.08968389867E-13,-1.,0.));
#17505 = ORIENTED_EDGE('',*,*,#17506,.T.);
#17506 = EDGE_CURVE('',#17499,#17452,#17507,.T.);
#17507 = LINE('',#17508,#17509);
#17508 = CARTESIAN_POINT('',(2.156230351815,8.366884426791,
    11.240384398536));
#17509 = VECTOR('',#17510,1.);
#17510 = DIRECTION('',(0.,0.,-1.));
#17511 = PLANE('',#17512);
#17512 = AXIS2_PLACEMENT_3D('',#17513,#17514,#17515);
#17513 = CARTESIAN_POINT('',(2.156230351815,8.166884426791,
    11.240384398536));
#17514 = DIRECTION('',(1.,-1.08968389867E-13,0.));
#17515 = DIRECTION('',(0.,-0.,1.));
#17516 = ADVANCED_FACE('',(#17517),#17535,.T.);
#17517 = FACE_BOUND('',#17518,.F.);
#17518 = EDGE_LOOP('',(#17519,#17520,#17521,#17529));
#17519 = ORIENTED_EDGE('',*,*,#17459,.F.);
#17520 = ORIENTED_EDGE('',*,*,#17506,.F.);
#17521 = ORIENTED_EDGE('',*,*,#17522,.F.);
#17522 = EDGE_CURVE('',#17523,#17499,#17525,.T.);
#17523 = VERTEX_POINT('',#17524);
#17524 = CARTESIAN_POINT('',(0.956230351815,8.366884426791,
    11.240384398536));
#17525 = LINE('',#17526,#17527);
#17526 = CARTESIAN_POINT('',(0.956230351815,8.366884426791,
    11.240384398536));
#17527 = VECTOR('',#17528,1.);
#17528 = DIRECTION('',(1.,-1.08968389867E-13,0.));
#17529 = ORIENTED_EDGE('',*,*,#17530,.T.);
#17530 = EDGE_CURVE('',#17523,#17460,#17531,.T.);
#17531 = LINE('',#17532,#17533);
#17532 = CARTESIAN_POINT('',(0.956230351815,8.366884426791,
    11.240384398536));
#17533 = VECTOR('',#17534,1.);
#17534 = DIRECTION('',(0.,0.,-1.));
#17535 = PLANE('',#17536);
#17536 = AXIS2_PLACEMENT_3D('',#17537,#17538,#17539);
#17537 = CARTESIAN_POINT('',(0.956230351815,8.366884426791,
    11.240384398536));
#17538 = DIRECTION('',(1.08968389867E-13,1.,0.));
#17539 = DIRECTION('',(0.,-0.,1.));
#17540 = ADVANCED_FACE('',(#17541),#17559,.T.);
#17541 = FACE_BOUND('',#17542,.F.);
#17542 = EDGE_LOOP('',(#17543,#17544,#17545,#17553));
#17543 = ORIENTED_EDGE('',*,*,#17467,.F.);
#17544 = ORIENTED_EDGE('',*,*,#17530,.F.);
#17545 = ORIENTED_EDGE('',*,*,#17546,.F.);
#17546 = EDGE_CURVE('',#17547,#17523,#17549,.T.);
#17547 = VERTEX_POINT('',#17548);
#17548 = CARTESIAN_POINT('',(0.956230351815,8.166884426791,
    11.240384398536));
#17549 = LINE('',#17550,#17551);
#17550 = CARTESIAN_POINT('',(0.956230351815,8.166884426791,
    11.240384398536));
#17551 = VECTOR('',#17552,1.);
#17552 = DIRECTION('',(1.08968389867E-13,1.,0.));
#17553 = ORIENTED_EDGE('',*,*,#17554,.T.);
#17554 = EDGE_CURVE('',#17547,#17468,#17555,.T.);
#17555 = LINE('',#17556,#17557);
#17556 = CARTESIAN_POINT('',(0.956230351815,8.166884426791,
    11.240384398536));
#17557 = VECTOR('',#17558,1.);
#17558 = DIRECTION('',(0.,0.,-1.));
#17559 = PLANE('',#17560);
#17560 = AXIS2_PLACEMENT_3D('',#17561,#17562,#17563);
#17561 = CARTESIAN_POINT('',(0.956230351815,8.166884426791,
    11.240384398536));
#17562 = DIRECTION('',(-1.,1.08968389867E-13,0.));
#17563 = DIRECTION('',(0.,0.,-1.));
#17564 = ADVANCED_FACE('',(#17565),#17576,.T.);
#17565 = FACE_BOUND('',#17566,.F.);
#17566 = EDGE_LOOP('',(#17567,#17568,#17569,#17575));
#17567 = ORIENTED_EDGE('',*,*,#17475,.F.);
#17568 = ORIENTED_EDGE('',*,*,#17554,.F.);
#17569 = ORIENTED_EDGE('',*,*,#17570,.F.);
#17570 = EDGE_CURVE('',#17491,#17547,#17571,.T.);
#17571 = LINE('',#17572,#17573);
#17572 = CARTESIAN_POINT('',(0.956230351815,8.166884426791,
    11.240384398536));
#17573 = VECTOR('',#17574,1.);
#17574 = DIRECTION('',(-1.,1.08968389867E-13,0.));
#17575 = ORIENTED_EDGE('',*,*,#17490,.T.);
#17576 = PLANE('',#17577);
#17577 = AXIS2_PLACEMENT_3D('',#17578,#17579,#17580);
#17578 = CARTESIAN_POINT('',(0.956230351815,8.166884426791,
    11.240384398536));
#17579 = DIRECTION('',(-1.08968389867E-13,-1.,0.));
#17580 = DIRECTION('',(0.,0.,-1.));
#17581 = ADVANCED_FACE('',(#17582),#17588,.F.);
#17582 = FACE_BOUND('',#17583,.F.);
#17583 = EDGE_LOOP('',(#17584,#17585,#17586,#17587));
#17584 = ORIENTED_EDGE('',*,*,#17546,.T.);
#17585 = ORIENTED_EDGE('',*,*,#17522,.T.);
#17586 = ORIENTED_EDGE('',*,*,#17498,.T.);
#17587 = ORIENTED_EDGE('',*,*,#17570,.T.);
#17588 = PLANE('',#17589);
#17589 = AXIS2_PLACEMENT_3D('',#17590,#17591,#17592);
#17590 = CARTESIAN_POINT('',(4.756230351815,6.266884426791,
    11.240384398536));
#17591 = DIRECTION('',(0.,0.,-1.));
#17592 = DIRECTION('',(1.,-1.08968389867E-13,0.));
#17593 = ORIENTED_CLOSED_SHELL('',*,#17594,.F.);
#17594 = CLOSED_SHELL('',(#17595,#17635,#17666,#17682,#17699));
#17595 = ADVANCED_FACE('',(#17596),#17630,.F.);
#17596 = FACE_BOUND('',#17597,.F.);
#17597 = EDGE_LOOP('',(#17598,#17608,#17616,#17624));
#17598 = ORIENTED_EDGE('',*,*,#17599,.T.);
#17599 = EDGE_CURVE('',#17600,#17602,#17604,.T.);
#17600 = VERTEX_POINT('',#17601);
#17601 = CARTESIAN_POINT('',(1.506230351815,4.316884426791,
    11.390384398536));
#17602 = VERTEX_POINT('',#17603);
#17603 = CARTESIAN_POINT('',(1.506230351814,2.916884426791,
    11.390384398536));
#17604 = LINE('',#17605,#17606);
#17605 = CARTESIAN_POINT('',(1.506230351814,3.066884426791,
    11.390384398536));
#17606 = VECTOR('',#17607,1.);
#17607 = DIRECTION('',(-1.08968389867E-13,-1.,0.));
#17608 = ORIENTED_EDGE('',*,*,#17609,.T.);
#17609 = EDGE_CURVE('',#17602,#17610,#17612,.T.);
#17610 = VERTEX_POINT('',#17611);
#17611 = CARTESIAN_POINT('',(1.356230351814,2.916884426791,
    11.390384398536));
#17612 = LINE('',#17613,#17614);
#17613 = CARTESIAN_POINT('',(1.506230351814,2.916884426791,
    11.390384398536));
#17614 = VECTOR('',#17615,1.);
#17615 = DIRECTION('',(-1.,1.08968389867E-13,0.));
#17616 = ORIENTED_EDGE('',*,*,#17617,.T.);
#17617 = EDGE_CURVE('',#17610,#17618,#17620,.T.);
#17618 = VERTEX_POINT('',#17619);
#17619 = CARTESIAN_POINT('',(1.356230351815,4.316884426791,
    11.390384398536));
#17620 = LINE('',#17621,#17622);
#17621 = CARTESIAN_POINT('',(1.356230351815,6.266884426791,
    11.390384398536));
#17622 = VECTOR('',#17623,1.);
#17623 = DIRECTION('',(1.08968389867E-13,1.,0.));
#17624 = ORIENTED_EDGE('',*,*,#17625,.T.);
#17625 = EDGE_CURVE('',#17618,#17600,#17626,.T.);
#17626 = LINE('',#17627,#17628);
#17627 = CARTESIAN_POINT('',(2.156230351815,4.316884426791,
    11.390384398536));
#17628 = VECTOR('',#17629,1.);
#17629 = DIRECTION('',(1.,-1.08968389867E-13,0.));
#17630 = PLANE('',#17631);
#17631 = AXIS2_PLACEMENT_3D('',#17632,#17633,#17634);
#17632 = CARTESIAN_POINT('',(4.756230351815,6.266884426791,
    11.390384398536));
#17633 = DIRECTION('',(0.,0.,-1.));
#17634 = DIRECTION('',(1.,-1.08968389867E-13,0.));
#17635 = ADVANCED_FACE('',(#17636),#17661,.F.);
#17636 = FACE_BOUND('',#17637,.F.);
#17637 = EDGE_LOOP('',(#17638,#17639,#17647,#17655));
#17638 = ORIENTED_EDGE('',*,*,#17599,.F.);
#17639 = ORIENTED_EDGE('',*,*,#17640,.T.);
#17640 = EDGE_CURVE('',#17600,#17641,#17643,.T.);
#17641 = VERTEX_POINT('',#17642);
#17642 = CARTESIAN_POINT('',(1.506230351815,4.166884426791,
    11.240384398536));
#17643 = LINE('',#17644,#17645);
#17644 = CARTESIAN_POINT('',(1.506230351815,4.166884426791,
    11.240384398536));
#17645 = VECTOR('',#17646,1.);
#17646 = DIRECTION('',(-7.705228740991E-14,-0.707106781187,
    -0.707106781187));
#17647 = ORIENTED_EDGE('',*,*,#17648,.T.);
#17648 = EDGE_CURVE('',#17641,#17649,#17651,.T.);
#17649 = VERTEX_POINT('',#17650);
#17650 = CARTESIAN_POINT('',(1.506230351814,3.066884426791,
    11.240384398536));
#17651 = LINE('',#17652,#17653);
#17652 = CARTESIAN_POINT('',(1.506230351814,2.966884426791,
    11.240384398536));
#17653 = VECTOR('',#17654,1.);
#17654 = DIRECTION('',(-1.08968389867E-13,-1.,0.));
#17655 = ORIENTED_EDGE('',*,*,#17656,.T.);
#17656 = EDGE_CURVE('',#17649,#17602,#17657,.T.);
#17657 = LINE('',#17658,#17659);
#17658 = CARTESIAN_POINT('',(1.506230351814,3.066884426791,
    11.240384398536));
#17659 = VECTOR('',#17660,1.);
#17660 = DIRECTION('',(-7.705228740991E-14,-0.707106781187,
    0.707106781187));
#17661 = PLANE('',#17662);
#17662 = AXIS2_PLACEMENT_3D('',#17663,#17664,#17665);
#17663 = CARTESIAN_POINT('',(1.506230351814,3.066884426791,
    3.847258234385));
#17664 = DIRECTION('',(-1.,1.08968389867E-13,0.));
#17665 = DIRECTION('',(0.,0.,-1.));
#17666 = ADVANCED_FACE('',(#17667),#17677,.F.);
#17667 = FACE_BOUND('',#17668,.F.);
#17668 = EDGE_LOOP('',(#17669,#17670,#17676));
#17669 = ORIENTED_EDGE('',*,*,#17656,.F.);
#17670 = ORIENTED_EDGE('',*,*,#17671,.F.);
#17671 = EDGE_CURVE('',#17610,#17649,#17672,.T.);
#17672 = LINE('',#17673,#17674);
#17673 = CARTESIAN_POINT('',(2.472897018481,4.033551093458,
    10.273717731869));
#17674 = VECTOR('',#17675,1.);
#17675 = DIRECTION('',(0.57735026919,0.57735026919,-0.57735026919));
#17676 = ORIENTED_EDGE('',*,*,#17609,.F.);
#17677 = PLANE('',#17678);
#17678 = AXIS2_PLACEMENT_3D('',#17679,#17680,#17681);
#17679 = CARTESIAN_POINT('',(4.756230351814,3.066884426791,
    11.240384398536));
#17680 = DIRECTION('',(7.705228740991E-14,0.707106781187,0.707106781187)
  );
#17681 = DIRECTION('',(-1.,1.08968389867E-13,0.));
#17682 = ADVANCED_FACE('',(#17683),#17694,.T.);
#17683 = FACE_BOUND('',#17684,.F.);
#17684 = EDGE_LOOP('',(#17685,#17686,#17687,#17693));
#17685 = ORIENTED_EDGE('',*,*,#17671,.T.);
#17686 = ORIENTED_EDGE('',*,*,#17648,.F.);
#17687 = ORIENTED_EDGE('',*,*,#17688,.F.);
#17688 = EDGE_CURVE('',#17618,#17641,#17689,.T.);
#17689 = LINE('',#17690,#17691);
#17690 = CARTESIAN_POINT('',(2.589563685148,3.083551093458,
    10.157051065203));
#17691 = VECTOR('',#17692,1.);
#17692 = DIRECTION('',(0.57735026919,-0.57735026919,-0.57735026919));
#17693 = ORIENTED_EDGE('',*,*,#17617,.F.);
#17694 = PLANE('',#17695);
#17695 = AXIS2_PLACEMENT_3D('',#17696,#17697,#17698);
#17696 = CARTESIAN_POINT('',(1.356230351815,6.266884426791,
    11.390384398536));
#17697 = DIRECTION('',(-0.707106781187,7.705228740991E-14,
    -0.707106781187));
#17698 = DIRECTION('',(1.08968389867E-13,1.,0.));
#17699 = ADVANCED_FACE('',(#17700),#17705,.F.);
#17700 = FACE_BOUND('',#17701,.F.);
#17701 = EDGE_LOOP('',(#17702,#17703,#17704));
#17702 = ORIENTED_EDGE('',*,*,#17640,.F.);
#17703 = ORIENTED_EDGE('',*,*,#17625,.F.);
#17704 = ORIENTED_EDGE('',*,*,#17688,.T.);
#17705 = PLANE('',#17706);
#17706 = AXIS2_PLACEMENT_3D('',#17707,#17708,#17709);
#17707 = CARTESIAN_POINT('',(4.756230351815,4.166884426791,
    11.240384398536));
#17708 = DIRECTION('',(-7.705228740991E-14,-0.707106781187,
    0.707106781187));
#17709 = DIRECTION('',(1.,-1.08968389867E-13,0.));
#17710 = ( GEOMETRIC_REPRESENTATION_CONTEXT(3) 
GLOBAL_UNCERTAINTY_ASSIGNED_CONTEXT((#17714)) 
GLOBAL_UNIT_ASSIGNED_CONTEXT((#17711,#17712,#17713)) 
REPRESENTATION_CONTEXT('Context #1',
  '3D Context with UNIT and UNCERTAINTY') );
#17711 = ( LENGTH_UNIT() NAMED_UNIT(*) SI_UNIT(.MILLI.,.METRE.) );
#17712 = ( NAMED_UNIT(*) PLANE_ANGLE_UNIT() SI_UNIT($,.RADIAN.) );
#17713 = ( NAMED_UNIT(*) SI_UNIT($,.STERADIAN.) SOLID_ANGLE_UNIT() );
#17714 = UNCERTAINTY_MEASURE_WITH_UNIT(LENGTH_MEASURE(1.E-06),#17711,
  'distance_accuracy_value','confusion accuracy');
#17715 = PRODUCT_RELATED_PRODUCT_CATEGORY('part',$,(#7));
#17716 = MECHANICAL_DESIGN_GEOMETRIC_PRESENTATION_REPRESENTATION('',(
    #17717),#17710);
#17717 = STYLED_ITEM('color',(#17718),#15);
#17718 = PRESENTATION_STYLE_ASSIGNMENT((#17719,#17725));
#17719 = SURFACE_STYLE_USAGE(.BOTH.,#17720);
#17720 = SURFACE_SIDE_STYLE('',(#17721));
#17721 = SURFACE_STYLE_FILL_AREA(#17722);
#17722 = FILL_AREA_STYLE('',(#17723));
#17723 = FILL_AREA_STYLE_COLOUR('',#17724);
#17724 = COLOUR_RGB('',0.800000010877,0.800000010877,0.899999968064);
#17725 = CURVE_STYLE('',#17726,POSITIVE_LENGTH_MEASURE(0.1),#17727);
#17726 = DRAUGHTING_PRE_DEFINED_CURVE_FONT('continuous');
#17727 = COLOUR_RGB('',9.803921802644E-02,9.803921802644E-02,
  9.803921802644E-02);
ENDSEC;
END-ISO-10303-21;
