ISO-10303-21;
HEADER;
/* Generated by software containing ST-Developer
 * from STEP Tools, Inc. (www.steptools.com) 
 */

FILE_DESCRIPTION(
/* description */ (''),
/* implementation_level */ '2;1');

FILE_NAME(
/* name */ 'case_v3_2.step',
/* time_stamp */ '2025-04-09T15:53:23+09:00',
/* author */ (''),
/* organization */ (''),
/* preprocessor_version */ 'ST-DEVELOPER v20.1',
/* originating_system */ 'Autodesk Translation Framework v14.4.0.0',
/* authorisation */ '');

FILE_SCHEMA (('AUTOMOTIVE_DESIGN { 1 0 10303 214 3 1 1 }'));
ENDSEC;

DATA;
#10=MECHANICAL_DESIGN_GEOMETRIC_PRESENTATION_REPRESENTATION('',(#13),#3445);
#11=SHAPE_REPRESENTATION_RELATIONSHIP('SRR','None',#3451,#12);
#12=ADVANCED_BREP_SHAPE_REPRESENTATION('',(#14),#3444);
#13=STYLED_ITEM('',(#3460),#14);
#14=MANIFOLD_SOLID_BREP('Body3',#1949);
#15=SPHERICAL_SURFACE('',#2027,0.5);
#16=SPHERICAL_SURFACE('',#2031,0.5);
#17=SPHERICAL_SURFACE('',#2035,0.500000000000007);
#18=SPHERICAL_SURFACE('',#2039,0.5);
#19=SPHERICAL_SURFACE('',#2049,0.499999999999989);
#20=SPHERICAL_SURFACE('',#2054,0.500000000000007);
#21=TOROIDAL_SURFACE('',#2007,199.5,0.5);
#22=TOROIDAL_SURFACE('',#2015,199.5,0.5);
#23=TOROIDAL_SURFACE('',#2045,199.5,0.5);
#24=TOROIDAL_SURFACE('',#2060,199.5,0.5);
#25=B_SPLINE_SURFACE_WITH_KNOTS('',3,3,((#2962,#2963,#2964,#2965,#2966),
(#2967,#2968,#2969,#2970,#2971),(#2972,#2973,#2974,#2975,#2976),(#2977,
#2978,#2979,#2980,#2981),(#2982,#2983,#2984,#2985,#2986)),.UNSPECIFIED.,
 .F.,.F.,.F.,(4,1,4),(4,1,4),(0.,0.5,1.),(-1.57079632679489,-0.897597901025653,
1.8105900848636E-18),.UNSPECIFIED.);
#26=B_SPLINE_SURFACE_WITH_KNOTS('',3,3,((#2998,#2999,#3000,#3001,#3002),
(#3003,#3004,#3005,#3006,#3007),(#3008,#3009,#3010,#3011,#3012),(#3013,
#3014,#3015,#3016,#3017),(#3018,#3019,#3020,#3021,#3022)),.UNSPECIFIED.,
 .F.,.F.,.F.,(4,1,4),(4,1,4),(0.,0.5,1.),(3.58532980552125E-18,0.673198425769241,
1.5707963267949),.UNSPECIFIED.);
#27=B_SPLINE_SURFACE_WITH_KNOTS('',3,3,((#3040,#3041,#3042,#3043,#3044),
(#3045,#3046,#3047,#3048,#3049),(#3050,#3051,#3052,#3053,#3054),(#3055,
#3056,#3057,#3058,#3059),(#3060,#3061,#3062,#3063,#3064)),.UNSPECIFIED.,
 .F.,.F.,.F.,(4,1,4),(4,1,4),(0.,0.5,1.),(0.,0.141371475159814,0.329866775372899),
 .UNSPECIFIED.);
#28=B_SPLINE_SURFACE_WITH_KNOTS('',3,3,((#3084,#3085,#3086,#3087,#3088),
(#3089,#3090,#3091,#3092,#3093),(#3094,#3095,#3096,#3097,#3098),(#3099,
#3100,#3101,#3102,#3103),(#3104,#3105,#3106,#3107,#3108)),.UNSPECIFIED.,
 .F.,.F.,.F.,(4,1,4),(4,1,4),(0.,0.5,1.),(0.,0.188497939012549,0.329871393271962),
 .UNSPECIFIED.);
#29=FACE_BOUND('',#225,.T.);
#30=FACE_BOUND('',#265,.T.);
#31=FACE_BOUND('',#269,.T.);
#32=FACE_BOUND('',#299,.T.);
#33=FACE_BOUND('',#300,.T.);
#34=FACE_BOUND('',#301,.T.);
#35=FACE_BOUND('',#302,.T.);
#36=FACE_BOUND('',#319,.T.);
#37=ELLIPSE('',#1978,0.565685424949231,0.399999999999991);
#38=ELLIPSE('',#1981,0.565685424949231,0.399999999999991);
#39=ELLIPSE('',#1998,1.60716292461559,1.6);
#40=ELLIPSE('',#1999,2.1054625777389,2.1);
#41=ELLIPSE('',#2003,1.60716292461559,1.6);
#42=ELLIPSE('',#2004,2.1054625777389,2.1);
#43=ELLIPSE('',#2065,0.707106781186554,0.5);
#44=ELLIPSE('',#2070,0.707106781186555,0.5);
#45=B_SPLINE_CURVE_WITH_KNOTS('',3,(#2794,#2795,#2796,#2797,#2798,#2799),
 .UNSPECIFIED.,.F.,.F.,(4,2,4),(0.,0.0619625936462161,0.123925187292432),
 .UNSPECIFIED.);
#46=B_SPLINE_CURVE_WITH_KNOTS('',3,(#2817,#2818,#2819,#2820,#2821,#2822),
 .UNSPECIFIED.,.F.,.F.,(4,2,4),(0.267524797638655,0.322161565404828,0.388416519499971),
 .UNSPECIFIED.);
#47=B_SPLINE_CURVE_WITH_KNOTS('',3,(#3068,#3069,#3070,#3071,#3072),
 .UNSPECIFIED.,.F.,.F.,(4,1,4),(0.,0.141371475159814,0.329866775372899),
 .UNSPECIFIED.);
#48=B_SPLINE_CURVE_WITH_KNOTS('',3,(#3073,#3074,#3075,#3076,#3077),
 .UNSPECIFIED.,.F.,.F.,(4,1,4),(-0.329866775372899,-0.141371475159814,0.),
 .UNSPECIFIED.);
#49=B_SPLINE_CURVE_WITH_KNOTS('',3,(#3112,#3113,#3114,#3115,#3116),
 .UNSPECIFIED.,.F.,.F.,(4,1,4),(0.,0.188497939012549,0.329871393271962),
 .UNSPECIFIED.);
#50=B_SPLINE_CURVE_WITH_KNOTS('',3,(#3117,#3118,#3119,#3120,#3121),
 .UNSPECIFIED.,.F.,.F.,(4,1,4),(-0.329871393271962,-0.188497939012549,0.),
 .UNSPECIFIED.);
#51=PLANE('',#1954);
#52=PLANE('',#1957);
#53=PLANE('',#1960);
#54=PLANE('',#1965);
#55=PLANE('',#1972);
#56=PLANE('',#1974);
#57=PLANE('',#1983);
#58=PLANE('',#1986);
#59=PLANE('',#1991);
#60=PLANE('',#2021);
#61=PLANE('',#2024);
#62=PLANE('',#2074);
#63=PLANE('',#2075);
#64=PLANE('',#2078);
#65=PLANE('',#2079);
#66=PLANE('',#2080);
#67=PLANE('',#2087);
#68=PLANE('',#2091);
#69=PLANE('',#2095);
#70=PLANE('',#2099);
#71=PLANE('',#2100);
#72=PLANE('',#2102);
#73=PLANE('',#2104);
#74=PLANE('',#2105);
#75=PLANE('',#2107);
#76=PLANE('',#2108);
#77=PLANE('',#2115);
#78=PLANE('',#2122);
#79=PLANE('',#2126);
#80=PLANE('',#2130);
#81=PLANE('',#2131);
#82=PLANE('',#2139);
#83=PLANE('',#2140);
#84=PLANE('',#2142);
#85=PLANE('',#2143);
#86=PLANE('',#2144);
#87=PLANE('',#2146);
#88=PLANE('',#2147);
#89=PLANE('',#2148);
#90=PLANE('',#2150);
#91=PLANE('',#2151);
#92=PLANE('',#2152);
#93=PLANE('',#2153);
#94=PLANE('',#2154);
#95=PLANE('',#2156);
#96=PLANE('',#2158);
#97=FACE_OUTER_BOUND('',#207,.T.);
#98=FACE_OUTER_BOUND('',#208,.T.);
#99=FACE_OUTER_BOUND('',#209,.T.);
#100=FACE_OUTER_BOUND('',#210,.T.);
#101=FACE_OUTER_BOUND('',#211,.T.);
#102=FACE_OUTER_BOUND('',#212,.T.);
#103=FACE_OUTER_BOUND('',#213,.T.);
#104=FACE_OUTER_BOUND('',#214,.T.);
#105=FACE_OUTER_BOUND('',#215,.T.);
#106=FACE_OUTER_BOUND('',#216,.T.);
#107=FACE_OUTER_BOUND('',#217,.T.);
#108=FACE_OUTER_BOUND('',#218,.T.);
#109=FACE_OUTER_BOUND('',#219,.T.);
#110=FACE_OUTER_BOUND('',#220,.T.);
#111=FACE_OUTER_BOUND('',#221,.T.);
#112=FACE_OUTER_BOUND('',#222,.T.);
#113=FACE_OUTER_BOUND('',#223,.T.);
#114=FACE_OUTER_BOUND('',#224,.T.);
#115=FACE_OUTER_BOUND('',#226,.T.);
#116=FACE_OUTER_BOUND('',#227,.T.);
#117=FACE_OUTER_BOUND('',#228,.T.);
#118=FACE_OUTER_BOUND('',#229,.T.);
#119=FACE_OUTER_BOUND('',#230,.T.);
#120=FACE_OUTER_BOUND('',#231,.T.);
#121=FACE_OUTER_BOUND('',#232,.T.);
#122=FACE_OUTER_BOUND('',#233,.T.);
#123=FACE_OUTER_BOUND('',#234,.T.);
#124=FACE_OUTER_BOUND('',#235,.T.);
#125=FACE_OUTER_BOUND('',#236,.T.);
#126=FACE_OUTER_BOUND('',#237,.T.);
#127=FACE_OUTER_BOUND('',#238,.T.);
#128=FACE_OUTER_BOUND('',#239,.T.);
#129=FACE_OUTER_BOUND('',#240,.T.);
#130=FACE_OUTER_BOUND('',#241,.T.);
#131=FACE_OUTER_BOUND('',#242,.T.);
#132=FACE_OUTER_BOUND('',#243,.T.);
#133=FACE_OUTER_BOUND('',#244,.T.);
#134=FACE_OUTER_BOUND('',#245,.T.);
#135=FACE_OUTER_BOUND('',#246,.T.);
#136=FACE_OUTER_BOUND('',#247,.T.);
#137=FACE_OUTER_BOUND('',#248,.T.);
#138=FACE_OUTER_BOUND('',#249,.T.);
#139=FACE_OUTER_BOUND('',#250,.T.);
#140=FACE_OUTER_BOUND('',#251,.T.);
#141=FACE_OUTER_BOUND('',#252,.T.);
#142=FACE_OUTER_BOUND('',#253,.T.);
#143=FACE_OUTER_BOUND('',#254,.T.);
#144=FACE_OUTER_BOUND('',#255,.T.);
#145=FACE_OUTER_BOUND('',#256,.T.);
#146=FACE_OUTER_BOUND('',#257,.T.);
#147=FACE_OUTER_BOUND('',#258,.T.);
#148=FACE_OUTER_BOUND('',#259,.T.);
#149=FACE_OUTER_BOUND('',#260,.T.);
#150=FACE_OUTER_BOUND('',#261,.T.);
#151=FACE_OUTER_BOUND('',#262,.T.);
#152=FACE_OUTER_BOUND('',#263,.T.);
#153=FACE_OUTER_BOUND('',#264,.T.);
#154=FACE_OUTER_BOUND('',#266,.T.);
#155=FACE_OUTER_BOUND('',#267,.T.);
#156=FACE_OUTER_BOUND('',#268,.T.);
#157=FACE_OUTER_BOUND('',#270,.T.);
#158=FACE_OUTER_BOUND('',#271,.T.);
#159=FACE_OUTER_BOUND('',#272,.T.);
#160=FACE_OUTER_BOUND('',#273,.T.);
#161=FACE_OUTER_BOUND('',#274,.T.);
#162=FACE_OUTER_BOUND('',#275,.T.);
#163=FACE_OUTER_BOUND('',#276,.T.);
#164=FACE_OUTER_BOUND('',#277,.T.);
#165=FACE_OUTER_BOUND('',#278,.T.);
#166=FACE_OUTER_BOUND('',#279,.T.);
#167=FACE_OUTER_BOUND('',#280,.T.);
#168=FACE_OUTER_BOUND('',#281,.T.);
#169=FACE_OUTER_BOUND('',#282,.T.);
#170=FACE_OUTER_BOUND('',#283,.T.);
#171=FACE_OUTER_BOUND('',#284,.T.);
#172=FACE_OUTER_BOUND('',#285,.T.);
#173=FACE_OUTER_BOUND('',#286,.T.);
#174=FACE_OUTER_BOUND('',#287,.T.);
#175=FACE_OUTER_BOUND('',#288,.T.);
#176=FACE_OUTER_BOUND('',#289,.T.);
#177=FACE_OUTER_BOUND('',#290,.T.);
#178=FACE_OUTER_BOUND('',#291,.T.);
#179=FACE_OUTER_BOUND('',#292,.T.);
#180=FACE_OUTER_BOUND('',#293,.T.);
#181=FACE_OUTER_BOUND('',#294,.T.);
#182=FACE_OUTER_BOUND('',#295,.T.);
#183=FACE_OUTER_BOUND('',#296,.T.);
#184=FACE_OUTER_BOUND('',#297,.T.);
#185=FACE_OUTER_BOUND('',#298,.T.);
#186=FACE_OUTER_BOUND('',#303,.T.);
#187=FACE_OUTER_BOUND('',#304,.T.);
#188=FACE_OUTER_BOUND('',#305,.T.);
#189=FACE_OUTER_BOUND('',#306,.T.);
#190=FACE_OUTER_BOUND('',#307,.T.);
#191=FACE_OUTER_BOUND('',#308,.T.);
#192=FACE_OUTER_BOUND('',#309,.T.);
#193=FACE_OUTER_BOUND('',#310,.T.);
#194=FACE_OUTER_BOUND('',#311,.T.);
#195=FACE_OUTER_BOUND('',#312,.T.);
#196=FACE_OUTER_BOUND('',#313,.T.);
#197=FACE_OUTER_BOUND('',#314,.T.);
#198=FACE_OUTER_BOUND('',#315,.T.);
#199=FACE_OUTER_BOUND('',#316,.T.);
#200=FACE_OUTER_BOUND('',#317,.T.);
#201=FACE_OUTER_BOUND('',#318,.T.);
#202=FACE_OUTER_BOUND('',#320,.T.);
#203=FACE_OUTER_BOUND('',#321,.T.);
#204=FACE_OUTER_BOUND('',#322,.T.);
#205=FACE_OUTER_BOUND('',#323,.T.);
#206=FACE_OUTER_BOUND('',#324,.T.);
#207=EDGE_LOOP('',(#1225,#1226,#1227,#1228));
#208=EDGE_LOOP('',(#1229,#1230,#1231,#1232,#1233,#1234));
#209=EDGE_LOOP('',(#1235,#1236,#1237,#1238));
#210=EDGE_LOOP('',(#1239,#1240,#1241,#1242));
#211=EDGE_LOOP('',(#1243,#1244,#1245,#1246,#1247,#1248));
#212=EDGE_LOOP('',(#1249,#1250,#1251,#1252));
#213=EDGE_LOOP('',(#1253,#1254,#1255,#1256));
#214=EDGE_LOOP('',(#1257,#1258,#1259,#1260,#1261,#1262));
#215=EDGE_LOOP('',(#1263,#1264,#1265,#1266));
#216=EDGE_LOOP('',(#1267,#1268,#1269,#1270,#1271));
#217=EDGE_LOOP('',(#1272,#1273,#1274,#1275,#1276,#1277,#1278));
#218=EDGE_LOOP('',(#1279,#1280,#1281,#1282));
#219=EDGE_LOOP('',(#1283,#1284,#1285,#1286,#1287));
#220=EDGE_LOOP('',(#1288,#1289,#1290,#1291));
#221=EDGE_LOOP('',(#1292,#1293,#1294,#1295));
#222=EDGE_LOOP('',(#1296,#1297,#1298,#1299));
#223=EDGE_LOOP('',(#1300,#1301,#1302,#1303));
#224=EDGE_LOOP('',(#1304,#1305,#1306,#1307));
#225=EDGE_LOOP('',(#1308,#1309,#1310,#1311,#1312,#1313,#1314,#1315,#1316,
#1317,#1318,#1319,#1320,#1321,#1322,#1323,#1324,#1325,#1326,#1327,#1328,
#1329,#1330,#1331,#1332,#1333,#1334,#1335));
#226=EDGE_LOOP('',(#1336,#1337,#1338,#1339,#1340,#1341,#1342,#1343,#1344,
#1345,#1346,#1347,#1348,#1349));
#227=EDGE_LOOP('',(#1350,#1351,#1352,#1353));
#228=EDGE_LOOP('',(#1354,#1355,#1356,#1357));
#229=EDGE_LOOP('',(#1358,#1359,#1360,#1361));
#230=EDGE_LOOP('',(#1362,#1363,#1364,#1365));
#231=EDGE_LOOP('',(#1366,#1367,#1368,#1369));
#232=EDGE_LOOP('',(#1370,#1371,#1372,#1373));
#233=EDGE_LOOP('',(#1374,#1375,#1376,#1377));
#234=EDGE_LOOP('',(#1378,#1379,#1380,#1381));
#235=EDGE_LOOP('',(#1382,#1383,#1384,#1385));
#236=EDGE_LOOP('',(#1386,#1387,#1388,#1389));
#237=EDGE_LOOP('',(#1390,#1391,#1392,#1393,#1394,#1395,#1396,#1397,#1398,
#1399));
#238=EDGE_LOOP('',(#1400,#1401,#1402,#1403,#1404));
#239=EDGE_LOOP('',(#1405,#1406,#1407,#1408));
#240=EDGE_LOOP('',(#1409,#1410,#1411,#1412));
#241=EDGE_LOOP('',(#1413,#1414,#1415,#1416));
#242=EDGE_LOOP('',(#1417,#1418,#1419));
#243=EDGE_LOOP('',(#1420,#1421,#1422));
#244=EDGE_LOOP('',(#1423,#1424,#1425));
#245=EDGE_LOOP('',(#1426,#1427,#1428));
#246=EDGE_LOOP('',(#1429,#1430,#1431,#1432));
#247=EDGE_LOOP('',(#1433,#1434,#1435,#1436));
#248=EDGE_LOOP('',(#1437,#1438,#1439,#1440));
#249=EDGE_LOOP('',(#1441,#1442,#1443));
#250=EDGE_LOOP('',(#1444,#1445,#1446,#1447));
#251=EDGE_LOOP('',(#1448,#1449,#1450));
#252=EDGE_LOOP('',(#1451,#1452,#1453,#1454));
#253=EDGE_LOOP('',(#1455,#1456,#1457,#1458));
#254=EDGE_LOOP('',(#1459,#1460,#1461,#1462));
#255=EDGE_LOOP('',(#1463,#1464,#1465,#1466));
#256=EDGE_LOOP('',(#1467,#1468,#1469,#1470));
#257=EDGE_LOOP('',(#1471,#1472,#1473,#1474));
#258=EDGE_LOOP('',(#1475,#1476,#1477,#1478));
#259=EDGE_LOOP('',(#1479,#1480,#1481,#1482));
#260=EDGE_LOOP('',(#1483,#1484,#1485,#1486));
#261=EDGE_LOOP('',(#1487,#1488,#1489,#1490));
#262=EDGE_LOOP('',(#1491,#1492,#1493,#1494));
#263=EDGE_LOOP('',(#1495,#1496,#1497,#1498,#1499,#1500,#1501,#1502,#1503,
#1504));
#264=EDGE_LOOP('',(#1505,#1506,#1507,#1508));
#265=EDGE_LOOP('',(#1509,#1510,#1511,#1512,#1513,#1514,#1515,#1516));
#266=EDGE_LOOP('',(#1517,#1518,#1519,#1520,#1521,#1522));
#267=EDGE_LOOP('',(#1523,#1524,#1525,#1526));
#268=EDGE_LOOP('',(#1527,#1528,#1529,#1530,#1531,#1532));
#269=EDGE_LOOP('',(#1533,#1534,#1535,#1536,#1537,#1538,#1539,#1540));
#270=EDGE_LOOP('',(#1541,#1542,#1543,#1544));
#271=EDGE_LOOP('',(#1545));
#272=EDGE_LOOP('',(#1546,#1547,#1548,#1549));
#273=EDGE_LOOP('',(#1550));
#274=EDGE_LOOP('',(#1551,#1552,#1553,#1554));
#275=EDGE_LOOP('',(#1555));
#276=EDGE_LOOP('',(#1556,#1557,#1558,#1559));
#277=EDGE_LOOP('',(#1560));
#278=EDGE_LOOP('',(#1561,#1562,#1563,#1564,#1565,#1566));
#279=EDGE_LOOP('',(#1567,#1568,#1569,#1570));
#280=EDGE_LOOP('',(#1571,#1572,#1573,#1574));
#281=EDGE_LOOP('',(#1575,#1576,#1577,#1578));
#282=EDGE_LOOP('',(#1579,#1580,#1581,#1582,#1583,#1584));
#283=EDGE_LOOP('',(#1585,#1586,#1587,#1588));
#284=EDGE_LOOP('',(#1589,#1590,#1591,#1592));
#285=EDGE_LOOP('',(#1593,#1594,#1595,#1596,#1597,#1598));
#286=EDGE_LOOP('',(#1599,#1600,#1601,#1602,#1603,#1604));
#287=EDGE_LOOP('',(#1605,#1606,#1607,#1608));
#288=EDGE_LOOP('',(#1609,#1610,#1611,#1612));
#289=EDGE_LOOP('',(#1613,#1614,#1615,#1616));
#290=EDGE_LOOP('',(#1617,#1618,#1619,#1620,#1621,#1622));
#291=EDGE_LOOP('',(#1623,#1624,#1625,#1626));
#292=EDGE_LOOP('',(#1627,#1628,#1629,#1630));
#293=EDGE_LOOP('',(#1631,#1632,#1633,#1634));
#294=EDGE_LOOP('',(#1635,#1636,#1637,#1638));
#295=EDGE_LOOP('',(#1639,#1640,#1641,#1642));
#296=EDGE_LOOP('',(#1643,#1644,#1645,#1646));
#297=EDGE_LOOP('',(#1647,#1648,#1649,#1650,#1651,#1652,#1653,#1654,#1655,
#1656,#1657,#1658,#1659,#1660,#1661,#1662));
#298=EDGE_LOOP('',(#1663,#1664,#1665,#1666,#1667,#1668,#1669,#1670,#1671,
#1672,#1673,#1674,#1675,#1676,#1677,#1678,#1679,#1680,#1681,#1682));
#299=EDGE_LOOP('',(#1683));
#300=EDGE_LOOP('',(#1684));
#301=EDGE_LOOP('',(#1685));
#302=EDGE_LOOP('',(#1686,#1687,#1688,#1689,#1690,#1691,#1692,#1693));
#303=EDGE_LOOP('',(#1694,#1695,#1696,#1697));
#304=EDGE_LOOP('',(#1698,#1699,#1700,#1701));
#305=EDGE_LOOP('',(#1702,#1703,#1704,#1705));
#306=EDGE_LOOP('',(#1706,#1707,#1708,#1709));
#307=EDGE_LOOP('',(#1710,#1711,#1712,#1713));
#308=EDGE_LOOP('',(#1714,#1715,#1716,#1717));
#309=EDGE_LOOP('',(#1718,#1719,#1720,#1721));
#310=EDGE_LOOP('',(#1722,#1723,#1724,#1725));
#311=EDGE_LOOP('',(#1726,#1727,#1728,#1729));
#312=EDGE_LOOP('',(#1730,#1731,#1732,#1733));
#313=EDGE_LOOP('',(#1734,#1735,#1736,#1737));
#314=EDGE_LOOP('',(#1738,#1739,#1740,#1741));
#315=EDGE_LOOP('',(#1742,#1743,#1744,#1745));
#316=EDGE_LOOP('',(#1746,#1747,#1748,#1749,#1750,#1751,#1752));
#317=EDGE_LOOP('',(#1753,#1754,#1755,#1756));
#318=EDGE_LOOP('',(#1757,#1758,#1759,#1760,#1761,#1762,#1763,#1764,#1765,
#1766));
#319=EDGE_LOOP('',(#1767));
#320=EDGE_LOOP('',(#1768,#1769,#1770,#1771,#1772));
#321=EDGE_LOOP('',(#1773,#1774,#1775,#1776));
#322=EDGE_LOOP('',(#1777,#1778,#1779,#1780));
#323=EDGE_LOOP('',(#1781,#1782,#1783,#1784));
#324=EDGE_LOOP('',(#1785,#1786,#1787,#1788));
#325=CIRCLE('',#1952,1.6);
#326=CIRCLE('',#1953,1.6);
#327=CIRCLE('',#1955,1.6);
#328=CIRCLE('',#1956,1.6);
#329=CIRCLE('',#1959,1.6);
#330=CIRCLE('',#1962,1.6);
#331=CIRCLE('',#1964,0.399999999999998);
#332=CIRCLE('',#1966,1.74799998509902);
#333=CIRCLE('',#1967,1.74799998509902);
#334=CIRCLE('',#1969,0.399999999999999);
#335=CIRCLE('',#1971,1.74799998509902);
#336=CIRCLE('',#1973,1.74799998509902);
#337=CIRCLE('',#1976,1.74799998509902);
#338=CIRCLE('',#1979,0.399999999999991);
#339=CIRCLE('',#1982,0.399999999999991);
#340=CIRCLE('',#1985,0.399999999999998);
#341=CIRCLE('',#1987,1.25242103301285);
#342=CIRCLE('',#1988,1.2524210330228);
#343=CIRCLE('',#1989,1.25242103302252);
#344=CIRCLE('',#1990,1.25242103302);
#345=CIRCLE('',#1992,0.399999999999999);
#346=CIRCLE('',#1993,0.4);
#347=CIRCLE('',#1995,0.500000000000009);
#348=CIRCLE('',#1996,0.500000000000007);
#349=CIRCLE('',#1997,0.500000000000007);
#350=CIRCLE('',#2001,0.500000000000007);
#351=CIRCLE('',#2002,0.5);
#352=CIRCLE('',#2006,0.5);
#353=CIRCLE('',#2008,0.500000000000007);
#354=CIRCLE('',#2009,199.5);
#355=CIRCLE('',#2010,200.);
#356=CIRCLE('',#2011,0.499999999999998);
#357=CIRCLE('',#2013,0.499999999999998);
#358=CIRCLE('',#2014,0.499999999999989);
#359=CIRCLE('',#2016,199.5);
#360=CIRCLE('',#2017,200.);
#361=CIRCLE('',#2019,200.);
#362=CIRCLE('',#2020,200.);
#363=CIRCLE('',#2023,1.6);
#364=CIRCLE('',#2026,1.6);
#365=CIRCLE('',#2028,0.5);
#366=CIRCLE('',#2029,0.500000000000007);
#367=CIRCLE('',#2030,0.5);
#368=CIRCLE('',#2032,0.5);
#369=CIRCLE('',#2033,0.500000000000007);
#370=CIRCLE('',#2034,0.5);
#371=CIRCLE('',#2036,0.5);
#372=CIRCLE('',#2037,0.499999999999989);
#373=CIRCLE('',#2038,0.500000000000007);
#374=CIRCLE('',#2040,0.5);
#375=CIRCLE('',#2041,0.5);
#376=CIRCLE('',#2042,0.5);
#377=CIRCLE('',#2044,0.5);
#378=CIRCLE('',#2046,0.5);
#379=CIRCLE('',#2047,199.5);
#380=CIRCLE('',#2050,0.500000000000007);
#381=CIRCLE('',#2051,0.500000000000001);
#382=CIRCLE('',#2052,0.499999999999989);
#383=CIRCLE('',#2055,0.5);
#384=CIRCLE('',#2056,0.499999999999999);
#385=CIRCLE('',#2057,0.500000000000007);
#386=CIRCLE('',#2059,0.500000000000025);
#387=CIRCLE('',#2061,0.500000000000007);
#388=CIRCLE('',#2062,199.5);
#389=CIRCLE('',#2076,1.74799998509902);
#390=CIRCLE('',#2077,1.74799998509902);
#391=CIRCLE('',#2081,0.399999999999999);
#392=CIRCLE('',#2082,0.4);
#393=CIRCLE('',#2083,0.399999999999999);
#394=CIRCLE('',#2085,0.8);
#395=CIRCLE('',#2086,0.8);
#396=CIRCLE('',#2089,0.8);
#397=CIRCLE('',#2090,0.8);
#398=CIRCLE('',#2093,0.800000000000001);
#399=CIRCLE('',#2094,0.800000000000001);
#400=CIRCLE('',#2097,0.800000000000001);
#401=CIRCLE('',#2098,0.800000000000001);
#402=CIRCLE('',#2110,1.74799998509902);
#403=CIRCLE('',#2113,1.6);
#404=CIRCLE('',#2114,1.6);
#405=CIRCLE('',#2117,1.6);
#406=CIRCLE('',#2118,1.6);
#407=CIRCLE('',#2120,1.19999999999999);
#408=CIRCLE('',#2121,1.19999999999999);
#409=CIRCLE('',#2124,1.2);
#410=CIRCLE('',#2125,1.2);
#411=CIRCLE('',#2128,1.2);
#412=CIRCLE('',#2129,1.2);
#413=CIRCLE('',#2132,1.25242103302);
#414=CIRCLE('',#2133,1.25242103302252);
#415=CIRCLE('',#2134,1.2524210330228);
#416=CIRCLE('',#2135,1.6);
#417=CIRCLE('',#2136,1.6);
#418=CIRCLE('',#2138,1.25242103301285);
#419=LINE('',#2755,#593);
#420=LINE('',#2759,#594);
#421=LINE('',#2763,#595);
#422=LINE('',#2767,#596);
#423=LINE('',#2770,#597);
#424=LINE('',#2773,#598);
#425=LINE('',#2774,#599);
#426=LINE('',#2778,#600);
#427=LINE('',#2781,#601);
#428=LINE('',#2783,#602);
#429=LINE('',#2785,#603);
#430=LINE('',#2786,#604);
#431=LINE('',#2790,#605);
#432=LINE('',#2801,#606);
#433=LINE('',#2804,#607);
#434=LINE('',#2809,#608);
#435=LINE('',#2813,#609);
#436=LINE('',#2814,#610);
#437=LINE('',#2824,#611);
#438=LINE('',#2828,#612);
#439=LINE('',#2831,#613);
#440=LINE('',#2835,#614);
#441=LINE('',#2839,#615);
#442=LINE('',#2841,#616);
#443=LINE('',#2843,#617);
#444=LINE('',#2845,#618);
#445=LINE('',#2846,#619);
#446=LINE('',#2849,#620);
#447=LINE('',#2850,#621);
#448=LINE('',#2854,#622);
#449=LINE('',#2860,#623);
#450=LINE('',#2863,#624);
#451=LINE('',#2869,#625);
#452=LINE('',#2872,#626);
#453=LINE('',#2874,#627);
#454=LINE('',#2875,#628);
#455=LINE('',#2878,#629);
#456=LINE('',#2881,#630);
#457=LINE('',#2885,#631);
#458=LINE('',#2887,#632);
#459=LINE('',#2889,#633);
#460=LINE('',#2890,#634);
#461=LINE('',#2892,#635);
#462=LINE('',#2893,#636);
#463=LINE('',#2895,#637);
#464=LINE('',#2899,#638);
#465=LINE('',#2901,#639);
#466=LINE('',#2902,#640);
#467=LINE('',#2904,#641);
#468=LINE('',#2906,#642);
#469=LINE('',#2908,#643);
#470=LINE('',#2912,#644);
#471=LINE('',#2914,#645);
#472=LINE('',#2916,#646);
#473=LINE('',#2920,#647);
#474=LINE('',#2922,#648);
#475=LINE('',#2924,#649);
#476=LINE('',#2928,#650);
#477=LINE('',#2929,#651);
#478=LINE('',#2932,#652);
#479=LINE('',#2936,#653);
#480=LINE('',#2939,#654);
#481=LINE('',#2941,#655);
#482=LINE('',#2943,#656);
#483=LINE('',#2945,#657);
#484=LINE('',#2947,#658);
#485=LINE('',#2949,#659);
#486=LINE('',#2951,#660);
#487=LINE('',#2952,#661);
#488=LINE('',#2958,#662);
#489=LINE('',#2961,#663);
#490=LINE('',#2996,#664);
#491=LINE('',#2997,#665);
#492=LINE('',#3032,#666);
#493=LINE('',#3033,#667);
#494=LINE('',#3082,#668);
#495=LINE('',#3083,#669);
#496=LINE('',#3127,#670);
#497=LINE('',#3131,#671);
#498=LINE('',#3134,#672);
#499=LINE('',#3137,#673);
#500=LINE('',#3139,#674);
#501=LINE('',#3140,#675);
#502=LINE('',#3144,#676);
#503=LINE('',#3147,#677);
#504=LINE('',#3148,#678);
#505=LINE('',#3152,#679);
#506=LINE('',#3182,#680);
#507=LINE('',#3183,#681);
#508=LINE('',#3189,#682);
#509=LINE('',#3190,#683);
#510=LINE('',#3199,#684);
#511=LINE('',#3200,#685);
#512=LINE('',#3211,#686);
#513=LINE('',#3212,#687);
#514=LINE('',#3218,#688);
#515=LINE('',#3219,#689);
#516=LINE('',#3221,#690);
#517=LINE('',#3224,#691);
#518=LINE('',#3226,#692);
#519=LINE('',#3227,#693);
#520=LINE('',#3229,#694);
#521=LINE('',#3231,#695);
#522=LINE('',#3232,#696);
#523=LINE('',#3235,#697);
#524=LINE('',#3237,#698);
#525=LINE('',#3239,#699);
#526=LINE('',#3241,#700);
#527=LINE('',#3242,#701);
#528=LINE('',#3244,#702);
#529=LINE('',#3248,#703);
#530=LINE('',#3250,#704);
#531=LINE('',#3254,#705);
#532=LINE('',#3260,#706);
#533=LINE('',#3262,#707);
#534=LINE('',#3266,#708);
#535=LINE('',#3270,#709);
#536=LINE('',#3276,#710);
#537=LINE('',#3283,#711);
#538=LINE('',#3290,#712);
#539=LINE('',#3297,#713);
#540=LINE('',#3301,#714);
#541=LINE('',#3302,#715);
#542=LINE('',#3304,#716);
#543=LINE('',#3306,#717);
#544=LINE('',#3308,#718);
#545=LINE('',#3311,#719);
#546=LINE('',#3314,#720);
#547=LINE('',#3317,#721);
#548=LINE('',#3318,#722);
#549=LINE('',#3322,#723);
#550=LINE('',#3324,#724);
#551=LINE('',#3330,#725);
#552=LINE('',#3332,#726);
#553=LINE('',#3333,#727);
#554=LINE('',#3339,#728);
#555=LINE('',#3345,#729);
#556=LINE('',#3348,#730);
#557=LINE('',#3350,#731);
#558=LINE('',#3351,#732);
#559=LINE('',#3357,#733);
#560=LINE('',#3360,#734);
#561=LINE('',#3362,#735);
#562=LINE('',#3363,#736);
#563=LINE('',#3368,#737);
#564=LINE('',#3371,#738);
#565=LINE('',#3373,#739);
#566=LINE('',#3377,#740);
#567=LINE('',#3379,#741);
#568=LINE('',#3381,#742);
#569=LINE('',#3385,#743);
#570=LINE('',#3387,#744);
#571=LINE('',#3389,#745);
#572=LINE('',#3392,#746);
#573=LINE('',#3396,#747);
#574=LINE('',#3399,#748);
#575=LINE('',#3402,#749);
#576=LINE('',#3405,#750);
#577=LINE('',#3407,#751);
#578=LINE('',#3409,#752);
#579=LINE('',#3411,#753);
#580=LINE('',#3413,#754);
#581=LINE('',#3415,#755);
#582=LINE('',#3417,#756);
#583=LINE('',#3419,#757);
#584=LINE('',#3421,#758);
#585=LINE('',#3423,#759);
#586=LINE('',#3425,#760);
#587=LINE('',#3427,#761);
#588=LINE('',#3429,#762);
#589=LINE('',#3432,#763);
#590=LINE('',#3435,#764);
#591=LINE('',#3437,#765);
#592=LINE('',#3439,#766);
#593=VECTOR('',#2163,10.);
#594=VECTOR('',#2166,10.);
#595=VECTOR('',#2171,10.);
#596=VECTOR('',#2174,10.);
#597=VECTOR('',#2177,10.);
#598=VECTOR('',#2180,10.);
#599=VECTOR('',#2181,10.);
#600=VECTOR('',#2186,10.);
#601=VECTOR('',#2189,10.);
#602=VECTOR('',#2190,10.);
#603=VECTOR('',#2191,10.);
#604=VECTOR('',#2192,10.);
#605=VECTOR('',#2197,10.);
#606=VECTOR('',#2200,10.);
#607=VECTOR('',#2203,10.);
#608=VECTOR('',#2208,10.);
#609=VECTOR('',#2211,10.);
#610=VECTOR('',#2212,10.);
#611=VECTOR('',#2215,10.);
#612=VECTOR('',#2220,10.);
#613=VECTOR('',#2223,10.);
#614=VECTOR('',#2226,10.);
#615=VECTOR('',#2229,10.);
#616=VECTOR('',#2230,10.);
#617=VECTOR('',#2231,10.);
#618=VECTOR('',#2232,10.);
#619=VECTOR('',#2233,10.);
#620=VECTOR('',#2236,10.);
#621=VECTOR('',#2237,10.);
#622=VECTOR('',#2242,10.);
#623=VECTOR('',#2247,10.);
#624=VECTOR('',#2250,10.);
#625=VECTOR('',#2255,10.);
#626=VECTOR('',#2258,10.);
#627=VECTOR('',#2261,10.);
#628=VECTOR('',#2262,10.);
#629=VECTOR('',#2265,10.);
#630=VECTOR('',#2268,10.);
#631=VECTOR('',#2271,10.);
#632=VECTOR('',#2272,10.);
#633=VECTOR('',#2273,10.);
#634=VECTOR('',#2274,10.);
#635=VECTOR('',#2275,10.);
#636=VECTOR('',#2276,10.);
#637=VECTOR('',#2277,10.);
#638=VECTOR('',#2280,10.);
#639=VECTOR('',#2281,10.);
#640=VECTOR('',#2282,10.);
#641=VECTOR('',#2283,10.);
#642=VECTOR('',#2284,10.);
#643=VECTOR('',#2285,10.);
#644=VECTOR('',#2288,10.);
#645=VECTOR('',#2289,10.);
#646=VECTOR('',#2290,10.);
#647=VECTOR('',#2293,10.);
#648=VECTOR('',#2294,10.);
#649=VECTOR('',#2295,10.);
#650=VECTOR('',#2298,10.);
#651=VECTOR('',#2299,10.);
#652=VECTOR('',#2302,10.);
#653=VECTOR('',#2305,10.);
#654=VECTOR('',#2308,10.);
#655=VECTOR('',#2309,10.);
#656=VECTOR('',#2310,10.);
#657=VECTOR('',#2311,10.);
#658=VECTOR('',#2312,10.);
#659=VECTOR('',#2313,10.);
#660=VECTOR('',#2314,10.);
#661=VECTOR('',#2315,10.);
#662=VECTOR('',#2320,10.);
#663=VECTOR('',#2323,10.);
#664=VECTOR('',#2334,10.);
#665=VECTOR('',#2335,10.);
#666=VECTOR('',#2346,10.);
#667=VECTOR('',#2347,10.);
#668=VECTOR('',#2362,10.);
#669=VECTOR('',#2363,10.);
#670=VECTOR('',#2374,10.);
#671=VECTOR('',#2377,10.);
#672=VECTOR('',#2380,10.);
#673=VECTOR('',#2383,10.);
#674=VECTOR('',#2384,10.);
#675=VECTOR('',#2385,10.);
#676=VECTOR('',#2390,10.);
#677=VECTOR('',#2393,10.);
#678=VECTOR('',#2394,10.);
#679=VECTOR('',#2399,10.);
#680=VECTOR('',#2436,10.);
#681=VECTOR('',#2437,10.);
#682=VECTOR('',#2446,10.);
#683=VECTOR('',#2447,10.);
#684=VECTOR('',#2458,10.);
#685=VECTOR('',#2459,10.);
#686=VECTOR('',#2472,10.);
#687=VECTOR('',#2473,10.);
#688=VECTOR('',#2482,10.);
#689=VECTOR('',#2483,10.);
#690=VECTOR('',#2486,10.);
#691=VECTOR('',#2489,10.);
#692=VECTOR('',#2492,10.);
#693=VECTOR('',#2493,10.);
#694=VECTOR('',#2496,10.);
#695=VECTOR('',#2499,10.);
#696=VECTOR('',#2500,10.);
#697=VECTOR('',#2503,10.);
#698=VECTOR('',#2506,10.);
#699=VECTOR('',#2509,10.);
#700=VECTOR('',#2512,10.);
#701=VECTOR('',#2513,10.);
#702=VECTOR('',#2516,10.);
#703=VECTOR('',#2521,10.);
#704=VECTOR('',#2522,10.);
#705=VECTOR('',#2525,10.);
#706=VECTOR('',#2534,10.);
#707=VECTOR('',#2535,10.);
#708=VECTOR('',#2538,10.);
#709=VECTOR('',#2541,10.);
#710=VECTOR('',#2548,0.8);
#711=VECTOR('',#2557,0.8);
#712=VECTOR('',#2566,0.800000000000001);
#713=VECTOR('',#2575,0.800000000000001);
#714=VECTOR('',#2582,10.);
#715=VECTOR('',#2583,10.);
#716=VECTOR('',#2586,10.);
#717=VECTOR('',#2589,10.);
#718=VECTOR('',#2592,10.);
#719=VECTOR('',#2597,10.);
#720=VECTOR('',#2602,10.);
#721=VECTOR('',#2605,10.);
#722=VECTOR('',#2606,10.);
#723=VECTOR('',#2611,10.);
#724=VECTOR('',#2614,10.);
#725=VECTOR('',#2623,10.);
#726=VECTOR('',#2624,10.);
#727=VECTOR('',#2625,10.);
#728=VECTOR('',#2632,10.);
#729=VECTOR('',#2639,10.);
#730=VECTOR('',#2642,10.);
#731=VECTOR('',#2643,10.);
#732=VECTOR('',#2644,10.);
#733=VECTOR('',#2651,10.);
#734=VECTOR('',#2654,10.);
#735=VECTOR('',#2655,10.);
#736=VECTOR('',#2656,10.);
#737=VECTOR('',#2665,10.);
#738=VECTOR('',#2668,10.);
#739=VECTOR('',#2669,10.);
#740=VECTOR('',#2672,10.);
#741=VECTOR('',#2673,10.);
#742=VECTOR('',#2674,10.);
#743=VECTOR('',#2677,10.);
#744=VECTOR('',#2678,10.);
#745=VECTOR('',#2679,10.);
#746=VECTOR('',#2682,10.);
#747=VECTOR('',#2685,10.);
#748=VECTOR('',#2688,10.);
#749=VECTOR('',#2691,10.);
#750=VECTOR('',#2694,10.);
#751=VECTOR('',#2697,10.);
#752=VECTOR('',#2700,10.);
#753=VECTOR('',#2703,10.);
#754=VECTOR('',#2706,10.);
#755=VECTOR('',#2709,10.);
#756=VECTOR('',#2712,10.);
#757=VECTOR('',#2715,10.);
#758=VECTOR('',#2718,10.);
#759=VECTOR('',#2721,10.);
#760=VECTOR('',#2724,10.);
#761=VECTOR('',#2727,10.);
#762=VECTOR('',#2730,10.);
#763=VECTOR('',#2735,10.);
#764=VECTOR('',#2740,10.);
#765=VECTOR('',#2743,10.);
#766=VECTOR('',#2746,10.);
#767=VERTEX_POINT('',#2753);
#768=VERTEX_POINT('',#2754);
#769=VERTEX_POINT('',#2756);
#770=VERTEX_POINT('',#2758);
#771=VERTEX_POINT('',#2762);
#772=VERTEX_POINT('',#2764);
#773=VERTEX_POINT('',#2766);
#774=VERTEX_POINT('',#2768);
#775=VERTEX_POINT('',#2772);
#776=VERTEX_POINT('',#2776);
#777=VERTEX_POINT('',#2780);
#778=VERTEX_POINT('',#2782);
#779=VERTEX_POINT('',#2784);
#780=VERTEX_POINT('',#2788);
#781=VERTEX_POINT('',#2792);
#782=VERTEX_POINT('',#2793);
#783=VERTEX_POINT('',#2800);
#784=VERTEX_POINT('',#2802);
#785=VERTEX_POINT('',#2806);
#786=VERTEX_POINT('',#2808);
#787=VERTEX_POINT('',#2810);
#788=VERTEX_POINT('',#2812);
#789=VERTEX_POINT('',#2816);
#790=VERTEX_POINT('',#2823);
#791=VERTEX_POINT('',#2827);
#792=VERTEX_POINT('',#2829);
#793=VERTEX_POINT('',#2833);
#794=VERTEX_POINT('',#2834);
#795=VERTEX_POINT('',#2836);
#796=VERTEX_POINT('',#2838);
#797=VERTEX_POINT('',#2840);
#798=VERTEX_POINT('',#2842);
#799=VERTEX_POINT('',#2844);
#800=VERTEX_POINT('',#2848);
#801=VERTEX_POINT('',#2852);
#802=VERTEX_POINT('',#2856);
#803=VERTEX_POINT('',#2857);
#804=VERTEX_POINT('',#2859);
#805=VERTEX_POINT('',#2861);
#806=VERTEX_POINT('',#2865);
#807=VERTEX_POINT('',#2866);
#808=VERTEX_POINT('',#2868);
#809=VERTEX_POINT('',#2870);
#810=VERTEX_POINT('',#2877);
#811=VERTEX_POINT('',#2879);
#812=VERTEX_POINT('',#2883);
#813=VERTEX_POINT('',#2884);
#814=VERTEX_POINT('',#2886);
#815=VERTEX_POINT('',#2888);
#816=VERTEX_POINT('',#2891);
#817=VERTEX_POINT('',#2894);
#818=VERTEX_POINT('',#2896);
#819=VERTEX_POINT('',#2898);
#820=VERTEX_POINT('',#2900);
#821=VERTEX_POINT('',#2903);
#822=VERTEX_POINT('',#2905);
#823=VERTEX_POINT('',#2907);
#824=VERTEX_POINT('',#2909);
#825=VERTEX_POINT('',#2911);
#826=VERTEX_POINT('',#2913);
#827=VERTEX_POINT('',#2915);
#828=VERTEX_POINT('',#2917);
#829=VERTEX_POINT('',#2919);
#830=VERTEX_POINT('',#2921);
#831=VERTEX_POINT('',#2923);
#832=VERTEX_POINT('',#2925);
#833=VERTEX_POINT('',#2927);
#834=VERTEX_POINT('',#2931);
#835=VERTEX_POINT('',#2933);
#836=VERTEX_POINT('',#2935);
#837=VERTEX_POINT('',#2937);
#838=VERTEX_POINT('',#2940);
#839=VERTEX_POINT('',#2942);
#840=VERTEX_POINT('',#2944);
#841=VERTEX_POINT('',#2946);
#842=VERTEX_POINT('',#2948);
#843=VERTEX_POINT('',#2950);
#844=VERTEX_POINT('',#2954);
#845=VERTEX_POINT('',#2955);
#846=VERTEX_POINT('',#2957);
#847=VERTEX_POINT('',#2959);
#848=VERTEX_POINT('',#2987);
#849=VERTEX_POINT('',#2988);
#850=VERTEX_POINT('',#2993);
#851=VERTEX_POINT('',#2994);
#852=VERTEX_POINT('',#3023);
#853=VERTEX_POINT('',#3024);
#854=VERTEX_POINT('',#3029);
#855=VERTEX_POINT('',#3030);
#856=VERTEX_POINT('',#3035);
#857=VERTEX_POINT('',#3036);
#858=VERTEX_POINT('',#3065);
#859=VERTEX_POINT('',#3066);
#860=VERTEX_POINT('',#3079);
#861=VERTEX_POINT('',#3080);
#862=VERTEX_POINT('',#3109);
#863=VERTEX_POINT('',#3110);
#864=VERTEX_POINT('',#3126);
#865=VERTEX_POINT('',#3128);
#866=VERTEX_POINT('',#3130);
#867=VERTEX_POINT('',#3132);
#868=VERTEX_POINT('',#3136);
#869=VERTEX_POINT('',#3138);
#870=VERTEX_POINT('',#3142);
#871=VERTEX_POINT('',#3146);
#872=VERTEX_POINT('',#3150);
#873=VERTEX_POINT('',#3154);
#874=VERTEX_POINT('',#3155);
#875=VERTEX_POINT('',#3160);
#876=VERTEX_POINT('',#3161);
#877=VERTEX_POINT('',#3163);
#878=VERTEX_POINT('',#3167);
#879=VERTEX_POINT('',#3169);
#880=VERTEX_POINT('',#3173);
#881=VERTEX_POINT('',#3174);
#882=VERTEX_POINT('',#3176);
#883=VERTEX_POINT('',#3180);
#884=VERTEX_POINT('',#3185);
#885=VERTEX_POINT('',#3192);
#886=VERTEX_POINT('',#3193);
#887=VERTEX_POINT('',#3195);
#888=VERTEX_POINT('',#3202);
#889=VERTEX_POINT('',#3203);
#890=VERTEX_POINT('',#3205);
#891=VERTEX_POINT('',#3209);
#892=VERTEX_POINT('',#3214);
#893=VERTEX_POINT('',#3222);
#894=VERTEX_POINT('',#3234);
#895=VERTEX_POINT('',#3247);
#896=VERTEX_POINT('',#3249);
#897=VERTEX_POINT('',#3251);
#898=VERTEX_POINT('',#3253);
#899=VERTEX_POINT('',#3259);
#900=VERTEX_POINT('',#3261);
#901=VERTEX_POINT('',#3263);
#902=VERTEX_POINT('',#3265);
#903=VERTEX_POINT('',#3267);
#904=VERTEX_POINT('',#3269);
#905=VERTEX_POINT('',#3273);
#906=VERTEX_POINT('',#3275);
#907=VERTEX_POINT('',#3280);
#908=VERTEX_POINT('',#3282);
#909=VERTEX_POINT('',#3287);
#910=VERTEX_POINT('',#3289);
#911=VERTEX_POINT('',#3294);
#912=VERTEX_POINT('',#3296);
#913=VERTEX_POINT('',#3316);
#914=VERTEX_POINT('',#3320);
#915=VERTEX_POINT('',#3329);
#916=VERTEX_POINT('',#3331);
#917=VERTEX_POINT('',#3335);
#918=VERTEX_POINT('',#3337);
#919=VERTEX_POINT('',#3341);
#920=VERTEX_POINT('',#3343);
#921=VERTEX_POINT('',#3347);
#922=VERTEX_POINT('',#3349);
#923=VERTEX_POINT('',#3353);
#924=VERTEX_POINT('',#3355);
#925=VERTEX_POINT('',#3359);
#926=VERTEX_POINT('',#3361);
#927=VERTEX_POINT('',#3370);
#928=VERTEX_POINT('',#3372);
#929=VERTEX_POINT('',#3374);
#930=VERTEX_POINT('',#3376);
#931=VERTEX_POINT('',#3378);
#932=VERTEX_POINT('',#3380);
#933=VERTEX_POINT('',#3382);
#934=VERTEX_POINT('',#3384);
#935=VERTEX_POINT('',#3386);
#936=VERTEX_POINT('',#3388);
#937=VERTEX_POINT('',#3390);
#938=VERTEX_POINT('',#3393);
#939=VERTEX_POINT('',#3395);
#940=VERTEX_POINT('',#3397);
#941=VERTEX_POINT('',#3401);
#942=VERTEX_POINT('',#3403);
#943=EDGE_CURVE('',#767,#768,#419,.T.);
#944=EDGE_CURVE('',#769,#768,#325,.T.);
#945=EDGE_CURVE('',#770,#769,#420,.T.);
#946=EDGE_CURVE('',#770,#767,#326,.T.);
#947=EDGE_CURVE('',#768,#771,#421,.T.);
#948=EDGE_CURVE('',#771,#772,#327,.T.);
#949=EDGE_CURVE('',#772,#773,#422,.T.);
#950=EDGE_CURVE('',#773,#774,#328,.T.);
#951=EDGE_CURVE('',#774,#769,#423,.T.);
#952=EDGE_CURVE('',#775,#770,#424,.T.);
#953=EDGE_CURVE('',#775,#774,#425,.T.);
#954=EDGE_CURVE('',#776,#775,#329,.T.);
#955=EDGE_CURVE('',#776,#773,#426,.T.);
#956=EDGE_CURVE('',#767,#777,#427,.T.);
#957=EDGE_CURVE('',#777,#778,#428,.T.);
#958=EDGE_CURVE('',#779,#778,#429,.T.);
#959=EDGE_CURVE('',#771,#779,#430,.T.);
#960=EDGE_CURVE('',#780,#779,#330,.T.);
#961=EDGE_CURVE('',#772,#780,#431,.T.);
#962=EDGE_CURVE('',#781,#782,#45,.T.);
#963=EDGE_CURVE('',#783,#782,#432,.T.);
#964=EDGE_CURVE('',#783,#784,#331,.T.);
#965=EDGE_CURVE('',#784,#781,#433,.T.);
#966=EDGE_CURVE('',#782,#785,#332,.T.);
#967=EDGE_CURVE('',#785,#786,#434,.T.);
#968=EDGE_CURVE('',#786,#787,#333,.T.);
#969=EDGE_CURVE('',#788,#787,#435,.T.);
#970=EDGE_CURVE('',#788,#783,#436,.T.);
#971=EDGE_CURVE('',#787,#789,#46,.T.);
#972=EDGE_CURVE('',#790,#789,#437,.T.);
#973=EDGE_CURVE('',#790,#788,#334,.T.);
#974=EDGE_CURVE('',#791,#781,#438,.T.);
#975=EDGE_CURVE('',#791,#792,#335,.T.);
#976=EDGE_CURVE('',#792,#785,#439,.T.);
#977=EDGE_CURVE('',#793,#794,#440,.T.);
#978=EDGE_CURVE('',#795,#793,#336,.T.);
#979=EDGE_CURVE('',#796,#795,#441,.T.);
#980=EDGE_CURVE('',#797,#796,#442,.T.);
#981=EDGE_CURVE('',#798,#797,#443,.T.);
#982=EDGE_CURVE('',#799,#798,#444,.T.);
#983=EDGE_CURVE('',#799,#794,#445,.T.);
#984=EDGE_CURVE('',#792,#800,#446,.T.);
#985=EDGE_CURVE('',#800,#786,#447,.T.);
#986=EDGE_CURVE('',#800,#801,#337,.T.);
#987=EDGE_CURVE('',#801,#789,#448,.T.);
#988=EDGE_CURVE('',#802,#803,#37,.T.);
#989=EDGE_CURVE('',#804,#803,#449,.T.);
#990=EDGE_CURVE('',#804,#805,#338,.T.);
#991=EDGE_CURVE('',#805,#802,#450,.T.);
#992=EDGE_CURVE('',#806,#807,#38,.T.);
#993=EDGE_CURVE('',#808,#807,#451,.T.);
#994=EDGE_CURVE('',#808,#809,#339,.T.);
#995=EDGE_CURVE('',#809,#806,#452,.T.);
#996=EDGE_CURVE('',#807,#802,#453,.T.);
#997=EDGE_CURVE('',#805,#808,#454,.T.);
#998=EDGE_CURVE('',#810,#802,#455,.T.);
#999=EDGE_CURVE('',#810,#811,#340,.T.);
#1000=EDGE_CURVE('',#811,#803,#456,.T.);
#1001=EDGE_CURVE('',#812,#813,#457,.T.);
#1002=EDGE_CURVE('',#813,#814,#458,.T.);
#1003=EDGE_CURVE('',#814,#815,#459,.T.);
#1004=EDGE_CURVE('',#812,#815,#460,.T.);
#1005=EDGE_CURVE('',#784,#816,#461,.T.);
#1006=EDGE_CURVE('',#794,#790,#462,.T.);
#1007=EDGE_CURVE('',#817,#799,#463,.T.);
#1008=EDGE_CURVE('',#818,#817,#341,.T.);
#1009=EDGE_CURVE('',#819,#818,#464,.T.);
#1010=EDGE_CURVE('',#820,#819,#465,.T.);
#1011=EDGE_CURVE('',#809,#820,#466,.T.);
#1012=EDGE_CURVE('',#821,#804,#467,.T.);
#1013=EDGE_CURVE('',#822,#821,#468,.T.);
#1014=EDGE_CURVE('',#823,#822,#469,.T.);
#1015=EDGE_CURVE('',#824,#823,#342,.T.);
#1016=EDGE_CURVE('',#825,#824,#470,.T.);
#1017=EDGE_CURVE('',#826,#825,#471,.T.);
#1018=EDGE_CURVE('',#827,#826,#472,.T.);
#1019=EDGE_CURVE('',#828,#827,#343,.T.);
#1020=EDGE_CURVE('',#829,#828,#473,.T.);
#1021=EDGE_CURVE('',#830,#829,#474,.T.);
#1022=EDGE_CURVE('',#831,#830,#475,.T.);
#1023=EDGE_CURVE('',#832,#831,#344,.T.);
#1024=EDGE_CURVE('',#833,#832,#476,.T.);
#1025=EDGE_CURVE('',#816,#833,#477,.T.);
#1026=EDGE_CURVE('',#834,#821,#478,.T.);
#1027=EDGE_CURVE('',#835,#834,#345,.T.);
#1028=EDGE_CURVE('',#836,#835,#479,.T.);
#1029=EDGE_CURVE('',#837,#836,#346,.T.);
#1030=EDGE_CURVE('',#820,#837,#480,.T.);
#1031=EDGE_CURVE('',#819,#838,#481,.T.);
#1032=EDGE_CURVE('',#839,#838,#482,.T.);
#1033=EDGE_CURVE('',#839,#840,#483,.T.);
#1034=EDGE_CURVE('',#841,#840,#484,.T.);
#1035=EDGE_CURVE('',#842,#841,#485,.T.);
#1036=EDGE_CURVE('',#843,#842,#486,.T.);
#1037=EDGE_CURVE('',#822,#843,#487,.T.);
#1038=EDGE_CURVE('',#844,#845,#347,.T.);
#1039=EDGE_CURVE('',#846,#844,#488,.T.);
#1040=EDGE_CURVE('',#847,#846,#348,.T.);
#1041=EDGE_CURVE('',#845,#847,#489,.T.);
#1042=EDGE_CURVE('',#848,#849,#349,.T.);
#1043=EDGE_CURVE('',#847,#848,#39,.T.);
#1044=EDGE_CURVE('',#849,#846,#40,.T.);
#1045=EDGE_CURVE('',#850,#851,#350,.T.);
#1046=EDGE_CURVE('',#848,#850,#490,.T.);
#1047=EDGE_CURVE('',#851,#849,#491,.T.);
#1048=EDGE_CURVE('',#852,#853,#351,.T.);
#1049=EDGE_CURVE('',#850,#852,#41,.T.);
#1050=EDGE_CURVE('',#853,#851,#42,.T.);
#1051=EDGE_CURVE('',#854,#855,#352,.T.);
#1052=EDGE_CURVE('',#852,#854,#492,.T.);
#1053=EDGE_CURVE('',#855,#853,#493,.T.);
#1054=EDGE_CURVE('',#856,#857,#353,.T.);
#1055=EDGE_CURVE('',#854,#856,#354,.T.);
#1056=EDGE_CURVE('',#857,#855,#355,.T.);
#1057=EDGE_CURVE('',#858,#859,#356,.T.);
#1058=EDGE_CURVE('',#856,#858,#47,.T.);
#1059=EDGE_CURVE('',#859,#857,#48,.T.);
#1060=EDGE_CURVE('',#860,#861,#357,.T.);
#1061=EDGE_CURVE('',#858,#860,#494,.T.);
#1062=EDGE_CURVE('',#861,#859,#495,.T.);
#1063=EDGE_CURVE('',#862,#863,#358,.T.);
#1064=EDGE_CURVE('',#860,#862,#49,.T.);
#1065=EDGE_CURVE('',#863,#861,#50,.T.);
#1066=EDGE_CURVE('',#862,#845,#359,.T.);
#1067=EDGE_CURVE('',#844,#863,#360,.T.);
#1068=EDGE_CURVE('',#864,#855,#496,.T.);
#1069=EDGE_CURVE('',#864,#865,#361,.T.);
#1070=EDGE_CURVE('',#865,#866,#497,.T.);
#1071=EDGE_CURVE('',#866,#867,#362,.T.);
#1072=EDGE_CURVE('',#844,#867,#498,.T.);
#1073=EDGE_CURVE('',#856,#868,#499,.T.);
#1074=EDGE_CURVE('',#869,#868,#500,.T.);
#1075=EDGE_CURVE('',#852,#869,#501,.T.);
#1076=EDGE_CURVE('',#870,#869,#363,.T.);
#1077=EDGE_CURVE('',#850,#870,#502,.T.);
#1078=EDGE_CURVE('',#871,#870,#503,.T.);
#1079=EDGE_CURVE('',#848,#871,#504,.T.);
#1080=EDGE_CURVE('',#872,#871,#364,.T.);
#1081=EDGE_CURVE('',#847,#872,#505,.T.);
#1082=EDGE_CURVE('',#873,#874,#365,.F.);
#1083=EDGE_CURVE('',#874,#813,#366,.F.);
#1084=EDGE_CURVE('',#813,#873,#367,.F.);
#1085=EDGE_CURVE('',#875,#876,#368,.F.);
#1086=EDGE_CURVE('',#876,#877,#369,.F.);
#1087=EDGE_CURVE('',#877,#875,#370,.F.);
#1088=EDGE_CURVE('',#814,#878,#371,.F.);
#1089=EDGE_CURVE('',#878,#879,#372,.F.);
#1090=EDGE_CURVE('',#879,#814,#373,.F.);
#1091=EDGE_CURVE('',#880,#881,#374,.F.);
#1092=EDGE_CURVE('',#881,#882,#375,.F.);
#1093=EDGE_CURVE('',#882,#880,#376,.F.);
#1094=EDGE_CURVE('',#883,#865,#377,.T.);
#1095=EDGE_CURVE('',#880,#883,#506,.T.);
#1096=EDGE_CURVE('',#865,#882,#507,.T.);
#1097=EDGE_CURVE('',#884,#864,#378,.T.);
#1098=EDGE_CURVE('',#883,#884,#379,.T.);
#1099=EDGE_CURVE('',#884,#877,#508,.T.);
#1100=EDGE_CURVE('',#875,#864,#509,.T.);
#1101=EDGE_CURVE('',#885,#886,#380,.F.);
#1102=EDGE_CURVE('',#886,#887,#381,.F.);
#1103=EDGE_CURVE('',#887,#885,#382,.F.);
#1104=EDGE_CURVE('',#879,#887,#510,.T.);
#1105=EDGE_CURVE('',#885,#878,#511,.T.);
#1106=EDGE_CURVE('',#888,#889,#383,.F.);
#1107=EDGE_CURVE('',#889,#890,#384,.F.);
#1108=EDGE_CURVE('',#890,#888,#385,.F.);
#1109=EDGE_CURVE('',#891,#867,#386,.T.);
#1110=EDGE_CURVE('',#887,#891,#512,.T.);
#1111=EDGE_CURVE('',#867,#886,#513,.T.);
#1112=EDGE_CURVE('',#892,#866,#387,.T.);
#1113=EDGE_CURVE('',#891,#892,#388,.T.);
#1114=EDGE_CURVE('',#892,#890,#514,.T.);
#1115=EDGE_CURVE('',#888,#866,#515,.T.);
#1116=EDGE_CURVE('',#815,#889,#516,.T.);
#1117=EDGE_CURVE('',#893,#815,#43,.T.);
#1118=EDGE_CURVE('',#890,#893,#517,.T.);
#1119=EDGE_CURVE('',#882,#888,#518,.T.);
#1120=EDGE_CURVE('',#889,#881,#519,.T.);
#1121=EDGE_CURVE('',#893,#879,#520,.T.);
#1122=EDGE_CURVE('',#876,#885,#521,.T.);
#1123=EDGE_CURVE('',#886,#875,#522,.T.);
#1124=EDGE_CURVE('',#894,#880,#523,.T.);
#1125=EDGE_CURVE('',#812,#894,#44,.T.);
#1126=EDGE_CURVE('',#881,#812,#524,.T.);
#1127=EDGE_CURVE('',#878,#874,#525,.T.);
#1128=EDGE_CURVE('',#877,#873,#526,.T.);
#1129=EDGE_CURVE('',#874,#876,#527,.T.);
#1130=EDGE_CURVE('',#873,#894,#528,.T.);
#1131=EDGE_CURVE('',#801,#895,#529,.T.);
#1132=EDGE_CURVE('',#896,#791,#530,.T.);
#1133=EDGE_CURVE('',#897,#896,#389,.T.);
#1134=EDGE_CURVE('',#898,#897,#531,.T.);
#1135=EDGE_CURVE('',#895,#898,#390,.T.);
#1136=EDGE_CURVE('',#811,#899,#532,.T.);
#1137=EDGE_CURVE('',#900,#810,#533,.T.);
#1138=EDGE_CURVE('',#901,#900,#391,.T.);
#1139=EDGE_CURVE('',#902,#901,#534,.T.);
#1140=EDGE_CURVE('',#903,#902,#392,.T.);
#1141=EDGE_CURVE('',#904,#903,#535,.T.);
#1142=EDGE_CURVE('',#899,#904,#393,.T.);
#1143=EDGE_CURVE('',#905,#905,#394,.T.);
#1144=EDGE_CURVE('',#905,#906,#536,.T.);
#1145=EDGE_CURVE('',#906,#906,#395,.T.);
#1146=EDGE_CURVE('',#907,#907,#396,.T.);
#1147=EDGE_CURVE('',#907,#908,#537,.T.);
#1148=EDGE_CURVE('',#908,#908,#397,.T.);
#1149=EDGE_CURVE('',#909,#909,#398,.T.);
#1150=EDGE_CURVE('',#909,#910,#538,.T.);
#1151=EDGE_CURVE('',#910,#910,#399,.T.);
#1152=EDGE_CURVE('',#911,#911,#400,.T.);
#1153=EDGE_CURVE('',#911,#912,#539,.T.);
#1154=EDGE_CURVE('',#912,#912,#401,.T.);
#1155=EDGE_CURVE('',#901,#806,#540,.T.);
#1156=EDGE_CURVE('',#902,#837,#541,.T.);
#1157=EDGE_CURVE('',#903,#836,#542,.T.);
#1158=EDGE_CURVE('',#904,#835,#543,.T.);
#1159=EDGE_CURVE('',#899,#834,#544,.T.);
#1160=EDGE_CURVE('',#900,#807,#545,.T.);
#1161=EDGE_CURVE('',#895,#793,#546,.T.);
#1162=EDGE_CURVE('',#816,#913,#547,.T.);
#1163=EDGE_CURVE('',#896,#913,#548,.T.);
#1164=EDGE_CURVE('',#913,#914,#402,.T.);
#1165=EDGE_CURVE('',#897,#914,#549,.T.);
#1166=EDGE_CURVE('',#898,#795,#550,.T.);
#1167=EDGE_CURVE('',#777,#842,#403,.T.);
#1168=EDGE_CURVE('',#778,#841,#404,.T.);
#1169=EDGE_CURVE('',#915,#776,#551,.T.);
#1170=EDGE_CURVE('',#916,#780,#552,.T.);
#1171=EDGE_CURVE('',#915,#916,#553,.T.);
#1172=EDGE_CURVE('',#917,#915,#405,.T.);
#1173=EDGE_CURVE('',#918,#916,#406,.T.);
#1174=EDGE_CURVE('',#917,#918,#554,.T.);
#1175=EDGE_CURVE('',#919,#797,#407,.T.);
#1176=EDGE_CURVE('',#920,#796,#408,.T.);
#1177=EDGE_CURVE('',#919,#920,#555,.T.);
#1178=EDGE_CURVE('',#921,#919,#556,.T.);
#1179=EDGE_CURVE('',#922,#920,#557,.T.);
#1180=EDGE_CURVE('',#921,#922,#558,.T.);
#1181=EDGE_CURVE('',#923,#921,#409,.T.);
#1182=EDGE_CURVE('',#924,#922,#410,.T.);
#1183=EDGE_CURVE('',#923,#924,#559,.T.);
#1184=EDGE_CURVE('',#925,#923,#560,.T.);
#1185=EDGE_CURVE('',#926,#924,#561,.T.);
#1186=EDGE_CURVE('',#925,#926,#562,.T.);
#1187=EDGE_CURVE('',#839,#925,#411,.T.);
#1188=EDGE_CURVE('',#840,#926,#412,.T.);
#1189=EDGE_CURVE('',#914,#918,#563,.T.);
#1190=EDGE_CURVE('',#917,#927,#564,.T.);
#1191=EDGE_CURVE('',#927,#928,#565,.T.);
#1192=EDGE_CURVE('',#928,#929,#413,.T.);
#1193=EDGE_CURVE('',#929,#930,#566,.T.);
#1194=EDGE_CURVE('',#930,#931,#567,.T.);
#1195=EDGE_CURVE('',#931,#932,#568,.T.);
#1196=EDGE_CURVE('',#932,#933,#414,.T.);
#1197=EDGE_CURVE('',#933,#934,#569,.T.);
#1198=EDGE_CURVE('',#934,#935,#570,.T.);
#1199=EDGE_CURVE('',#935,#936,#571,.T.);
#1200=EDGE_CURVE('',#936,#937,#415,.T.);
#1201=EDGE_CURVE('',#937,#843,#572,.T.);
#1202=EDGE_CURVE('',#868,#938,#416,.T.);
#1203=EDGE_CURVE('',#938,#939,#573,.T.);
#1204=EDGE_CURVE('',#939,#940,#417,.T.);
#1205=EDGE_CURVE('',#940,#872,#574,.T.);
#1206=EDGE_CURVE('',#817,#941,#575,.T.);
#1207=EDGE_CURVE('',#942,#941,#418,.T.);
#1208=EDGE_CURVE('',#818,#942,#576,.T.);
#1209=EDGE_CURVE('',#838,#942,#577,.T.);
#1210=EDGE_CURVE('',#823,#937,#578,.T.);
#1211=EDGE_CURVE('',#824,#936,#579,.T.);
#1212=EDGE_CURVE('',#825,#935,#580,.T.);
#1213=EDGE_CURVE('',#826,#934,#581,.T.);
#1214=EDGE_CURVE('',#827,#933,#582,.T.);
#1215=EDGE_CURVE('',#828,#932,#583,.T.);
#1216=EDGE_CURVE('',#829,#931,#584,.T.);
#1217=EDGE_CURVE('',#830,#930,#585,.T.);
#1218=EDGE_CURVE('',#831,#929,#586,.T.);
#1219=EDGE_CURVE('',#832,#928,#587,.T.);
#1220=EDGE_CURVE('',#833,#927,#588,.T.);
#1221=EDGE_CURVE('',#941,#798,#589,.T.);
#1222=EDGE_CURVE('',#862,#940,#590,.T.);
#1223=EDGE_CURVE('',#860,#939,#591,.T.);
#1224=EDGE_CURVE('',#858,#938,#592,.T.);
#1225=ORIENTED_EDGE('',*,*,#943,.T.);
#1226=ORIENTED_EDGE('',*,*,#944,.F.);
#1227=ORIENTED_EDGE('',*,*,#945,.F.);
#1228=ORIENTED_EDGE('',*,*,#946,.T.);
#1229=ORIENTED_EDGE('',*,*,#947,.T.);
#1230=ORIENTED_EDGE('',*,*,#948,.T.);
#1231=ORIENTED_EDGE('',*,*,#949,.T.);
#1232=ORIENTED_EDGE('',*,*,#950,.T.);
#1233=ORIENTED_EDGE('',*,*,#951,.T.);
#1234=ORIENTED_EDGE('',*,*,#944,.T.);
#1235=ORIENTED_EDGE('',*,*,#952,.T.);
#1236=ORIENTED_EDGE('',*,*,#945,.T.);
#1237=ORIENTED_EDGE('',*,*,#951,.F.);
#1238=ORIENTED_EDGE('',*,*,#953,.F.);
#1239=ORIENTED_EDGE('',*,*,#954,.T.);
#1240=ORIENTED_EDGE('',*,*,#953,.T.);
#1241=ORIENTED_EDGE('',*,*,#950,.F.);
#1242=ORIENTED_EDGE('',*,*,#955,.F.);
#1243=ORIENTED_EDGE('',*,*,#943,.F.);
#1244=ORIENTED_EDGE('',*,*,#956,.T.);
#1245=ORIENTED_EDGE('',*,*,#957,.T.);
#1246=ORIENTED_EDGE('',*,*,#958,.F.);
#1247=ORIENTED_EDGE('',*,*,#959,.F.);
#1248=ORIENTED_EDGE('',*,*,#947,.F.);
#1249=ORIENTED_EDGE('',*,*,#948,.F.);
#1250=ORIENTED_EDGE('',*,*,#959,.T.);
#1251=ORIENTED_EDGE('',*,*,#960,.F.);
#1252=ORIENTED_EDGE('',*,*,#961,.F.);
#1253=ORIENTED_EDGE('',*,*,#962,.T.);
#1254=ORIENTED_EDGE('',*,*,#963,.F.);
#1255=ORIENTED_EDGE('',*,*,#964,.T.);
#1256=ORIENTED_EDGE('',*,*,#965,.T.);
#1257=ORIENTED_EDGE('',*,*,#966,.T.);
#1258=ORIENTED_EDGE('',*,*,#967,.T.);
#1259=ORIENTED_EDGE('',*,*,#968,.T.);
#1260=ORIENTED_EDGE('',*,*,#969,.F.);
#1261=ORIENTED_EDGE('',*,*,#970,.T.);
#1262=ORIENTED_EDGE('',*,*,#963,.T.);
#1263=ORIENTED_EDGE('',*,*,#971,.T.);
#1264=ORIENTED_EDGE('',*,*,#972,.F.);
#1265=ORIENTED_EDGE('',*,*,#973,.T.);
#1266=ORIENTED_EDGE('',*,*,#969,.T.);
#1267=ORIENTED_EDGE('',*,*,#962,.F.);
#1268=ORIENTED_EDGE('',*,*,#974,.F.);
#1269=ORIENTED_EDGE('',*,*,#975,.T.);
#1270=ORIENTED_EDGE('',*,*,#976,.T.);
#1271=ORIENTED_EDGE('',*,*,#966,.F.);
#1272=ORIENTED_EDGE('',*,*,#977,.F.);
#1273=ORIENTED_EDGE('',*,*,#978,.F.);
#1274=ORIENTED_EDGE('',*,*,#979,.F.);
#1275=ORIENTED_EDGE('',*,*,#980,.F.);
#1276=ORIENTED_EDGE('',*,*,#981,.F.);
#1277=ORIENTED_EDGE('',*,*,#982,.F.);
#1278=ORIENTED_EDGE('',*,*,#983,.T.);
#1279=ORIENTED_EDGE('',*,*,#967,.F.);
#1280=ORIENTED_EDGE('',*,*,#976,.F.);
#1281=ORIENTED_EDGE('',*,*,#984,.T.);
#1282=ORIENTED_EDGE('',*,*,#985,.T.);
#1283=ORIENTED_EDGE('',*,*,#968,.F.);
#1284=ORIENTED_EDGE('',*,*,#985,.F.);
#1285=ORIENTED_EDGE('',*,*,#986,.T.);
#1286=ORIENTED_EDGE('',*,*,#987,.T.);
#1287=ORIENTED_EDGE('',*,*,#971,.F.);
#1288=ORIENTED_EDGE('',*,*,#988,.T.);
#1289=ORIENTED_EDGE('',*,*,#989,.F.);
#1290=ORIENTED_EDGE('',*,*,#990,.T.);
#1291=ORIENTED_EDGE('',*,*,#991,.T.);
#1292=ORIENTED_EDGE('',*,*,#992,.T.);
#1293=ORIENTED_EDGE('',*,*,#993,.F.);
#1294=ORIENTED_EDGE('',*,*,#994,.T.);
#1295=ORIENTED_EDGE('',*,*,#995,.T.);
#1296=ORIENTED_EDGE('',*,*,#996,.T.);
#1297=ORIENTED_EDGE('',*,*,#991,.F.);
#1298=ORIENTED_EDGE('',*,*,#997,.T.);
#1299=ORIENTED_EDGE('',*,*,#993,.T.);
#1300=ORIENTED_EDGE('',*,*,#988,.F.);
#1301=ORIENTED_EDGE('',*,*,#998,.F.);
#1302=ORIENTED_EDGE('',*,*,#999,.T.);
#1303=ORIENTED_EDGE('',*,*,#1000,.T.);
#1304=ORIENTED_EDGE('',*,*,#1001,.T.);
#1305=ORIENTED_EDGE('',*,*,#1002,.T.);
#1306=ORIENTED_EDGE('',*,*,#1003,.T.);
#1307=ORIENTED_EDGE('',*,*,#1004,.F.);
#1308=ORIENTED_EDGE('',*,*,#1005,.F.);
#1309=ORIENTED_EDGE('',*,*,#964,.F.);
#1310=ORIENTED_EDGE('',*,*,#970,.F.);
#1311=ORIENTED_EDGE('',*,*,#973,.F.);
#1312=ORIENTED_EDGE('',*,*,#1006,.F.);
#1313=ORIENTED_EDGE('',*,*,#983,.F.);
#1314=ORIENTED_EDGE('',*,*,#1007,.F.);
#1315=ORIENTED_EDGE('',*,*,#1008,.F.);
#1316=ORIENTED_EDGE('',*,*,#1009,.F.);
#1317=ORIENTED_EDGE('',*,*,#1010,.F.);
#1318=ORIENTED_EDGE('',*,*,#1011,.F.);
#1319=ORIENTED_EDGE('',*,*,#994,.F.);
#1320=ORIENTED_EDGE('',*,*,#997,.F.);
#1321=ORIENTED_EDGE('',*,*,#990,.F.);
#1322=ORIENTED_EDGE('',*,*,#1012,.F.);
#1323=ORIENTED_EDGE('',*,*,#1013,.F.);
#1324=ORIENTED_EDGE('',*,*,#1014,.F.);
#1325=ORIENTED_EDGE('',*,*,#1015,.F.);
#1326=ORIENTED_EDGE('',*,*,#1016,.F.);
#1327=ORIENTED_EDGE('',*,*,#1017,.F.);
#1328=ORIENTED_EDGE('',*,*,#1018,.F.);
#1329=ORIENTED_EDGE('',*,*,#1019,.F.);
#1330=ORIENTED_EDGE('',*,*,#1020,.F.);
#1331=ORIENTED_EDGE('',*,*,#1021,.F.);
#1332=ORIENTED_EDGE('',*,*,#1022,.F.);
#1333=ORIENTED_EDGE('',*,*,#1023,.F.);
#1334=ORIENTED_EDGE('',*,*,#1024,.F.);
#1335=ORIENTED_EDGE('',*,*,#1025,.F.);
#1336=ORIENTED_EDGE('',*,*,#1026,.F.);
#1337=ORIENTED_EDGE('',*,*,#1027,.F.);
#1338=ORIENTED_EDGE('',*,*,#1028,.F.);
#1339=ORIENTED_EDGE('',*,*,#1029,.F.);
#1340=ORIENTED_EDGE('',*,*,#1030,.F.);
#1341=ORIENTED_EDGE('',*,*,#1010,.T.);
#1342=ORIENTED_EDGE('',*,*,#1031,.T.);
#1343=ORIENTED_EDGE('',*,*,#1032,.F.);
#1344=ORIENTED_EDGE('',*,*,#1033,.T.);
#1345=ORIENTED_EDGE('',*,*,#1034,.F.);
#1346=ORIENTED_EDGE('',*,*,#1035,.F.);
#1347=ORIENTED_EDGE('',*,*,#1036,.F.);
#1348=ORIENTED_EDGE('',*,*,#1037,.F.);
#1349=ORIENTED_EDGE('',*,*,#1013,.T.);
#1350=ORIENTED_EDGE('',*,*,#1038,.F.);
#1351=ORIENTED_EDGE('',*,*,#1039,.F.);
#1352=ORIENTED_EDGE('',*,*,#1040,.F.);
#1353=ORIENTED_EDGE('',*,*,#1041,.F.);
#1354=ORIENTED_EDGE('',*,*,#1042,.F.);
#1355=ORIENTED_EDGE('',*,*,#1043,.F.);
#1356=ORIENTED_EDGE('',*,*,#1040,.T.);
#1357=ORIENTED_EDGE('',*,*,#1044,.F.);
#1358=ORIENTED_EDGE('',*,*,#1045,.F.);
#1359=ORIENTED_EDGE('',*,*,#1046,.F.);
#1360=ORIENTED_EDGE('',*,*,#1042,.T.);
#1361=ORIENTED_EDGE('',*,*,#1047,.F.);
#1362=ORIENTED_EDGE('',*,*,#1048,.F.);
#1363=ORIENTED_EDGE('',*,*,#1049,.F.);
#1364=ORIENTED_EDGE('',*,*,#1045,.T.);
#1365=ORIENTED_EDGE('',*,*,#1050,.F.);
#1366=ORIENTED_EDGE('',*,*,#1051,.F.);
#1367=ORIENTED_EDGE('',*,*,#1052,.F.);
#1368=ORIENTED_EDGE('',*,*,#1048,.T.);
#1369=ORIENTED_EDGE('',*,*,#1053,.F.);
#1370=ORIENTED_EDGE('',*,*,#1054,.F.);
#1371=ORIENTED_EDGE('',*,*,#1055,.F.);
#1372=ORIENTED_EDGE('',*,*,#1051,.T.);
#1373=ORIENTED_EDGE('',*,*,#1056,.F.);
#1374=ORIENTED_EDGE('',*,*,#1057,.F.);
#1375=ORIENTED_EDGE('',*,*,#1058,.F.);
#1376=ORIENTED_EDGE('',*,*,#1054,.T.);
#1377=ORIENTED_EDGE('',*,*,#1059,.F.);
#1378=ORIENTED_EDGE('',*,*,#1060,.F.);
#1379=ORIENTED_EDGE('',*,*,#1061,.F.);
#1380=ORIENTED_EDGE('',*,*,#1057,.T.);
#1381=ORIENTED_EDGE('',*,*,#1062,.F.);
#1382=ORIENTED_EDGE('',*,*,#1063,.F.);
#1383=ORIENTED_EDGE('',*,*,#1064,.F.);
#1384=ORIENTED_EDGE('',*,*,#1060,.T.);
#1385=ORIENTED_EDGE('',*,*,#1065,.F.);
#1386=ORIENTED_EDGE('',*,*,#1038,.T.);
#1387=ORIENTED_EDGE('',*,*,#1066,.F.);
#1388=ORIENTED_EDGE('',*,*,#1063,.T.);
#1389=ORIENTED_EDGE('',*,*,#1067,.F.);
#1390=ORIENTED_EDGE('',*,*,#1056,.T.);
#1391=ORIENTED_EDGE('',*,*,#1068,.F.);
#1392=ORIENTED_EDGE('',*,*,#1069,.T.);
#1393=ORIENTED_EDGE('',*,*,#1070,.T.);
#1394=ORIENTED_EDGE('',*,*,#1071,.T.);
#1395=ORIENTED_EDGE('',*,*,#1072,.F.);
#1396=ORIENTED_EDGE('',*,*,#1067,.T.);
#1397=ORIENTED_EDGE('',*,*,#1065,.T.);
#1398=ORIENTED_EDGE('',*,*,#1062,.T.);
#1399=ORIENTED_EDGE('',*,*,#1059,.T.);
#1400=ORIENTED_EDGE('',*,*,#1055,.T.);
#1401=ORIENTED_EDGE('',*,*,#1073,.T.);
#1402=ORIENTED_EDGE('',*,*,#1074,.F.);
#1403=ORIENTED_EDGE('',*,*,#1075,.F.);
#1404=ORIENTED_EDGE('',*,*,#1052,.T.);
#1405=ORIENTED_EDGE('',*,*,#1049,.T.);
#1406=ORIENTED_EDGE('',*,*,#1075,.T.);
#1407=ORIENTED_EDGE('',*,*,#1076,.F.);
#1408=ORIENTED_EDGE('',*,*,#1077,.F.);
#1409=ORIENTED_EDGE('',*,*,#1046,.T.);
#1410=ORIENTED_EDGE('',*,*,#1077,.T.);
#1411=ORIENTED_EDGE('',*,*,#1078,.F.);
#1412=ORIENTED_EDGE('',*,*,#1079,.F.);
#1413=ORIENTED_EDGE('',*,*,#1043,.T.);
#1414=ORIENTED_EDGE('',*,*,#1079,.T.);
#1415=ORIENTED_EDGE('',*,*,#1080,.F.);
#1416=ORIENTED_EDGE('',*,*,#1081,.F.);
#1417=ORIENTED_EDGE('',*,*,#1082,.T.);
#1418=ORIENTED_EDGE('',*,*,#1083,.T.);
#1419=ORIENTED_EDGE('',*,*,#1084,.T.);
#1420=ORIENTED_EDGE('',*,*,#1085,.T.);
#1421=ORIENTED_EDGE('',*,*,#1086,.T.);
#1422=ORIENTED_EDGE('',*,*,#1087,.T.);
#1423=ORIENTED_EDGE('',*,*,#1088,.T.);
#1424=ORIENTED_EDGE('',*,*,#1089,.T.);
#1425=ORIENTED_EDGE('',*,*,#1090,.T.);
#1426=ORIENTED_EDGE('',*,*,#1091,.T.);
#1427=ORIENTED_EDGE('',*,*,#1092,.T.);
#1428=ORIENTED_EDGE('',*,*,#1093,.T.);
#1429=ORIENTED_EDGE('',*,*,#1094,.F.);
#1430=ORIENTED_EDGE('',*,*,#1095,.F.);
#1431=ORIENTED_EDGE('',*,*,#1093,.F.);
#1432=ORIENTED_EDGE('',*,*,#1096,.F.);
#1433=ORIENTED_EDGE('',*,*,#1097,.F.);
#1434=ORIENTED_EDGE('',*,*,#1098,.F.);
#1435=ORIENTED_EDGE('',*,*,#1094,.T.);
#1436=ORIENTED_EDGE('',*,*,#1069,.F.);
#1437=ORIENTED_EDGE('',*,*,#1087,.F.);
#1438=ORIENTED_EDGE('',*,*,#1099,.F.);
#1439=ORIENTED_EDGE('',*,*,#1097,.T.);
#1440=ORIENTED_EDGE('',*,*,#1100,.F.);
#1441=ORIENTED_EDGE('',*,*,#1101,.T.);
#1442=ORIENTED_EDGE('',*,*,#1102,.T.);
#1443=ORIENTED_EDGE('',*,*,#1103,.T.);
#1444=ORIENTED_EDGE('',*,*,#1103,.F.);
#1445=ORIENTED_EDGE('',*,*,#1104,.F.);
#1446=ORIENTED_EDGE('',*,*,#1089,.F.);
#1447=ORIENTED_EDGE('',*,*,#1105,.F.);
#1448=ORIENTED_EDGE('',*,*,#1106,.T.);
#1449=ORIENTED_EDGE('',*,*,#1107,.T.);
#1450=ORIENTED_EDGE('',*,*,#1108,.T.);
#1451=ORIENTED_EDGE('',*,*,#1109,.F.);
#1452=ORIENTED_EDGE('',*,*,#1110,.F.);
#1453=ORIENTED_EDGE('',*,*,#1102,.F.);
#1454=ORIENTED_EDGE('',*,*,#1111,.F.);
#1455=ORIENTED_EDGE('',*,*,#1112,.F.);
#1456=ORIENTED_EDGE('',*,*,#1113,.F.);
#1457=ORIENTED_EDGE('',*,*,#1109,.T.);
#1458=ORIENTED_EDGE('',*,*,#1071,.F.);
#1459=ORIENTED_EDGE('',*,*,#1108,.F.);
#1460=ORIENTED_EDGE('',*,*,#1114,.F.);
#1461=ORIENTED_EDGE('',*,*,#1112,.T.);
#1462=ORIENTED_EDGE('',*,*,#1115,.F.);
#1463=ORIENTED_EDGE('',*,*,#1116,.F.);
#1464=ORIENTED_EDGE('',*,*,#1117,.F.);
#1465=ORIENTED_EDGE('',*,*,#1118,.F.);
#1466=ORIENTED_EDGE('',*,*,#1107,.F.);
#1467=ORIENTED_EDGE('',*,*,#1106,.F.);
#1468=ORIENTED_EDGE('',*,*,#1119,.F.);
#1469=ORIENTED_EDGE('',*,*,#1092,.F.);
#1470=ORIENTED_EDGE('',*,*,#1120,.F.);
#1471=ORIENTED_EDGE('',*,*,#1121,.F.);
#1472=ORIENTED_EDGE('',*,*,#1117,.T.);
#1473=ORIENTED_EDGE('',*,*,#1003,.F.);
#1474=ORIENTED_EDGE('',*,*,#1090,.F.);
#1475=ORIENTED_EDGE('',*,*,#1101,.F.);
#1476=ORIENTED_EDGE('',*,*,#1122,.F.);
#1477=ORIENTED_EDGE('',*,*,#1085,.F.);
#1478=ORIENTED_EDGE('',*,*,#1123,.F.);
#1479=ORIENTED_EDGE('',*,*,#1124,.F.);
#1480=ORIENTED_EDGE('',*,*,#1125,.F.);
#1481=ORIENTED_EDGE('',*,*,#1126,.F.);
#1482=ORIENTED_EDGE('',*,*,#1091,.F.);
#1483=ORIENTED_EDGE('',*,*,#1088,.F.);
#1484=ORIENTED_EDGE('',*,*,#1002,.F.);
#1485=ORIENTED_EDGE('',*,*,#1083,.F.);
#1486=ORIENTED_EDGE('',*,*,#1127,.F.);
#1487=ORIENTED_EDGE('',*,*,#1082,.F.);
#1488=ORIENTED_EDGE('',*,*,#1128,.F.);
#1489=ORIENTED_EDGE('',*,*,#1086,.F.);
#1490=ORIENTED_EDGE('',*,*,#1129,.F.);
#1491=ORIENTED_EDGE('',*,*,#1001,.F.);
#1492=ORIENTED_EDGE('',*,*,#1125,.T.);
#1493=ORIENTED_EDGE('',*,*,#1130,.F.);
#1494=ORIENTED_EDGE('',*,*,#1084,.F.);
#1495=ORIENTED_EDGE('',*,*,#1053,.T.);
#1496=ORIENTED_EDGE('',*,*,#1050,.T.);
#1497=ORIENTED_EDGE('',*,*,#1047,.T.);
#1498=ORIENTED_EDGE('',*,*,#1044,.T.);
#1499=ORIENTED_EDGE('',*,*,#1039,.T.);
#1500=ORIENTED_EDGE('',*,*,#1072,.T.);
#1501=ORIENTED_EDGE('',*,*,#1111,.T.);
#1502=ORIENTED_EDGE('',*,*,#1123,.T.);
#1503=ORIENTED_EDGE('',*,*,#1100,.T.);
#1504=ORIENTED_EDGE('',*,*,#1068,.T.);
#1505=ORIENTED_EDGE('',*,*,#1126,.T.);
#1506=ORIENTED_EDGE('',*,*,#1004,.T.);
#1507=ORIENTED_EDGE('',*,*,#1116,.T.);
#1508=ORIENTED_EDGE('',*,*,#1120,.T.);
#1509=ORIENTED_EDGE('',*,*,#1131,.F.);
#1510=ORIENTED_EDGE('',*,*,#986,.F.);
#1511=ORIENTED_EDGE('',*,*,#984,.F.);
#1512=ORIENTED_EDGE('',*,*,#975,.F.);
#1513=ORIENTED_EDGE('',*,*,#1132,.F.);
#1514=ORIENTED_EDGE('',*,*,#1133,.F.);
#1515=ORIENTED_EDGE('',*,*,#1134,.F.);
#1516=ORIENTED_EDGE('',*,*,#1135,.F.);
#1517=ORIENTED_EDGE('',*,*,#1095,.T.);
#1518=ORIENTED_EDGE('',*,*,#1098,.T.);
#1519=ORIENTED_EDGE('',*,*,#1099,.T.);
#1520=ORIENTED_EDGE('',*,*,#1128,.T.);
#1521=ORIENTED_EDGE('',*,*,#1130,.T.);
#1522=ORIENTED_EDGE('',*,*,#1124,.T.);
#1523=ORIENTED_EDGE('',*,*,#1105,.T.);
#1524=ORIENTED_EDGE('',*,*,#1127,.T.);
#1525=ORIENTED_EDGE('',*,*,#1129,.T.);
#1526=ORIENTED_EDGE('',*,*,#1122,.T.);
#1527=ORIENTED_EDGE('',*,*,#1104,.T.);
#1528=ORIENTED_EDGE('',*,*,#1110,.T.);
#1529=ORIENTED_EDGE('',*,*,#1113,.T.);
#1530=ORIENTED_EDGE('',*,*,#1114,.T.);
#1531=ORIENTED_EDGE('',*,*,#1118,.T.);
#1532=ORIENTED_EDGE('',*,*,#1121,.T.);
#1533=ORIENTED_EDGE('',*,*,#1136,.F.);
#1534=ORIENTED_EDGE('',*,*,#999,.F.);
#1535=ORIENTED_EDGE('',*,*,#1137,.F.);
#1536=ORIENTED_EDGE('',*,*,#1138,.F.);
#1537=ORIENTED_EDGE('',*,*,#1139,.F.);
#1538=ORIENTED_EDGE('',*,*,#1140,.F.);
#1539=ORIENTED_EDGE('',*,*,#1141,.F.);
#1540=ORIENTED_EDGE('',*,*,#1142,.F.);
#1541=ORIENTED_EDGE('',*,*,#1143,.T.);
#1542=ORIENTED_EDGE('',*,*,#1144,.T.);
#1543=ORIENTED_EDGE('',*,*,#1145,.F.);
#1544=ORIENTED_EDGE('',*,*,#1144,.F.);
#1545=ORIENTED_EDGE('',*,*,#1145,.T.);
#1546=ORIENTED_EDGE('',*,*,#1146,.T.);
#1547=ORIENTED_EDGE('',*,*,#1147,.T.);
#1548=ORIENTED_EDGE('',*,*,#1148,.F.);
#1549=ORIENTED_EDGE('',*,*,#1147,.F.);
#1550=ORIENTED_EDGE('',*,*,#1148,.T.);
#1551=ORIENTED_EDGE('',*,*,#1149,.T.);
#1552=ORIENTED_EDGE('',*,*,#1150,.T.);
#1553=ORIENTED_EDGE('',*,*,#1151,.F.);
#1554=ORIENTED_EDGE('',*,*,#1150,.F.);
#1555=ORIENTED_EDGE('',*,*,#1151,.T.);
#1556=ORIENTED_EDGE('',*,*,#1152,.T.);
#1557=ORIENTED_EDGE('',*,*,#1153,.T.);
#1558=ORIENTED_EDGE('',*,*,#1154,.F.);
#1559=ORIENTED_EDGE('',*,*,#1153,.F.);
#1560=ORIENTED_EDGE('',*,*,#1154,.T.);
#1561=ORIENTED_EDGE('',*,*,#1155,.T.);
#1562=ORIENTED_EDGE('',*,*,#995,.F.);
#1563=ORIENTED_EDGE('',*,*,#1011,.T.);
#1564=ORIENTED_EDGE('',*,*,#1030,.T.);
#1565=ORIENTED_EDGE('',*,*,#1156,.F.);
#1566=ORIENTED_EDGE('',*,*,#1139,.T.);
#1567=ORIENTED_EDGE('',*,*,#1029,.T.);
#1568=ORIENTED_EDGE('',*,*,#1157,.F.);
#1569=ORIENTED_EDGE('',*,*,#1140,.T.);
#1570=ORIENTED_EDGE('',*,*,#1156,.T.);
#1571=ORIENTED_EDGE('',*,*,#1028,.T.);
#1572=ORIENTED_EDGE('',*,*,#1158,.F.);
#1573=ORIENTED_EDGE('',*,*,#1141,.T.);
#1574=ORIENTED_EDGE('',*,*,#1157,.T.);
#1575=ORIENTED_EDGE('',*,*,#1027,.T.);
#1576=ORIENTED_EDGE('',*,*,#1159,.F.);
#1577=ORIENTED_EDGE('',*,*,#1142,.T.);
#1578=ORIENTED_EDGE('',*,*,#1158,.T.);
#1579=ORIENTED_EDGE('',*,*,#1026,.T.);
#1580=ORIENTED_EDGE('',*,*,#1012,.T.);
#1581=ORIENTED_EDGE('',*,*,#989,.T.);
#1582=ORIENTED_EDGE('',*,*,#1000,.F.);
#1583=ORIENTED_EDGE('',*,*,#1136,.T.);
#1584=ORIENTED_EDGE('',*,*,#1159,.T.);
#1585=ORIENTED_EDGE('',*,*,#996,.F.);
#1586=ORIENTED_EDGE('',*,*,#1160,.F.);
#1587=ORIENTED_EDGE('',*,*,#1137,.T.);
#1588=ORIENTED_EDGE('',*,*,#998,.T.);
#1589=ORIENTED_EDGE('',*,*,#992,.F.);
#1590=ORIENTED_EDGE('',*,*,#1155,.F.);
#1591=ORIENTED_EDGE('',*,*,#1138,.T.);
#1592=ORIENTED_EDGE('',*,*,#1160,.T.);
#1593=ORIENTED_EDGE('',*,*,#977,.T.);
#1594=ORIENTED_EDGE('',*,*,#1006,.T.);
#1595=ORIENTED_EDGE('',*,*,#972,.T.);
#1596=ORIENTED_EDGE('',*,*,#987,.F.);
#1597=ORIENTED_EDGE('',*,*,#1131,.T.);
#1598=ORIENTED_EDGE('',*,*,#1161,.T.);
#1599=ORIENTED_EDGE('',*,*,#1162,.T.);
#1600=ORIENTED_EDGE('',*,*,#1163,.F.);
#1601=ORIENTED_EDGE('',*,*,#1132,.T.);
#1602=ORIENTED_EDGE('',*,*,#974,.T.);
#1603=ORIENTED_EDGE('',*,*,#965,.F.);
#1604=ORIENTED_EDGE('',*,*,#1005,.T.);
#1605=ORIENTED_EDGE('',*,*,#1133,.T.);
#1606=ORIENTED_EDGE('',*,*,#1163,.T.);
#1607=ORIENTED_EDGE('',*,*,#1164,.T.);
#1608=ORIENTED_EDGE('',*,*,#1165,.F.);
#1609=ORIENTED_EDGE('',*,*,#1135,.T.);
#1610=ORIENTED_EDGE('',*,*,#1166,.T.);
#1611=ORIENTED_EDGE('',*,*,#978,.T.);
#1612=ORIENTED_EDGE('',*,*,#1161,.F.);
#1613=ORIENTED_EDGE('',*,*,#1167,.T.);
#1614=ORIENTED_EDGE('',*,*,#1035,.T.);
#1615=ORIENTED_EDGE('',*,*,#1168,.F.);
#1616=ORIENTED_EDGE('',*,*,#957,.F.);
#1617=ORIENTED_EDGE('',*,*,#1169,.T.);
#1618=ORIENTED_EDGE('',*,*,#955,.T.);
#1619=ORIENTED_EDGE('',*,*,#949,.F.);
#1620=ORIENTED_EDGE('',*,*,#961,.T.);
#1621=ORIENTED_EDGE('',*,*,#1170,.F.);
#1622=ORIENTED_EDGE('',*,*,#1171,.F.);
#1623=ORIENTED_EDGE('',*,*,#1172,.T.);
#1624=ORIENTED_EDGE('',*,*,#1171,.T.);
#1625=ORIENTED_EDGE('',*,*,#1173,.F.);
#1626=ORIENTED_EDGE('',*,*,#1174,.F.);
#1627=ORIENTED_EDGE('',*,*,#1175,.T.);
#1628=ORIENTED_EDGE('',*,*,#980,.T.);
#1629=ORIENTED_EDGE('',*,*,#1176,.F.);
#1630=ORIENTED_EDGE('',*,*,#1177,.F.);
#1631=ORIENTED_EDGE('',*,*,#1178,.T.);
#1632=ORIENTED_EDGE('',*,*,#1177,.T.);
#1633=ORIENTED_EDGE('',*,*,#1179,.F.);
#1634=ORIENTED_EDGE('',*,*,#1180,.F.);
#1635=ORIENTED_EDGE('',*,*,#1181,.T.);
#1636=ORIENTED_EDGE('',*,*,#1180,.T.);
#1637=ORIENTED_EDGE('',*,*,#1182,.F.);
#1638=ORIENTED_EDGE('',*,*,#1183,.F.);
#1639=ORIENTED_EDGE('',*,*,#1184,.T.);
#1640=ORIENTED_EDGE('',*,*,#1183,.T.);
#1641=ORIENTED_EDGE('',*,*,#1185,.F.);
#1642=ORIENTED_EDGE('',*,*,#1186,.F.);
#1643=ORIENTED_EDGE('',*,*,#1187,.T.);
#1644=ORIENTED_EDGE('',*,*,#1186,.T.);
#1645=ORIENTED_EDGE('',*,*,#1188,.F.);
#1646=ORIENTED_EDGE('',*,*,#1033,.F.);
#1647=ORIENTED_EDGE('',*,*,#1034,.T.);
#1648=ORIENTED_EDGE('',*,*,#1188,.T.);
#1649=ORIENTED_EDGE('',*,*,#1185,.T.);
#1650=ORIENTED_EDGE('',*,*,#1182,.T.);
#1651=ORIENTED_EDGE('',*,*,#1179,.T.);
#1652=ORIENTED_EDGE('',*,*,#1176,.T.);
#1653=ORIENTED_EDGE('',*,*,#979,.T.);
#1654=ORIENTED_EDGE('',*,*,#1166,.F.);
#1655=ORIENTED_EDGE('',*,*,#1134,.T.);
#1656=ORIENTED_EDGE('',*,*,#1165,.T.);
#1657=ORIENTED_EDGE('',*,*,#1189,.T.);
#1658=ORIENTED_EDGE('',*,*,#1173,.T.);
#1659=ORIENTED_EDGE('',*,*,#1170,.T.);
#1660=ORIENTED_EDGE('',*,*,#960,.T.);
#1661=ORIENTED_EDGE('',*,*,#958,.T.);
#1662=ORIENTED_EDGE('',*,*,#1168,.T.);
#1663=ORIENTED_EDGE('',*,*,#946,.F.);
#1664=ORIENTED_EDGE('',*,*,#952,.F.);
#1665=ORIENTED_EDGE('',*,*,#954,.F.);
#1666=ORIENTED_EDGE('',*,*,#1169,.F.);
#1667=ORIENTED_EDGE('',*,*,#1172,.F.);
#1668=ORIENTED_EDGE('',*,*,#1190,.T.);
#1669=ORIENTED_EDGE('',*,*,#1191,.T.);
#1670=ORIENTED_EDGE('',*,*,#1192,.T.);
#1671=ORIENTED_EDGE('',*,*,#1193,.T.);
#1672=ORIENTED_EDGE('',*,*,#1194,.T.);
#1673=ORIENTED_EDGE('',*,*,#1195,.T.);
#1674=ORIENTED_EDGE('',*,*,#1196,.T.);
#1675=ORIENTED_EDGE('',*,*,#1197,.T.);
#1676=ORIENTED_EDGE('',*,*,#1198,.T.);
#1677=ORIENTED_EDGE('',*,*,#1199,.T.);
#1678=ORIENTED_EDGE('',*,*,#1200,.T.);
#1679=ORIENTED_EDGE('',*,*,#1201,.T.);
#1680=ORIENTED_EDGE('',*,*,#1036,.T.);
#1681=ORIENTED_EDGE('',*,*,#1167,.F.);
#1682=ORIENTED_EDGE('',*,*,#956,.F.);
#1683=ORIENTED_EDGE('',*,*,#1143,.F.);
#1684=ORIENTED_EDGE('',*,*,#1146,.F.);
#1685=ORIENTED_EDGE('',*,*,#1152,.F.);
#1686=ORIENTED_EDGE('',*,*,#1074,.T.);
#1687=ORIENTED_EDGE('',*,*,#1202,.T.);
#1688=ORIENTED_EDGE('',*,*,#1203,.T.);
#1689=ORIENTED_EDGE('',*,*,#1204,.T.);
#1690=ORIENTED_EDGE('',*,*,#1205,.T.);
#1691=ORIENTED_EDGE('',*,*,#1080,.T.);
#1692=ORIENTED_EDGE('',*,*,#1078,.T.);
#1693=ORIENTED_EDGE('',*,*,#1076,.T.);
#1694=ORIENTED_EDGE('',*,*,#1008,.T.);
#1695=ORIENTED_EDGE('',*,*,#1206,.T.);
#1696=ORIENTED_EDGE('',*,*,#1207,.F.);
#1697=ORIENTED_EDGE('',*,*,#1208,.F.);
#1698=ORIENTED_EDGE('',*,*,#1009,.T.);
#1699=ORIENTED_EDGE('',*,*,#1208,.T.);
#1700=ORIENTED_EDGE('',*,*,#1209,.F.);
#1701=ORIENTED_EDGE('',*,*,#1031,.F.);
#1702=ORIENTED_EDGE('',*,*,#1014,.T.);
#1703=ORIENTED_EDGE('',*,*,#1037,.T.);
#1704=ORIENTED_EDGE('',*,*,#1201,.F.);
#1705=ORIENTED_EDGE('',*,*,#1210,.F.);
#1706=ORIENTED_EDGE('',*,*,#1015,.T.);
#1707=ORIENTED_EDGE('',*,*,#1210,.T.);
#1708=ORIENTED_EDGE('',*,*,#1200,.F.);
#1709=ORIENTED_EDGE('',*,*,#1211,.F.);
#1710=ORIENTED_EDGE('',*,*,#1016,.T.);
#1711=ORIENTED_EDGE('',*,*,#1211,.T.);
#1712=ORIENTED_EDGE('',*,*,#1199,.F.);
#1713=ORIENTED_EDGE('',*,*,#1212,.F.);
#1714=ORIENTED_EDGE('',*,*,#1017,.T.);
#1715=ORIENTED_EDGE('',*,*,#1212,.T.);
#1716=ORIENTED_EDGE('',*,*,#1198,.F.);
#1717=ORIENTED_EDGE('',*,*,#1213,.F.);
#1718=ORIENTED_EDGE('',*,*,#1018,.T.);
#1719=ORIENTED_EDGE('',*,*,#1213,.T.);
#1720=ORIENTED_EDGE('',*,*,#1197,.F.);
#1721=ORIENTED_EDGE('',*,*,#1214,.F.);
#1722=ORIENTED_EDGE('',*,*,#1019,.T.);
#1723=ORIENTED_EDGE('',*,*,#1214,.T.);
#1724=ORIENTED_EDGE('',*,*,#1196,.F.);
#1725=ORIENTED_EDGE('',*,*,#1215,.F.);
#1726=ORIENTED_EDGE('',*,*,#1020,.T.);
#1727=ORIENTED_EDGE('',*,*,#1215,.T.);
#1728=ORIENTED_EDGE('',*,*,#1195,.F.);
#1729=ORIENTED_EDGE('',*,*,#1216,.F.);
#1730=ORIENTED_EDGE('',*,*,#1021,.T.);
#1731=ORIENTED_EDGE('',*,*,#1216,.T.);
#1732=ORIENTED_EDGE('',*,*,#1194,.F.);
#1733=ORIENTED_EDGE('',*,*,#1217,.F.);
#1734=ORIENTED_EDGE('',*,*,#1022,.T.);
#1735=ORIENTED_EDGE('',*,*,#1217,.T.);
#1736=ORIENTED_EDGE('',*,*,#1193,.F.);
#1737=ORIENTED_EDGE('',*,*,#1218,.F.);
#1738=ORIENTED_EDGE('',*,*,#1023,.T.);
#1739=ORIENTED_EDGE('',*,*,#1218,.T.);
#1740=ORIENTED_EDGE('',*,*,#1192,.F.);
#1741=ORIENTED_EDGE('',*,*,#1219,.F.);
#1742=ORIENTED_EDGE('',*,*,#1024,.T.);
#1743=ORIENTED_EDGE('',*,*,#1219,.T.);
#1744=ORIENTED_EDGE('',*,*,#1191,.F.);
#1745=ORIENTED_EDGE('',*,*,#1220,.F.);
#1746=ORIENTED_EDGE('',*,*,#1162,.F.);
#1747=ORIENTED_EDGE('',*,*,#1025,.T.);
#1748=ORIENTED_EDGE('',*,*,#1220,.T.);
#1749=ORIENTED_EDGE('',*,*,#1190,.F.);
#1750=ORIENTED_EDGE('',*,*,#1174,.T.);
#1751=ORIENTED_EDGE('',*,*,#1189,.F.);
#1752=ORIENTED_EDGE('',*,*,#1164,.F.);
#1753=ORIENTED_EDGE('',*,*,#1007,.T.);
#1754=ORIENTED_EDGE('',*,*,#982,.T.);
#1755=ORIENTED_EDGE('',*,*,#1221,.F.);
#1756=ORIENTED_EDGE('',*,*,#1206,.F.);
#1757=ORIENTED_EDGE('',*,*,#1175,.F.);
#1758=ORIENTED_EDGE('',*,*,#1178,.F.);
#1759=ORIENTED_EDGE('',*,*,#1181,.F.);
#1760=ORIENTED_EDGE('',*,*,#1184,.F.);
#1761=ORIENTED_EDGE('',*,*,#1187,.F.);
#1762=ORIENTED_EDGE('',*,*,#1032,.T.);
#1763=ORIENTED_EDGE('',*,*,#1209,.T.);
#1764=ORIENTED_EDGE('',*,*,#1207,.T.);
#1765=ORIENTED_EDGE('',*,*,#1221,.T.);
#1766=ORIENTED_EDGE('',*,*,#981,.T.);
#1767=ORIENTED_EDGE('',*,*,#1149,.F.);
#1768=ORIENTED_EDGE('',*,*,#1066,.T.);
#1769=ORIENTED_EDGE('',*,*,#1041,.T.);
#1770=ORIENTED_EDGE('',*,*,#1081,.T.);
#1771=ORIENTED_EDGE('',*,*,#1205,.F.);
#1772=ORIENTED_EDGE('',*,*,#1222,.F.);
#1773=ORIENTED_EDGE('',*,*,#1064,.T.);
#1774=ORIENTED_EDGE('',*,*,#1222,.T.);
#1775=ORIENTED_EDGE('',*,*,#1204,.F.);
#1776=ORIENTED_EDGE('',*,*,#1223,.F.);
#1777=ORIENTED_EDGE('',*,*,#1061,.T.);
#1778=ORIENTED_EDGE('',*,*,#1223,.T.);
#1779=ORIENTED_EDGE('',*,*,#1203,.F.);
#1780=ORIENTED_EDGE('',*,*,#1224,.F.);
#1781=ORIENTED_EDGE('',*,*,#1058,.T.);
#1782=ORIENTED_EDGE('',*,*,#1224,.T.);
#1783=ORIENTED_EDGE('',*,*,#1202,.F.);
#1784=ORIENTED_EDGE('',*,*,#1073,.F.);
#1785=ORIENTED_EDGE('',*,*,#1096,.T.);
#1786=ORIENTED_EDGE('',*,*,#1119,.T.);
#1787=ORIENTED_EDGE('',*,*,#1115,.T.);
#1788=ORIENTED_EDGE('',*,*,#1070,.F.);
#1789=CYLINDRICAL_SURFACE('',#1951,1.6);
#1790=CYLINDRICAL_SURFACE('',#1958,1.6);
#1791=CYLINDRICAL_SURFACE('',#1961,1.6);
#1792=CYLINDRICAL_SURFACE('',#1963,0.399999999999998);
#1793=CYLINDRICAL_SURFACE('',#1968,0.399999999999999);
#1794=CYLINDRICAL_SURFACE('',#1970,1.74799998509902);
#1795=CYLINDRICAL_SURFACE('',#1975,1.74799998509902);
#1796=CYLINDRICAL_SURFACE('',#1977,0.399999999999991);
#1797=CYLINDRICAL_SURFACE('',#1980,0.399999999999991);
#1798=CYLINDRICAL_SURFACE('',#1984,0.399999999999998);
#1799=CYLINDRICAL_SURFACE('',#1994,0.5);
#1800=CYLINDRICAL_SURFACE('',#2000,0.5);
#1801=CYLINDRICAL_SURFACE('',#2005,0.5);
#1802=CYLINDRICAL_SURFACE('',#2012,0.5);
#1803=CYLINDRICAL_SURFACE('',#2018,200.);
#1804=CYLINDRICAL_SURFACE('',#2022,1.6);
#1805=CYLINDRICAL_SURFACE('',#2025,1.6);
#1806=CYLINDRICAL_SURFACE('',#2043,0.5);
#1807=CYLINDRICAL_SURFACE('',#2048,0.5);
#1808=CYLINDRICAL_SURFACE('',#2053,0.5);
#1809=CYLINDRICAL_SURFACE('',#2058,0.5);
#1810=CYLINDRICAL_SURFACE('',#2063,0.5);
#1811=CYLINDRICAL_SURFACE('',#2064,0.5);
#1812=CYLINDRICAL_SURFACE('',#2066,0.5);
#1813=CYLINDRICAL_SURFACE('',#2067,0.5);
#1814=CYLINDRICAL_SURFACE('',#2068,0.5);
#1815=CYLINDRICAL_SURFACE('',#2069,0.5);
#1816=CYLINDRICAL_SURFACE('',#2071,0.5);
#1817=CYLINDRICAL_SURFACE('',#2072,0.5);
#1818=CYLINDRICAL_SURFACE('',#2073,0.5);
#1819=CYLINDRICAL_SURFACE('',#2084,0.8);
#1820=CYLINDRICAL_SURFACE('',#2088,0.8);
#1821=CYLINDRICAL_SURFACE('',#2092,0.800000000000001);
#1822=CYLINDRICAL_SURFACE('',#2096,0.800000000000001);
#1823=CYLINDRICAL_SURFACE('',#2101,0.4);
#1824=CYLINDRICAL_SURFACE('',#2103,0.399999999999999);
#1825=CYLINDRICAL_SURFACE('',#2106,0.399999999999999);
#1826=CYLINDRICAL_SURFACE('',#2109,1.74799998509902);
#1827=CYLINDRICAL_SURFACE('',#2111,1.74799998509902);
#1828=CYLINDRICAL_SURFACE('',#2112,1.6);
#1829=CYLINDRICAL_SURFACE('',#2116,1.6);
#1830=CYLINDRICAL_SURFACE('',#2119,1.19999999999999);
#1831=CYLINDRICAL_SURFACE('',#2123,1.2);
#1832=CYLINDRICAL_SURFACE('',#2127,1.2);
#1833=CYLINDRICAL_SURFACE('',#2137,1.25242103301285);
#1834=CYLINDRICAL_SURFACE('',#2141,1.2524210330228);
#1835=CYLINDRICAL_SURFACE('',#2145,1.25242103302252);
#1836=CYLINDRICAL_SURFACE('',#2149,1.25242103302);
#1837=CYLINDRICAL_SURFACE('',#2155,1.6);
#1838=CYLINDRICAL_SURFACE('',#2157,1.6);
#1839=ADVANCED_FACE('',(#97),#1789,.F.);
#1840=ADVANCED_FACE('',(#98),#51,.F.);
#1841=ADVANCED_FACE('',(#99),#52,.T.);
#1842=ADVANCED_FACE('',(#100),#1790,.F.);
#1843=ADVANCED_FACE('',(#101),#53,.T.);
#1844=ADVANCED_FACE('',(#102),#1791,.F.);
#1845=ADVANCED_FACE('',(#103),#1792,.F.);
#1846=ADVANCED_FACE('',(#104),#54,.T.);
#1847=ADVANCED_FACE('',(#105),#1793,.F.);
#1848=ADVANCED_FACE('',(#106),#1794,.F.);
#1849=ADVANCED_FACE('',(#107),#55,.T.);
#1850=ADVANCED_FACE('',(#108),#56,.T.);
#1851=ADVANCED_FACE('',(#109),#1795,.F.);
#1852=ADVANCED_FACE('',(#110),#1796,.F.);
#1853=ADVANCED_FACE('',(#111),#1797,.F.);
#1854=ADVANCED_FACE('',(#112),#57,.T.);
#1855=ADVANCED_FACE('',(#113),#1798,.F.);
#1856=ADVANCED_FACE('',(#114,#29),#58,.F.);
#1857=ADVANCED_FACE('',(#115),#59,.T.);
#1858=ADVANCED_FACE('',(#116),#1799,.T.);
#1859=ADVANCED_FACE('',(#117),#25,.T.);
#1860=ADVANCED_FACE('',(#118),#1800,.T.);
#1861=ADVANCED_FACE('',(#119),#26,.T.);
#1862=ADVANCED_FACE('',(#120),#1801,.T.);
#1863=ADVANCED_FACE('',(#121),#21,.T.);
#1864=ADVANCED_FACE('',(#122),#27,.T.);
#1865=ADVANCED_FACE('',(#123),#1802,.T.);
#1866=ADVANCED_FACE('',(#124),#28,.T.);
#1867=ADVANCED_FACE('',(#125),#22,.T.);
#1868=ADVANCED_FACE('',(#126),#1803,.T.);
#1869=ADVANCED_FACE('',(#127),#60,.T.);
#1870=ADVANCED_FACE('',(#128),#1804,.F.);
#1871=ADVANCED_FACE('',(#129),#61,.T.);
#1872=ADVANCED_FACE('',(#130),#1805,.F.);
#1873=ADVANCED_FACE('',(#131),#15,.T.);
#1874=ADVANCED_FACE('',(#132),#16,.T.);
#1875=ADVANCED_FACE('',(#133),#17,.T.);
#1876=ADVANCED_FACE('',(#134),#18,.T.);
#1877=ADVANCED_FACE('',(#135),#1806,.T.);
#1878=ADVANCED_FACE('',(#136),#23,.T.);
#1879=ADVANCED_FACE('',(#137),#1807,.T.);
#1880=ADVANCED_FACE('',(#138),#19,.T.);
#1881=ADVANCED_FACE('',(#139),#1808,.T.);
#1882=ADVANCED_FACE('',(#140),#20,.T.);
#1883=ADVANCED_FACE('',(#141),#1809,.T.);
#1884=ADVANCED_FACE('',(#142),#24,.T.);
#1885=ADVANCED_FACE('',(#143),#1810,.T.);
#1886=ADVANCED_FACE('',(#144),#1811,.T.);
#1887=ADVANCED_FACE('',(#145),#1812,.T.);
#1888=ADVANCED_FACE('',(#146),#1813,.T.);
#1889=ADVANCED_FACE('',(#147),#1814,.T.);
#1890=ADVANCED_FACE('',(#148),#1815,.T.);
#1891=ADVANCED_FACE('',(#149),#1816,.T.);
#1892=ADVANCED_FACE('',(#150),#1817,.T.);
#1893=ADVANCED_FACE('',(#151),#1818,.T.);
#1894=ADVANCED_FACE('',(#152),#62,.F.);
#1895=ADVANCED_FACE('',(#153,#30),#63,.F.);
#1896=ADVANCED_FACE('',(#154),#64,.F.);
#1897=ADVANCED_FACE('',(#155),#65,.F.);
#1898=ADVANCED_FACE('',(#156,#31),#66,.F.);
#1899=ADVANCED_FACE('',(#157),#1819,.F.);
#1900=ADVANCED_FACE('',(#158),#67,.F.);
#1901=ADVANCED_FACE('',(#159),#1820,.F.);
#1902=ADVANCED_FACE('',(#160),#68,.F.);
#1903=ADVANCED_FACE('',(#161),#1821,.F.);
#1904=ADVANCED_FACE('',(#162),#69,.F.);
#1905=ADVANCED_FACE('',(#163),#1822,.F.);
#1906=ADVANCED_FACE('',(#164),#70,.F.);
#1907=ADVANCED_FACE('',(#165),#71,.T.);
#1908=ADVANCED_FACE('',(#166),#1823,.F.);
#1909=ADVANCED_FACE('',(#167),#72,.T.);
#1910=ADVANCED_FACE('',(#168),#1824,.F.);
#1911=ADVANCED_FACE('',(#169),#73,.T.);
#1912=ADVANCED_FACE('',(#170),#74,.T.);
#1913=ADVANCED_FACE('',(#171),#1825,.F.);
#1914=ADVANCED_FACE('',(#172),#75,.T.);
#1915=ADVANCED_FACE('',(#173),#76,.T.);
#1916=ADVANCED_FACE('',(#174),#1826,.F.);
#1917=ADVANCED_FACE('',(#175),#1827,.F.);
#1918=ADVANCED_FACE('',(#176),#1828,.F.);
#1919=ADVANCED_FACE('',(#177),#77,.T.);
#1920=ADVANCED_FACE('',(#178),#1829,.F.);
#1921=ADVANCED_FACE('',(#179),#1830,.F.);
#1922=ADVANCED_FACE('',(#180),#78,.T.);
#1923=ADVANCED_FACE('',(#181),#1831,.T.);
#1924=ADVANCED_FACE('',(#182),#79,.T.);
#1925=ADVANCED_FACE('',(#183),#1832,.F.);
#1926=ADVANCED_FACE('',(#184),#80,.F.);
#1927=ADVANCED_FACE('',(#185,#32,#33,#34,#35),#81,.F.);
#1928=ADVANCED_FACE('',(#186),#1833,.F.);
#1929=ADVANCED_FACE('',(#187),#82,.T.);
#1930=ADVANCED_FACE('',(#188),#83,.T.);
#1931=ADVANCED_FACE('',(#189),#1834,.F.);
#1932=ADVANCED_FACE('',(#190),#84,.T.);
#1933=ADVANCED_FACE('',(#191),#85,.T.);
#1934=ADVANCED_FACE('',(#192),#86,.T.);
#1935=ADVANCED_FACE('',(#193),#1835,.F.);
#1936=ADVANCED_FACE('',(#194),#87,.T.);
#1937=ADVANCED_FACE('',(#195),#88,.T.);
#1938=ADVANCED_FACE('',(#196),#89,.T.);
#1939=ADVANCED_FACE('',(#197),#1836,.F.);
#1940=ADVANCED_FACE('',(#198),#90,.T.);
#1941=ADVANCED_FACE('',(#199),#91,.T.);
#1942=ADVANCED_FACE('',(#200),#92,.T.);
#1943=ADVANCED_FACE('',(#201,#36),#93,.F.);
#1944=ADVANCED_FACE('',(#202),#94,.T.);
#1945=ADVANCED_FACE('',(#203),#1837,.F.);
#1946=ADVANCED_FACE('',(#204),#95,.T.);
#1947=ADVANCED_FACE('',(#205),#1838,.F.);
#1948=ADVANCED_FACE('',(#206),#96,.F.);
#1949=CLOSED_SHELL('',(#1839,#1840,#1841,#1842,#1843,#1844,#1845,#1846,
#1847,#1848,#1849,#1850,#1851,#1852,#1853,#1854,#1855,#1856,#1857,#1858,
#1859,#1860,#1861,#1862,#1863,#1864,#1865,#1866,#1867,#1868,#1869,#1870,
#1871,#1872,#1873,#1874,#1875,#1876,#1877,#1878,#1879,#1880,#1881,#1882,
#1883,#1884,#1885,#1886,#1887,#1888,#1889,#1890,#1891,#1892,#1893,#1894,
#1895,#1896,#1897,#1898,#1899,#1900,#1901,#1902,#1903,#1904,#1905,#1906,
#1907,#1908,#1909,#1910,#1911,#1912,#1913,#1914,#1915,#1916,#1917,#1918,
#1919,#1920,#1921,#1922,#1923,#1924,#1925,#1926,#1927,#1928,#1929,#1930,
#1931,#1932,#1933,#1934,#1935,#1936,#1937,#1938,#1939,#1940,#1941,#1942,
#1943,#1944,#1945,#1946,#1947,#1948));
#1950=AXIS2_PLACEMENT_3D('',#2751,#2159,#2160);
#1951=AXIS2_PLACEMENT_3D('',#2752,#2161,#2162);
#1952=AXIS2_PLACEMENT_3D('',#2757,#2164,#2165);
#1953=AXIS2_PLACEMENT_3D('',#2760,#2167,#2168);
#1954=AXIS2_PLACEMENT_3D('',#2761,#2169,#2170);
#1955=AXIS2_PLACEMENT_3D('',#2765,#2172,#2173);
#1956=AXIS2_PLACEMENT_3D('',#2769,#2175,#2176);
#1957=AXIS2_PLACEMENT_3D('',#2771,#2178,#2179);
#1958=AXIS2_PLACEMENT_3D('',#2775,#2182,#2183);
#1959=AXIS2_PLACEMENT_3D('',#2777,#2184,#2185);
#1960=AXIS2_PLACEMENT_3D('',#2779,#2187,#2188);
#1961=AXIS2_PLACEMENT_3D('',#2787,#2193,#2194);
#1962=AXIS2_PLACEMENT_3D('',#2789,#2195,#2196);
#1963=AXIS2_PLACEMENT_3D('',#2791,#2198,#2199);
#1964=AXIS2_PLACEMENT_3D('',#2803,#2201,#2202);
#1965=AXIS2_PLACEMENT_3D('',#2805,#2204,#2205);
#1966=AXIS2_PLACEMENT_3D('',#2807,#2206,#2207);
#1967=AXIS2_PLACEMENT_3D('',#2811,#2209,#2210);
#1968=AXIS2_PLACEMENT_3D('',#2815,#2213,#2214);
#1969=AXIS2_PLACEMENT_3D('',#2825,#2216,#2217);
#1970=AXIS2_PLACEMENT_3D('',#2826,#2218,#2219);
#1971=AXIS2_PLACEMENT_3D('',#2830,#2221,#2222);
#1972=AXIS2_PLACEMENT_3D('',#2832,#2224,#2225);
#1973=AXIS2_PLACEMENT_3D('',#2837,#2227,#2228);
#1974=AXIS2_PLACEMENT_3D('',#2847,#2234,#2235);
#1975=AXIS2_PLACEMENT_3D('',#2851,#2238,#2239);
#1976=AXIS2_PLACEMENT_3D('',#2853,#2240,#2241);
#1977=AXIS2_PLACEMENT_3D('',#2855,#2243,#2244);
#1978=AXIS2_PLACEMENT_3D('',#2858,#2245,#2246);
#1979=AXIS2_PLACEMENT_3D('',#2862,#2248,#2249);
#1980=AXIS2_PLACEMENT_3D('',#2864,#2251,#2252);
#1981=AXIS2_PLACEMENT_3D('',#2867,#2253,#2254);
#1982=AXIS2_PLACEMENT_3D('',#2871,#2256,#2257);
#1983=AXIS2_PLACEMENT_3D('',#2873,#2259,#2260);
#1984=AXIS2_PLACEMENT_3D('',#2876,#2263,#2264);
#1985=AXIS2_PLACEMENT_3D('',#2880,#2266,#2267);
#1986=AXIS2_PLACEMENT_3D('',#2882,#2269,#2270);
#1987=AXIS2_PLACEMENT_3D('',#2897,#2278,#2279);
#1988=AXIS2_PLACEMENT_3D('',#2910,#2286,#2287);
#1989=AXIS2_PLACEMENT_3D('',#2918,#2291,#2292);
#1990=AXIS2_PLACEMENT_3D('',#2926,#2296,#2297);
#1991=AXIS2_PLACEMENT_3D('',#2930,#2300,#2301);
#1992=AXIS2_PLACEMENT_3D('',#2934,#2303,#2304);
#1993=AXIS2_PLACEMENT_3D('',#2938,#2306,#2307);
#1994=AXIS2_PLACEMENT_3D('',#2953,#2316,#2317);
#1995=AXIS2_PLACEMENT_3D('',#2956,#2318,#2319);
#1996=AXIS2_PLACEMENT_3D('',#2960,#2321,#2322);
#1997=AXIS2_PLACEMENT_3D('',#2989,#2324,#2325);
#1998=AXIS2_PLACEMENT_3D('',#2990,#2326,#2327);
#1999=AXIS2_PLACEMENT_3D('',#2991,#2328,#2329);
#2000=AXIS2_PLACEMENT_3D('',#2992,#2330,#2331);
#2001=AXIS2_PLACEMENT_3D('',#2995,#2332,#2333);
#2002=AXIS2_PLACEMENT_3D('',#3025,#2336,#2337);
#2003=AXIS2_PLACEMENT_3D('',#3026,#2338,#2339);
#2004=AXIS2_PLACEMENT_3D('',#3027,#2340,#2341);
#2005=AXIS2_PLACEMENT_3D('',#3028,#2342,#2343);
#2006=AXIS2_PLACEMENT_3D('',#3031,#2344,#2345);
#2007=AXIS2_PLACEMENT_3D('',#3034,#2348,#2349);
#2008=AXIS2_PLACEMENT_3D('',#3037,#2350,#2351);
#2009=AXIS2_PLACEMENT_3D('',#3038,#2352,#2353);
#2010=AXIS2_PLACEMENT_3D('',#3039,#2354,#2355);
#2011=AXIS2_PLACEMENT_3D('',#3067,#2356,#2357);
#2012=AXIS2_PLACEMENT_3D('',#3078,#2358,#2359);
#2013=AXIS2_PLACEMENT_3D('',#3081,#2360,#2361);
#2014=AXIS2_PLACEMENT_3D('',#3111,#2364,#2365);
#2015=AXIS2_PLACEMENT_3D('',#3122,#2366,#2367);
#2016=AXIS2_PLACEMENT_3D('',#3123,#2368,#2369);
#2017=AXIS2_PLACEMENT_3D('',#3124,#2370,#2371);
#2018=AXIS2_PLACEMENT_3D('',#3125,#2372,#2373);
#2019=AXIS2_PLACEMENT_3D('',#3129,#2375,#2376);
#2020=AXIS2_PLACEMENT_3D('',#3133,#2378,#2379);
#2021=AXIS2_PLACEMENT_3D('',#3135,#2381,#2382);
#2022=AXIS2_PLACEMENT_3D('',#3141,#2386,#2387);
#2023=AXIS2_PLACEMENT_3D('',#3143,#2388,#2389);
#2024=AXIS2_PLACEMENT_3D('',#3145,#2391,#2392);
#2025=AXIS2_PLACEMENT_3D('',#3149,#2395,#2396);
#2026=AXIS2_PLACEMENT_3D('',#3151,#2397,#2398);
#2027=AXIS2_PLACEMENT_3D('',#3153,#2400,#2401);
#2028=AXIS2_PLACEMENT_3D('',#3156,#2402,#2403);
#2029=AXIS2_PLACEMENT_3D('',#3157,#2404,#2405);
#2030=AXIS2_PLACEMENT_3D('',#3158,#2406,#2407);
#2031=AXIS2_PLACEMENT_3D('',#3159,#2408,#2409);
#2032=AXIS2_PLACEMENT_3D('',#3162,#2410,#2411);
#2033=AXIS2_PLACEMENT_3D('',#3164,#2412,#2413);
#2034=AXIS2_PLACEMENT_3D('',#3165,#2414,#2415);
#2035=AXIS2_PLACEMENT_3D('',#3166,#2416,#2417);
#2036=AXIS2_PLACEMENT_3D('',#3168,#2418,#2419);
#2037=AXIS2_PLACEMENT_3D('',#3170,#2420,#2421);
#2038=AXIS2_PLACEMENT_3D('',#3171,#2422,#2423);
#2039=AXIS2_PLACEMENT_3D('',#3172,#2424,#2425);
#2040=AXIS2_PLACEMENT_3D('',#3175,#2426,#2427);
#2041=AXIS2_PLACEMENT_3D('',#3177,#2428,#2429);
#2042=AXIS2_PLACEMENT_3D('',#3178,#2430,#2431);
#2043=AXIS2_PLACEMENT_3D('',#3179,#2432,#2433);
#2044=AXIS2_PLACEMENT_3D('',#3181,#2434,#2435);
#2045=AXIS2_PLACEMENT_3D('',#3184,#2438,#2439);
#2046=AXIS2_PLACEMENT_3D('',#3186,#2440,#2441);
#2047=AXIS2_PLACEMENT_3D('',#3187,#2442,#2443);
#2048=AXIS2_PLACEMENT_3D('',#3188,#2444,#2445);
#2049=AXIS2_PLACEMENT_3D('',#3191,#2448,#2449);
#2050=AXIS2_PLACEMENT_3D('',#3194,#2450,#2451);
#2051=AXIS2_PLACEMENT_3D('',#3196,#2452,#2453);
#2052=AXIS2_PLACEMENT_3D('',#3197,#2454,#2455);
#2053=AXIS2_PLACEMENT_3D('',#3198,#2456,#2457);
#2054=AXIS2_PLACEMENT_3D('',#3201,#2460,#2461);
#2055=AXIS2_PLACEMENT_3D('',#3204,#2462,#2463);
#2056=AXIS2_PLACEMENT_3D('',#3206,#2464,#2465);
#2057=AXIS2_PLACEMENT_3D('',#3207,#2466,#2467);
#2058=AXIS2_PLACEMENT_3D('',#3208,#2468,#2469);
#2059=AXIS2_PLACEMENT_3D('',#3210,#2470,#2471);
#2060=AXIS2_PLACEMENT_3D('',#3213,#2474,#2475);
#2061=AXIS2_PLACEMENT_3D('',#3215,#2476,#2477);
#2062=AXIS2_PLACEMENT_3D('',#3216,#2478,#2479);
#2063=AXIS2_PLACEMENT_3D('',#3217,#2480,#2481);
#2064=AXIS2_PLACEMENT_3D('',#3220,#2484,#2485);
#2065=AXIS2_PLACEMENT_3D('',#3223,#2487,#2488);
#2066=AXIS2_PLACEMENT_3D('',#3225,#2490,#2491);
#2067=AXIS2_PLACEMENT_3D('',#3228,#2494,#2495);
#2068=AXIS2_PLACEMENT_3D('',#3230,#2497,#2498);
#2069=AXIS2_PLACEMENT_3D('',#3233,#2501,#2502);
#2070=AXIS2_PLACEMENT_3D('',#3236,#2504,#2505);
#2071=AXIS2_PLACEMENT_3D('',#3238,#2507,#2508);
#2072=AXIS2_PLACEMENT_3D('',#3240,#2510,#2511);
#2073=AXIS2_PLACEMENT_3D('',#3243,#2514,#2515);
#2074=AXIS2_PLACEMENT_3D('',#3245,#2517,#2518);
#2075=AXIS2_PLACEMENT_3D('',#3246,#2519,#2520);
#2076=AXIS2_PLACEMENT_3D('',#3252,#2523,#2524);
#2077=AXIS2_PLACEMENT_3D('',#3255,#2526,#2527);
#2078=AXIS2_PLACEMENT_3D('',#3256,#2528,#2529);
#2079=AXIS2_PLACEMENT_3D('',#3257,#2530,#2531);
#2080=AXIS2_PLACEMENT_3D('',#3258,#2532,#2533);
#2081=AXIS2_PLACEMENT_3D('',#3264,#2536,#2537);
#2082=AXIS2_PLACEMENT_3D('',#3268,#2539,#2540);
#2083=AXIS2_PLACEMENT_3D('',#3271,#2542,#2543);
#2084=AXIS2_PLACEMENT_3D('',#3272,#2544,#2545);
#2085=AXIS2_PLACEMENT_3D('',#3274,#2546,#2547);
#2086=AXIS2_PLACEMENT_3D('',#3277,#2549,#2550);
#2087=AXIS2_PLACEMENT_3D('',#3278,#2551,#2552);
#2088=AXIS2_PLACEMENT_3D('',#3279,#2553,#2554);
#2089=AXIS2_PLACEMENT_3D('',#3281,#2555,#2556);
#2090=AXIS2_PLACEMENT_3D('',#3284,#2558,#2559);
#2091=AXIS2_PLACEMENT_3D('',#3285,#2560,#2561);
#2092=AXIS2_PLACEMENT_3D('',#3286,#2562,#2563);
#2093=AXIS2_PLACEMENT_3D('',#3288,#2564,#2565);
#2094=AXIS2_PLACEMENT_3D('',#3291,#2567,#2568);
#2095=AXIS2_PLACEMENT_3D('',#3292,#2569,#2570);
#2096=AXIS2_PLACEMENT_3D('',#3293,#2571,#2572);
#2097=AXIS2_PLACEMENT_3D('',#3295,#2573,#2574);
#2098=AXIS2_PLACEMENT_3D('',#3298,#2576,#2577);
#2099=AXIS2_PLACEMENT_3D('',#3299,#2578,#2579);
#2100=AXIS2_PLACEMENT_3D('',#3300,#2580,#2581);
#2101=AXIS2_PLACEMENT_3D('',#3303,#2584,#2585);
#2102=AXIS2_PLACEMENT_3D('',#3305,#2587,#2588);
#2103=AXIS2_PLACEMENT_3D('',#3307,#2590,#2591);
#2104=AXIS2_PLACEMENT_3D('',#3309,#2593,#2594);
#2105=AXIS2_PLACEMENT_3D('',#3310,#2595,#2596);
#2106=AXIS2_PLACEMENT_3D('',#3312,#2598,#2599);
#2107=AXIS2_PLACEMENT_3D('',#3313,#2600,#2601);
#2108=AXIS2_PLACEMENT_3D('',#3315,#2603,#2604);
#2109=AXIS2_PLACEMENT_3D('',#3319,#2607,#2608);
#2110=AXIS2_PLACEMENT_3D('',#3321,#2609,#2610);
#2111=AXIS2_PLACEMENT_3D('',#3323,#2612,#2613);
#2112=AXIS2_PLACEMENT_3D('',#3325,#2615,#2616);
#2113=AXIS2_PLACEMENT_3D('',#3326,#2617,#2618);
#2114=AXIS2_PLACEMENT_3D('',#3327,#2619,#2620);
#2115=AXIS2_PLACEMENT_3D('',#3328,#2621,#2622);
#2116=AXIS2_PLACEMENT_3D('',#3334,#2626,#2627);
#2117=AXIS2_PLACEMENT_3D('',#3336,#2628,#2629);
#2118=AXIS2_PLACEMENT_3D('',#3338,#2630,#2631);
#2119=AXIS2_PLACEMENT_3D('',#3340,#2633,#2634);
#2120=AXIS2_PLACEMENT_3D('',#3342,#2635,#2636);
#2121=AXIS2_PLACEMENT_3D('',#3344,#2637,#2638);
#2122=AXIS2_PLACEMENT_3D('',#3346,#2640,#2641);
#2123=AXIS2_PLACEMENT_3D('',#3352,#2645,#2646);
#2124=AXIS2_PLACEMENT_3D('',#3354,#2647,#2648);
#2125=AXIS2_PLACEMENT_3D('',#3356,#2649,#2650);
#2126=AXIS2_PLACEMENT_3D('',#3358,#2652,#2653);
#2127=AXIS2_PLACEMENT_3D('',#3364,#2657,#2658);
#2128=AXIS2_PLACEMENT_3D('',#3365,#2659,#2660);
#2129=AXIS2_PLACEMENT_3D('',#3366,#2661,#2662);
#2130=AXIS2_PLACEMENT_3D('',#3367,#2663,#2664);
#2131=AXIS2_PLACEMENT_3D('',#3369,#2666,#2667);
#2132=AXIS2_PLACEMENT_3D('',#3375,#2670,#2671);
#2133=AXIS2_PLACEMENT_3D('',#3383,#2675,#2676);
#2134=AXIS2_PLACEMENT_3D('',#3391,#2680,#2681);
#2135=AXIS2_PLACEMENT_3D('',#3394,#2683,#2684);
#2136=AXIS2_PLACEMENT_3D('',#3398,#2686,#2687);
#2137=AXIS2_PLACEMENT_3D('',#3400,#2689,#2690);
#2138=AXIS2_PLACEMENT_3D('',#3404,#2692,#2693);
#2139=AXIS2_PLACEMENT_3D('',#3406,#2695,#2696);
#2140=AXIS2_PLACEMENT_3D('',#3408,#2698,#2699);
#2141=AXIS2_PLACEMENT_3D('',#3410,#2701,#2702);
#2142=AXIS2_PLACEMENT_3D('',#3412,#2704,#2705);
#2143=AXIS2_PLACEMENT_3D('',#3414,#2707,#2708);
#2144=AXIS2_PLACEMENT_3D('',#3416,#2710,#2711);
#2145=AXIS2_PLACEMENT_3D('',#3418,#2713,#2714);
#2146=AXIS2_PLACEMENT_3D('',#3420,#2716,#2717);
#2147=AXIS2_PLACEMENT_3D('',#3422,#2719,#2720);
#2148=AXIS2_PLACEMENT_3D('',#3424,#2722,#2723);
#2149=AXIS2_PLACEMENT_3D('',#3426,#2725,#2726);
#2150=AXIS2_PLACEMENT_3D('',#3428,#2728,#2729);
#2151=AXIS2_PLACEMENT_3D('',#3430,#2731,#2732);
#2152=AXIS2_PLACEMENT_3D('',#3431,#2733,#2734);
#2153=AXIS2_PLACEMENT_3D('',#3433,#2736,#2737);
#2154=AXIS2_PLACEMENT_3D('',#3434,#2738,#2739);
#2155=AXIS2_PLACEMENT_3D('',#3436,#2741,#2742);
#2156=AXIS2_PLACEMENT_3D('',#3438,#2744,#2745);
#2157=AXIS2_PLACEMENT_3D('',#3440,#2747,#2748);
#2158=AXIS2_PLACEMENT_3D('',#3441,#2749,#2750);
#2159=DIRECTION('axis',(0.,0.,1.));
#2160=DIRECTION('refdir',(1.,0.,0.));
#2161=DIRECTION('center_axis',(7.48455980012505E-19,8.30953061928269E-35,
-1.));
#2162=DIRECTION('ref_axis',(-1.,-1.60982338570648E-15,-7.48455980012505E-19));
#2163=DIRECTION('',(-7.48455980012505E-19,-8.30953061928269E-35,1.));
#2164=DIRECTION('center_axis',(7.48455980012505E-19,8.30953061928269E-35,
-1.));
#2165=DIRECTION('ref_axis',(-1.,-1.60982338570648E-15,-7.48455980012505E-19));
#2166=DIRECTION('',(-7.48455980012505E-19,-8.30953061928269E-35,1.));
#2167=DIRECTION('center_axis',(7.48455980012505E-19,8.30953061928269E-35,
-1.));
#2168=DIRECTION('ref_axis',(-1.,-1.60982338570648E-15,-7.48455980012505E-19));
#2169=DIRECTION('center_axis',(-7.48455980012505E-19,-8.30953061928269E-35,
1.));
#2170=DIRECTION('ref_axis',(-1.,-2.22044604925031E-16,-7.48455980012505E-19));
#2171=DIRECTION('',(1.,2.22044604925031E-16,7.48455980012505E-19));
#2172=DIRECTION('center_axis',(-7.48455980012505E-19,-8.30953061928269E-35,
1.));
#2173=DIRECTION('ref_axis',(2.22044604925031E-16,-1.,8.30953061928269E-35));
#2174=DIRECTION('',(1.08129773682963E-15,-1.,7.26208451111298E-34));
#2175=DIRECTION('center_axis',(7.48455980012505E-19,8.30953061928269E-35,
-1.));
#2176=DIRECTION('ref_axis',(2.22044604925031E-16,-1.,8.30953061928269E-35));
#2177=DIRECTION('',(-1.,-2.22044604925031E-16,-7.48455980012505E-19));
#2178=DIRECTION('center_axis',(-2.22044604925031E-16,1.,-8.30953061928269E-35));
#2179=DIRECTION('ref_axis',(-1.,-2.22044604925031E-16,-7.48455980012505E-19));
#2180=DIRECTION('',(-1.,-2.22044604925031E-16,-7.48455980012505E-19));
#2181=DIRECTION('',(-7.48455980012505E-19,-8.30953061928269E-35,1.));
#2182=DIRECTION('center_axis',(7.48455980012505E-19,8.30953061928269E-35,
-1.));
#2183=DIRECTION('ref_axis',(2.22044604925031E-16,-1.,8.30953061928269E-35));
#2184=DIRECTION('center_axis',(7.48455980012505E-19,8.30953061928269E-35,
-1.));
#2185=DIRECTION('ref_axis',(2.22044604925031E-16,-1.,8.30953061928269E-35));
#2186=DIRECTION('',(-7.48455980012505E-19,-8.30953061928269E-35,1.));
#2187=DIRECTION('center_axis',(-2.22044604925031E-16,1.,-8.30953061928269E-35));
#2188=DIRECTION('ref_axis',(-1.,-2.22044604925031E-16,-7.48455980012505E-19));
#2189=DIRECTION('',(-1.,-2.22044604925031E-16,-7.48455980012505E-19));
#2190=DIRECTION('',(-7.48455980012505E-19,-8.30953061928269E-35,1.));
#2191=DIRECTION('',(-1.,-2.22044604925031E-16,-7.48455980012505E-19));
#2192=DIRECTION('',(-7.48455980012505E-19,-8.30953061928269E-35,1.));
#2193=DIRECTION('center_axis',(7.48455980012505E-19,8.30953061928269E-35,
-1.));
#2194=DIRECTION('ref_axis',(2.22044604925031E-16,-1.,8.30953061928269E-35));
#2195=DIRECTION('center_axis',(7.48455980012505E-19,8.30953061928269E-35,
-1.));
#2196=DIRECTION('ref_axis',(2.22044604925031E-16,-1.,8.30953061928269E-35));
#2197=DIRECTION('',(-7.48455980012505E-19,-8.30953061928269E-35,1.));
#2198=DIRECTION('center_axis',(7.48455980012505E-19,8.30953061928269E-35,
-1.));
#2199=DIRECTION('ref_axis',(1.,2.22044604925031E-16,7.48455980012505E-19));
#2200=DIRECTION('',(-7.48455980012505E-19,-8.30953061928269E-35,1.));
#2201=DIRECTION('center_axis',(7.48455980012505E-19,8.30953061928269E-35,
-1.));
#2202=DIRECTION('ref_axis',(1.,2.22044604925031E-16,7.48455980012505E-19));
#2203=DIRECTION('',(-7.48455980012505E-19,-8.30953061928269E-35,1.));
#2204=DIRECTION('center_axis',(1.00522819871754E-16,-1.,-7.85840053209296E-36));
#2205=DIRECTION('ref_axis',(1.,1.00522819871754E-16,7.48455980012505E-19));
#2206=DIRECTION('center_axis',(-1.00522819871754E-16,1.,7.85840053209296E-36));
#2207=DIRECTION('ref_axis',(-1.26952961506044E-15,-2.81975297122914E-31,
-1.));
#2208=DIRECTION('',(-1.,-1.00522819871754E-16,3.22491943270324E-16));
#2209=DIRECTION('center_axis',(-1.00522819871754E-16,1.,7.85840053209296E-36));
#2210=DIRECTION('ref_axis',(-1.,-2.22044604925031E-16,3.168210617801E-16));
#2211=DIRECTION('',(-7.48455980012505E-19,-8.30953061928269E-35,1.));
#2212=DIRECTION('',(1.,1.00522819871754E-16,7.48455980012505E-19));
#2213=DIRECTION('center_axis',(7.48455980012505E-19,8.30953061928269E-35,
-1.));
#2214=DIRECTION('ref_axis',(5.32907051820077E-15,1.,4.07167000344853E-33));
#2215=DIRECTION('',(-7.48455980012505E-19,-8.30953061928269E-35,1.));
#2216=DIRECTION('center_axis',(7.48455980012505E-19,8.30953061928269E-35,
-1.));
#2217=DIRECTION('ref_axis',(5.32907051820077E-15,1.,4.07167000344853E-33));
#2218=DIRECTION('center_axis',(-2.22044604925031E-16,1.,-8.30953061928269E-35));
#2219=DIRECTION('ref_axis',(-1.26952961506044E-15,-2.81975297122914E-31,
-1.));
#2220=DIRECTION('',(2.22044604925031E-16,-1.,8.30953061928269E-35));
#2221=DIRECTION('center_axis',(-1.17454588474239E-16,1.,-2.40714146531271E-36));
#2222=DIRECTION('ref_axis',(-1.26952961506044E-15,-2.81975297122914E-31,
-1.));
#2223=DIRECTION('',(2.22044604925031E-16,-1.,8.30953061928269E-35));
#2224=DIRECTION('center_axis',(2.22044604925031E-16,-1.,8.30953061928269E-35));
#2225=DIRECTION('ref_axis',(1.,2.22044604925031E-16,7.48455980012505E-19));
#2226=DIRECTION('',(7.48455980012505E-19,8.30953061928269E-35,-1.));
#2227=DIRECTION('center_axis',(2.22044604925031E-16,-1.,8.30953061928269E-35));
#2228=DIRECTION('ref_axis',(1.26952961506044E-15,2.81975297122914E-31,1.));
#2229=DIRECTION('',(1.,2.22044604925031E-16,7.48455980012505E-19));
#2230=DIRECTION('',(-7.48455980012505E-19,-8.30953061928269E-35,1.));
#2231=DIRECTION('',(1.,2.22044604925031E-16,7.48455980012505E-19));
#2232=DIRECTION('',(-7.48455980012505E-19,-8.30953061928269E-35,1.));
#2233=DIRECTION('',(1.,2.22044604925031E-16,7.48455980012505E-19));
#2234=DIRECTION('center_axis',(3.22491943270324E-16,7.16906914411576E-32,
1.));
#2235=DIRECTION('ref_axis',(-1.,-2.22044604925031E-16,3.22491943270324E-16));
#2236=DIRECTION('',(-1.,-1.17454588474239E-16,3.22491943270324E-16));
#2237=DIRECTION('',(2.22044604925031E-16,-1.,8.30953061928269E-35));
#2238=DIRECTION('center_axis',(-2.22044604925031E-16,1.,-8.30953061928269E-35));
#2239=DIRECTION('ref_axis',(-1.,-2.22044604925031E-16,3.168210617801E-16));
#2240=DIRECTION('center_axis',(-1.17454588474239E-16,1.,-2.40714146531271E-36));
#2241=DIRECTION('ref_axis',(-1.,-2.22044604925031E-16,3.168210617801E-16));
#2242=DIRECTION('',(2.22044604925031E-16,-1.,8.30953061928269E-35));
#2243=DIRECTION('center_axis',(7.48455980012505E-19,8.30953061928269E-35,
-1.));
#2244=DIRECTION('ref_axis',(-1.,-2.22044604925031E-16,-7.48455980012505E-19));
#2245=DIRECTION('center_axis',(-0.707106781186553,-1.57009245868379E-16,
0.707106781186542));
#2246=DIRECTION('ref_axis',(-0.707106781186542,-1.57009245868376E-16,-0.707106781186553));
#2247=DIRECTION('',(-7.48455980012505E-19,-8.30953061928269E-35,1.));
#2248=DIRECTION('center_axis',(7.48455980012505E-19,8.30953061928269E-35,
-1.));
#2249=DIRECTION('ref_axis',(-1.,-2.22044604925031E-16,-7.48455980012505E-19));
#2250=DIRECTION('',(-7.48455980012505E-19,-8.30953061928269E-35,1.));
#2251=DIRECTION('center_axis',(7.48455980012505E-19,8.30953061928269E-35,
-1.));
#2252=DIRECTION('ref_axis',(-2.22044604925031E-16,1.,-8.3095306192827E-35));
#2253=DIRECTION('center_axis',(-0.707106781186554,-1.57009245868379E-16,
0.707106781186541));
#2254=DIRECTION('ref_axis',(0.707106781186541,1.57009245868376E-16,0.707106781186554));
#2255=DIRECTION('',(-7.48455980012505E-19,-8.30953061928269E-35,1.));
#2256=DIRECTION('center_axis',(7.48455980012505E-19,8.30953061928269E-35,
-1.));
#2257=DIRECTION('ref_axis',(-2.22044604925031E-16,1.,-8.3095306192827E-35));
#2258=DIRECTION('',(-7.48455980012505E-19,-8.30953061928269E-35,1.));
#2259=DIRECTION('center_axis',(1.,2.22044604925031E-16,7.48455980012505E-19));
#2260=DIRECTION('ref_axis',(-2.22044604925031E-16,1.,-8.30953061928269E-35));
#2261=DIRECTION('',(2.22044604925031E-16,-1.,8.30953061928269E-35));
#2262=DIRECTION('',(-2.22044604925031E-16,1.,-8.30953061928269E-35));
#2263=DIRECTION('center_axis',(-1.,-2.22044604925031E-16,-7.48455980012505E-19));
#2264=DIRECTION('ref_axis',(2.22044604925031E-16,-1.,3.46944695195363E-15));
#2265=DIRECTION('',(1.,2.22044604925031E-16,7.48455980012505E-19));
#2266=DIRECTION('center_axis',(-1.,-1.11022302462516E-16,-3.74227990006253E-19));
#2267=DIRECTION('ref_axis',(2.22044604925031E-16,-1.,3.46944695195363E-15));
#2268=DIRECTION('',(1.,2.22044604925031E-16,7.48455980012505E-19));
#2269=DIRECTION('center_axis',(-7.48455980012505E-19,-8.30953061928269E-35,
1.));
#2270=DIRECTION('ref_axis',(-1.11022302462516E-16,1.,0.));
#2271=DIRECTION('',(1.11022302462516E-16,-1.,0.));
#2272=DIRECTION('',(-1.,-1.17454588474239E-16,-7.48455980012505E-19));
#2273=DIRECTION('',(-1.11022302462516E-16,1.,0.));
#2274=DIRECTION('',(-1.,-1.17454588474239E-16,-7.48455980012505E-19));
#2275=DIRECTION('',(2.22044604925031E-16,-1.,8.30953061928269E-35));
#2276=DIRECTION('',(-2.22044604925031E-16,1.,-8.30953061928269E-35));
#2277=DIRECTION('',(0.999700065598262,0.0244903826599551,7.48231492315913E-19));
#2278=DIRECTION('center_axis',(7.48455980012505E-19,8.30953061928269E-35,
-1.));
#2279=DIRECTION('ref_axis',(-0.0902863281698624,0.995915849329452,-6.7575342232105E-20));
#2280=DIRECTION('',(0.0244903826785474,0.999700065597806,1.83299733685536E-20));
#2281=DIRECTION('',(-3.42811945430909E-17,1.,5.74373411350785E-35));
#2282=DIRECTION('',(1.,3.92278802034219E-15,7.48455980012505E-19));
#2283=DIRECTION('',(-1.,-2.22044604925031E-16,-7.48455980012505E-19));
#2284=DIRECTION('',(-3.42811945430909E-17,1.,5.74373411350785E-35));
#2285=DIRECTION('',(-0.024490382659967,0.999700065598262,-1.83299733546468E-20));
#2286=DIRECTION('center_axis',(7.48455980012505E-19,8.30953061928269E-35,
-1.));
#2287=DIRECTION('ref_axis',(-0.995915849329525,-0.0902863281690604,-7.45399173019916E-19));
#2288=DIRECTION('',(-0.999700065597555,0.0244903826887933,-7.48231492315384E-19));
#2289=DIRECTION('',(-1.,-2.22044604925031E-16,-7.48455980012505E-19));
#2290=DIRECTION('',(-0.999700065598257,-0.0244903826601416,-7.4823149231591E-19));
#2291=DIRECTION('center_axis',(7.48455980012505E-19,8.30953061928269E-35,
-1.));
#2292=DIRECTION('ref_axis',(0.0902863281666112,-0.995915849329747,6.75753422296715E-20));
#2293=DIRECTION('',(-0.0244903826581479,-0.999700065598306,-1.83299733532855E-20));
#2294=DIRECTION('',(1.11660256243456E-16,-1.,4.77480322316633E-37));
#2295=DIRECTION('',(0.0244903826483948,-0.999700065598545,1.83299733459855E-20));
#2296=DIRECTION('center_axis',(7.48455980012505E-19,8.30953061928269E-35,
-1.));
#2297=DIRECTION('ref_axis',(0.995915849330387,0.0902863281595482,7.45399173020562E-19));
#2298=DIRECTION('',(0.999700065600105,-0.0244903825847104,7.48231492317293E-19));
#2299=DIRECTION('',(1.,2.22044604925031E-16,7.48455980012505E-19));
#2300=DIRECTION('center_axis',(1.,3.42811945430909E-17,7.48455980012505E-19));
#2301=DIRECTION('ref_axis',(-3.42811945430909E-17,1.,5.74373411350785E-35));
#2302=DIRECTION('',(7.48455980012505E-19,8.30953061928269E-35,-1.));
#2303=DIRECTION('center_axis',(1.,3.42811945430909E-17,7.48455980012505E-19));
#2304=DIRECTION('ref_axis',(-7.48455980012505E-19,-8.30953061928269E-35,
1.));
#2305=DIRECTION('',(3.42811945430909E-17,-1.,-5.74373411350785E-35));
#2306=DIRECTION('center_axis',(1.,3.42811945430909E-17,7.48455980012505E-19));
#2307=DIRECTION('ref_axis',(-2.22044604925031E-16,1.,-8.30953061928269E-35));
#2308=DIRECTION('',(-7.48455980012505E-19,-8.30953061928269E-35,1.));
#2309=DIRECTION('',(-7.48455980012505E-19,-8.30953061928269E-35,1.));
#2310=DIRECTION('',(-3.42811945430909E-17,1.,5.74373411350785E-35));
#2311=DIRECTION('',(-7.48455980012505E-19,-8.30953061928269E-35,1.));
#2312=DIRECTION('',(-3.42811945430909E-17,1.,5.74373411350785E-35));
#2313=DIRECTION('',(-7.48455980012505E-19,-8.30953061928269E-35,1.));
#2314=DIRECTION('',(-3.42811945430909E-17,1.,5.74373411350785E-35));
#2315=DIRECTION('',(-7.48455980012505E-19,-8.30953061928269E-35,1.));
#2316=DIRECTION('center_axis',(-2.21522394544039E-16,0.997405521334524,
0.0719876795806514));
#2317=DIRECTION('ref_axis',(0.707106781186552,-0.0509029763933674,0.705272207728541));
#2318=DIRECTION('center_axis',(-2.21522394544039E-16,0.997405521334524,
0.0719876795806483));
#2319=DIRECTION('ref_axis',(1.52379617450145E-17,-0.0719876795806483,0.997405521334524));
#2320=DIRECTION('',(-2.21522394544039E-16,0.997405521334524,0.0719876795806514));
#2321=DIRECTION('center_axis',(3.01444773903823E-16,-0.997405521334523,
-0.0719876795806585));
#2322=DIRECTION('ref_axis',(1.,2.22044604925031E-16,1.11097148060515E-15));
#2323=DIRECTION('',(2.21522394544039E-16,-0.997405521334524,-0.0719876795806514));
#2324=DIRECTION('center_axis',(1.,2.22044604925031E-16,7.48455980012505E-19));
#2325=DIRECTION('ref_axis',(-2.22044604925031E-16,1.,5.5511151231257E-15));
#2326=DIRECTION('center_axis',(3.65593736340245E-16,-0.0943074053625092,
0.995543124778526));
#2327=DIRECTION('ref_axis',(2.21125564768782E-16,-0.995543124778526,-0.0943074053625092));
#2328=DIRECTION('center_axis',(-7.7087691534205E-18,0.0719876795806514,
-0.997405521334524));
#2329=DIRECTION('ref_axis',(2.21522394544039E-16,-0.997405521334524,-0.0719876795806514));
#2330=DIRECTION('center_axis',(-1.,-2.22044604925031E-16,-8.29723371438943E-18));
#2331=DIRECTION('ref_axis',(-1.51800295335741E-16,0.681179976371647,0.73211600159423));
#2332=DIRECTION('center_axis',(1.,2.22044604925031E-16,7.48455980012505E-19));
#2333=DIRECTION('ref_axis',(-2.22044604925031E-16,1.,2.22044604925028E-15));
#2334=DIRECTION('',(1.,2.22044604925031E-16,8.29723371438943E-18));
#2335=DIRECTION('',(-1.,-2.22044604925031E-16,-8.29723371438943E-18));
#2336=DIRECTION('center_axis',(-3.01444773903824E-16,0.997405521334523,
0.0719876795806584));
#2337=DIRECTION('ref_axis',(-1.,-2.22044604925031E-16,-1.11097148060517E-15));
#2338=DIRECTION('center_axis',(1.92894533350184E-16,-0.0943074053625094,
0.995543124778526));
#2339=DIRECTION('ref_axis',(2.21125564768782E-16,-0.995543124778526,-0.0943074053625094));
#2340=DIRECTION('center_axis',(-7.7087691534205E-18,0.0719876795806514,
-0.997405521334524));
#2341=DIRECTION('ref_axis',(2.21522394544039E-16,-0.997405521334524,-0.0719876795806514));
#2342=DIRECTION('center_axis',(2.21522394544039E-16,-0.997405521334524,
-0.0719876795806514));
#2343=DIRECTION('ref_axis',(-0.707106781186547,-0.0509029763933681,0.705272207728546));
#2344=DIRECTION('center_axis',(-2.21522394544038E-16,0.997405521334522,
0.0719876795806748));
#2345=DIRECTION('ref_axis',(-1.,-2.22044604925031E-16,-7.48455980012505E-19));
#2346=DIRECTION('',(-2.21522394544039E-16,0.997405521334524,0.0719876795806514));
#2347=DIRECTION('',(2.21522394544039E-16,-0.997405521334524,-0.0719876795806514));
#2348=DIRECTION('center_axis',(1.,2.22044604925031E-16,7.48455980012505E-19));
#2349=DIRECTION('ref_axis',(0.,0.,1.));
#2350=DIRECTION('center_axis',(-7.42908548199949E-16,0.999837173696141,
0.0180451127819577));
#2351=DIRECTION('ref_axis',(-1.,-2.22044604925031E-16,-2.88665470962337E-14));
#2352=DIRECTION('center_axis',(-1.,-2.22044604925031E-16,-7.48455980012505E-19));
#2353=DIRECTION('ref_axis',(9.24659125671388E-18,-0.0450102748406672,0.998986524012595));
#2354=DIRECTION('center_axis',(1.,2.22044604925031E-16,7.48455980012505E-19));
#2355=DIRECTION('ref_axis',(9.24659125671389E-18,-0.0450102748406672,0.998986524012595));
#2356=DIRECTION('center_axis',(-1.,-2.22044604925031E-16,-7.48455980012505E-19));
#2357=DIRECTION('ref_axis',(2.22044604925031E-16,-1.,-4.44089209850064E-15));
#2358=DIRECTION('center_axis',(1.,2.22044604925031E-16,1.53486931034085E-18));
#2359=DIRECTION('ref_axis',(1.57071155903686E-16,-0.709760099256219,0.704443469345697));
#2360=DIRECTION('center_axis',(-1.,-2.22044604925031E-16,-7.48455980012505E-19));
#2361=DIRECTION('ref_axis',(2.22044604925031E-16,-1.,-2.22044604925032E-15));
#2362=DIRECTION('',(-1.,-2.22044604925031E-16,-1.53486931034085E-18));
#2363=DIRECTION('',(1.,1.17454588474239E-16,7.48455980012505E-19));
#2364=DIRECTION('center_axis',(2.22021956195291E-16,-0.999837173696141,
-0.0180451127819479));
#2365=DIRECTION('ref_axis',(1.,2.22044604925031E-16,7.48455980012505E-19));
#2366=DIRECTION('center_axis',(-1.,-2.22044604925031E-16,-7.48455980012505E-19));
#2367=DIRECTION('ref_axis',(0.,0.,-1.));
#2368=DIRECTION('center_axis',(1.,2.22044604925031E-16,7.48455980012505E-19));
#2369=DIRECTION('ref_axis',(9.24659125671389E-18,-0.0450102748406672,0.998986524012595));
#2370=DIRECTION('center_axis',(-1.,-2.22044604925031E-16,-7.48455980012505E-19));
#2371=DIRECTION('ref_axis',(9.24659125671389E-18,-0.0450102748406672,0.998986524012595));
#2372=DIRECTION('center_axis',(1.,1.17454588474239E-16,7.48455980012505E-19));
#2373=DIRECTION('ref_axis',(7.70876915342685E-18,-0.0719876795807054,0.99740552133452));
#2374=DIRECTION('',(-1.,-1.17454588474239E-16,-7.48455980012505E-19));
#2375=DIRECTION('center_axis',(-1.,-1.11022302462516E-16,-3.74227990006253E-19));
#2376=DIRECTION('ref_axis',(3.43306490138651E-18,-0.0360172088416081,0.999351169843344));
#2377=DIRECTION('',(-1.,-1.17454588474239E-16,-7.48455980012505E-19));
#2378=DIRECTION('center_axis',(1.,1.11022302462516E-16,3.74227990006253E-19));
#2379=DIRECTION('ref_axis',(3.43306490138651E-18,-0.0360172088416082,0.999351169843344));
#2380=DIRECTION('',(-1.,-1.17454588474239E-16,-7.48455980012505E-19));
#2381=DIRECTION('center_axis',(-1.,-2.22044604925031E-16,-7.48455980012505E-19));
#2382=DIRECTION('ref_axis',(-2.22044604925031E-16,1.,3.16097391778445E-15));
#2383=DIRECTION('',(7.48455980011848E-19,2.96059473233375E-15,-1.));
#2384=DIRECTION('',(-2.22044604925031E-16,1.,-8.30953061928269E-35));
#2385=DIRECTION('',(7.48455980011848E-19,2.96059473233375E-15,-1.));
#2386=DIRECTION('center_axis',(-7.48455980011848E-19,-2.96059473233375E-15,
1.));
#2387=DIRECTION('ref_axis',(1.,2.22044604925031E-16,7.48455980012505E-19));
#2388=DIRECTION('center_axis',(-7.48455980012505E-19,-8.30953061928269E-35,
1.));
#2389=DIRECTION('ref_axis',(1.,2.22044604925031E-16,7.48455980012505E-19));
#2390=DIRECTION('',(7.48455980011848E-19,2.96059473233375E-15,-1.));
#2391=DIRECTION('center_axis',(-2.22044604925031E-16,1.,2.96059473233375E-15));
#2392=DIRECTION('ref_axis',(1.,2.22044604925031E-16,7.48455980012946E-19));
#2393=DIRECTION('',(1.,2.22044604925031E-16,7.48455980012505E-19));
#2394=DIRECTION('',(7.48455980011848E-19,2.96059473233375E-15,-1.));
#2395=DIRECTION('center_axis',(-7.48455980011848E-19,-2.96059473233375E-15,
1.));
#2396=DIRECTION('ref_axis',(2.22044604925031E-16,-1.,-2.96059473233375E-15));
#2397=DIRECTION('center_axis',(-7.48455980012505E-19,-8.30953061928269E-35,
1.));
#2398=DIRECTION('ref_axis',(2.22044604925031E-16,-1.,-2.96059473233375E-15));
#2399=DIRECTION('',(7.48455980011848E-19,2.96059473233375E-15,-1.));
#2400=DIRECTION('center_axis',(0.816496580927729,0.408248290463861,0.40824829046386));
#2401=DIRECTION('ref_axis',(0.577350269189626,-0.577350269189626,-0.577350269189626));
#2402=DIRECTION('center_axis',(-7.48455980012505E-19,-8.30953061928269E-35,
1.));
#2403=DIRECTION('ref_axis',(1.,2.22044604925031E-16,7.48455980012505E-19));
#2404=DIRECTION('center_axis',(-1.,-2.22044604925031E-16,-7.48455980012505E-19));
#2405=DIRECTION('ref_axis',(2.22044604925031E-16,-1.,8.30953061928269E-35));
#2406=DIRECTION('center_axis',(-2.22044604925031E-16,1.,-8.30953061928269E-35));
#2407=DIRECTION('ref_axis',(7.48455980012505E-19,8.30953061928269E-35,-1.));
#2408=DIRECTION('center_axis',(0.,0.,1.));
#2409=DIRECTION('ref_axis',(-1.,0.,0.));
#2410=DIRECTION('center_axis',(-1.,-2.22044604925031E-16,-7.48455980012505E-19));
#2411=DIRECTION('ref_axis',(1.52379617450167E-17,-0.0719876795806584,0.997405521334524));
#2412=DIRECTION('center_axis',(5.55859968292591E-16,1.23342611746976E-31,
-1.));
#2413=DIRECTION('ref_axis',(2.22044604925031E-16,-1.,8.30953061928269E-35));
#2414=DIRECTION('center_axis',(-2.21522394544039E-16,0.997405521334523,
0.0719876795806584));
#2415=DIRECTION('ref_axis',(1.,2.22044604925031E-16,7.48455980012505E-19));
#2416=DIRECTION('center_axis',(0.408248290463905,0.408248290463848,-0.816496580927713));
#2417=DIRECTION('ref_axis',(-0.57735026918965,-0.577350269189593,-0.577350269189635));
#2418=DIRECTION('center_axis',(1.,-3.53050921830795E-14,7.48455980012505E-19));
#2419=DIRECTION('ref_axis',(7.48455980012505E-19,8.30953061928269E-35,-1.));
#2420=DIRECTION('center_axis',(-7.48455980012505E-19,-8.30953061928269E-35,
1.));
#2421=DIRECTION('ref_axis',(2.22044604925031E-16,-1.,8.30953061928269E-35));
#2422=DIRECTION('center_axis',(-2.22044604925031E-16,1.,3.5527136788005E-14));
#2423=DIRECTION('ref_axis',(-1.,-2.22044604925031E-16,-7.48455980012505E-19));
#2424=DIRECTION('center_axis',(0.816496580927728,-0.408248290463865,-0.408248290463858));
#2425=DIRECTION('ref_axis',(0.577350269189622,0.577350269189631,0.577350269189624));
#2426=DIRECTION('center_axis',(7.48455980012505E-19,8.30953061928269E-35,
-1.));
#2427=DIRECTION('ref_axis',(1.,2.22044604925031E-16,7.48455980012505E-19));
#2428=DIRECTION('center_axis',(-1.,-2.22044604925031E-16,-7.48455980012505E-19));
#2429=DIRECTION('ref_axis',(-2.22044604925031E-16,1.,-8.30953061928269E-35));
#2430=DIRECTION('center_axis',(9.10382880192629E-15,-1.,6.73071980161898E-33));
#2431=DIRECTION('ref_axis',(-7.48455980012505E-19,-8.30953061928269E-35,
1.));
#2432=DIRECTION('center_axis',(-1.11022302462516E-16,1.,4.69644342699634E-17));
#2433=DIRECTION('ref_axis',(0.707106781186547,1.57009245868377E-16,0.707106781186548));
#2434=DIRECTION('center_axis',(2.22044604925031E-16,-1.,8.30953061928269E-35));
#2435=DIRECTION('ref_axis',(1.,2.22044604925031E-16,7.48455980012505E-19));
#2436=DIRECTION('',(1.11022302462516E-16,-1.,-4.69644342699634E-17));
#2437=DIRECTION('',(-1.11022302462516E-16,1.,4.69644342699634E-17));
#2438=DIRECTION('center_axis',(1.,1.11022302462516E-16,3.74227990006253E-19));
#2439=DIRECTION('ref_axis',(0.,0.,1.));
#2440=DIRECTION('center_axis',(2.21522394544038E-16,-0.99740552133452,-0.0719876795807095));
#2441=DIRECTION('ref_axis',(1.,2.22044604925031E-16,7.48455980012505E-19));
#2442=DIRECTION('center_axis',(1.,1.11022302462516E-16,3.74227990006253E-19));
#2443=DIRECTION('ref_axis',(3.62472827426774E-18,-0.0360172088416081,0.999351169843344));
#2444=DIRECTION('center_axis',(-1.10761197272019E-16,0.997405521334524,
0.0719876795806514));
#2445=DIRECTION('ref_axis',(0.707106781186547,-0.0509029763933678,0.705272207728546));
#2446=DIRECTION('',(1.10761197272019E-16,-0.997405521334524,-0.0719876795806514));
#2447=DIRECTION('',(-1.10761197272019E-16,0.997405521334524,0.0719876795806514));
#2448=DIRECTION('center_axis',(0.,0.,1.));
#2449=DIRECTION('ref_axis',(-1.,0.,0.));
#2450=DIRECTION('center_axis',(1.,2.22044604925031E-16,-7.12383534500729E-14));
#2451=DIRECTION('ref_axis',(2.22044604925031E-16,-1.,8.30953061928269E-35));
#2452=DIRECTION('center_axis',(-7.12512919323862E-14,0.997405521334523,
0.0719876795806584));
#2453=DIRECTION('ref_axis',(1.52379617450167E-17,-0.0719876795806584,0.997405521334523));
#2454=DIRECTION('center_axis',(7.48455980012444E-19,2.77555756156295E-16,
-1.));
#2455=DIRECTION('ref_axis',(-1.,-2.22044604925031E-16,-7.48455980012505E-19));
#2456=DIRECTION('center_axis',(3.74227990006253E-19,4.15476530964135E-35,
-1.));
#2457=DIRECTION('ref_axis',(-0.707106781186522,-0.707106781186573,-5.29238298886447E-19));
#2458=DIRECTION('',(-3.74227990006253E-19,-4.15476530964135E-35,1.));
#2459=DIRECTION('',(3.74227990006253E-19,4.15476530964135E-35,-1.));
#2460=DIRECTION('center_axis',(0.816496580927724,0.408248290463866,0.408248290463864));
#2461=DIRECTION('ref_axis',(-0.577350269189634,0.577350269189623,0.57735026918962));
#2462=DIRECTION('center_axis',(1.,-3.53050921830799E-14,7.48455980012505E-19));
#2463=DIRECTION('ref_axis',(-7.48455980012505E-19,-8.30953061928269E-35,
1.));
#2464=DIRECTION('center_axis',(7.48455980012505E-19,8.30953061928269E-35,
-1.));
#2465=DIRECTION('ref_axis',(-2.22044604925031E-16,1.,-8.30953061928269E-35));
#2466=DIRECTION('center_axis',(2.22044604925031E-16,-1.,8.30953061928269E-35));
#2467=DIRECTION('ref_axis',(-1.,-2.22044604925031E-16,-7.48455980012505E-19));
#2468=DIRECTION('center_axis',(1.10761197272019E-16,-0.997405521334524,
-0.0719876795806514));
#2469=DIRECTION('ref_axis',(-0.707106781186577,-0.0509029763933659,0.705272207728516));
#2470=DIRECTION('center_axis',(-2.21522394544039E-16,0.997405521334524,
0.0719876795806571));
#2471=DIRECTION('ref_axis',(-1.,-2.22044604925031E-16,-7.48455980012505E-19));
#2472=DIRECTION('',(-1.10761197272019E-16,0.997405521334524,0.0719876795806514));
#2473=DIRECTION('',(1.10761197272019E-16,-0.997405521334524,-0.0719876795806514));
#2474=DIRECTION('center_axis',(1.,1.11022302462516E-16,3.74227990006253E-19));
#2475=DIRECTION('ref_axis',(0.,0.,1.));
#2476=DIRECTION('center_axis',(-2.22044604925031E-16,1.,8.88178419700083E-15));
#2477=DIRECTION('ref_axis',(-1.,-2.22044604925031E-16,-7.48455980012505E-19));
#2478=DIRECTION('center_axis',(-1.,-1.11022302462516E-16,-3.74227990006253E-19));
#2479=DIRECTION('ref_axis',(3.62472827426774E-18,-0.0360172088416082,0.999351169843344));
#2480=DIRECTION('center_axis',(1.11022302462516E-16,-1.,-4.69644342699634E-17));
#2481=DIRECTION('ref_axis',(-0.707106781186552,-1.57009245868379E-16,0.707106781186543));
#2482=DIRECTION('',(-1.11022302462516E-16,1.,4.69644342699634E-17));
#2483=DIRECTION('',(1.11022302462516E-16,-1.,-4.69644342699634E-17));
#2484=DIRECTION('center_axis',(-3.74227990006253E-19,-4.15476530964135E-35,
1.));
#2485=DIRECTION('ref_axis',(-0.707106781186578,0.707106781186517,-5.29238298886489E-19));
#2486=DIRECTION('',(-3.74227990006253E-19,-4.15476530964135E-35,1.));
#2487=DIRECTION('center_axis',(2.31641561485737E-15,-0.707106781186554,
-0.707106781186541));
#2488=DIRECTION('ref_axis',(2.31588637655844E-15,-0.707106781186541,0.707106781186554));
#2489=DIRECTION('',(3.74227990006253E-19,4.15476530964135E-35,-1.));
#2490=DIRECTION('center_axis',(1.,1.17454588474239E-16,7.48455980012505E-19));
#2491=DIRECTION('ref_axis',(-1.57538484167264E-16,0.707106781186548,0.707106781186548));
#2492=DIRECTION('',(-1.,-1.17454588474239E-16,-7.48455980012505E-19));
#2493=DIRECTION('',(1.,1.17454588474239E-16,7.48455980012505E-19));
#2494=DIRECTION('center_axis',(-1.11022302462516E-16,1.,0.));
#2495=DIRECTION('ref_axis',(-0.707106781186553,-1.57009245868379E-16,-0.707106781186543));
#2496=DIRECTION('',(1.11022302462516E-16,-1.,0.));
#2497=DIRECTION('center_axis',(1.,1.17454588474239E-16,7.48455980012505E-19));
#2498=DIRECTION('ref_axis',(1.62052575106506E-16,-0.732116001594239,0.681179976371637));
#2499=DIRECTION('',(-1.,-1.17454588474239E-16,-7.48455980012505E-19));
#2500=DIRECTION('',(1.,1.17454588474239E-16,7.48455980012505E-19));
#2501=DIRECTION('center_axis',(3.74227990006253E-19,4.15476530964135E-35,
-1.));
#2502=DIRECTION('ref_axis',(0.707106781186549,0.707106781186546,5.29238298886467E-19));
#2503=DIRECTION('',(-3.74227990006253E-19,-4.15476530964135E-35,1.));
#2504=DIRECTION('center_axis',(3.53800041502735E-16,-0.707106781186555,
-0.70710678118654));
#2505=DIRECTION('ref_axis',(-3.53270803203841E-16,0.70710678118654,-0.707106781186555));
#2506=DIRECTION('',(3.74227990006253E-19,4.15476530964135E-35,-1.));
#2507=DIRECTION('center_axis',(1.,1.17454588474239E-16,7.48455980012505E-19));
#2508=DIRECTION('ref_axis',(1.57538484167265E-16,-0.707106781186553,-0.707106781186543));
#2509=DIRECTION('',(1.,1.17454588474239E-16,7.48455980012505E-19));
#2510=DIRECTION('center_axis',(-3.74227990006253E-19,-4.15476530964135E-35,
1.));
#2511=DIRECTION('ref_axis',(0.707106781186543,-0.707106781186553,5.29238298886462E-19));
#2512=DIRECTION('',(3.74227990006253E-19,4.15476530964135E-35,-1.));
#2513=DIRECTION('',(-3.74227990006253E-19,-4.15476530964135E-35,1.));
#2514=DIRECTION('center_axis',(1.11022302462516E-16,-1.,0.));
#2515=DIRECTION('ref_axis',(0.707106781186547,1.57009245868377E-16,-0.707106781186548));
#2516=DIRECTION('',(-1.11022302462516E-16,1.,0.));
#2517=DIRECTION('center_axis',(-7.7087691534205E-18,0.0719876795806514,
-0.997405521334524));
#2518=DIRECTION('ref_axis',(1.10761197272019E-16,-0.997405521334524,-0.0719876795806514));
#2519=DIRECTION('center_axis',(1.17454588474239E-16,-1.,2.40714146531271E-36));
#2520=DIRECTION('ref_axis',(-3.74227990006253E-19,-4.15476530964135E-35,
1.));
#2521=DIRECTION('',(-7.48455980012505E-19,-8.55024476581397E-35,1.));
#2522=DIRECTION('',(7.48455980012505E-19,8.55024476581397E-35,-1.));
#2523=DIRECTION('center_axis',(-1.17454588474239E-16,1.,-2.40714146531271E-36));
#2524=DIRECTION('ref_axis',(1.,2.22044604925031E-16,7.48455980012505E-19));
#2525=DIRECTION('',(1.,1.17454588474239E-16,-3.44041303220347E-16));
#2526=DIRECTION('center_axis',(-1.17454588474239E-16,1.,-2.40714146531271E-36));
#2527=DIRECTION('ref_axis',(1.26952961506044E-15,2.81975297122914E-31,1.));
#2528=DIRECTION('center_axis',(-1.,-1.11022302462516E-16,-3.74227990006253E-19));
#2529=DIRECTION('ref_axis',(1.11022302462516E-16,-1.,0.));
#2530=DIRECTION('center_axis',(-1.17454588474239E-16,1.,-2.40714146531271E-36));
#2531=DIRECTION('ref_axis',(3.74227990006253E-19,4.15476530964135E-35,-1.));
#2532=DIRECTION('center_axis',(1.,1.11022302462516E-16,3.74227990006253E-19));
#2533=DIRECTION('ref_axis',(3.74227990006253E-19,0.,-1.));
#2534=DIRECTION('',(-3.74227990006253E-19,0.,1.));
#2535=DIRECTION('',(1.11022302462516E-16,-1.,0.));
#2536=DIRECTION('center_axis',(-1.,-1.11022302462516E-16,-3.74227990006253E-19));
#2537=DIRECTION('ref_axis',(7.48455980013122E-19,-2.7755575615629E-15,-1.));
#2538=DIRECTION('',(3.74227990006253E-19,0.,-1.));
#2539=DIRECTION('center_axis',(-1.,-1.11022302462516E-16,-3.74227990006253E-19));
#2540=DIRECTION('ref_axis',(-2.22044604925031E-16,1.,-8.30953061928269E-35));
#2541=DIRECTION('',(-1.11022302462516E-16,1.,0.));
#2542=DIRECTION('center_axis',(-1.,-1.11022302462516E-16,-3.74227990006253E-19));
#2543=DIRECTION('ref_axis',(-7.48455980012505E-19,-8.30953061928269E-35,
1.));
#2544=DIRECTION('center_axis',(7.48455980012505E-19,8.30953061928269E-35,
-1.));
#2545=DIRECTION('ref_axis',(-1.,-2.22044604925031E-16,-7.48455980012505E-19));
#2546=DIRECTION('center_axis',(7.48455980012505E-19,8.30953061928269E-35,
-1.));
#2547=DIRECTION('ref_axis',(-1.,-2.22044604925031E-16,-7.48455980012505E-19));
#2548=DIRECTION('',(-7.48455980012505E-19,-8.30953061928269E-35,1.));
#2549=DIRECTION('center_axis',(7.48455980012505E-19,8.30953061928269E-35,
-1.));
#2550=DIRECTION('ref_axis',(-1.,-2.22044604925031E-16,-7.48455980012505E-19));
#2551=DIRECTION('center_axis',(-7.48455980012505E-19,-8.30953061928269E-35,
1.));
#2552=DIRECTION('ref_axis',(-1.,-2.22044604925031E-16,-7.48455980012505E-19));
#2553=DIRECTION('center_axis',(7.48455980012505E-19,8.30953061928269E-35,
-1.));
#2554=DIRECTION('ref_axis',(-1.,-2.22044604925031E-16,-7.48455980012505E-19));
#2555=DIRECTION('center_axis',(7.48455980012505E-19,8.30953061928269E-35,
-1.));
#2556=DIRECTION('ref_axis',(-1.,-2.22044604925031E-16,-7.48455980012505E-19));
#2557=DIRECTION('',(-7.48455980012505E-19,-8.30953061928269E-35,1.));
#2558=DIRECTION('center_axis',(7.48455980012505E-19,8.30953061928269E-35,
-1.));
#2559=DIRECTION('ref_axis',(-1.,-2.22044604925031E-16,-7.48455980012505E-19));
#2560=DIRECTION('center_axis',(-7.48455980012505E-19,-8.30953061928269E-35,
1.));
#2561=DIRECTION('ref_axis',(-1.,-2.22044604925031E-16,-7.48455980012505E-19));
#2562=DIRECTION('center_axis',(7.48455980012505E-19,8.30953061928269E-35,
-1.));
#2563=DIRECTION('ref_axis',(-1.,-2.22044604925031E-16,-7.48455980012505E-19));
#2564=DIRECTION('center_axis',(7.48455980012505E-19,8.30953061928269E-35,
-1.));
#2565=DIRECTION('ref_axis',(-1.,-2.22044604925031E-16,-7.48455980012505E-19));
#2566=DIRECTION('',(-7.48455980012505E-19,-8.30953061928269E-35,1.));
#2567=DIRECTION('center_axis',(7.48455980012505E-19,8.30953061928269E-35,
-1.));
#2568=DIRECTION('ref_axis',(-1.,-2.22044604925031E-16,-7.48455980012505E-19));
#2569=DIRECTION('center_axis',(-7.48455980012505E-19,-8.30953061928269E-35,
1.));
#2570=DIRECTION('ref_axis',(-1.,-2.22044604925031E-16,-7.48455980012505E-19));
#2571=DIRECTION('center_axis',(7.48455980012505E-19,8.30953061928269E-35,
-1.));
#2572=DIRECTION('ref_axis',(-1.,-2.22044604925031E-16,-7.48455980012505E-19));
#2573=DIRECTION('center_axis',(7.48455980012505E-19,8.30953061928269E-35,
-1.));
#2574=DIRECTION('ref_axis',(-1.,-2.22044604925031E-16,-7.48455980012505E-19));
#2575=DIRECTION('',(-7.48455980012505E-19,-8.30953061928269E-35,1.));
#2576=DIRECTION('center_axis',(7.48455980012505E-19,8.30953061928269E-35,
-1.));
#2577=DIRECTION('ref_axis',(-1.,-2.22044604925031E-16,-7.48455980012505E-19));
#2578=DIRECTION('center_axis',(-7.48455980012505E-19,-8.30953061928269E-35,
1.));
#2579=DIRECTION('ref_axis',(-1.,-2.22044604925031E-16,-7.48455980012505E-19));
#2580=DIRECTION('center_axis',(2.22044604925031E-16,-1.,8.30953061928269E-35));
#2581=DIRECTION('ref_axis',(7.48455980012505E-19,8.30953061928269E-35,-1.));
#2582=DIRECTION('',(1.,2.22044604925031E-16,7.48455980012505E-19));
#2583=DIRECTION('',(1.,2.22044604925031E-16,7.48455980012505E-19));
#2584=DIRECTION('center_axis',(-1.,-2.22044604925031E-16,-7.48455980012505E-19));
#2585=DIRECTION('ref_axis',(-2.22044604925031E-16,1.,-8.30953061928269E-35));
#2586=DIRECTION('',(1.,2.22044604925031E-16,7.48455980012505E-19));
#2587=DIRECTION('center_axis',(7.48455980012505E-19,8.30953061928269E-35,
-1.));
#2588=DIRECTION('ref_axis',(-2.22044604925031E-16,1.,-8.30953061928269E-35));
#2589=DIRECTION('',(1.,2.22044604925031E-16,7.48455980012505E-19));
#2590=DIRECTION('center_axis',(-1.,-2.22044604925031E-16,-7.48455980012505E-19));
#2591=DIRECTION('ref_axis',(-7.48455980012505E-19,-8.30953061928269E-35,
1.));
#2592=DIRECTION('',(1.,2.22044604925031E-16,7.48455980012505E-19));
#2593=DIRECTION('center_axis',(-2.22044604925031E-16,1.,-8.30953061928269E-35));
#2594=DIRECTION('ref_axis',(-7.48455980012505E-19,-8.30953061928269E-35,
1.));
#2595=DIRECTION('center_axis',(-7.48455980012505E-19,-8.30953061928269E-35,
1.));
#2596=DIRECTION('ref_axis',(2.22044604925031E-16,-1.,8.30953061928269E-35));
#2597=DIRECTION('',(1.,2.22044604925031E-16,7.48455980012505E-19));
#2598=DIRECTION('center_axis',(-1.,-2.22044604925031E-16,-7.48455980012505E-19));
#2599=DIRECTION('ref_axis',(7.48455980013122E-19,-2.7755575615629E-15,-1.));
#2600=DIRECTION('center_axis',(1.,2.22044604925031E-16,7.48455980012505E-19));
#2601=DIRECTION('ref_axis',(-7.48455980012505E-19,4.64057501107483E-32,
1.));
#2602=DIRECTION('',(2.22044604925031E-16,-1.,8.30953061928269E-35));
#2603=DIRECTION('center_axis',(-1.,-2.22044604925031E-16,-7.48455980012505E-19));
#2604=DIRECTION('ref_axis',(7.48455980012505E-19,-4.64057501107483E-32,
-1.));
#2605=DIRECTION('',(-7.48455980012505E-19,-8.30953061928269E-35,1.));
#2606=DIRECTION('',(2.22044604925031E-16,-1.,8.30953061928269E-35));
#2607=DIRECTION('center_axis',(-2.22044604925031E-16,1.,-8.30953061928269E-35));
#2608=DIRECTION('ref_axis',(1.,2.22044604925031E-16,7.48455980012505E-19));
#2609=DIRECTION('center_axis',(2.22044604925031E-16,-1.,8.30953061928269E-35));
#2610=DIRECTION('ref_axis',(1.,2.22044604925031E-16,7.48455980012505E-19));
#2611=DIRECTION('',(2.22044604925031E-16,-1.,8.30953061928269E-35));
#2612=DIRECTION('center_axis',(-2.22044604925031E-16,1.,-8.30953061928269E-35));
#2613=DIRECTION('ref_axis',(1.26952961506044E-15,2.81975297122914E-31,1.));
#2614=DIRECTION('',(2.22044604925031E-16,-1.,8.30953061928269E-35));
#2615=DIRECTION('center_axis',(7.48455980012505E-19,8.30953061928269E-35,
-1.));
#2616=DIRECTION('ref_axis',(-1.,-2.22044604925031E-16,-7.48455980012505E-19));
#2617=DIRECTION('center_axis',(7.48455980012505E-19,8.30953061928269E-35,
-1.));
#2618=DIRECTION('ref_axis',(-1.,-2.22044604925031E-16,-7.48455980012505E-19));
#2619=DIRECTION('center_axis',(7.48455980012505E-19,8.30953061928269E-35,
-1.));
#2620=DIRECTION('ref_axis',(-1.,-2.22044604925031E-16,-7.48455980012505E-19));
#2621=DIRECTION('center_axis',(-1.,-2.22044604925031E-16,-7.48455980012505E-19));
#2622=DIRECTION('ref_axis',(2.22044604925031E-16,-1.,8.30953061928269E-35));
#2623=DIRECTION('',(1.08129773682963E-15,-1.,7.26208451111298E-34));
#2624=DIRECTION('',(2.22044604925031E-16,-1.,8.30953061928269E-35));
#2625=DIRECTION('',(-7.48455980012505E-19,-8.30953061928269E-35,1.));
#2626=DIRECTION('center_axis',(7.48455980012505E-19,8.30953061928269E-35,
-1.));
#2627=DIRECTION('ref_axis',(1.,2.22044604925031E-16,7.48455980012505E-19));
#2628=DIRECTION('center_axis',(7.48455980012505E-19,8.30953061928269E-35,
-1.));
#2629=DIRECTION('ref_axis',(1.,2.22044604925031E-16,7.48455980012505E-19));
#2630=DIRECTION('center_axis',(7.48455980012505E-19,8.30953061928269E-35,
-1.));
#2631=DIRECTION('ref_axis',(1.,2.22044604925031E-16,7.48455980012505E-19));
#2632=DIRECTION('',(-7.48455980012505E-19,-8.30953061928269E-35,1.));
#2633=DIRECTION('center_axis',(7.48455980012505E-19,8.30953061928269E-35,
-1.));
#2634=DIRECTION('ref_axis',(-2.22044604925031E-16,1.,-8.3095306192827E-35));
#2635=DIRECTION('center_axis',(7.48455980012505E-19,8.30953061928269E-35,
-1.));
#2636=DIRECTION('ref_axis',(-2.22044604925031E-16,1.,-8.3095306192827E-35));
#2637=DIRECTION('center_axis',(7.48455980012505E-19,8.30953061928269E-35,
-1.));
#2638=DIRECTION('ref_axis',(-2.22044604925031E-16,1.,-8.3095306192827E-35));
#2639=DIRECTION('',(-7.48455980012505E-19,-8.30953061928269E-35,1.));
#2640=DIRECTION('center_axis',(1.,2.22044604925031E-16,7.48455980012505E-19));
#2641=DIRECTION('ref_axis',(-2.22044604925031E-16,1.,-8.30953061928269E-35));
#2642=DIRECTION('',(-2.22044604925031E-16,1.,-8.30953061928269E-35));
#2643=DIRECTION('',(-2.22044604925031E-16,1.,-8.30953061928269E-35));
#2644=DIRECTION('',(-7.48455980012505E-19,-8.30953061928269E-35,1.));
#2645=DIRECTION('center_axis',(7.48455980012505E-19,8.30953061928269E-35,
-1.));
#2646=DIRECTION('ref_axis',(2.22044604925031E-16,-1.,8.30953061928269E-35));
#2647=DIRECTION('center_axis',(-7.48455980012505E-19,-8.30953061928269E-35,
1.));
#2648=DIRECTION('ref_axis',(2.22044604925031E-16,-1.,8.30953061928269E-35));
#2649=DIRECTION('center_axis',(-7.48455980012505E-19,-8.30953061928269E-35,
1.));
#2650=DIRECTION('ref_axis',(2.22044604925031E-16,-1.,8.30953061928269E-35));
#2651=DIRECTION('',(-7.48455980012505E-19,-8.30953061928269E-35,1.));
#2652=DIRECTION('center_axis',(2.22044604925031E-16,-1.,8.30953061928269E-35));
#2653=DIRECTION('ref_axis',(1.,2.22044604925031E-16,7.48455980012505E-19));
#2654=DIRECTION('',(1.,2.22044604925031E-16,7.48455980012505E-19));
#2655=DIRECTION('',(1.,2.22044604925031E-16,7.48455980012505E-19));
#2656=DIRECTION('',(-7.48455980012505E-19,-8.30953061928269E-35,1.));
#2657=DIRECTION('center_axis',(7.48455980012505E-19,8.30953061928269E-35,
-1.));
#2658=DIRECTION('ref_axis',(-2.22044604925031E-16,1.,-8.30953061928269E-35));
#2659=DIRECTION('center_axis',(7.48455980012505E-19,8.30953061928269E-35,
-1.));
#2660=DIRECTION('ref_axis',(-2.22044604925031E-16,1.,-8.30953061928269E-35));
#2661=DIRECTION('center_axis',(7.48455980012505E-19,8.30953061928269E-35,
-1.));
#2662=DIRECTION('ref_axis',(-2.22044604925031E-16,1.,-8.30953061928269E-35));
#2663=DIRECTION('center_axis',(-7.48455980012505E-19,-8.30953061928269E-35,
1.));
#2664=DIRECTION('ref_axis',(-1.,-2.22044604925031E-16,-7.48455980012505E-19));
#2665=DIRECTION('',(1.,2.22044604925031E-16,7.48455980012505E-19));
#2666=DIRECTION('center_axis',(-7.48455980012505E-19,-8.30953061928269E-35,
1.));
#2667=DIRECTION('ref_axis',(-1.,-2.22044604925031E-16,-7.48455980012505E-19));
#2668=DIRECTION('',(1.,2.22044604925031E-16,7.48455980012505E-19));
#2669=DIRECTION('',(0.999700065600105,-0.0244903825847104,7.48231492317293E-19));
#2670=DIRECTION('center_axis',(7.48455980012505E-19,8.30953061928269E-35,
-1.));
#2671=DIRECTION('ref_axis',(0.995915849330387,0.0902863281595482,7.45399173020562E-19));
#2672=DIRECTION('',(0.0244903826483948,-0.999700065598545,1.83299733459855E-20));
#2673=DIRECTION('',(1.11660256243456E-16,-1.,4.77480322316633E-37));
#2674=DIRECTION('',(-0.0244903826581479,-0.999700065598306,-1.83299733532855E-20));
#2675=DIRECTION('center_axis',(7.48455980012505E-19,8.30953061928269E-35,
-1.));
#2676=DIRECTION('ref_axis',(0.0902863281666112,-0.995915849329747,6.75753422296715E-20));
#2677=DIRECTION('',(-0.999700065598257,-0.0244903826601416,-7.4823149231591E-19));
#2678=DIRECTION('',(-1.,-2.22044604925031E-16,-7.48455980012505E-19));
#2679=DIRECTION('',(-0.999700065597555,0.0244903826887933,-7.48231492315384E-19));
#2680=DIRECTION('center_axis',(7.48455980012505E-19,8.30953061928269E-35,
-1.));
#2681=DIRECTION('ref_axis',(-0.995915849329525,-0.0902863281690604,-7.45399173019916E-19));
#2682=DIRECTION('',(-0.024490382659967,0.999700065598262,-1.83299733546468E-20));
#2683=DIRECTION('center_axis',(-7.48455980012505E-19,-8.30953061928269E-35,
1.));
#2684=DIRECTION('ref_axis',(-2.22044604925031E-16,1.,2.96059473233375E-15));
#2685=DIRECTION('',(-1.,-2.22044604925031E-16,-7.48455980012505E-19));
#2686=DIRECTION('center_axis',(-7.48455980012505E-19,-8.30953061928269E-35,
1.));
#2687=DIRECTION('ref_axis',(-1.,-2.22044604925031E-16,-7.48455980012505E-19));
#2688=DIRECTION('',(2.22044604925031E-16,-1.,8.30953061928269E-35));
#2689=DIRECTION('center_axis',(7.48455980012505E-19,8.30953061928269E-35,
-1.));
#2690=DIRECTION('ref_axis',(-0.0902863281698624,0.995915849329452,-6.7575342232105E-20));
#2691=DIRECTION('',(-7.48455980012505E-19,-8.30953061928269E-35,1.));
#2692=DIRECTION('center_axis',(7.48455980012505E-19,8.30953061928269E-35,
-1.));
#2693=DIRECTION('ref_axis',(-0.0902863281698624,0.995915849329452,-6.7575342232105E-20));
#2694=DIRECTION('',(-7.48455980012505E-19,-8.30953061928269E-35,1.));
#2695=DIRECTION('center_axis',(0.999700065597806,-0.0244903826785474,7.48231492315572E-19));
#2696=DIRECTION('ref_axis',(0.0244903826785474,0.999700065597806,1.83299733685536E-20));
#2697=DIRECTION('',(0.0244903826785474,0.999700065597806,1.83299733685536E-20));
#2698=DIRECTION('center_axis',(0.999700065598262,0.024490382659967,7.48231492315913E-19));
#2699=DIRECTION('ref_axis',(-0.024490382659967,0.999700065598262,-1.83299733546468E-20));
#2700=DIRECTION('',(-7.48455980012505E-19,-8.30953061928269E-35,1.));
#2701=DIRECTION('center_axis',(7.48455980012505E-19,8.30953061928269E-35,
-1.));
#2702=DIRECTION('ref_axis',(-0.995915849329525,-0.0902863281690604,-7.45399173019916E-19));
#2703=DIRECTION('',(-7.48455980012505E-19,-8.30953061928269E-35,1.));
#2704=DIRECTION('center_axis',(0.0244903826887933,0.999700065597555,1.83299733762222E-20));
#2705=DIRECTION('ref_axis',(-0.999700065597555,0.0244903826887933,-7.48231492315384E-19));
#2706=DIRECTION('',(-7.48455980012505E-19,-8.30953061928269E-35,1.));
#2707=DIRECTION('center_axis',(-2.22044604925031E-16,1.,-8.30953061928269E-35));
#2708=DIRECTION('ref_axis',(-1.,-2.22044604925031E-16,-7.48455980012505E-19));
#2709=DIRECTION('',(-7.48455980012505E-19,-8.30953061928269E-35,1.));
#2710=DIRECTION('center_axis',(-0.0244903826601416,0.999700065598257,-1.83299733547775E-20));
#2711=DIRECTION('ref_axis',(-0.999700065598257,-0.0244903826601416,-7.4823149231591E-19));
#2712=DIRECTION('',(-7.48455980012505E-19,-8.30953061928269E-35,1.));
#2713=DIRECTION('center_axis',(7.48455980012505E-19,8.30953061928269E-35,
-1.));
#2714=DIRECTION('ref_axis',(0.0902863281666112,-0.995915849329747,6.75753422296715E-20));
#2715=DIRECTION('',(-7.48455980012505E-19,-8.30953061928269E-35,1.));
#2716=DIRECTION('center_axis',(-0.999700065598306,0.0244903826581479,-7.48231492315946E-19));
#2717=DIRECTION('ref_axis',(-0.0244903826581479,-0.999700065598306,-1.83299733532855E-20));
#2718=DIRECTION('',(-7.48455980012505E-19,-8.30953061928269E-35,1.));
#2719=DIRECTION('center_axis',(-1.,-1.11660256243456E-16,-7.48455980012505E-19));
#2720=DIRECTION('ref_axis',(1.11660256243456E-16,-1.,4.77480322316633E-37));
#2721=DIRECTION('',(-7.48455980012505E-19,-8.30953061928269E-35,1.));
#2722=DIRECTION('center_axis',(-0.999700065598545,-0.0244903826483948,-7.48231492316125E-19));
#2723=DIRECTION('ref_axis',(0.0244903826483948,-0.999700065598545,1.83299733459855E-20));
#2724=DIRECTION('',(-7.48455980012505E-19,-8.30953061928269E-35,1.));
#2725=DIRECTION('center_axis',(7.48455980012505E-19,8.30953061928269E-35,
-1.));
#2726=DIRECTION('ref_axis',(0.995915849330387,0.0902863281595482,7.45399173020562E-19));
#2727=DIRECTION('',(-7.48455980012505E-19,-8.30953061928269E-35,1.));
#2728=DIRECTION('center_axis',(-0.0244903825847104,-0.999700065600105,-1.83299732983207E-20));
#2729=DIRECTION('ref_axis',(0.999700065600105,-0.0244903825847104,7.48231492317293E-19));
#2730=DIRECTION('',(-7.48455980012505E-19,-8.30953061928269E-35,1.));
#2731=DIRECTION('center_axis',(2.22044604925031E-16,-1.,8.30953061928269E-35));
#2732=DIRECTION('ref_axis',(1.,2.22044604925031E-16,7.48455980012505E-19));
#2733=DIRECTION('center_axis',(0.0244903826599551,-0.999700065598262,1.83299733546379E-20));
#2734=DIRECTION('ref_axis',(0.999700065598262,0.0244903826599551,7.48231492315913E-19));
#2735=DIRECTION('',(0.999700065598262,0.0244903826599551,7.48231492315913E-19));
#2736=DIRECTION('center_axis',(-7.48455980012505E-19,-8.30953061928269E-35,
1.));
#2737=DIRECTION('ref_axis',(-1.,-2.22044604925031E-16,-7.48455980012505E-19));
#2738=DIRECTION('center_axis',(1.,2.22044604925031E-16,7.48455980012505E-19));
#2739=DIRECTION('ref_axis',(2.22044604925031E-16,-1.,-3.16097391778445E-15));
#2740=DIRECTION('',(7.48455980011848E-19,2.96059473233375E-15,-1.));
#2741=DIRECTION('center_axis',(-7.48455980011848E-19,-2.96059473233375E-15,
1.));
#2742=DIRECTION('ref_axis',(-1.,-2.22044604925031E-16,-7.48455980012505E-19));
#2743=DIRECTION('',(7.48455980011848E-19,2.96059473233375E-15,-1.));
#2744=DIRECTION('center_axis',(2.22044604925031E-16,-1.,-2.96059473233375E-15));
#2745=DIRECTION('ref_axis',(-1.,-2.22044604925031E-16,-7.48455980012946E-19));
#2746=DIRECTION('',(7.48455980011848E-19,2.96059473233375E-15,-1.));
#2747=DIRECTION('center_axis',(-7.48455980011848E-19,-2.96059473233375E-15,
1.));
#2748=DIRECTION('ref_axis',(-2.22044604925031E-16,1.,2.96059473233375E-15));
#2749=DIRECTION('center_axis',(7.484559800125E-19,4.69644342699634E-17,
-1.));
#2750=DIRECTION('ref_axis',(1.11022302462516E-16,-1.,-4.69644342699634E-17));
#2751=CARTESIAN_POINT('',(0.,0.,0.));
#2752=CARTESIAN_POINT('Origin',(-49.063274052936,-19.789655025829,-1.12868239957676E-15));
#2753=CARTESIAN_POINT('',(-50.5465137503551,-20.389655025829,-1.12979253919809E-15));
#2754=CARTESIAN_POINT('',(-50.5465137503551,-20.389655025829,3.));
#2755=CARTESIAN_POINT('',(-50.5465137503551,-20.389655025829,-1.12979253919809E-15));
#2756=CARTESIAN_POINT('',(-49.063274052936,-21.389655025829,3.));
#2757=CARTESIAN_POINT('Origin',(-49.063274052936,-19.789655025829,3.));
#2758=CARTESIAN_POINT('',(-49.063274052936,-21.389655025829,-1.12868239957676E-15));
#2759=CARTESIAN_POINT('',(-49.063274052936,-21.389655025829,-1.12868239957676E-15));
#2760=CARTESIAN_POINT('Origin',(-49.063274052936,-19.789655025829,-5.73570887264185E-16));
#2761=CARTESIAN_POINT('Origin',(-39.631482476064,-19.2975759126994,3.));
#2762=CARTESIAN_POINT('',(-30.199690899192,-20.389655025829,3.));
#2763=CARTESIAN_POINT('',(-34.915586687628,-20.389655025829,3.));
#2764=CARTESIAN_POINT('',(-28.599690899192,-18.789655025829,3.));
#2765=CARTESIAN_POINT('Origin',(-30.199690899192,-18.789655025829,3.));
#2766=CARTESIAN_POINT('',(-28.599690899192,-19.789655025829,3.));
#2767=CARTESIAN_POINT('',(-28.599690899192,-19.789655025829,3.));
#2768=CARTESIAN_POINT('',(-30.199690899192,-21.389655025829,3.));
#2769=CARTESIAN_POINT('Origin',(-30.199690899192,-19.789655025829,3.));
#2770=CARTESIAN_POINT('',(-49.063274052936,-21.389655025829,3.));
#2771=CARTESIAN_POINT('Origin',(-30.199690899192,-21.389655025829,-1.11456383796088E-15));
#2772=CARTESIAN_POINT('',(-30.199690899192,-21.389655025829,-1.11456383796088E-15));
#2773=CARTESIAN_POINT('',(-55.149845449596,-21.389655025829,-5.78126418023789E-16));
#2774=CARTESIAN_POINT('',(-30.199690899192,-21.389655025829,-1.11456383796088E-15));
#2775=CARTESIAN_POINT('Origin',(-30.199690899192,-19.789655025829,-1.11456383796088E-15));
#2776=CARTESIAN_POINT('',(-28.599690899192,-19.789655025829,-1.11336630839286E-15));
#2777=CARTESIAN_POINT('Origin',(-30.199690899192,-19.789655025829,-5.59452325648303E-16));
#2778=CARTESIAN_POINT('',(-28.599690899192,-19.789655025829,-1.11336630839286E-15));
#2779=CARTESIAN_POINT('Origin',(-30.199690899192,-20.389655025829,-1.11456383796088E-15));
#2780=CARTESIAN_POINT('',(-134.45,-20.389655025829,-1.19259060522553E-15));
#2781=CARTESIAN_POINT('',(-55.149845449596,-20.389655025829,-5.78126418023789E-16));
#2782=CARTESIAN_POINT('',(-134.45,-20.389655025829,4.98));
#2783=CARTESIAN_POINT('',(-134.45,-20.389655025829,-1.19259060522553E-15));
#2784=CARTESIAN_POINT('',(-30.199690899192,-20.389655025829,4.98));
#2785=CARTESIAN_POINT('',(-30.199690899192,-20.389655025829,4.98));
#2786=CARTESIAN_POINT('',(-30.199690899192,-20.389655025829,-1.11456383796088E-15));
#2787=CARTESIAN_POINT('Origin',(-30.199690899192,-18.789655025829,-1.11456383796088E-15));
#2788=CARTESIAN_POINT('',(-28.599690899192,-18.789655025829,4.98));
#2789=CARTESIAN_POINT('Origin',(-30.199690899192,-18.789655025829,4.98));
#2790=CARTESIAN_POINT('',(-28.599690899192,-18.789655025829,-1.11336630839286E-15));
#2791=CARTESIAN_POINT('Origin',(-35.063274067837,1.85000000000001,-1.21));
#2792=CARTESIAN_POINT('',(-34.663274067837,1.85000000000001,2.52200001490098));
#2793=CARTESIAN_POINT('',(-35.063274067837,2.25000000000001,1.40916580079755));
#2794=CARTESIAN_POINT('Ctrl Pts',(-34.663274067837,1.85000000000001,2.52200001490098));
#2795=CARTESIAN_POINT('Ctrl Pts',(-34.663274067837,1.93912944294584,2.33567897095977));
#2796=CARTESIAN_POINT('Ctrl Pts',(-34.6945945080142,2.03594568688069,2.13484030936459));
#2797=CARTESIAN_POINT('Ctrl Pts',(-34.8293794157591,2.19027130367129,1.75096105117822));
#2798=CARTESIAN_POINT('Ctrl Pts',(-34.9317826590042,2.25000000000001,1.56844416850124));
#2799=CARTESIAN_POINT('Ctrl Pts',(-35.063274067837,2.25000000000001,1.40916580079755));
#2800=CARTESIAN_POINT('',(-35.063274067837,2.25000000000001,-1.21));
#2801=CARTESIAN_POINT('',(-35.063274067837,2.25000000000001,-1.21));
#2802=CARTESIAN_POINT('',(-34.663274067837,1.85000000000001,-1.21));
#2803=CARTESIAN_POINT('Origin',(-35.063274067837,1.85000000000001,-1.21));
#2804=CARTESIAN_POINT('',(-34.663274067837,1.85000000000001,-1.21));
#2805=CARTESIAN_POINT('Origin',(-44.199274038035,2.25,-1.21));
#2806=CARTESIAN_POINT('',(-36.411274052936,2.25000000000001,0.774000029801964));
#2807=CARTESIAN_POINT('Origin',(-36.411274052936,2.25000000000001,2.52200001490098));
#2808=CARTESIAN_POINT('',(-42.851274052936,2.25,0.774000029801966));
#2809=CARTESIAN_POINT('',(-40.3052740454855,2.25,0.774000029801966));
#2810=CARTESIAN_POINT('',(-44.199274038035,2.25,1.40916580079755));
#2811=CARTESIAN_POINT('Origin',(-42.851274052936,2.25,2.52200001490098));
#2812=CARTESIAN_POINT('',(-44.199274038035,2.25,-1.21));
#2813=CARTESIAN_POINT('',(-44.199274038035,2.25,-1.21));
#2814=CARTESIAN_POINT('',(-33.1996370190175,2.25000000000001,-1.21));
#2815=CARTESIAN_POINT('Origin',(-44.199274038035,1.85000000000001,-1.21));
#2816=CARTESIAN_POINT('',(-44.599274038035,1.85000000000001,2.52200001490098));
#2817=CARTESIAN_POINT('Ctrl Pts',(-44.199274038035,2.25,1.40916580079755));
#2818=CARTESIAN_POINT('Ctrl Pts',(-44.3152192421474,2.25,1.54961271682062));
#2819=CARTESIAN_POINT('Ctrl Pts',(-44.4204377604101,2.19452170257419,1.73295404931359));
#2820=CARTESIAN_POINT('Ctrl Pts',(-44.5569114139709,2.05804804901337,2.08670063082311));
#2821=CARTESIAN_POINT('Ctrl Pts',(-44.599274038035,1.94530374381388,2.32277187600531));
#2822=CARTESIAN_POINT('Ctrl Pts',(-44.599274038035,1.85000000000001,2.52200001490098));
#2823=CARTESIAN_POINT('',(-44.599274038035,1.85,-1.21));
#2824=CARTESIAN_POINT('',(-44.599274038035,1.85,-1.21));
#2825=CARTESIAN_POINT('Origin',(-44.199274038035,1.85000000000001,-1.21));
#2826=CARTESIAN_POINT('Origin',(-36.411274052936,3.25000000000001,2.52200001490098));
#2827=CARTESIAN_POINT('',(-34.663274067837,3.25000000000001,2.52200001490098));
#2828=CARTESIAN_POINT('',(-34.663274067837,3.25000000000001,2.52200001490098));
#2829=CARTESIAN_POINT('',(-36.411274052936,3.25000000000001,0.774000029801964));
#2830=CARTESIAN_POINT('Origin',(-36.411274052936,3.25,2.52200001490098));
#2831=CARTESIAN_POINT('',(-36.411274052936,3.25000000000001,0.774000029801964));
#2832=CARTESIAN_POINT('Origin',(-134.803061756996,1.24999999999998,-1.21));
#2833=CARTESIAN_POINT('',(-44.599274038035,1.25,3.23200001490099));
#2834=CARTESIAN_POINT('',(-44.599274038035,1.25,-1.21));
#2835=CARTESIAN_POINT('',(-44.599274038035,1.25,0.656000007450492));
#2836=CARTESIAN_POINT('',(-42.851274052936,1.25,4.98));
#2837=CARTESIAN_POINT('Origin',(-42.851274052936,1.25,3.23200001490098));
#2838=CARTESIAN_POINT('',(-130.09999979078,1.24999999999998,4.98));
#2839=CARTESIAN_POINT('',(-134.803061756996,1.24999999999998,4.98));
#2840=CARTESIAN_POINT('',(-130.09999979078,1.24999999999998,-1.18933482155589E-15));
#2841=CARTESIAN_POINT('',(-130.09999979078,1.24999999999998,-1.18933482155589E-15));
#2842=CARTESIAN_POINT('',(-134.803061756996,1.24999999999998,-6.37743344096292E-16));
#2843=CARTESIAN_POINT('',(-25.3969382430138,1.25,-5.55857676702265E-16));
#2844=CARTESIAN_POINT('',(-134.803061756996,1.24999999999998,-1.21));
#2845=CARTESIAN_POINT('',(-134.803061756996,1.24999999999998,-1.21));
#2846=CARTESIAN_POINT('',(-78.5015308784978,1.24999999999999,-1.21));
#2847=CARTESIAN_POINT('Origin',(-36.411274052936,3.25000000000001,0.774000029801964));
#2848=CARTESIAN_POINT('',(-42.851274052936,3.25000000000001,0.774000029801966));
#2849=CARTESIAN_POINT('',(-29.305637026468,3.25,0.774000029801962));
#2850=CARTESIAN_POINT('',(-42.851274052936,3.25000000000001,0.774000029801966));
#2851=CARTESIAN_POINT('Origin',(-42.851274052936,3.25000000000001,2.52200001490098));
#2852=CARTESIAN_POINT('',(-44.599274038035,3.25,2.52200001490098));
#2853=CARTESIAN_POINT('Origin',(-42.851274052936,3.25,2.52200001490098));
#2854=CARTESIAN_POINT('',(-44.599274038035,3.25,2.52200001490098));
#2855=CARTESIAN_POINT('Origin',(-136.65,-12.85,-1.21));
#2856=CARTESIAN_POINT('',(-137.05,-12.85,0.0350000000000005));
#2857=CARTESIAN_POINT('',(-136.65,-13.25,0.435));
#2858=CARTESIAN_POINT('Origin',(-136.65,-12.85,0.434999999999999));
#2859=CARTESIAN_POINT('',(-136.65,-13.25,-1.21));
#2860=CARTESIAN_POINT('',(-136.65,-13.25,-1.21));
#2861=CARTESIAN_POINT('',(-137.05,-12.85,-1.21));
#2862=CARTESIAN_POINT('Origin',(-136.65,-12.85,-1.21));
#2863=CARTESIAN_POINT('',(-137.05,-12.85,-1.21));
#2864=CARTESIAN_POINT('Origin',(-136.65,-8.95000000000003,-1.21));
#2865=CARTESIAN_POINT('',(-136.65,-8.55000000000004,0.434999999999999));
#2866=CARTESIAN_POINT('',(-137.05,-8.95000000000004,0.0349999999999999));
#2867=CARTESIAN_POINT('Origin',(-136.65,-8.95000000000003,0.435));
#2868=CARTESIAN_POINT('',(-137.05,-8.95000000000004,-1.21));
#2869=CARTESIAN_POINT('',(-137.05,-8.95000000000004,-1.21));
#2870=CARTESIAN_POINT('',(-136.65,-8.55000000000004,-1.21));
#2871=CARTESIAN_POINT('Origin',(-136.65,-8.95000000000003,-1.21));
#2872=CARTESIAN_POINT('',(-136.65,-8.55000000000004,-1.21));
#2873=CARTESIAN_POINT('Origin',(-137.05,-12.85,-1.21));
#2874=CARTESIAN_POINT('',(-137.05,-10.9,0.0349999999999999));
#2875=CARTESIAN_POINT('',(-137.05,-55.35,-1.21));
#2876=CARTESIAN_POINT('Origin',(-138.,-12.85,0.434999999999999));
#2877=CARTESIAN_POINT('',(-138.,-12.85,0.0350000000000005));
#2878=CARTESIAN_POINT('',(-138.,-12.85,0.0350000000000005));
#2879=CARTESIAN_POINT('',(-138.,-13.25,0.435));
#2880=CARTESIAN_POINT('Origin',(-138.,-12.85,0.434999999999999));
#2881=CARTESIAN_POINT('',(-138.,-13.25,0.435));
#2882=CARTESIAN_POINT('Origin',(-22.2,-97.85,-1.21));
#2883=CARTESIAN_POINT('',(-22.7,3.24999999999999,-1.21));
#2884=CARTESIAN_POINT('',(-22.7,-97.35,-1.21));
#2885=CARTESIAN_POINT('',(-22.7,-72.575,-1.21));
#2886=CARTESIAN_POINT('',(-137.5,-97.35,-1.21));
#2887=CARTESIAN_POINT('',(-22.2,-97.35,-1.21));
#2888=CARTESIAN_POINT('',(-137.5,3.24999999999998,-1.21));
#2889=CARTESIAN_POINT('',(-137.5,-72.575,-1.21));
#2890=CARTESIAN_POINT('',(-22.2,3.24999999999999,-1.21));
#2891=CARTESIAN_POINT('',(-34.663274067837,1.25000000000001,-1.21));
#2892=CARTESIAN_POINT('',(-34.663274067837,-48.,-1.21));
#2893=CARTESIAN_POINT('',(-44.599274038035,-48.3,-1.21));
#2894=CARTESIAN_POINT('',(-134.913075453693,1.24730491412104,-1.21));
#2895=CARTESIAN_POINT('',(-79.8034406847526,2.59736588759317,-1.21));
#2896=CARTESIAN_POINT('',(-136.047304914122,0.113075453586244,-1.21));
#2897=CARTESIAN_POINT('Origin',(-134.7999989573,-1.04269002330071E-6,-1.21));
#2898=CARTESIAN_POINT('',(-136.05,0.0030617569976474,-1.21));
#2899=CARTESIAN_POINT('',(-137.21372766343,-47.5004271324656,-1.21));
#2900=CARTESIAN_POINT('',(-136.05,-8.55000000000004,-1.21));
#2901=CARTESIAN_POINT('',(-136.05,-96.2265308784979,-1.21));
#2902=CARTESIAN_POINT('',(-79.4250000000002,-8.54999999999982,-1.21));
#2903=CARTESIAN_POINT('',(-136.05,-13.25,-1.21));
#2904=CARTESIAN_POINT('',(-79.125,-13.25,-1.21));
#2905=CARTESIAN_POINT('',(-136.05,-94.6030617569959,-1.21));
#2906=CARTESIAN_POINT('',(-136.05,-96.2265308784979,-1.21));
#2907=CARTESIAN_POINT('',(-136.047304914121,-94.7130754536933,-1.21));
#2908=CARTESIAN_POINT('',(-135.974762591616,-97.6742608942759,-1.21));
#2909=CARTESIAN_POINT('',(-134.91307545374,-95.8473049141169,-1.21));
#2910=CARTESIAN_POINT('Origin',(-134.7999989573,-94.5999989573,-1.21));
#2911=CARTESIAN_POINT('',(-134.803061756999,-95.85,-1.21));
#2912=CARTESIAN_POINT('',(-78.5108163084386,-97.2290322526614,-1.21));
#2913=CARTESIAN_POINT('',(-25.3969382430042,-95.85,-1.21));
#2914=CARTESIAN_POINT('',(-23.7984691215021,-95.85,-1.21));
#2915=CARTESIAN_POINT('',(-25.2869245463067,-95.8473049141211,-1.21));
#2916=CARTESIAN_POINT('',(-23.7689040382652,-95.8101168570155,-1.21));
#2917=CARTESIAN_POINT('',(-24.1526950858797,-94.7130754537315,-1.21));
#2918=CARTESIAN_POINT('Origin',(-25.400001042697,-94.5999989573,-1.21));
#2919=CARTESIAN_POINT('',(-24.15,-94.6030617569954,-1.21));
#2920=CARTESIAN_POINT('',(-24.1891626704417,-96.2016861948457,-1.21));
#2921=CARTESIAN_POINT('',(-24.15,0.00306175699417827,-1.21));
#2922=CARTESIAN_POINT('',(-24.15,-48.9234691215029,-1.21));
#2923=CARTESIAN_POINT('',(-24.1526950858776,0.113075453691165,-1.21));
#2924=CARTESIAN_POINT('',(-22.9528926859315,-48.8629881363197,-1.21));
#2925=CARTESIAN_POINT('',(-25.2869245463157,1.24730491412934,-1.21));
#2926=CARTESIAN_POINT('Origin',(-25.400001042697,-1.04268999900903E-6,-1.21));
#2927=CARTESIAN_POINT('',(-25.3969382430138,1.25,-1.21));
#2928=CARTESIAN_POINT('',(-22.5862933623201,1.18114557975284,-1.21));
#2929=CARTESIAN_POINT('',(-78.5015308784978,1.24999999999999,-1.21));
#2930=CARTESIAN_POINT('Origin',(-136.05,-94.6030617569959,-1.21));
#2931=CARTESIAN_POINT('',(-136.05,-13.25,1.135));
#2932=CARTESIAN_POINT('',(-136.05,-13.25,-0.3875));
#2933=CARTESIAN_POINT('',(-136.05,-12.85,1.535));
#2934=CARTESIAN_POINT('Origin',(-136.05,-12.85,1.135));
#2935=CARTESIAN_POINT('',(-136.05,-8.95000000000003,1.535));
#2936=CARTESIAN_POINT('',(-136.05,-53.726530878498,1.535));
#2937=CARTESIAN_POINT('',(-136.05,-8.55000000000004,1.135));
#2938=CARTESIAN_POINT('Origin',(-136.05,-8.95000000000003,1.135));
#2939=CARTESIAN_POINT('',(-136.05,-8.55000000000005,-1.21));
#2940=CARTESIAN_POINT('',(-136.05,0.00306175699764743,-6.38676622480975E-16));
#2941=CARTESIAN_POINT('',(-136.05,0.0030617569976474,-1.21));
#2942=CARTESIAN_POINT('',(-136.05,-4.70000000000002,-1.19378813479355E-15));
#2943=CARTESIAN_POINT('',(-136.05,0.0030617569976474,-6.38676622480975E-16));
#2944=CARTESIAN_POINT('',(-136.05,-4.70000000000002,4.98));
#2945=CARTESIAN_POINT('',(-136.05,-4.70000000000002,-1.19378813479355E-15));
#2946=CARTESIAN_POINT('',(-136.05,-18.789655025829,4.98));
#2947=CARTESIAN_POINT('',(-136.05,-94.6030617569959,4.98));
#2948=CARTESIAN_POINT('',(-136.05,-18.789655025829,-1.19378813479355E-15));
#2949=CARTESIAN_POINT('',(-136.05,-18.789655025829,-1.19378813479355E-15));
#2950=CARTESIAN_POINT('',(-136.05,-94.6030617569959,-6.38676622480975E-16));
#2951=CARTESIAN_POINT('',(-136.05,0.0030617569976474,-6.38676622480975E-16));
#2952=CARTESIAN_POINT('',(-136.05,-94.6030617569959,-1.21));
#2953=CARTESIAN_POINT('Origin',(-132.099690899192,-29.3617781871736,5.85338248593158));
#2954=CARTESIAN_POINT('',(-132.099690899192,-34.7871909419701,5.96310428180505));
#2955=CARTESIAN_POINT('',(-131.599690899192,-34.7511971021798,5.46440152113778));
#2956=CARTESIAN_POINT('Origin',(-132.099690899192,-34.7511971021798,5.46440152113778));
#2957=CARTESIAN_POINT('',(-132.099690899192,-89.8256488656193,1.99070710846719));
#2958=CARTESIAN_POINT('',(-132.099690899192,-29.3977720269639,6.35208524659884));
#2959=CARTESIAN_POINT('',(-131.599690899192,-89.789655025829,1.49200434779993));
#2960=CARTESIAN_POINT('Origin',(-132.099690899192,-89.789655025829,1.49200434779993));
#2961=CARTESIAN_POINT('',(-131.599690899192,-29.3617781871736,5.85338248593158));
#2962=CARTESIAN_POINT('Ctrl Pts',(-131.599690899192,-89.789655025829,1.49200434779993));
#2963=CARTESIAN_POINT('Ctrl Pts',(-131.599690899192,-90.1486941862393,1.45799271053474));
#2964=CARTESIAN_POINT('Ctrl Pts',(-131.306976397229,-90.9876529904707,1.37851847575389));
#2965=CARTESIAN_POINT('Ctrl Pts',(-130.478409779739,-91.389655025829,1.34043698238462));
#2966=CARTESIAN_POINT('Ctrl Pts',(-129.999690899192,-91.389655025829,1.34043698238462));
#2967=CARTESIAN_POINT('Ctrl Pts',(-131.599690899192,-89.7990781910507,1.62256442523637));
#2968=CARTESIAN_POINT('Ctrl Pts',(-131.597528558048,-90.1579792052873,1.58990864666414));
#2969=CARTESIAN_POINT('Ctrl Pts',(-131.29953870458,-90.9929777820488,1.51372546965153));
#2970=CARTESIAN_POINT('Ctrl Pts',(-130.475069280712,-91.389655025829,1.47734084304212));
#2971=CARTESIAN_POINT('Ctrl Pts',(-129.999690899192,-91.389655025829,1.47734084304212));
#2972=CARTESIAN_POINT('Ctrl Pts',(-131.708207189653,-89.8178370296724,1.88247236120659));
#2973=CARTESIAN_POINT('Ctrl Pts',(-131.704251324428,-90.2015928310038,1.85240632575869));
#2974=CARTESIAN_POINT('Ctrl Pts',(-131.382181618177,-91.0905294132108,1.78260874401147));
#2975=CARTESIAN_POINT('Ctrl Pts',(-130.505399397499,-91.5089492982075,1.74961042370471));
#2976=CARTESIAN_POINT('Ctrl Pts',(-129.999690899192,-91.5089492982075,1.74961042370471));
#2977=CARTESIAN_POINT('Ctrl Pts',(-131.968791205292,-89.8256488656193,1.99070710846721));
#2978=CARTESIAN_POINT('Ctrl Pts',(-131.967431819703,-90.2676154402518,1.95885220219841));
#2979=CARTESIAN_POINT('Ctrl Pts',(-131.603884847648,-91.2978549473342,1.88451770079824));
#2980=CARTESIAN_POINT('Ctrl Pts',(-130.586849362946,-91.7891001991075,1.84899513430625));
#2981=CARTESIAN_POINT('Ctrl Pts',(-129.999690899192,-91.7891001991075,1.84899513430625));
#2982=CARTESIAN_POINT('Ctrl Pts',(-132.099690899192,-89.8256488656193,1.9907071084672));
#2983=CARTESIAN_POINT('Ctrl Pts',(-132.099690899192,-90.2968877636578,1.956695471202));
#2984=CARTESIAN_POINT('Ctrl Pts',(-131.715503115366,-91.3980211942116,1.87722123642116));
#2985=CARTESIAN_POINT('Ctrl Pts',(-130.62800942991,-91.9256488656194,1.83913974305188));
#2986=CARTESIAN_POINT('Ctrl Pts',(-129.999690899192,-91.9256488656194,1.83913974305188));
#2987=CARTESIAN_POINT('',(-129.999690899192,-91.389655025829,1.34043698238462));
#2988=CARTESIAN_POINT('',(-129.999690899192,-91.9256488656193,1.83913974305187));
#2989=CARTESIAN_POINT('Origin',(-129.999690899192,-91.889655025829,1.34043698238461));
#2990=CARTESIAN_POINT('Origin',(-129.999690899192,-89.789655025829,1.49200434779993));
#2991=CARTESIAN_POINT('Origin',(-129.999690899192,-89.8256488656193,1.9907071084672));
#2992=CARTESIAN_POINT('Origin',(-76.099845449596,-91.889655025829,1.34043698238461));
#2993=CARTESIAN_POINT('',(-30.199690899192,-91.389655025829,1.34043698238461));
#2994=CARTESIAN_POINT('',(-30.199690899192,-91.9256488656193,1.83913974305187));
#2995=CARTESIAN_POINT('Origin',(-30.199690899192,-91.889655025829,1.34043698238461));
#2996=CARTESIAN_POINT('',(-76.099845449596,-91.389655025829,1.34043698238461));
#2997=CARTESIAN_POINT('',(-76.099845449596,-91.9256488656193,1.83913974305187));
#2998=CARTESIAN_POINT('Ctrl Pts',(-30.199690899192,-91.389655025829,1.34043698238462));
#2999=CARTESIAN_POINT('Ctrl Pts',(-29.8406517387817,-91.389655025829,1.34043698238462));
#3000=CARTESIAN_POINT('Ctrl Pts',(-29.0015834717072,-91.0970718638407,1.36815326927677));
#3001=CARTESIAN_POINT('Ctrl Pts',(-28.599690899192,-90.268373906376,1.44665549811301));
#3002=CARTESIAN_POINT('Ctrl Pts',(-28.599690899192,-89.789655025829,1.49200434779993));
#3003=CARTESIAN_POINT('Ctrl Pts',(-30.199690899192,-91.389655025829,1.47734084304212));
#3004=CARTESIAN_POINT('Ctrl Pts',(-29.8431571130517,-91.389655025829,1.47734084304212));
#3005=CARTESIAN_POINT('Ctrl Pts',(-29.0092281133915,-91.1012376339568,1.50380832563033));
#3006=CARTESIAN_POINT('Ctrl Pts',(-28.6025740207178,-90.2776128766995,1.57902338714006));
#3007=CARTESIAN_POINT('Ctrl Pts',(-28.599690899192,-89.7990781910506,1.62256442523637));
#3008=CARTESIAN_POINT('Ctrl Pts',(-30.199690899192,-91.5089176986697,1.74964438613458));
#3009=CARTESIAN_POINT('Ctrl Pts',(-29.8204095254617,-91.5089176986697,1.74964438613458));
#3010=CARTESIAN_POINT('Ctrl Pts',(-28.9338460772833,-91.2045658024455,1.77365756813602));
#3011=CARTESIAN_POINT('Ctrl Pts',(-28.4964767885947,-90.329513424995,1.8424119349909));
#3012=CARTESIAN_POINT('Ctrl Pts',(-28.4912023016277,-89.8178390232197,1.88249998225477));
#3013=CARTESIAN_POINT('Ctrl Pts',(-30.199690899192,-91.7891001991075,1.84899513430625));
#3014=CARTESIAN_POINT('Ctrl Pts',(-29.7593220513761,-91.7891001991075,1.84899513430625));
#3015=CARTESIAN_POINT('Ctrl Pts',(-28.7299329830642,-91.4316828022369,1.87481086564679));
#3016=CARTESIAN_POINT('Ctrl Pts',(-28.2324031072114,-90.4149376317959,1.9482339001088));
#3017=CARTESIAN_POINT('Ctrl Pts',(-28.2305905930916,-89.8256488656193,1.99070710846719));
#3018=CARTESIAN_POINT('Ctrl Pts',(-30.199690899192,-91.9256488656193,1.83913974305188));
#3019=CARTESIAN_POINT('Ctrl Pts',(-29.7284520011535,-91.9256488656193,1.83913974305188));
#3020=CARTESIAN_POINT('Ctrl Pts',(-28.6271749006182,-91.5416334655097,1.86685602994403));
#3021=CARTESIAN_POINT('Ctrl Pts',(-28.099690899192,-90.4539673963373,1.94535825878027));
#3022=CARTESIAN_POINT('Ctrl Pts',(-28.099690899192,-89.8256488656193,1.99070710846719));
#3023=CARTESIAN_POINT('',(-28.599690899192,-89.789655025829,1.49200434779993));
#3024=CARTESIAN_POINT('',(-28.099690899192,-89.8256488656193,1.9907071084672));
#3025=CARTESIAN_POINT('Origin',(-28.099690899192,-89.789655025829,1.49200434779993));
#3026=CARTESIAN_POINT('Origin',(-30.199690899192,-89.789655025829,1.49200434779993));
#3027=CARTESIAN_POINT('Origin',(-30.199690899192,-89.8256488656193,1.9907071084672));
#3028=CARTESIAN_POINT('Origin',(-28.099690899192,-62.0912829513983,3.49113257714028));
#3029=CARTESIAN_POINT('',(-28.599690899192,-34.7511971021797,5.46440152113778));
#3030=CARTESIAN_POINT('',(-28.099690899192,-34.7871909419701,5.96310428180505));
#3031=CARTESIAN_POINT('Origin',(-28.099690899192,-34.7511971021797,5.46440152113778));
#3032=CARTESIAN_POINT('',(-28.599690899192,-62.0912829513983,3.49113257714028));
#3033=CARTESIAN_POINT('',(-28.099690899192,-62.1272767911887,3.98983533780755));
#3034=CARTESIAN_POINT('Origin',(-28.099690899192,-20.389655025829,-193.517999985099));
#3035=CARTESIAN_POINT('',(-28.599690899192,-23.989655025829,5.94951616728107));
#3036=CARTESIAN_POINT('',(-28.099690899192,-23.99867758222,6.44943475412913));
#3037=CARTESIAN_POINT('Origin',(-28.099690899192,-23.989655025829,5.94951616728108));
#3038=CARTESIAN_POINT('Origin',(-28.599690899192,-20.389655025829,-193.517999985099));
#3039=CARTESIAN_POINT('Origin',(-28.099690899192,-20.389655025829,-193.517999985099));
#3040=CARTESIAN_POINT('Ctrl Pts',(-28.599690899192,-23.989655025829,5.9495161672811));
#3041=CARTESIAN_POINT('Ctrl Pts',(-28.599690899192,-23.6306748196956,5.95801971465914));
#3042=CARTESIAN_POINT('Ctrl Pts',(-28.8924949318993,-22.7918130679503,5.97317965385614));
#3043=CARTESIAN_POINT('Ctrl Pts',(-29.7209726764286,-22.389655025829,5.97636083745663));
#3044=CARTESIAN_POINT('Ctrl Pts',(-30.199690899192,-22.389655025829,5.97636083745663));
#3045=CARTESIAN_POINT('Ctrl Pts',(-28.599690899192,-23.9920171255685,6.08039454726734));
#3046=CARTESIAN_POINT('Ctrl Pts',(-28.5991489553064,-23.6329570204894,6.08856303941624));
#3047=CARTESIAN_POINT('Ctrl Pts',(-28.8916401113866,-22.792706000398,6.1033218242292));
#3048=CARTESIAN_POINT('Ctrl Pts',(-29.72098768011,-22.389655025829,6.10663395903647));
#3049=CARTESIAN_POINT('Ctrl Pts',(-30.199690899192,-22.389655025829,6.10663395903647));
#3050=CARTESIAN_POINT('Ctrl Pts',(-28.4912596342891,-23.9967209278157,6.3410211446884));
#3051=CARTESIAN_POINT('Ctrl Pts',(-28.4902681825117,-23.6123712545574,6.34855007308073));
#3052=CARTESIAN_POINT('Ctrl Pts',(-28.8019710766528,-22.7128867586007,6.36253242378347));
#3053=CARTESIAN_POINT('Ctrl Pts',(-29.6878491758726,-22.2823136982102,6.36607820495971));
#3054=CARTESIAN_POINT('Ctrl Pts',(-30.199690899192,-22.2823136982102,6.36607820495971));
#3055=CARTESIAN_POINT('Ctrl Pts',(-28.2305905930916,-23.99867758222,6.44943475412917));
#3056=CARTESIAN_POINT('Ctrl Pts',(-28.2302498925918,-23.5557460956813,6.45741780284196));
#3057=CARTESIAN_POINT('Ctrl Pts',(-28.5903381442201,-22.5201186182612,6.47196506261883));
#3058=CARTESIAN_POINT('Ctrl Pts',(-29.6104223040933,-22.0236838635329,6.47536720702509));
#3059=CARTESIAN_POINT('Ctrl Pts',(-30.199690899192,-22.0236838635329,6.47536720702509));
#3060=CARTESIAN_POINT('Ctrl Pts',(-28.099690899192,-23.99867758222,6.44943475412917));
#3061=CARTESIAN_POINT('Ctrl Pts',(-28.099690899192,-23.5263352057286,6.45795961365602));
#3062=CARTESIAN_POINT('Ctrl Pts',(-28.4839961921203,-22.4225697429058,6.4731575476881));
#3063=CARTESIAN_POINT('Ctrl Pts',(-29.571373231815,-21.8934144243252,6.47634670417982));
#3064=CARTESIAN_POINT('Ctrl Pts',(-30.199690899192,-21.8934144243252,6.47634670417982));
#3065=CARTESIAN_POINT('',(-30.199690899192,-22.389655025829,5.97636083745663));
#3066=CARTESIAN_POINT('',(-30.199690899192,-21.8934144243253,6.47634670417983));
#3067=CARTESIAN_POINT('Origin',(-30.199690899192,-21.889655025829,5.97636083745663));
#3068=CARTESIAN_POINT('Ctrl Pts',(-28.599690899192,-23.989655025829,5.9495161672811));
#3069=CARTESIAN_POINT('Ctrl Pts',(-28.599690899192,-23.6306748196956,5.95801971465914));
#3070=CARTESIAN_POINT('Ctrl Pts',(-28.8924949318993,-22.7918130679503,5.97317965385614));
#3071=CARTESIAN_POINT('Ctrl Pts',(-29.7209726764286,-22.389655025829,5.97636083745663));
#3072=CARTESIAN_POINT('Ctrl Pts',(-30.199690899192,-22.389655025829,5.97636083745663));
#3073=CARTESIAN_POINT('Ctrl Pts',(-30.199690899192,-21.8934144243252,6.47634670417982));
#3074=CARTESIAN_POINT('Ctrl Pts',(-29.571373231815,-21.8934144243252,6.47634670417982));
#3075=CARTESIAN_POINT('Ctrl Pts',(-28.4839961921203,-22.4225697429058,6.4731575476881));
#3076=CARTESIAN_POINT('Ctrl Pts',(-28.099690899192,-23.5263352057286,6.45795961365602));
#3077=CARTESIAN_POINT('Ctrl Pts',(-28.099690899192,-23.99867758222,6.44943475412917));
#3078=CARTESIAN_POINT('Origin',(-22.2,-21.889655025829,5.97636083745659));
#3079=CARTESIAN_POINT('',(-129.999690899192,-22.389655025829,5.97636083745659));
#3080=CARTESIAN_POINT('',(-129.999690899192,-21.8934144243253,6.47634670417983));
#3081=CARTESIAN_POINT('Origin',(-129.999690899192,-21.889655025829,5.97636083745659));
#3082=CARTESIAN_POINT('',(-22.2,-22.389655025829,5.97636083745659));
#3083=CARTESIAN_POINT('',(-22.2,-21.8934144243253,6.47634670417983));
#3084=CARTESIAN_POINT('Ctrl Pts',(-129.999690899192,-22.389655025829,5.97636083745663));
#3085=CARTESIAN_POINT('Ctrl Pts',(-130.478415823668,-22.389655025829,5.97636083745663));
#3086=CARTESIAN_POINT('Ctrl Pts',(-131.306879130567,-22.7918711562239,5.97317820293167));
#3087=CARTESIAN_POINT('Ctrl Pts',(-131.599690899192,-23.6306697942293,5.95801983370272));
#3088=CARTESIAN_POINT('Ctrl Pts',(-131.599690899192,-23.989655025829,5.9495161672811));
#3089=CARTESIAN_POINT('Ctrl Pts',(-129.999690899192,-22.389655025829,6.10663395903647));
#3090=CARTESIAN_POINT('Ctrl Pts',(-130.478400819777,-22.389655025829,6.10663395903647));
#3091=CARTESIAN_POINT('Ctrl Pts',(-131.307727631804,-22.7927747310173,6.10332029292262));
#3092=CARTESIAN_POINT('Ctrl Pts',(-131.600232850664,-23.6329519939046,6.08856315376928));
#3093=CARTESIAN_POINT('Ctrl Pts',(-131.599690899192,-23.9920171255686,6.08039454726734));
#3094=CARTESIAN_POINT('Ctrl Pts',(-129.999690899192,-22.2822431047843,6.3660081403309));
#3095=CARTESIAN_POINT('Ctrl Pts',(-130.51153978793,-22.2822431047843,6.3660081403309));
#3096=CARTESIAN_POINT('Ctrl Pts',(-131.397451289554,-22.7129189607518,6.3624603066625));
#3097=CARTESIAN_POINT('Ctrl Pts',(-131.709185248921,-23.6123645815608,6.34847857097322));
#3098=CARTESIAN_POINT('Ctrl Pts',(-131.708193783264,-23.9967196354398,6.34094953718127));
#3099=CARTESIAN_POINT('Ctrl Pts',(-129.999690899192,-22.0236838635329,6.47536720702509));
#3100=CARTESIAN_POINT('Ctrl Pts',(-130.58896774363,-22.0236838635329,6.47536720702509));
#3101=CARTESIAN_POINT('Ctrl Pts',(-131.609032601682,-22.5201926829927,6.47196320591667));
#3102=CARTESIAN_POINT('Ctrl Pts',(-131.969131910562,-23.5557398949571,6.45741791459893));
#3103=CARTESIAN_POINT('Ctrl Pts',(-131.968791205292,-23.99867758222,6.44943475412916));
#3104=CARTESIAN_POINT('Ctrl Pts',(-129.999690899192,-21.8934144243253,6.47634670417983));
#3105=CARTESIAN_POINT('Ctrl Pts',(-130.628017362567,-21.8934144243253,6.47634670417982));
#3106=CARTESIAN_POINT('Ctrl Pts',(-131.715375452872,-22.4226461748449,6.47315609312724));
#3107=CARTESIAN_POINT('Ctrl Pts',(-132.099690899192,-23.526328593273,6.45795973299795));
#3108=CARTESIAN_POINT('Ctrl Pts',(-132.099690899192,-23.99867758222,6.44943475412916));
#3109=CARTESIAN_POINT('',(-131.599690899192,-23.989655025829,5.9495161672811));
#3110=CARTESIAN_POINT('',(-132.099690899192,-23.99867758222,6.44943475412917));
#3111=CARTESIAN_POINT('Origin',(-132.099690899192,-23.989655025829,5.9495161672811));
#3112=CARTESIAN_POINT('Ctrl Pts',(-129.999690899192,-22.389655025829,5.97636083745663));
#3113=CARTESIAN_POINT('Ctrl Pts',(-130.478415823668,-22.389655025829,5.97636083745663));
#3114=CARTESIAN_POINT('Ctrl Pts',(-131.306879130567,-22.7918711562239,5.97317820293167));
#3115=CARTESIAN_POINT('Ctrl Pts',(-131.599690899192,-23.6306697942293,5.95801983370272));
#3116=CARTESIAN_POINT('Ctrl Pts',(-131.599690899192,-23.989655025829,5.9495161672811));
#3117=CARTESIAN_POINT('Ctrl Pts',(-132.099690899192,-23.99867758222,6.44943475412916));
#3118=CARTESIAN_POINT('Ctrl Pts',(-132.099690899192,-23.526328593273,6.45795973299795));
#3119=CARTESIAN_POINT('Ctrl Pts',(-131.715375452872,-22.4226461748449,6.47315609312724));
#3120=CARTESIAN_POINT('Ctrl Pts',(-130.628017362567,-21.8934144243253,6.47634670417982));
#3121=CARTESIAN_POINT('Ctrl Pts',(-129.999690899192,-21.8934144243253,6.47634670417983));
#3122=CARTESIAN_POINT('Origin',(-132.099690899192,-20.389655025829,-193.517999985099));
#3123=CARTESIAN_POINT('Origin',(-131.599690899192,-20.389655025829,-193.517999985099));
#3124=CARTESIAN_POINT('Origin',(-132.099690899192,-20.389655025829,-193.517999985099));
#3125=CARTESIAN_POINT('Origin',(-22.2,-20.389655025829,-193.517999985099));
#3126=CARTESIAN_POINT('',(-22.7,-34.7871909419701,5.96310428180505));
#3127=CARTESIAN_POINT('',(-22.2,-34.7871909419701,5.96310428180505));
#3128=CARTESIAN_POINT('',(-22.7,-20.3896550258292,6.48200001490105));
#3129=CARTESIAN_POINT('Origin',(-22.7,-20.389655025829,-193.517999985099));
#3130=CARTESIAN_POINT('',(-137.5,-20.3896550258292,6.48200001490105));
#3131=CARTESIAN_POINT('',(-22.2,-20.3896550258292,6.48200001490105));
#3132=CARTESIAN_POINT('',(-137.5,-34.7871909419701,5.96310428180505));
#3133=CARTESIAN_POINT('Origin',(-137.5,-20.389655025829,-193.517999985099));
#3134=CARTESIAN_POINT('',(-22.2,-34.7871909419701,5.96310428180505));
#3135=CARTESIAN_POINT('Origin',(-28.599690899192,-89.789655025829,6.48200001490071));
#3136=CARTESIAN_POINT('',(-28.599690899192,-23.989655025829,-1.11336630839286E-15));
#3137=CARTESIAN_POINT('',(-28.599690899192,-23.989655025829,6.48200001490092));
#3138=CARTESIAN_POINT('',(-28.599690899192,-89.789655025829,-1.11336630839286E-15));
#3139=CARTESIAN_POINT('',(-28.599690899192,-68.5448275129145,-1.11336630839286E-15));
#3140=CARTESIAN_POINT('',(-28.599690899192,-89.789655025829,6.48200001490071));
#3141=CARTESIAN_POINT('Origin',(-30.199690899192,-89.789655025829,6.48200001490071));
#3142=CARTESIAN_POINT('',(-30.199690899192,-91.389655025829,-1.11456383796088E-15));
#3143=CARTESIAN_POINT('Origin',(-30.199690899192,-89.789655025829,-1.26569765620604E-13));
#3144=CARTESIAN_POINT('',(-30.199690899192,-91.389655025829,6.4820000149007));
#3145=CARTESIAN_POINT('Origin',(-129.999690899192,-91.389655025829,6.4820000149007));
#3146=CARTESIAN_POINT('',(-129.999690899192,-91.389655025829,-1.18925974476613E-15));
#3147=CARTESIAN_POINT('',(-105.049845449596,-91.389655025829,-1.17058588373899E-15));
#3148=CARTESIAN_POINT('',(-129.999690899192,-91.389655025829,6.4820000149007));
#3149=CARTESIAN_POINT('Origin',(-129.999690899192,-89.789655025829,6.48200001490071));
#3150=CARTESIAN_POINT('',(-131.599690899192,-89.789655025829,-1.19045727433415E-15));
#3151=CARTESIAN_POINT('Origin',(-129.999690899192,-89.789655025829,-1.26644461527409E-13));
#3152=CARTESIAN_POINT('',(-131.599690899192,-89.789655025829,6.48200001490071));
#3153=CARTESIAN_POINT('Origin',(-22.7,-97.35,-0.71));
#3154=CARTESIAN_POINT('',(-22.2,-97.35,-0.71));
#3155=CARTESIAN_POINT('',(-22.7,-97.85,-0.71));
#3156=CARTESIAN_POINT('Origin',(-22.7,-97.35,-0.71));
#3157=CARTESIAN_POINT('Origin',(-22.7,-97.35,-0.71));
#3158=CARTESIAN_POINT('Origin',(-22.7,-97.35,-0.71));
#3159=CARTESIAN_POINT('Origin',(-22.7,-97.35,0.946336933816095));
#3160=CARTESIAN_POINT('',(-22.7,-97.3859938397904,1.44503969448336));
#3161=CARTESIAN_POINT('',(-22.7,-97.85,0.946336933816095));
#3162=CARTESIAN_POINT('Origin',(-22.7,-97.35,0.946336933816095));
#3163=CARTESIAN_POINT('',(-22.2,-97.35,0.946336933816095));
#3164=CARTESIAN_POINT('Origin',(-22.7,-97.35,0.946336933816095));
#3165=CARTESIAN_POINT('Origin',(-22.7,-97.35,0.946336933816095));
#3166=CARTESIAN_POINT('Origin',(-137.5,-97.35,-0.71));
#3167=CARTESIAN_POINT('',(-137.5,-97.85,-0.71));
#3168=CARTESIAN_POINT('Origin',(-137.5,-97.35,-0.71));
#3169=CARTESIAN_POINT('',(-138.,-97.35,-0.710000000000001));
#3170=CARTESIAN_POINT('Origin',(-137.5,-97.35,-0.710000000000001));
#3171=CARTESIAN_POINT('Origin',(-137.5,-97.35,-0.71));
#3172=CARTESIAN_POINT('Origin',(-22.7,2.75,5.982000014901));
#3173=CARTESIAN_POINT('',(-22.2,2.75,5.982000014901));
#3174=CARTESIAN_POINT('',(-22.7,3.25,5.982000014901));
#3175=CARTESIAN_POINT('Origin',(-22.7,2.75,5.982000014901));
#3176=CARTESIAN_POINT('',(-22.7,2.75,6.482000014901));
#3177=CARTESIAN_POINT('Origin',(-22.7,2.75,5.982000014901));
#3178=CARTESIAN_POINT('Origin',(-22.7,2.75,5.982000014901));
#3179=CARTESIAN_POINT('Origin',(-22.7,-22.025,5.982000014901));
#3180=CARTESIAN_POINT('',(-22.2,-20.3896550258292,5.982000014901));
#3181=CARTESIAN_POINT('Origin',(-22.7,-20.3896550258292,5.982000014901));
#3182=CARTESIAN_POINT('',(-22.2,-22.025,5.982000014901));
#3183=CARTESIAN_POINT('',(-22.7,-22.025,6.482000014901));
#3184=CARTESIAN_POINT('Origin',(-22.7,-20.389655025829,-193.517999985099));
#3185=CARTESIAN_POINT('',(-22.2,-34.7511971021797,5.46440152113778));
#3186=CARTESIAN_POINT('Origin',(-22.7,-34.7511971021797,5.46440152113778));
#3187=CARTESIAN_POINT('Origin',(-22.2,-20.389655025829,-193.517999985099));
#3188=CARTESIAN_POINT('Origin',(-22.7,-41.0946240846609,5.00656508521439));
#3189=CARTESIAN_POINT('',(-22.2,-41.0946240846609,5.00656508521439));
#3190=CARTESIAN_POINT('',(-22.7,-41.1306179244512,5.50526784588165));
#3191=CARTESIAN_POINT('Origin',(-137.5,-97.35,0.946336933816095));
#3192=CARTESIAN_POINT('',(-137.5,-97.85,0.946336933816095));
#3193=CARTESIAN_POINT('',(-137.5,-97.3859938397903,1.44503969448336));
#3194=CARTESIAN_POINT('Origin',(-137.5,-97.35,0.946336933816095));
#3195=CARTESIAN_POINT('',(-138.,-97.3500000000001,0.946336933816094));
#3196=CARTESIAN_POINT('Origin',(-137.5,-97.35,0.946336933816095));
#3197=CARTESIAN_POINT('Origin',(-137.5,-97.35,0.946336933816095));
#3198=CARTESIAN_POINT('Origin',(-137.5,-97.35,2.02377504352898));
#3199=CARTESIAN_POINT('',(-138.,-97.35,2.02377504352898));
#3200=CARTESIAN_POINT('',(-137.5,-97.85,2.02377504352898));
#3201=CARTESIAN_POINT('Origin',(-137.5,2.74999999999999,5.982000014901));
#3202=CARTESIAN_POINT('',(-137.5,2.74999999999999,6.482000014901));
#3203=CARTESIAN_POINT('',(-137.5,3.24999999999999,5.982000014901));
#3204=CARTESIAN_POINT('Origin',(-137.5,2.74999999999999,5.982000014901));
#3205=CARTESIAN_POINT('',(-138.,2.74999999999999,5.982000014901));
#3206=CARTESIAN_POINT('Origin',(-137.5,2.74999999999999,5.982000014901));
#3207=CARTESIAN_POINT('Origin',(-137.5,2.74999999999999,5.982000014901));
#3208=CARTESIAN_POINT('Origin',(-137.5,-41.0946240846609,5.00656508521439));
#3209=CARTESIAN_POINT('',(-138.,-34.7511971021798,5.46440152113778));
#3210=CARTESIAN_POINT('Origin',(-137.5,-34.7511971021798,5.46440152113778));
#3211=CARTESIAN_POINT('',(-138.,-41.0946240846609,5.00656508521439));
#3212=CARTESIAN_POINT('',(-137.5,-41.1306179244512,5.50526784588165));
#3213=CARTESIAN_POINT('Origin',(-137.5,-20.389655025829,-193.517999985099));
#3214=CARTESIAN_POINT('',(-138.,-20.3896550258292,5.98200001490103));
#3215=CARTESIAN_POINT('Origin',(-137.5,-20.3896550258292,5.98200001490103));
#3216=CARTESIAN_POINT('Origin',(-138.,-20.389655025829,-193.517999985099));
#3217=CARTESIAN_POINT('Origin',(-137.5,-22.025,5.982000014901));
#3218=CARTESIAN_POINT('',(-138.,-22.025,5.982000014901));
#3219=CARTESIAN_POINT('',(-137.5,-22.025,6.482000014901));
#3220=CARTESIAN_POINT('Origin',(-137.5,2.74999999999999,0.713000003725263));
#3221=CARTESIAN_POINT('',(-137.5,3.24999999999999,0.713000003725263));
#3222=CARTESIAN_POINT('',(-138.,2.74999999999999,-0.71));
#3223=CARTESIAN_POINT('Origin',(-137.5,2.74999999999999,-0.71));
#3224=CARTESIAN_POINT('',(-138.,2.74999999999999,0.713000003725263));
#3225=CARTESIAN_POINT('Origin',(-22.2,2.75,5.982000014901));
#3226=CARTESIAN_POINT('',(-22.2,2.75,6.482000014901));
#3227=CARTESIAN_POINT('',(-22.2,3.25,5.982000014901));
#3228=CARTESIAN_POINT('Origin',(-137.5,-72.575,-0.71));
#3229=CARTESIAN_POINT('',(-138.,-72.575,-0.71));
#3230=CARTESIAN_POINT('Origin',(-22.2,-97.35,0.946336933816095));
#3231=CARTESIAN_POINT('',(-22.2,-97.85,0.946336933816095));
#3232=CARTESIAN_POINT('',(-22.2,-97.3859938397903,1.44503969448336));
#3233=CARTESIAN_POINT('Origin',(-22.7,2.75,0.713000003725264));
#3234=CARTESIAN_POINT('',(-22.2,2.75,-0.71));
#3235=CARTESIAN_POINT('',(-22.2,2.75,0.713000003725264));
#3236=CARTESIAN_POINT('Origin',(-22.7,2.75,-0.71));
#3237=CARTESIAN_POINT('',(-22.7,3.25,0.713000003725264));
#3238=CARTESIAN_POINT('Origin',(-22.2,-97.35,-0.71));
#3239=CARTESIAN_POINT('',(-22.2,-97.85,-0.71));
#3240=CARTESIAN_POINT('Origin',(-22.7,-97.35,2.02377504352898));
#3241=CARTESIAN_POINT('',(-22.2,-97.35,2.02377504352898));
#3242=CARTESIAN_POINT('',(-22.7,-97.85,2.02377504352898));
#3243=CARTESIAN_POINT('Origin',(-22.7,-72.575,-0.71));
#3244=CARTESIAN_POINT('',(-22.2,-72.575,-0.71));
#3245=CARTESIAN_POINT('Origin',(-22.2,-34.7871909419701,5.96310428180504));
#3246=CARTESIAN_POINT('Origin',(-22.2,3.25,-1.21));
#3247=CARTESIAN_POINT('',(-44.599274038035,3.25,3.23200001490099));
#3248=CARTESIAN_POINT('',(-44.599274038035,3.25,0.656000007450492));
#3249=CARTESIAN_POINT('',(-34.663274067837,3.25000000000001,3.23200001490098));
#3250=CARTESIAN_POINT('',(-34.663274067837,3.25,1.01100000745049));
#3251=CARTESIAN_POINT('',(-36.411274052936,3.25000000000001,4.98));
#3252=CARTESIAN_POINT('Origin',(-36.411274052936,3.25,3.23200001490098));
#3253=CARTESIAN_POINT('',(-42.851274052936,3.25000000000001,4.98));
#3254=CARTESIAN_POINT('',(-32.525637026468,3.25,4.98));
#3255=CARTESIAN_POINT('Origin',(-42.851274052936,3.25,3.23200001490098));
#3256=CARTESIAN_POINT('Origin',(-22.2,-47.3,2.63600000745053));
#3257=CARTESIAN_POINT('Origin',(-22.2,-97.85,1.41155007960742));
#3258=CARTESIAN_POINT('Origin',(-138.,-47.3,2.63600000745053));
#3259=CARTESIAN_POINT('',(-138.,-13.25,1.135));
#3260=CARTESIAN_POINT('',(-138.,-13.25,1.53550000372526));
#3261=CARTESIAN_POINT('',(-138.,-8.95000000000004,0.0350000000000008));
#3262=CARTESIAN_POINT('',(-138.,-28.125,0.0349999999999999));
#3263=CARTESIAN_POINT('',(-138.,-8.55000000000004,0.434999999999999));
#3264=CARTESIAN_POINT('Origin',(-138.,-8.95000000000003,0.435));
#3265=CARTESIAN_POINT('',(-138.,-8.55000000000004,1.135));
#3266=CARTESIAN_POINT('',(-138.,-8.55000000000004,1.88550000372526));
#3267=CARTESIAN_POINT('',(-138.,-8.95000000000004,1.535));
#3268=CARTESIAN_POINT('Origin',(-138.,-8.95000000000004,1.135));
#3269=CARTESIAN_POINT('',(-138.,-12.85,1.535));
#3270=CARTESIAN_POINT('',(-138.,-30.075,1.535));
#3271=CARTESIAN_POINT('Origin',(-138.,-12.85,1.135));
#3272=CARTESIAN_POINT('Origin',(-26.5,-1.1,-1.11179478218318E-15));
#3273=CARTESIAN_POINT('',(-25.7,-1.1,-1.11119601739917E-15));
#3274=CARTESIAN_POINT('Origin',(-26.5,-1.1,-5.56683269870605E-16));
#3275=CARTESIAN_POINT('',(-25.7,-1.1,1.35));
#3276=CARTESIAN_POINT('',(-25.7,-1.1,-1.11119601739917E-15));
#3277=CARTESIAN_POINT('Origin',(-26.5,-1.1,1.35));
#3278=CARTESIAN_POINT('Origin',(-26.5,-1.1,1.35));
#3279=CARTESIAN_POINT('Origin',(-26.5,-87.5,-1.11179478218318E-15));
#3280=CARTESIAN_POINT('',(-25.7,-87.5,-1.11119601739917E-15));
#3281=CARTESIAN_POINT('Origin',(-26.5,-87.5,-5.56683269870605E-16));
#3282=CARTESIAN_POINT('',(-25.7,-87.5,1.35));
#3283=CARTESIAN_POINT('',(-25.7,-87.5,-1.11119601739917E-15));
#3284=CARTESIAN_POINT('Origin',(-26.5,-87.5,1.35));
#3285=CARTESIAN_POINT('Origin',(-26.5,-87.5,1.35));
#3286=CARTESIAN_POINT('Origin',(-133.7,-1.10000000000003,-1.19202926324052E-15));
#3287=CARTESIAN_POINT('',(-132.9,-1.10000000000003,-1.19143049845651E-15));
#3288=CARTESIAN_POINT('Origin',(-133.7,-1.10000000000003,-6.36917750927945E-16));
#3289=CARTESIAN_POINT('',(-132.9,-1.10000000000003,1.35));
#3290=CARTESIAN_POINT('',(-132.9,-1.10000000000003,-1.19143049845651E-15));
#3291=CARTESIAN_POINT('Origin',(-133.7,-1.10000000000003,1.35));
#3292=CARTESIAN_POINT('Origin',(-133.7,-1.10000000000003,1.35));
#3293=CARTESIAN_POINT('Origin',(-133.7,-87.5,-1.19202926324052E-15));
#3294=CARTESIAN_POINT('',(-132.9,-87.5,-1.19143049845651E-15));
#3295=CARTESIAN_POINT('Origin',(-133.7,-87.5,-6.36917750927945E-16));
#3296=CARTESIAN_POINT('',(-132.9,-87.5,1.35));
#3297=CARTESIAN_POINT('',(-132.9,-87.5,-1.19143049845651E-15));
#3298=CARTESIAN_POINT('Origin',(-133.7,-87.5,1.35));
#3299=CARTESIAN_POINT('Origin',(-133.7,-87.5,1.35));
#3300=CARTESIAN_POINT('Origin',(-138.,-8.55000000000004,1.135));
#3301=CARTESIAN_POINT('',(-138.,-8.55000000000004,0.434999999999999));
#3302=CARTESIAN_POINT('',(-138.,-8.55000000000004,1.135));
#3303=CARTESIAN_POINT('Origin',(-138.,-8.95000000000004,1.135));
#3304=CARTESIAN_POINT('',(-138.,-8.95000000000004,1.535));
#3305=CARTESIAN_POINT('Origin',(-138.,-12.85,1.535));
#3306=CARTESIAN_POINT('',(-138.,-12.85,1.535));
#3307=CARTESIAN_POINT('Origin',(-138.,-12.85,1.135));
#3308=CARTESIAN_POINT('',(-138.,-13.25,1.135));
#3309=CARTESIAN_POINT('Origin',(-138.,-13.25,0.435));
#3310=CARTESIAN_POINT('Origin',(-138.,-8.95000000000004,0.0349999999999999));
#3311=CARTESIAN_POINT('',(-138.,-8.95000000000004,0.0350000000000008));
#3312=CARTESIAN_POINT('Origin',(-138.,-8.95000000000003,0.435));
#3313=CARTESIAN_POINT('Origin',(-44.599274038035,3.25,2.52200001490098));
#3314=CARTESIAN_POINT('',(-44.599274038035,3.25,3.23200001490099));
#3315=CARTESIAN_POINT('Origin',(-34.663274067837,3.25000000000001,3.23200001490098));
#3316=CARTESIAN_POINT('',(-34.663274067837,1.25000000000001,3.23200001490098));
#3317=CARTESIAN_POINT('',(-34.663274067837,1.25,1.01100000745049));
#3318=CARTESIAN_POINT('',(-34.663274067837,3.25000000000001,3.23200001490098));
#3319=CARTESIAN_POINT('Origin',(-36.411274052936,3.25000000000001,3.23200001490098));
#3320=CARTESIAN_POINT('',(-36.411274052936,1.25000000000001,4.98));
#3321=CARTESIAN_POINT('Origin',(-36.411274052936,1.25,3.23200001490098));
#3322=CARTESIAN_POINT('',(-36.411274052936,3.25000000000001,4.98));
#3323=CARTESIAN_POINT('Origin',(-42.851274052936,3.25000000000001,3.23200001490098));
#3324=CARTESIAN_POINT('',(-42.851274052936,3.25000000000001,4.98));
#3325=CARTESIAN_POINT('Origin',(-134.45,-18.789655025829,-1.19259060522553E-15));
#3326=CARTESIAN_POINT('Origin',(-134.45,-18.789655025829,-6.37479092912955E-16));
#3327=CARTESIAN_POINT('Origin',(-134.45,-18.789655025829,4.98));
#3328=CARTESIAN_POINT('Origin',(-28.599690899192,-0.349999999999993,-1.11336630839286E-15));
#3329=CARTESIAN_POINT('',(-28.599690899192,-0.349999999999993,-1.11336630839286E-15));
#3330=CARTESIAN_POINT('',(-28.599690899192,-32.2527483997848,-5.58254796080283E-16));
#3331=CARTESIAN_POINT('',(-28.599690899192,-0.349999999999993,4.98));
#3332=CARTESIAN_POINT('',(-28.599690899192,-0.349999999999993,4.98));
#3333=CARTESIAN_POINT('',(-28.599690899192,-0.349999999999993,-1.11336630839286E-15));
#3334=CARTESIAN_POINT('Origin',(-30.199690899192,-0.349999999999993,-1.11456383796088E-15));
#3335=CARTESIAN_POINT('',(-30.199690899192,1.25000000000001,-1.11456383796088E-15));
#3336=CARTESIAN_POINT('Origin',(-30.199690899192,-0.349999999999993,-5.59452325648303E-16));
#3337=CARTESIAN_POINT('',(-30.199690899192,1.25000000000001,4.98));
#3338=CARTESIAN_POINT('Origin',(-30.199690899192,-0.349999999999993,4.98));
#3339=CARTESIAN_POINT('',(-30.199690899192,1.25000000000001,-1.11456383796088E-15));
#3340=CARTESIAN_POINT('Origin',(-130.09999979078,0.0499999999999824,-1.18933482155589E-15));
#3341=CARTESIAN_POINT('',(-131.29999979078,0.0499999999999822,-1.1902329687319E-15));
#3342=CARTESIAN_POINT('Origin',(-130.09999979078,0.0499999999999824,-6.34223309243308E-16));
#3343=CARTESIAN_POINT('',(-131.29999979078,0.0499999999999819,4.98));
#3344=CARTESIAN_POINT('Origin',(-130.09999979078,0.0499999999999824,4.98));
#3345=CARTESIAN_POINT('',(-131.29999979078,0.0499999999999822,-1.1902329687319E-15));
#3346=CARTESIAN_POINT('Origin',(-131.29999979078,-2.30000000000002,-1.1902329687319E-15));
#3347=CARTESIAN_POINT('',(-131.29999979078,-2.30000000000002,-1.1902329687319E-15));
#3348=CARTESIAN_POINT('',(-131.29999979078,-24.8,-6.35121456419323E-16));
#3349=CARTESIAN_POINT('',(-131.29999979078,-2.30000000000002,4.98));
#3350=CARTESIAN_POINT('',(-131.29999979078,0.0499999999999821,4.98));
#3351=CARTESIAN_POINT('',(-131.29999979078,-2.30000000000002,-1.1902329687319E-15));
#3352=CARTESIAN_POINT('Origin',(-132.49999979078,-2.30000000000002,-1.19113111590792E-15));
#3353=CARTESIAN_POINT('',(-132.49999979078,-3.50000000000002,-1.19113111590792E-15));
#3354=CARTESIAN_POINT('Origin',(-132.49999979078,-2.30000000000002,-6.36019603595338E-16));
#3355=CARTESIAN_POINT('',(-132.49999979078,-3.50000000000002,4.98));
#3356=CARTESIAN_POINT('Origin',(-132.49999979078,-2.30000000000002,4.98));
#3357=CARTESIAN_POINT('',(-132.49999979078,-3.50000000000002,-1.19113111590792E-15));
#3358=CARTESIAN_POINT('Origin',(-134.85,-3.50000000000002,-1.19288998761754E-15));
#3359=CARTESIAN_POINT('',(-134.85,-3.50000000000002,-1.19288998761754E-15));
#3360=CARTESIAN_POINT('',(-107.475,-3.50000000000001,-6.17289492852117E-16));
#3361=CARTESIAN_POINT('',(-134.85,-3.50000000000002,4.98));
#3362=CARTESIAN_POINT('',(-132.49999979078,-3.50000000000002,4.98));
#3363=CARTESIAN_POINT('',(-134.85,-3.50000000000002,-1.19288998761754E-15));
#3364=CARTESIAN_POINT('Origin',(-134.85,-4.70000000000002,-1.19288998761754E-15));
#3365=CARTESIAN_POINT('Origin',(-134.85,-4.70000000000002,-6.37778475304959E-16));
#3366=CARTESIAN_POINT('Origin',(-134.85,-4.70000000000002,4.98));
#3367=CARTESIAN_POINT('Origin',(-80.1,-47.3,4.98));
#3368=CARTESIAN_POINT('',(-134.803061756996,1.24999999999998,4.98));
#3369=CARTESIAN_POINT('Origin',(-80.1,-47.3,-5.96800510399275E-16));
#3370=CARTESIAN_POINT('',(-25.3969382430138,1.25,-5.55857676702265E-16));
#3371=CARTESIAN_POINT('',(-25.3969382430138,1.25,-5.55857676702265E-16));
#3372=CARTESIAN_POINT('',(-25.2869245463157,1.24730491412934,-5.55775336293088E-16));
#3373=CARTESIAN_POINT('',(-25.2869245463157,1.24730491412934,-5.55775336293088E-16));
#3374=CARTESIAN_POINT('',(-24.1526950858776,0.113075453691165,-5.54926415470717E-16));
#3375=CARTESIAN_POINT('Origin',(-25.400001042697,-1.04268999900903E-6,-5.55859969073004E-16));
#3376=CARTESIAN_POINT('',(-24.15,0.00306175699417827,-5.54924398317575E-16));
#3377=CARTESIAN_POINT('',(-24.15,0.00306175699417827,-5.54924398317575E-16));
#3378=CARTESIAN_POINT('',(-24.15,-94.6030617569954,-5.54924398317575E-16));
#3379=CARTESIAN_POINT('',(-24.15,-94.6030617569954,-5.54924398317575E-16));
#3380=CARTESIAN_POINT('',(-24.1526950858796,-94.7130754537315,-5.54926415470718E-16));
#3381=CARTESIAN_POINT('',(-24.1526950858797,-94.7130754537315,-5.54926415470718E-16));
#3382=CARTESIAN_POINT('',(-25.2869245463067,-95.8473049141211,-5.55775336293081E-16));
#3383=CARTESIAN_POINT('Origin',(-25.400001042697,-94.5999989573,-5.55859969073004E-16));
#3384=CARTESIAN_POINT('',(-25.3969382430042,-95.85,-5.55857676702258E-16));
#3385=CARTESIAN_POINT('',(-25.3969382430042,-95.85,-5.55857676702258E-16));
#3386=CARTESIAN_POINT('',(-134.803061756999,-95.85,-6.37743344096294E-16));
#3387=CARTESIAN_POINT('',(-134.803061756999,-95.85,-6.37743344096294E-16));
#3388=CARTESIAN_POINT('',(-134.91307545374,-95.8473049141169,-6.37825684505503E-16));
#3389=CARTESIAN_POINT('',(-134.91307545374,-95.8473049141169,-6.37825684505503E-16));
#3390=CARTESIAN_POINT('',(-136.047304914121,-94.7130754536933,-6.38674605327832E-16));
#3391=CARTESIAN_POINT('Origin',(-134.7999989573,-94.5999989573,-6.37741051725544E-16));
#3392=CARTESIAN_POINT('',(-136.05,-94.6030617569959,-6.38676622480975E-16));
#3393=CARTESIAN_POINT('',(-30.199690899192,-22.389655025829,-1.11456383796088E-15));
#3394=CARTESIAN_POINT('Origin',(-30.199690899192,-23.989655025829,6.77192636887988E-14));
#3395=CARTESIAN_POINT('',(-129.999690899192,-22.389655025829,-1.18925974476613E-15));
#3396=CARTESIAN_POINT('',(-55.149845449596,-22.389655025829,-1.13323793033637E-15));
#3397=CARTESIAN_POINT('',(-131.599690899192,-23.989655025829,-1.19045727433415E-15));
#3398=CARTESIAN_POINT('Origin',(-129.999690899192,-23.989655025829,6.76445677819936E-14));
#3399=CARTESIAN_POINT('',(-131.599690899192,-35.6448275129145,-1.19045727433415E-15));
#3400=CARTESIAN_POINT('Origin',(-134.7999989573,-1.04269002330071E-6,-1.21));
#3401=CARTESIAN_POINT('',(-134.913075453693,1.24730491412104,-6.37825684505468E-16));
#3402=CARTESIAN_POINT('',(-134.913075453693,1.24730491412104,-1.21));
#3403=CARTESIAN_POINT('',(-136.047304914122,0.113075453586244,-6.38674605327832E-16));
#3404=CARTESIAN_POINT('Origin',(-134.7999989573,-1.04269002330071E-6,-6.37741051725544E-16));
#3405=CARTESIAN_POINT('',(-136.047304914122,0.113075453586244,-1.21));
#3406=CARTESIAN_POINT('Origin',(-136.05,0.0030617569976474,-1.21));
#3407=CARTESIAN_POINT('',(-136.047304914122,0.113075453586244,-6.38674605327832E-16));
#3408=CARTESIAN_POINT('Origin',(-136.047304914121,-94.7130754536933,-1.21));
#3409=CARTESIAN_POINT('',(-136.047304914121,-94.7130754536933,-1.21));
#3410=CARTESIAN_POINT('Origin',(-134.7999989573,-94.5999989573,-1.21));
#3411=CARTESIAN_POINT('',(-134.91307545374,-95.8473049141169,-1.21));
#3412=CARTESIAN_POINT('Origin',(-134.803061756999,-95.85,-1.21));
#3413=CARTESIAN_POINT('',(-134.803061756999,-95.85,-1.21));
#3414=CARTESIAN_POINT('Origin',(-25.3969382430042,-95.85,-1.21));
#3415=CARTESIAN_POINT('',(-25.3969382430042,-95.85,-1.21));
#3416=CARTESIAN_POINT('Origin',(-25.2869245463067,-95.8473049141211,-1.21));
#3417=CARTESIAN_POINT('',(-25.2869245463067,-95.8473049141211,-1.21));
#3418=CARTESIAN_POINT('Origin',(-25.400001042697,-94.5999989573,-1.21));
#3419=CARTESIAN_POINT('',(-24.1526950858797,-94.7130754537315,-1.21));
#3420=CARTESIAN_POINT('Origin',(-24.15,-94.6030617569954,-1.21));
#3421=CARTESIAN_POINT('',(-24.15,-94.6030617569954,-1.21));
#3422=CARTESIAN_POINT('Origin',(-24.15,0.00306175699417827,-1.21));
#3423=CARTESIAN_POINT('',(-24.15,0.00306175699417827,-1.21));
#3424=CARTESIAN_POINT('Origin',(-24.1526950858776,0.113075453691165,-1.21));
#3425=CARTESIAN_POINT('',(-24.1526950858776,0.113075453691165,-1.21));
#3426=CARTESIAN_POINT('Origin',(-25.400001042697,-1.04268999900903E-6,-1.21));
#3427=CARTESIAN_POINT('',(-25.2869245463157,1.24730491412934,-1.21));
#3428=CARTESIAN_POINT('Origin',(-25.3969382430138,1.25,-1.21));
#3429=CARTESIAN_POINT('',(-25.3969382430138,1.25,-1.21));
#3430=CARTESIAN_POINT('Origin',(-134.803061756996,1.24999999999998,-1.21));
#3431=CARTESIAN_POINT('Origin',(-134.913075453693,1.24730491412104,-1.21));
#3432=CARTESIAN_POINT('',(-134.803061756996,1.24999999999998,-6.37743344096292E-16));
#3433=CARTESIAN_POINT('Origin',(-80.1,-47.3,-5.96800510399275E-16));
#3434=CARTESIAN_POINT('Origin',(-131.599690899192,-23.989655025829,6.48200001490092));
#3435=CARTESIAN_POINT('',(-131.599690899192,-23.989655025829,6.48200001490092));
#3436=CARTESIAN_POINT('Origin',(-129.999690899192,-23.989655025829,6.48200001490092));
#3437=CARTESIAN_POINT('',(-129.999690899192,-22.389655025829,6.48200001490092));
#3438=CARTESIAN_POINT('Origin',(-30.199690899192,-22.389655025829,6.48200001490092));
#3439=CARTESIAN_POINT('',(-30.199690899192,-22.389655025829,6.48200001490092));
#3440=CARTESIAN_POINT('Origin',(-30.199690899192,-23.989655025829,6.48200001490092));
#3441=CARTESIAN_POINT('Origin',(-22.2,3.25,6.482000014901));
#3442=UNCERTAINTY_MEASURE_WITH_UNIT(LENGTH_MEASURE(0.01),#3446,
'DISTANCE_ACCURACY_VALUE',
'Maximum model space distance between geometric entities at asserted c
onnectivities');
#3443=UNCERTAINTY_MEASURE_WITH_UNIT(LENGTH_MEASURE(0.01),#3446,
'DISTANCE_ACCURACY_VALUE',
'Maximum model space distance between geometric entities at asserted c
onnectivities');
#3444=(
GEOMETRIC_REPRESENTATION_CONTEXT(3)
GLOBAL_UNCERTAINTY_ASSIGNED_CONTEXT((#3442))
GLOBAL_UNIT_ASSIGNED_CONTEXT((#3446,#3447,#3448))
REPRESENTATION_CONTEXT('','3D')
);
#3445=(
GEOMETRIC_REPRESENTATION_CONTEXT(3)
GLOBAL_UNCERTAINTY_ASSIGNED_CONTEXT((#3443))
GLOBAL_UNIT_ASSIGNED_CONTEXT((#3446,#3447,#3448))
REPRESENTATION_CONTEXT('','3D')
);
#3446=(
LENGTH_UNIT()
NAMED_UNIT(*)
SI_UNIT(.MILLI.,.METRE.)
);
#3447=(
NAMED_UNIT(*)
PLANE_ANGLE_UNIT()
SI_UNIT($,.RADIAN.)
);
#3448=(
NAMED_UNIT(*)
SI_UNIT($,.STERADIAN.)
SOLID_ANGLE_UNIT()
);
#3449=SHAPE_DEFINITION_REPRESENTATION(#3450,#3451);
#3450=PRODUCT_DEFINITION_SHAPE('',$,#3453);
#3451=SHAPE_REPRESENTATION('',(#1950),#3444);
#3452=PRODUCT_DEFINITION_CONTEXT('part definition',#3457,'design');
#3453=PRODUCT_DEFINITION('case_v3','case_v3 v18',#3454,#3452);
#3454=PRODUCT_DEFINITION_FORMATION('',$,#3459);
#3455=PRODUCT_RELATED_PRODUCT_CATEGORY('case_v3 v18','case_v3 v18',(#3459));
#3456=APPLICATION_PROTOCOL_DEFINITION('international standard',
'automotive_design',2009,#3457);
#3457=APPLICATION_CONTEXT(
'Core Data for Automotive Mechanical Design Process');
#3458=PRODUCT_CONTEXT('part definition',#3457,'mechanical');
#3459=PRODUCT('case_v3','case_v3 v18',$,(#3458));
#3460=PRESENTATION_STYLE_ASSIGNMENT((#3461));
#3461=SURFACE_STYLE_USAGE(.BOTH.,#3462);
#3462=SURFACE_SIDE_STYLE('',(#3463));
#3463=SURFACE_STYLE_FILL_AREA(#3464);
#3464=FILL_AREA_STYLE('Steel - Satin',(#3465));
#3465=FILL_AREA_STYLE_COLOUR('Steel - Satin',#3466);
#3466=COLOUR_RGB('Steel - Satin',0.627450980392157,0.627450980392157,0.627450980392157);
ENDSEC;
END-ISO-10303-21;
