ISO-10303-21;
HEADER;
FILE_DESCRIPTION(('KiCad electronic assembly'),'2;1');
FILE_NAME('left_pcb_only.step','2025-03-15T01:06:58',('Pcbnew'),('Kicad'
    ),'Open CASCADE STEP processor 7.8','KiCad to STEP converter',
  'Unknown');
FILE_SCHEMA(('AUTOMOTIVE_DESIGN { 1 0 10303 214 1 1 1 1 }'));
ENDSEC;
DATA;
#1 = APPLICATION_PROTOCOL_DEFINITION('international standard',
  'automotive_design',2000,#2);
#2 = APPLICATION_CONTEXT(
  'core data for automotive mechanical design processes');
#3 = SHAPE_DEFINITION_REPRESENTATION(#4,#10);
#4 = PRODUCT_DEFINITION_SHAPE('','',#5);
#5 = PRODUCT_DEFINITION('design','',#6,#9);
#6 = PRODUCT_DEFINITION_FORMATION('','',#7);
#7 = PRODUCT('left_pcb_only 1','left_pcb_only 1','',(#8));
#8 = PRODUCT_CONTEXT('',#2,'mechanical');
#9 = PRODUCT_DEFINITION_CONTEXT('part definition',#2,'design');
#10 = SHAPE_REPRESENTATION('',(#11,#15),#19);
#11 = AXIS2_PLACEMENT_3D('',#12,#13,#14);
#12 = CARTESIAN_POINT('',(0.,0.,0.));
#13 = DIRECTION('',(0.,0.,1.));
#14 = DIRECTION('',(1.,0.,-0.));
#15 = AXIS2_PLACEMENT_3D('',#16,#17,#18);
#16 = CARTESIAN_POINT('',(0.,0.,0.));
#17 = DIRECTION('',(0.,0.,1.));
#18 = DIRECTION('',(1.,0.,-0.));
#19 = ( GEOMETRIC_REPRESENTATION_CONTEXT(3) 
GLOBAL_UNCERTAINTY_ASSIGNED_CONTEXT((#23)) GLOBAL_UNIT_ASSIGNED_CONTEXT(
(#20,#21,#22)) REPRESENTATION_CONTEXT('Context #1',
  '3D Context with UNIT and UNCERTAINTY') );
#20 = ( LENGTH_UNIT() NAMED_UNIT(*) SI_UNIT(.MILLI.,.METRE.) );
#21 = ( NAMED_UNIT(*) PLANE_ANGLE_UNIT() SI_UNIT($,.RADIAN.) );
#22 = ( NAMED_UNIT(*) SI_UNIT($,.STERADIAN.) SOLID_ANGLE_UNIT() );
#23 = UNCERTAINTY_MEASURE_WITH_UNIT(LENGTH_MEASURE(1.E-07),#20,
  'distance_accuracy_value','confusion accuracy');
#24 = PRODUCT_RELATED_PRODUCT_CATEGORY('part',$,(#7));
#25 = SHAPE_DEFINITION_REPRESENTATION(#26,#32);
#26 = PRODUCT_DEFINITION_SHAPE('','',#27);
#27 = PRODUCT_DEFINITION('design','',#28,#31);
#28 = PRODUCT_DEFINITION_FORMATION('','',#29);
#29 = PRODUCT('main_pcb_PCB','main_pcb_PCB','',(#30));
#30 = PRODUCT_CONTEXT('',#2,'mechanical');
#31 = PRODUCT_DEFINITION_CONTEXT('part definition',#2,'design');
#32 = ADVANCED_BREP_SHAPE_REPRESENTATION('',(#11,#33),#3424);
#33 = MANIFOLD_SOLID_BREP('',#34);
#34 = CLOSED_SHELL('',(#35,#77,#108,#139,#1036,#1933,#1950,#1967,#1984,
    #2001,#2013,#2030,#2047,#2064,#2081,#2098,#2115,#2132,#2149,#2166,
    #2183,#2200,#2217,#2234,#2251,#2268,#2285,#2302,#2319,#2336,#2353,
    #2370,#2387,#2404,#2421,#2438,#2455,#2472,#2489,#2506,#2523,#2540,
    #2557,#2574,#2591,#2608,#2625,#2642,#2659,#2676,#2693,#2710,#2727,
    #2744,#2761,#2783,#2800,#2817,#2834,#2851,#2868,#2885,#2902,#2919,
    #2931,#2953,#2970,#2987,#3004,#3021,#3038,#3055,#3072,#3084,#3101,
    #3123,#3140,#3157,#3174,#3191,#3208,#3225,#3242,#3259,#3271,#3288,
    #3305,#3322,#3339,#3356,#3373,#3390,#3407));
#35 = ADVANCED_FACE('',(#36),#72,.T.);
#36 = FACE_BOUND('',#37,.T.);
#37 = EDGE_LOOP('',(#38,#48,#57,#65));
#38 = ORIENTED_EDGE('',*,*,#39,.T.);
#39 = EDGE_CURVE('',#40,#42,#44,.T.);
#40 = VERTEX_POINT('',#41);
#41 = CARTESIAN_POINT('',(147.2,-16.6,0.));
#42 = VERTEX_POINT('',#43);
#43 = CARTESIAN_POINT('',(147.2,-16.6,0.71));
#44 = LINE('',#45,#46);
#45 = CARTESIAN_POINT('',(147.2,-16.6,0.));
#46 = VECTOR('',#47,1.);
#47 = DIRECTION('',(0.,0.,1.));
#48 = ORIENTED_EDGE('',*,*,#49,.T.);
#49 = EDGE_CURVE('',#42,#50,#52,.T.);
#50 = VERTEX_POINT('',#51);
#51 = CARTESIAN_POINT('',(148.2,-17.6,0.71));
#52 = CIRCLE('',#53,0.999999252925);
#53 = AXIS2_PLACEMENT_3D('',#54,#55,#56);
#54 = CARTESIAN_POINT('',(147.20000074707,-17.59999925292,0.71));
#55 = DIRECTION('',(0.,0.,-1.));
#56 = DIRECTION('',(-7.470757633756E-07,1.,0.));
#57 = ORIENTED_EDGE('',*,*,#58,.F.);
#58 = EDGE_CURVE('',#59,#50,#61,.T.);
#59 = VERTEX_POINT('',#60);
#60 = CARTESIAN_POINT('',(148.2,-17.6,0.));
#61 = LINE('',#62,#63);
#62 = CARTESIAN_POINT('',(148.2,-17.6,0.));
#63 = VECTOR('',#64,1.);
#64 = DIRECTION('',(0.,0.,1.));
#65 = ORIENTED_EDGE('',*,*,#66,.F.);
#66 = EDGE_CURVE('',#40,#59,#67,.T.);
#67 = CIRCLE('',#68,0.999999252925);
#68 = AXIS2_PLACEMENT_3D('',#69,#70,#71);
#69 = CARTESIAN_POINT('',(147.20000074707,-17.59999925292,0.));
#70 = DIRECTION('',(0.,0.,-1.));
#71 = DIRECTION('',(-7.470757633756E-07,1.,0.));
#72 = CYLINDRICAL_SURFACE('',#73,0.999999252925);
#73 = AXIS2_PLACEMENT_3D('',#74,#75,#76);
#74 = CARTESIAN_POINT('',(147.20000074707,-17.59999925292,0.));
#75 = DIRECTION('',(0.,0.,-1.));
#76 = DIRECTION('',(-7.470757633756E-07,1.,0.));
#77 = ADVANCED_FACE('',(#78),#103,.T.);
#78 = FACE_BOUND('',#79,.T.);
#79 = EDGE_LOOP('',(#80,#90,#96,#97));
#80 = ORIENTED_EDGE('',*,*,#81,.T.);
#81 = EDGE_CURVE('',#82,#84,#86,.T.);
#82 = VERTEX_POINT('',#83);
#83 = CARTESIAN_POINT('',(37.8,-16.6,0.));
#84 = VERTEX_POINT('',#85);
#85 = CARTESIAN_POINT('',(37.8,-16.6,0.71));
#86 = LINE('',#87,#88);
#87 = CARTESIAN_POINT('',(37.8,-16.6,0.));
#88 = VECTOR('',#89,1.);
#89 = DIRECTION('',(0.,0.,1.));
#90 = ORIENTED_EDGE('',*,*,#91,.T.);
#91 = EDGE_CURVE('',#84,#42,#92,.T.);
#92 = LINE('',#93,#94);
#93 = CARTESIAN_POINT('',(37.8,-16.6,0.71));
#94 = VECTOR('',#95,1.);
#95 = DIRECTION('',(1.,0.,0.));
#96 = ORIENTED_EDGE('',*,*,#39,.F.);
#97 = ORIENTED_EDGE('',*,*,#98,.F.);
#98 = EDGE_CURVE('',#82,#40,#99,.T.);
#99 = LINE('',#100,#101);
#100 = CARTESIAN_POINT('',(37.8,-16.6,0.));
#101 = VECTOR('',#102,1.);
#102 = DIRECTION('',(1.,0.,0.));
#103 = PLANE('',#104);
#104 = AXIS2_PLACEMENT_3D('',#105,#106,#107);
#105 = CARTESIAN_POINT('',(37.8,-16.6,0.));
#106 = DIRECTION('',(0.,1.,0.));
#107 = DIRECTION('',(1.,0.,0.));
#108 = ADVANCED_FACE('',(#109),#134,.T.);
#109 = FACE_BOUND('',#110,.T.);
#110 = EDGE_LOOP('',(#111,#112,#120,#128));
#111 = ORIENTED_EDGE('',*,*,#58,.T.);
#112 = ORIENTED_EDGE('',*,*,#113,.T.);
#113 = EDGE_CURVE('',#50,#114,#116,.T.);
#114 = VERTEX_POINT('',#115);
#115 = CARTESIAN_POINT('',(148.2,-112.2,0.71));
#116 = LINE('',#117,#118);
#117 = CARTESIAN_POINT('',(148.2,-17.6,0.71));
#118 = VECTOR('',#119,1.);
#119 = DIRECTION('',(0.,-1.,0.));
#120 = ORIENTED_EDGE('',*,*,#121,.F.);
#121 = EDGE_CURVE('',#122,#114,#124,.T.);
#122 = VERTEX_POINT('',#123);
#123 = CARTESIAN_POINT('',(148.2,-112.2,0.));
#124 = LINE('',#125,#126);
#125 = CARTESIAN_POINT('',(148.2,-112.2,0.));
#126 = VECTOR('',#127,1.);
#127 = DIRECTION('',(0.,0.,1.));
#128 = ORIENTED_EDGE('',*,*,#129,.F.);
#129 = EDGE_CURVE('',#59,#122,#130,.T.);
#130 = LINE('',#131,#132);
#131 = CARTESIAN_POINT('',(148.2,-17.6,0.));
#132 = VECTOR('',#133,1.);
#133 = DIRECTION('',(0.,-1.,0.));
#134 = PLANE('',#135);
#135 = AXIS2_PLACEMENT_3D('',#136,#137,#138);
#136 = CARTESIAN_POINT('',(148.2,-17.6,0.));
#137 = DIRECTION('',(1.,0.,-0.));
#138 = DIRECTION('',(0.,-1.,0.));
#139 = ADVANCED_FACE('',(#140,#186,#197,#208,#219,#230,#241,#252,#263,
    #274,#285,#296,#307,#318,#329,#340,#351,#362,#373,#384,#395,#406,
    #417,#428,#439,#450,#461,#472,#483,#494,#505,#516,#527,#538,#549,
    #560,#571,#582,#593,#604,#615,#626,#637,#648,#659,#670,#756,#833,
    #844,#932,#943,#954,#965,#976,#987,#998,#1009,#1020),#1031,.F.);
#140 = FACE_BOUND('',#141,.F.);
#141 = EDGE_LOOP('',(#142,#143,#144,#153,#161,#170,#178,#185));
#142 = ORIENTED_EDGE('',*,*,#66,.F.);
#143 = ORIENTED_EDGE('',*,*,#98,.F.);
#144 = ORIENTED_EDGE('',*,*,#145,.F.);
#145 = EDGE_CURVE('',#146,#82,#148,.T.);
#146 = VERTEX_POINT('',#147);
#147 = CARTESIAN_POINT('',(36.8,-17.6,0.));
#148 = CIRCLE('',#149,0.999999252925);
#149 = AXIS2_PLACEMENT_3D('',#150,#151,#152);
#150 = CARTESIAN_POINT('',(37.799999252925,-17.59999925292,0.));
#151 = DIRECTION('',(0.,0.,-1.));
#152 = DIRECTION('',(-1.,-7.470757420593E-07,-0.));
#153 = ORIENTED_EDGE('',*,*,#154,.F.);
#154 = EDGE_CURVE('',#155,#146,#157,.T.);
#155 = VERTEX_POINT('',#156);
#156 = CARTESIAN_POINT('',(36.8,-112.2,0.));
#157 = LINE('',#158,#159);
#158 = CARTESIAN_POINT('',(36.8,-112.2,0.));
#159 = VECTOR('',#160,1.);
#160 = DIRECTION('',(0.,1.,0.));
#161 = ORIENTED_EDGE('',*,*,#162,.F.);
#162 = EDGE_CURVE('',#163,#155,#165,.T.);
#163 = VERTEX_POINT('',#164);
#164 = CARTESIAN_POINT('',(37.8,-113.2,0.));
#165 = CIRCLE('',#166,0.999999252925);
#166 = AXIS2_PLACEMENT_3D('',#167,#168,#169);
#167 = CARTESIAN_POINT('',(37.799999252925,-112.200000747,0.));
#168 = DIRECTION('',(0.,0.,-1.));
#169 = DIRECTION('',(7.470757349539E-07,-1.,0.));
#170 = ORIENTED_EDGE('',*,*,#171,.F.);
#171 = EDGE_CURVE('',#172,#163,#174,.T.);
#172 = VERTEX_POINT('',#173);
#173 = CARTESIAN_POINT('',(147.2,-113.2,0.));
#174 = LINE('',#175,#176);
#175 = CARTESIAN_POINT('',(147.2,-113.2,0.));
#176 = VECTOR('',#177,1.);
#177 = DIRECTION('',(-1.,0.,0.));
#178 = ORIENTED_EDGE('',*,*,#179,.F.);
#179 = EDGE_CURVE('',#122,#172,#180,.T.);
#180 = CIRCLE('',#181,0.999999252925);
#181 = AXIS2_PLACEMENT_3D('',#182,#183,#184);
#182 = CARTESIAN_POINT('',(147.20000074707,-112.200000747,0.));
#183 = DIRECTION('',(0.,0.,-1.));
#184 = DIRECTION('',(1.,7.470757349539E-07,0.));
#185 = ORIENTED_EDGE('',*,*,#129,.F.);
#186 = FACE_BOUND('',#187,.F.);
#187 = EDGE_LOOP('',(#188));
#188 = ORIENTED_EDGE('',*,*,#189,.F.);
#189 = EDGE_CURVE('',#190,#190,#192,.T.);
#190 = VERTEX_POINT('',#191);
#191 = CARTESIAN_POINT('',(40.,-105.1,0.));
#192 = CIRCLE('',#193,1.1);
#193 = AXIS2_PLACEMENT_3D('',#194,#195,#196);
#194 = CARTESIAN_POINT('',(38.9,-105.1,0.));
#195 = DIRECTION('',(0.,0.,1.));
#196 = DIRECTION('',(1.,0.,-0.));
#197 = FACE_BOUND('',#198,.F.);
#198 = EDGE_LOOP('',(#199));
#199 = ORIENTED_EDGE('',*,*,#200,.F.);
#200 = EDGE_CURVE('',#201,#201,#203,.T.);
#201 = VERTEX_POINT('',#202);
#202 = CARTESIAN_POINT('',(44.7,-102.75,0.));
#203 = CIRCLE('',#204,0.5);
#204 = AXIS2_PLACEMENT_3D('',#205,#206,#207);
#205 = CARTESIAN_POINT('',(44.2,-102.75,0.));
#206 = DIRECTION('',(0.,0.,1.));
#207 = DIRECTION('',(1.,0.,-0.));
#208 = FACE_BOUND('',#209,.F.);
#209 = EDGE_LOOP('',(#210));
#210 = ORIENTED_EDGE('',*,*,#211,.F.);
#211 = EDGE_CURVE('',#212,#212,#214,.T.);
#212 = VERTEX_POINT('',#213);
#213 = CARTESIAN_POINT('',(61.7,-102.75,0.));
#214 = CIRCLE('',#215,0.5);
#215 = AXIS2_PLACEMENT_3D('',#216,#217,#218);
#216 = CARTESIAN_POINT('',(61.2,-102.75,0.));
#217 = DIRECTION('',(0.,0.,1.));
#218 = DIRECTION('',(1.,0.,-0.));
#219 = FACE_BOUND('',#220,.F.);
#220 = EDGE_LOOP('',(#221));
#221 = ORIENTED_EDGE('',*,*,#222,.F.);
#222 = EDGE_CURVE('',#223,#223,#225,.T.);
#223 = VERTEX_POINT('',#224);
#224 = CARTESIAN_POINT('',(56.4,-97.25,0.));
#225 = CIRCLE('',#226,0.6);
#226 = AXIS2_PLACEMENT_3D('',#227,#228,#229);
#227 = CARTESIAN_POINT('',(55.8,-97.25,0.));
#228 = DIRECTION('',(0.,0.,1.));
#229 = DIRECTION('',(1.,0.,-0.));
#230 = FACE_BOUND('',#231,.F.);
#231 = EDGE_LOOP('',(#232));
#232 = ORIENTED_EDGE('',*,*,#233,.F.);
#233 = EDGE_CURVE('',#234,#234,#236,.T.);
#234 = VERTEX_POINT('',#235);
#235 = CARTESIAN_POINT('',(44.7,-85.75,0.));
#236 = CIRCLE('',#237,0.5);
#237 = AXIS2_PLACEMENT_3D('',#238,#239,#240);
#238 = CARTESIAN_POINT('',(44.2,-85.75,0.));
#239 = DIRECTION('',(0.,0.,1.));
#240 = DIRECTION('',(1.,0.,-0.));
#241 = FACE_BOUND('',#242,.F.);
#242 = EDGE_LOOP('',(#243));
#243 = ORIENTED_EDGE('',*,*,#244,.F.);
#244 = EDGE_CURVE('',#245,#245,#247,.T.);
#245 = VERTEX_POINT('',#246);
#246 = CARTESIAN_POINT('',(61.7,-85.75,0.));
#247 = CIRCLE('',#248,0.5);
#248 = AXIS2_PLACEMENT_3D('',#249,#250,#251);
#249 = CARTESIAN_POINT('',(61.2,-85.75,0.));
#250 = DIRECTION('',(0.,0.,1.));
#251 = DIRECTION('',(1.,0.,-0.));
#252 = FACE_BOUND('',#253,.F.);
#253 = EDGE_LOOP('',(#254));
#254 = ORIENTED_EDGE('',*,*,#255,.F.);
#255 = EDGE_CURVE('',#256,#256,#258,.T.);
#256 = VERTEX_POINT('',#257);
#257 = CARTESIAN_POINT('',(78.7,-102.75,0.));
#258 = CIRCLE('',#259,0.5);
#259 = AXIS2_PLACEMENT_3D('',#260,#261,#262);
#260 = CARTESIAN_POINT('',(78.2,-102.75,0.));
#261 = DIRECTION('',(0.,0.,1.));
#262 = DIRECTION('',(1.,0.,-0.));
#263 = FACE_BOUND('',#264,.F.);
#264 = EDGE_LOOP('',(#265));
#265 = ORIENTED_EDGE('',*,*,#266,.F.);
#266 = EDGE_CURVE('',#267,#267,#269,.T.);
#267 = VERTEX_POINT('',#268);
#268 = CARTESIAN_POINT('',(73.4,-97.25,0.));
#269 = CIRCLE('',#270,0.6);
#270 = AXIS2_PLACEMENT_3D('',#271,#272,#273);
#271 = CARTESIAN_POINT('',(72.8,-97.25,0.));
#272 = DIRECTION('',(0.,0.,1.));
#273 = DIRECTION('',(1.,0.,-0.));
#274 = FACE_BOUND('',#275,.F.);
#275 = EDGE_LOOP('',(#276));
#276 = ORIENTED_EDGE('',*,*,#277,.F.);
#277 = EDGE_CURVE('',#278,#278,#280,.T.);
#278 = VERTEX_POINT('',#279);
#279 = CARTESIAN_POINT('',(90.4,-97.25,0.));
#280 = CIRCLE('',#281,0.6);
#281 = AXIS2_PLACEMENT_3D('',#282,#283,#284);
#282 = CARTESIAN_POINT('',(89.8,-97.25,0.));
#283 = DIRECTION('',(0.,0.,1.));
#284 = DIRECTION('',(1.,0.,-0.));
#285 = FACE_BOUND('',#286,.F.);
#286 = EDGE_LOOP('',(#287));
#287 = ORIENTED_EDGE('',*,*,#288,.F.);
#288 = EDGE_CURVE('',#289,#289,#291,.T.);
#289 = VERTEX_POINT('',#290);
#290 = CARTESIAN_POINT('',(78.7,-85.75,0.));
#291 = CIRCLE('',#292,0.5);
#292 = AXIS2_PLACEMENT_3D('',#293,#294,#295);
#293 = CARTESIAN_POINT('',(78.2,-85.75,0.));
#294 = DIRECTION('',(0.,0.,1.));
#295 = DIRECTION('',(1.,0.,-0.));
#296 = FACE_BOUND('',#297,.F.);
#297 = EDGE_LOOP('',(#298));
#298 = ORIENTED_EDGE('',*,*,#299,.F.);
#299 = EDGE_CURVE('',#300,#300,#302,.T.);
#300 = VERTEX_POINT('',#301);
#301 = CARTESIAN_POINT('',(56.4,-80.25,0.));
#302 = CIRCLE('',#303,0.6);
#303 = AXIS2_PLACEMENT_3D('',#304,#305,#306);
#304 = CARTESIAN_POINT('',(55.8,-80.25,0.));
#305 = DIRECTION('',(0.,0.,1.));
#306 = DIRECTION('',(1.,0.,-0.));
#307 = FACE_BOUND('',#308,.F.);
#308 = EDGE_LOOP('',(#309));
#309 = ORIENTED_EDGE('',*,*,#310,.F.);
#310 = EDGE_CURVE('',#311,#311,#313,.T.);
#311 = VERTEX_POINT('',#312);
#312 = CARTESIAN_POINT('',(44.7,-68.75,0.));
#313 = CIRCLE('',#314,0.5);
#314 = AXIS2_PLACEMENT_3D('',#315,#316,#317);
#315 = CARTESIAN_POINT('',(44.2,-68.75,0.));
#316 = DIRECTION('',(0.,0.,1.));
#317 = DIRECTION('',(1.,0.,-0.));
#318 = FACE_BOUND('',#319,.F.);
#319 = EDGE_LOOP('',(#320));
#320 = ORIENTED_EDGE('',*,*,#321,.F.);
#321 = EDGE_CURVE('',#322,#322,#324,.T.);
#322 = VERTEX_POINT('',#323);
#323 = CARTESIAN_POINT('',(61.7,-68.75,0.));
#324 = CIRCLE('',#325,0.5);
#325 = AXIS2_PLACEMENT_3D('',#326,#327,#328);
#326 = CARTESIAN_POINT('',(61.2,-68.75,0.));
#327 = DIRECTION('',(0.,0.,1.));
#328 = DIRECTION('',(1.,0.,-0.));
#329 = FACE_BOUND('',#330,.F.);
#330 = EDGE_LOOP('',(#331));
#331 = ORIENTED_EDGE('',*,*,#332,.F.);
#332 = EDGE_CURVE('',#333,#333,#335,.T.);
#333 = VERTEX_POINT('',#334);
#334 = CARTESIAN_POINT('',(56.4,-63.25,0.));
#335 = CIRCLE('',#336,0.6);
#336 = AXIS2_PLACEMENT_3D('',#337,#338,#339);
#337 = CARTESIAN_POINT('',(55.8,-63.25,0.));
#338 = DIRECTION('',(0.,0.,1.));
#339 = DIRECTION('',(1.,0.,-0.));
#340 = FACE_BOUND('',#341,.F.);
#341 = EDGE_LOOP('',(#342));
#342 = ORIENTED_EDGE('',*,*,#343,.F.);
#343 = EDGE_CURVE('',#344,#344,#346,.T.);
#344 = VERTEX_POINT('',#345);
#345 = CARTESIAN_POINT('',(73.4,-80.25,0.));
#346 = CIRCLE('',#347,0.6);
#347 = AXIS2_PLACEMENT_3D('',#348,#349,#350);
#348 = CARTESIAN_POINT('',(72.8,-80.25,0.));
#349 = DIRECTION('',(0.,0.,1.));
#350 = DIRECTION('',(1.,0.,-0.));
#351 = FACE_BOUND('',#352,.F.);
#352 = EDGE_LOOP('',(#353));
#353 = ORIENTED_EDGE('',*,*,#354,.F.);
#354 = EDGE_CURVE('',#355,#355,#357,.T.);
#355 = VERTEX_POINT('',#356);
#356 = CARTESIAN_POINT('',(90.4,-80.25,0.));
#357 = CIRCLE('',#358,0.6);
#358 = AXIS2_PLACEMENT_3D('',#359,#360,#361);
#359 = CARTESIAN_POINT('',(89.8,-80.25,0.));
#360 = DIRECTION('',(0.,0.,1.));
#361 = DIRECTION('',(1.,0.,-0.));
#362 = FACE_BOUND('',#363,.F.);
#363 = EDGE_LOOP('',(#364));
#364 = ORIENTED_EDGE('',*,*,#365,.F.);
#365 = EDGE_CURVE('',#366,#366,#368,.T.);
#366 = VERTEX_POINT('',#367);
#367 = CARTESIAN_POINT('',(78.7,-68.75,0.));
#368 = CIRCLE('',#369,0.5);
#369 = AXIS2_PLACEMENT_3D('',#370,#371,#372);
#370 = CARTESIAN_POINT('',(78.2,-68.75,0.));
#371 = DIRECTION('',(0.,0.,1.));
#372 = DIRECTION('',(1.,0.,-0.));
#373 = FACE_BOUND('',#374,.F.);
#374 = EDGE_LOOP('',(#375));
#375 = ORIENTED_EDGE('',*,*,#376,.F.);
#376 = EDGE_CURVE('',#377,#377,#379,.T.);
#377 = VERTEX_POINT('',#378);
#378 = CARTESIAN_POINT('',(73.4,-63.25,0.));
#379 = CIRCLE('',#380,0.6);
#380 = AXIS2_PLACEMENT_3D('',#381,#382,#383);
#381 = CARTESIAN_POINT('',(72.8,-63.25,0.));
#382 = DIRECTION('',(0.,0.,1.));
#383 = DIRECTION('',(1.,0.,-0.));
#384 = FACE_BOUND('',#385,.F.);
#385 = EDGE_LOOP('',(#386));
#386 = ORIENTED_EDGE('',*,*,#387,.F.);
#387 = EDGE_CURVE('',#388,#388,#390,.T.);
#388 = VERTEX_POINT('',#389);
#389 = CARTESIAN_POINT('',(90.4,-63.25,0.));
#390 = CIRCLE('',#391,0.6);
#391 = AXIS2_PLACEMENT_3D('',#392,#393,#394);
#392 = CARTESIAN_POINT('',(89.8,-63.25,0.));
#393 = DIRECTION('',(0.,0.,1.));
#394 = DIRECTION('',(1.,0.,-0.));
#395 = FACE_BOUND('',#396,.F.);
#396 = EDGE_LOOP('',(#397));
#397 = ORIENTED_EDGE('',*,*,#398,.F.);
#398 = EDGE_CURVE('',#399,#399,#401,.T.);
#399 = VERTEX_POINT('',#400);
#400 = CARTESIAN_POINT('',(95.7,-102.75,0.));
#401 = CIRCLE('',#402,0.5);
#402 = AXIS2_PLACEMENT_3D('',#403,#404,#405);
#403 = CARTESIAN_POINT('',(95.2,-102.75,0.));
#404 = DIRECTION('',(0.,0.,1.));
#405 = DIRECTION('',(1.,0.,-0.));
#406 = FACE_BOUND('',#407,.F.);
#407 = EDGE_LOOP('',(#408));
#408 = ORIENTED_EDGE('',*,*,#409,.F.);
#409 = EDGE_CURVE('',#410,#410,#412,.T.);
#410 = VERTEX_POINT('',#411);
#411 = CARTESIAN_POINT('',(112.7,-102.75,0.));
#412 = CIRCLE('',#413,0.5);
#413 = AXIS2_PLACEMENT_3D('',#414,#415,#416);
#414 = CARTESIAN_POINT('',(112.2,-102.75,0.));
#415 = DIRECTION('',(0.,0.,1.));
#416 = DIRECTION('',(1.,0.,-0.));
#417 = FACE_BOUND('',#418,.F.);
#418 = EDGE_LOOP('',(#419));
#419 = ORIENTED_EDGE('',*,*,#420,.F.);
#420 = EDGE_CURVE('',#421,#421,#423,.T.);
#421 = VERTEX_POINT('',#422);
#422 = CARTESIAN_POINT('',(107.4,-97.25,0.));
#423 = CIRCLE('',#424,0.6);
#424 = AXIS2_PLACEMENT_3D('',#425,#426,#427);
#425 = CARTESIAN_POINT('',(106.8,-97.25,0.));
#426 = DIRECTION('',(0.,0.,1.));
#427 = DIRECTION('',(1.,0.,-0.));
#428 = FACE_BOUND('',#429,.F.);
#429 = EDGE_LOOP('',(#430));
#430 = ORIENTED_EDGE('',*,*,#431,.F.);
#431 = EDGE_CURVE('',#432,#432,#434,.T.);
#432 = VERTEX_POINT('',#433);
#433 = CARTESIAN_POINT('',(95.7,-85.75,0.));
#434 = CIRCLE('',#435,0.5);
#435 = AXIS2_PLACEMENT_3D('',#436,#437,#438);
#436 = CARTESIAN_POINT('',(95.2,-85.75,0.));
#437 = DIRECTION('',(0.,0.,1.));
#438 = DIRECTION('',(1.,0.,-0.));
#439 = FACE_BOUND('',#440,.F.);
#440 = EDGE_LOOP('',(#441));
#441 = ORIENTED_EDGE('',*,*,#442,.F.);
#442 = EDGE_CURVE('',#443,#443,#445,.T.);
#443 = VERTEX_POINT('',#444);
#444 = CARTESIAN_POINT('',(112.7,-85.75,0.));
#445 = CIRCLE('',#446,0.5);
#446 = AXIS2_PLACEMENT_3D('',#447,#448,#449);
#447 = CARTESIAN_POINT('',(112.2,-85.75,0.));
#448 = DIRECTION('',(0.,0.,1.));
#449 = DIRECTION('',(1.,0.,-0.));
#450 = FACE_BOUND('',#451,.F.);
#451 = EDGE_LOOP('',(#452));
#452 = ORIENTED_EDGE('',*,*,#453,.F.);
#453 = EDGE_CURVE('',#454,#454,#456,.T.);
#454 = VERTEX_POINT('',#455);
#455 = CARTESIAN_POINT('',(129.7,-102.75,0.));
#456 = CIRCLE('',#457,0.5);
#457 = AXIS2_PLACEMENT_3D('',#458,#459,#460);
#458 = CARTESIAN_POINT('',(129.2,-102.75,0.));
#459 = DIRECTION('',(0.,0.,1.));
#460 = DIRECTION('',(1.,0.,-0.));
#461 = FACE_BOUND('',#462,.F.);
#462 = EDGE_LOOP('',(#463));
#463 = ORIENTED_EDGE('',*,*,#464,.F.);
#464 = EDGE_CURVE('',#465,#465,#467,.T.);
#465 = VERTEX_POINT('',#466);
#466 = CARTESIAN_POINT('',(124.4,-97.25,0.));
#467 = CIRCLE('',#468,0.6);
#468 = AXIS2_PLACEMENT_3D('',#469,#470,#471);
#469 = CARTESIAN_POINT('',(123.8,-97.25,0.));
#470 = DIRECTION('',(0.,0.,1.));
#471 = DIRECTION('',(1.,0.,-0.));
#472 = FACE_BOUND('',#473,.F.);
#473 = EDGE_LOOP('',(#474));
#474 = ORIENTED_EDGE('',*,*,#475,.F.);
#475 = EDGE_CURVE('',#476,#476,#478,.T.);
#476 = VERTEX_POINT('',#477);
#477 = CARTESIAN_POINT('',(147.2,-105.1,0.));
#478 = CIRCLE('',#479,1.1);
#479 = AXIS2_PLACEMENT_3D('',#480,#481,#482);
#480 = CARTESIAN_POINT('',(146.1,-105.1,0.));
#481 = DIRECTION('',(0.,0.,1.));
#482 = DIRECTION('',(1.,0.,-0.));
#483 = FACE_BOUND('',#484,.F.);
#484 = EDGE_LOOP('',(#485));
#485 = ORIENTED_EDGE('',*,*,#486,.F.);
#486 = EDGE_CURVE('',#487,#487,#489,.T.);
#487 = VERTEX_POINT('',#488);
#488 = CARTESIAN_POINT('',(141.4,-97.25,0.));
#489 = CIRCLE('',#490,0.6);
#490 = AXIS2_PLACEMENT_3D('',#491,#492,#493);
#491 = CARTESIAN_POINT('',(140.8,-97.25,0.));
#492 = DIRECTION('',(0.,0.,1.));
#493 = DIRECTION('',(1.,0.,-0.));
#494 = FACE_BOUND('',#495,.F.);
#495 = EDGE_LOOP('',(#496));
#496 = ORIENTED_EDGE('',*,*,#497,.F.);
#497 = EDGE_CURVE('',#498,#498,#500,.T.);
#498 = VERTEX_POINT('',#499);
#499 = CARTESIAN_POINT('',(129.7,-85.75,0.));
#500 = CIRCLE('',#501,0.5);
#501 = AXIS2_PLACEMENT_3D('',#502,#503,#504);
#502 = CARTESIAN_POINT('',(129.2,-85.75,0.));
#503 = DIRECTION('',(0.,0.,1.));
#504 = DIRECTION('',(1.,0.,-0.));
#505 = FACE_BOUND('',#506,.F.);
#506 = EDGE_LOOP('',(#507));
#507 = ORIENTED_EDGE('',*,*,#508,.F.);
#508 = EDGE_CURVE('',#509,#509,#511,.T.);
#509 = VERTEX_POINT('',#510);
#510 = CARTESIAN_POINT('',(107.4,-80.25,0.));
#511 = CIRCLE('',#512,0.6);
#512 = AXIS2_PLACEMENT_3D('',#513,#514,#515);
#513 = CARTESIAN_POINT('',(106.8,-80.25,0.));
#514 = DIRECTION('',(0.,0.,1.));
#515 = DIRECTION('',(1.,0.,-0.));
#516 = FACE_BOUND('',#517,.F.);
#517 = EDGE_LOOP('',(#518));
#518 = ORIENTED_EDGE('',*,*,#519,.F.);
#519 = EDGE_CURVE('',#520,#520,#522,.T.);
#520 = VERTEX_POINT('',#521);
#521 = CARTESIAN_POINT('',(95.7,-68.75,0.));
#522 = CIRCLE('',#523,0.5);
#523 = AXIS2_PLACEMENT_3D('',#524,#525,#526);
#524 = CARTESIAN_POINT('',(95.2,-68.75,0.));
#525 = DIRECTION('',(0.,0.,1.));
#526 = DIRECTION('',(1.,0.,-0.));
#527 = FACE_BOUND('',#528,.F.);
#528 = EDGE_LOOP('',(#529));
#529 = ORIENTED_EDGE('',*,*,#530,.F.);
#530 = EDGE_CURVE('',#531,#531,#533,.T.);
#531 = VERTEX_POINT('',#532);
#532 = CARTESIAN_POINT('',(112.7,-68.75,0.));
#533 = CIRCLE('',#534,0.5);
#534 = AXIS2_PLACEMENT_3D('',#535,#536,#537);
#535 = CARTESIAN_POINT('',(112.2,-68.75,0.));
#536 = DIRECTION('',(0.,0.,1.));
#537 = DIRECTION('',(1.,0.,-0.));
#538 = FACE_BOUND('',#539,.F.);
#539 = EDGE_LOOP('',(#540));
#540 = ORIENTED_EDGE('',*,*,#541,.F.);
#541 = EDGE_CURVE('',#542,#542,#544,.T.);
#542 = VERTEX_POINT('',#543);
#543 = CARTESIAN_POINT('',(107.4,-63.25,0.));
#544 = CIRCLE('',#545,0.6);
#545 = AXIS2_PLACEMENT_3D('',#546,#547,#548);
#546 = CARTESIAN_POINT('',(106.8,-63.25,0.));
#547 = DIRECTION('',(0.,0.,1.));
#548 = DIRECTION('',(1.,0.,-0.));
#549 = FACE_BOUND('',#550,.F.);
#550 = EDGE_LOOP('',(#551));
#551 = ORIENTED_EDGE('',*,*,#552,.F.);
#552 = EDGE_CURVE('',#553,#553,#555,.T.);
#553 = VERTEX_POINT('',#554);
#554 = CARTESIAN_POINT('',(124.4,-80.25,0.));
#555 = CIRCLE('',#556,0.6);
#556 = AXIS2_PLACEMENT_3D('',#557,#558,#559);
#557 = CARTESIAN_POINT('',(123.8,-80.25,0.));
#558 = DIRECTION('',(0.,0.,1.));
#559 = DIRECTION('',(1.,0.,-0.));
#560 = FACE_BOUND('',#561,.F.);
#561 = EDGE_LOOP('',(#562));
#562 = ORIENTED_EDGE('',*,*,#563,.F.);
#563 = EDGE_CURVE('',#564,#564,#566,.T.);
#564 = VERTEX_POINT('',#565);
#565 = CARTESIAN_POINT('',(141.4,-80.25,0.));
#566 = CIRCLE('',#567,0.6);
#567 = AXIS2_PLACEMENT_3D('',#568,#569,#570);
#568 = CARTESIAN_POINT('',(140.8,-80.25,0.));
#569 = DIRECTION('',(0.,0.,1.));
#570 = DIRECTION('',(1.,0.,-0.));
#571 = FACE_BOUND('',#572,.F.);
#572 = EDGE_LOOP('',(#573));
#573 = ORIENTED_EDGE('',*,*,#574,.F.);
#574 = EDGE_CURVE('',#575,#575,#577,.T.);
#575 = VERTEX_POINT('',#576);
#576 = CARTESIAN_POINT('',(129.7,-68.75,0.));
#577 = CIRCLE('',#578,0.5);
#578 = AXIS2_PLACEMENT_3D('',#579,#580,#581);
#579 = CARTESIAN_POINT('',(129.2,-68.75,0.));
#580 = DIRECTION('',(0.,0.,1.));
#581 = DIRECTION('',(1.,0.,-0.));
#582 = FACE_BOUND('',#583,.F.);
#583 = EDGE_LOOP('',(#584));
#584 = ORIENTED_EDGE('',*,*,#585,.F.);
#585 = EDGE_CURVE('',#586,#586,#588,.T.);
#586 = VERTEX_POINT('',#587);
#587 = CARTESIAN_POINT('',(124.4,-63.25,0.));
#588 = CIRCLE('',#589,0.6);
#589 = AXIS2_PLACEMENT_3D('',#590,#591,#592);
#590 = CARTESIAN_POINT('',(123.8,-63.25,0.));
#591 = DIRECTION('',(0.,0.,1.));
#592 = DIRECTION('',(1.,0.,-0.));
#593 = FACE_BOUND('',#594,.F.);
#594 = EDGE_LOOP('',(#595));
#595 = ORIENTED_EDGE('',*,*,#596,.F.);
#596 = EDGE_CURVE('',#597,#597,#599,.T.);
#597 = VERTEX_POINT('',#598);
#598 = CARTESIAN_POINT('',(141.4,-63.25,0.));
#599 = CIRCLE('',#600,0.6);
#600 = AXIS2_PLACEMENT_3D('',#601,#602,#603);
#601 = CARTESIAN_POINT('',(140.8,-63.25,0.));
#602 = DIRECTION('',(0.,0.,1.));
#603 = DIRECTION('',(1.,0.,-0.));
#604 = FACE_BOUND('',#605,.F.);
#605 = EDGE_LOOP('',(#606));
#606 = ORIENTED_EDGE('',*,*,#607,.F.);
#607 = EDGE_CURVE('',#608,#608,#610,.T.);
#608 = VERTEX_POINT('',#609);
#609 = CARTESIAN_POINT('',(44.7,-51.75,0.));
#610 = CIRCLE('',#611,0.5);
#611 = AXIS2_PLACEMENT_3D('',#612,#613,#614);
#612 = CARTESIAN_POINT('',(44.2,-51.75,0.));
#613 = DIRECTION('',(0.,0.,1.));
#614 = DIRECTION('',(1.,0.,-0.));
#615 = FACE_BOUND('',#616,.F.);
#616 = EDGE_LOOP('',(#617));
#617 = ORIENTED_EDGE('',*,*,#618,.F.);
#618 = EDGE_CURVE('',#619,#619,#621,.T.);
#619 = VERTEX_POINT('',#620);
#620 = CARTESIAN_POINT('',(61.7,-51.75,0.));
#621 = CIRCLE('',#622,0.5);
#622 = AXIS2_PLACEMENT_3D('',#623,#624,#625);
#623 = CARTESIAN_POINT('',(61.2,-51.75,0.));
#624 = DIRECTION('',(0.,0.,1.));
#625 = DIRECTION('',(1.,0.,-0.));
#626 = FACE_BOUND('',#627,.F.);
#627 = EDGE_LOOP('',(#628));
#628 = ORIENTED_EDGE('',*,*,#629,.F.);
#629 = EDGE_CURVE('',#630,#630,#632,.T.);
#630 = VERTEX_POINT('',#631);
#631 = CARTESIAN_POINT('',(56.4,-46.25,0.));
#632 = CIRCLE('',#633,0.6);
#633 = AXIS2_PLACEMENT_3D('',#634,#635,#636);
#634 = CARTESIAN_POINT('',(55.8,-46.25,0.));
#635 = DIRECTION('',(0.,0.,1.));
#636 = DIRECTION('',(1.,0.,-0.));
#637 = FACE_BOUND('',#638,.F.);
#638 = EDGE_LOOP('',(#639));
#639 = ORIENTED_EDGE('',*,*,#640,.F.);
#640 = EDGE_CURVE('',#641,#641,#643,.T.);
#641 = VERTEX_POINT('',#642);
#642 = CARTESIAN_POINT('',(78.7,-51.75,0.));
#643 = CIRCLE('',#644,0.5);
#644 = AXIS2_PLACEMENT_3D('',#645,#646,#647);
#645 = CARTESIAN_POINT('',(78.2,-51.75,0.));
#646 = DIRECTION('',(0.,0.,1.));
#647 = DIRECTION('',(1.,0.,-0.));
#648 = FACE_BOUND('',#649,.F.);
#649 = EDGE_LOOP('',(#650));
#650 = ORIENTED_EDGE('',*,*,#651,.F.);
#651 = EDGE_CURVE('',#652,#652,#654,.T.);
#652 = VERTEX_POINT('',#653);
#653 = CARTESIAN_POINT('',(73.4,-46.25,0.));
#654 = CIRCLE('',#655,0.6);
#655 = AXIS2_PLACEMENT_3D('',#656,#657,#658);
#656 = CARTESIAN_POINT('',(72.8,-46.25,0.));
#657 = DIRECTION('',(0.,0.,1.));
#658 = DIRECTION('',(1.,0.,-0.));
#659 = FACE_BOUND('',#660,.F.);
#660 = EDGE_LOOP('',(#661));
#661 = ORIENTED_EDGE('',*,*,#662,.F.);
#662 = EDGE_CURVE('',#663,#663,#665,.T.);
#663 = VERTEX_POINT('',#664);
#664 = CARTESIAN_POINT('',(90.4,-46.25,0.));
#665 = CIRCLE('',#666,0.6);
#666 = AXIS2_PLACEMENT_3D('',#667,#668,#669);
#667 = CARTESIAN_POINT('',(89.8,-46.25,0.));
#668 = DIRECTION('',(0.,0.,1.));
#669 = DIRECTION('',(1.,0.,-0.));
#670 = FACE_BOUND('',#671,.F.);
#671 = EDGE_LOOP('',(#672,#682,#690,#698,#706,#714,#723,#732,#740,#749)
  );
#672 = ORIENTED_EDGE('',*,*,#673,.F.);
#673 = EDGE_CURVE('',#674,#676,#678,.T.);
#674 = VERTEX_POINT('',#675);
#675 = CARTESIAN_POINT('',(55.5565,-34.976,0.));
#676 = VERTEX_POINT('',#677);
#677 = CARTESIAN_POINT('',(55.556002544174,-36.568057626,0.));
#678 = LINE('',#679,#680);
#679 = CARTESIAN_POINT('',(55.5565,-34.976,0.));
#680 = VECTOR('',#681,1.);
#681 = DIRECTION('',(-3.124609271306E-04,-0.999999951184,0.));
#682 = ORIENTED_EDGE('',*,*,#683,.F.);
#683 = EDGE_CURVE('',#684,#674,#686,.T.);
#684 = VERTEX_POINT('',#685);
#685 = CARTESIAN_POINT('',(55.9375,-34.595,0.));
#686 = LINE('',#687,#688);
#687 = CARTESIAN_POINT('',(55.9375,-34.595,0.));
#688 = VECTOR('',#689,1.);
#689 = DIRECTION('',(-0.707106781187,-0.707106781187,0.));
#690 = ORIENTED_EDGE('',*,*,#691,.F.);
#691 = EDGE_CURVE('',#692,#684,#694,.T.);
#692 = VERTEX_POINT('',#693);
#693 = CARTESIAN_POINT('',(57.5885,-34.595,0.));
#694 = LINE('',#695,#696);
#695 = CARTESIAN_POINT('',(57.5885,-34.595,0.));
#696 = VECTOR('',#697,1.);
#697 = DIRECTION('',(-1.,0.,0.));
#698 = ORIENTED_EDGE('',*,*,#699,.F.);
#699 = EDGE_CURVE('',#700,#692,#702,.T.);
#700 = VERTEX_POINT('',#701);
#701 = CARTESIAN_POINT('',(57.9695,-34.976,0.));
#702 = LINE('',#703,#704);
#703 = CARTESIAN_POINT('',(57.9695,-34.976,0.));
#704 = VECTOR('',#705,1.);
#705 = DIRECTION('',(-0.707106781187,0.707106781187,0.));
#706 = ORIENTED_EDGE('',*,*,#707,.F.);
#707 = EDGE_CURVE('',#708,#700,#710,.T.);
#708 = VERTEX_POINT('',#709);
#709 = CARTESIAN_POINT('',(57.969002543256,-36.56806056323,0.));
#710 = LINE('',#711,#712);
#711 = CARTESIAN_POINT('',(57.969,-36.5762,0.));
#712 = VECTOR('',#713,1.);
#713 = DIRECTION('',(3.124609271262E-04,0.999999951184,0.));
#714 = ORIENTED_EDGE('',*,*,#715,.T.);
#715 = EDGE_CURVE('',#708,#716,#718,.T.);
#716 = VERTEX_POINT('',#717);
#717 = CARTESIAN_POINT('',(57.715,-37.516,0.));
#718 = CIRCLE('',#719,0.508);
#719 = AXIS2_PLACEMENT_3D('',#720,#721,#722);
#720 = CARTESIAN_POINT('',(57.715,-37.008,0.));
#721 = DIRECTION('',(-0.,0.,-1.));
#722 = DIRECTION('',(-0.,-1.,0.));
#723 = ORIENTED_EDGE('',*,*,#724,.T.);
#724 = EDGE_CURVE('',#716,#725,#727,.T.);
#725 = VERTEX_POINT('',#726);
#726 = CARTESIAN_POINT('',(57.275059094878,-37.262,0.));
#727 = CIRCLE('',#728,0.508);
#728 = AXIS2_PLACEMENT_3D('',#729,#730,#731);
#729 = CARTESIAN_POINT('',(57.715,-37.008,0.));
#730 = DIRECTION('',(-0.,0.,-1.));
#731 = DIRECTION('',(-0.,-1.,0.));
#732 = ORIENTED_EDGE('',*,*,#733,.F.);
#733 = EDGE_CURVE('',#734,#725,#736,.T.);
#734 = VERTEX_POINT('',#735);
#735 = CARTESIAN_POINT('',(56.249940905123,-37.262,0.));
#736 = LINE('',#737,#738);
#737 = CARTESIAN_POINT('',(56.2418,-37.262,0.));
#738 = VECTOR('',#739,1.);
#739 = DIRECTION('',(1.,0.,0.));
#740 = ORIENTED_EDGE('',*,*,#741,.T.);
#741 = EDGE_CURVE('',#734,#742,#744,.T.);
#742 = VERTEX_POINT('',#743);
#743 = CARTESIAN_POINT('',(55.81,-37.516,0.));
#744 = CIRCLE('',#745,0.508);
#745 = AXIS2_PLACEMENT_3D('',#746,#747,#748);
#746 = CARTESIAN_POINT('',(55.81,-37.008,0.));
#747 = DIRECTION('',(-0.,0.,-1.));
#748 = DIRECTION('',(-0.,-1.,0.));
#749 = ORIENTED_EDGE('',*,*,#750,.T.);
#750 = EDGE_CURVE('',#742,#676,#751,.T.);
#751 = CIRCLE('',#752,0.508);
#752 = AXIS2_PLACEMENT_3D('',#753,#754,#755);
#753 = CARTESIAN_POINT('',(55.81,-37.008,0.));
#754 = DIRECTION('',(-0.,0.,-1.));
#755 = DIRECTION('',(-0.,-1.,0.));
#756 = FACE_BOUND('',#757,.F.);
#757 = EDGE_LOOP('',(#758,#768,#777,#785,#793,#801,#809,#817,#826));
#758 = ORIENTED_EDGE('',*,*,#759,.F.);
#759 = EDGE_CURVE('',#760,#762,#764,.T.);
#760 = VERTEX_POINT('',#761);
#761 = CARTESIAN_POINT('',(47.301,-26.01794090512,0.));
#762 = VERTEX_POINT('',#763);
#763 = CARTESIAN_POINT('',(47.301,-27.04305909487,0.));
#764 = LINE('',#765,#766);
#765 = CARTESIAN_POINT('',(47.301,-26.0098,0.));
#766 = VECTOR('',#767,1.);
#767 = DIRECTION('',(0.,-1.,0.));
#768 = ORIENTED_EDGE('',*,*,#769,.T.);
#769 = EDGE_CURVE('',#760,#770,#772,.T.);
#770 = VERTEX_POINT('',#771);
#771 = CARTESIAN_POINT('',(47.994940905123,-25.324,0.));
#772 = CIRCLE('',#773,0.508);
#773 = AXIS2_PLACEMENT_3D('',#774,#775,#776);
#774 = CARTESIAN_POINT('',(47.555,-25.578,0.));
#775 = DIRECTION('',(-0.,0.,-1.));
#776 = DIRECTION('',(-0.,-1.,0.));
#777 = ORIENTED_EDGE('',*,*,#778,.F.);
#778 = EDGE_CURVE('',#779,#770,#781,.T.);
#779 = VERTEX_POINT('',#780);
#780 = CARTESIAN_POINT('',(49.587,-25.324,0.));
#781 = LINE('',#782,#783);
#782 = CARTESIAN_POINT('',(49.587,-25.324,0.));
#783 = VECTOR('',#784,1.);
#784 = DIRECTION('',(-1.,0.,0.));
#785 = ORIENTED_EDGE('',*,*,#786,.F.);
#786 = EDGE_CURVE('',#787,#779,#789,.T.);
#787 = VERTEX_POINT('',#788);
#788 = CARTESIAN_POINT('',(49.968,-25.705,0.));
#789 = LINE('',#790,#791);
#790 = CARTESIAN_POINT('',(49.968,-25.705,0.));
#791 = VECTOR('',#792,1.);
#792 = DIRECTION('',(-0.707106781187,0.707106781187,0.));
#793 = ORIENTED_EDGE('',*,*,#794,.F.);
#794 = EDGE_CURVE('',#795,#787,#797,.T.);
#795 = VERTEX_POINT('',#796);
#796 = CARTESIAN_POINT('',(49.968,-27.356,0.));
#797 = LINE('',#798,#799);
#798 = CARTESIAN_POINT('',(49.968,-27.356,0.));
#799 = VECTOR('',#800,1.);
#800 = DIRECTION('',(0.,1.,0.));
#801 = ORIENTED_EDGE('',*,*,#802,.F.);
#802 = EDGE_CURVE('',#803,#795,#805,.T.);
#803 = VERTEX_POINT('',#804);
#804 = CARTESIAN_POINT('',(49.587,-27.737,0.));
#805 = LINE('',#806,#807);
#806 = CARTESIAN_POINT('',(49.587,-27.737,0.));
#807 = VECTOR('',#808,1.);
#808 = DIRECTION('',(0.707106781187,0.707106781187,0.));
#809 = ORIENTED_EDGE('',*,*,#810,.F.);
#810 = EDGE_CURVE('',#811,#803,#813,.T.);
#811 = VERTEX_POINT('',#812);
#812 = CARTESIAN_POINT('',(47.994940905122,-27.737,0.));
#813 = LINE('',#814,#815);
#814 = CARTESIAN_POINT('',(47.9868,-27.737,0.));
#815 = VECTOR('',#816,1.);
#816 = DIRECTION('',(1.,0.,0.));
#817 = ORIENTED_EDGE('',*,*,#818,.T.);
#818 = EDGE_CURVE('',#811,#819,#821,.T.);
#819 = VERTEX_POINT('',#820);
#820 = CARTESIAN_POINT('',(47.555,-27.991,0.));
#821 = CIRCLE('',#822,0.508);
#822 = AXIS2_PLACEMENT_3D('',#823,#824,#825);
#823 = CARTESIAN_POINT('',(47.555,-27.483,0.));
#824 = DIRECTION('',(-0.,0.,-1.));
#825 = DIRECTION('',(-0.,-1.,0.));
#826 = ORIENTED_EDGE('',*,*,#827,.T.);
#827 = EDGE_CURVE('',#819,#762,#828,.T.);
#828 = CIRCLE('',#829,0.508);
#829 = AXIS2_PLACEMENT_3D('',#830,#831,#832);
#830 = CARTESIAN_POINT('',(47.555,-27.483,0.));
#831 = DIRECTION('',(-0.,0.,-1.));
#832 = DIRECTION('',(-0.,-1.,0.));
#833 = FACE_BOUND('',#834,.F.);
#834 = EDGE_LOOP('',(#835));
#835 = ORIENTED_EDGE('',*,*,#836,.F.);
#836 = EDGE_CURVE('',#837,#837,#839,.T.);
#837 = VERTEX_POINT('',#838);
#838 = CARTESIAN_POINT('',(40.,-18.7,0.));
#839 = CIRCLE('',#840,1.1);
#840 = AXIS2_PLACEMENT_3D('',#841,#842,#843);
#841 = CARTESIAN_POINT('',(38.9,-18.7,0.));
#842 = DIRECTION('',(0.,0.,1.));
#843 = DIRECTION('',(1.,0.,-0.));
#844 = FACE_BOUND('',#845,.F.);
#845 = EDGE_LOOP('',(#846,#856,#865,#873,#882,#890,#899,#908,#916,#925)
  );
#846 = ORIENTED_EDGE('',*,*,#847,.F.);
#847 = EDGE_CURVE('',#848,#850,#852,.T.);
#848 = VERTEX_POINT('',#849);
#849 = CARTESIAN_POINT('',(50.476,-19.66794090512,0.));
#850 = VERTEX_POINT('',#851);
#851 = CARTESIAN_POINT('',(50.476,-21.32805909487,0.));
#852 = LINE('',#853,#854);
#853 = CARTESIAN_POINT('',(50.476,-19.6598,0.));
#854 = VECTOR('',#855,1.);
#855 = DIRECTION('',(0.,-1.,0.));
#856 = ORIENTED_EDGE('',*,*,#857,.T.);
#857 = EDGE_CURVE('',#848,#858,#860,.T.);
#858 = VERTEX_POINT('',#859);
#859 = CARTESIAN_POINT('',(51.169940905122,-18.974,0.));
#860 = CIRCLE('',#861,0.508);
#861 = AXIS2_PLACEMENT_3D('',#862,#863,#864);
#862 = CARTESIAN_POINT('',(50.73,-19.228,0.));
#863 = DIRECTION('',(-0.,0.,-1.));
#864 = DIRECTION('',(-1.398706172756E-14,-1.,0.));
#865 = ORIENTED_EDGE('',*,*,#866,.F.);
#866 = EDGE_CURVE('',#867,#858,#869,.T.);
#867 = VERTEX_POINT('',#868);
#868 = CARTESIAN_POINT('',(52.830059094877,-18.974,0.));
#869 = LINE('',#870,#871);
#870 = CARTESIAN_POINT('',(52.8382,-18.974,0.));
#871 = VECTOR('',#872,1.);
#872 = DIRECTION('',(-1.,0.,0.));
#873 = ORIENTED_EDGE('',*,*,#874,.T.);
#874 = EDGE_CURVE('',#867,#875,#877,.T.);
#875 = VERTEX_POINT('',#876);
#876 = CARTESIAN_POINT('',(53.524,-19.66794090512,0.));
#877 = CIRCLE('',#878,0.508);
#878 = AXIS2_PLACEMENT_3D('',#879,#880,#881);
#879 = CARTESIAN_POINT('',(53.27,-19.228,0.));
#880 = DIRECTION('',(-0.,0.,-1.));
#881 = DIRECTION('',(1.398706172756E-14,-1.,-0.));
#882 = ORIENTED_EDGE('',*,*,#883,.F.);
#883 = EDGE_CURVE('',#884,#875,#886,.T.);
#884 = VERTEX_POINT('',#885);
#885 = CARTESIAN_POINT('',(53.524,-21.32805909487,0.));
#886 = LINE('',#887,#888);
#887 = CARTESIAN_POINT('',(53.524,-21.3362,0.));
#888 = VECTOR('',#889,1.);
#889 = DIRECTION('',(0.,1.,0.));
#890 = ORIENTED_EDGE('',*,*,#891,.T.);
#891 = EDGE_CURVE('',#884,#892,#894,.T.);
#892 = VERTEX_POINT('',#893);
#893 = CARTESIAN_POINT('',(53.27,-22.276,0.));
#894 = CIRCLE('',#895,0.508);
#895 = AXIS2_PLACEMENT_3D('',#896,#897,#898);
#896 = CARTESIAN_POINT('',(53.27,-21.768,0.));
#897 = DIRECTION('',(-0.,0.,-1.));
#898 = DIRECTION('',(1.398706172756E-14,-1.,-0.));
#899 = ORIENTED_EDGE('',*,*,#900,.T.);
#900 = EDGE_CURVE('',#892,#901,#903,.T.);
#901 = VERTEX_POINT('',#902);
#902 = CARTESIAN_POINT('',(52.830059094878,-22.022,0.));
#903 = CIRCLE('',#904,0.508);
#904 = AXIS2_PLACEMENT_3D('',#905,#906,#907);
#905 = CARTESIAN_POINT('',(53.27,-21.768,0.));
#906 = DIRECTION('',(-0.,0.,-1.));
#907 = DIRECTION('',(1.398706172756E-14,-1.,-0.));
#908 = ORIENTED_EDGE('',*,*,#909,.F.);
#909 = EDGE_CURVE('',#910,#901,#912,.T.);
#910 = VERTEX_POINT('',#911);
#911 = CARTESIAN_POINT('',(51.169940905123,-22.022,0.));
#912 = LINE('',#913,#914);
#913 = CARTESIAN_POINT('',(51.1618,-22.022,0.));
#914 = VECTOR('',#915,1.);
#915 = DIRECTION('',(1.,0.,0.));
#916 = ORIENTED_EDGE('',*,*,#917,.T.);
#917 = EDGE_CURVE('',#910,#918,#920,.T.);
#918 = VERTEX_POINT('',#919);
#919 = CARTESIAN_POINT('',(50.73,-22.276,0.));
#920 = CIRCLE('',#921,0.508);
#921 = AXIS2_PLACEMENT_3D('',#922,#923,#924);
#922 = CARTESIAN_POINT('',(50.73,-21.768,0.));
#923 = DIRECTION('',(-0.,0.,-1.));
#924 = DIRECTION('',(-1.398706172756E-14,-1.,0.));
#925 = ORIENTED_EDGE('',*,*,#926,.T.);
#926 = EDGE_CURVE('',#918,#850,#927,.T.);
#927 = CIRCLE('',#928,0.508);
#928 = AXIS2_PLACEMENT_3D('',#929,#930,#931);
#929 = CARTESIAN_POINT('',(50.73,-21.768,0.));
#930 = DIRECTION('',(-0.,0.,-1.));
#931 = DIRECTION('',(-1.398706172756E-14,-1.,0.));
#932 = FACE_BOUND('',#933,.F.);
#933 = EDGE_LOOP('',(#934));
#934 = ORIENTED_EDGE('',*,*,#935,.F.);
#935 = EDGE_CURVE('',#936,#936,#938,.T.);
#936 = VERTEX_POINT('',#937);
#937 = CARTESIAN_POINT('',(95.7,-51.75,0.));
#938 = CIRCLE('',#939,0.5);
#939 = AXIS2_PLACEMENT_3D('',#940,#941,#942);
#940 = CARTESIAN_POINT('',(95.2,-51.75,0.));
#941 = DIRECTION('',(0.,0.,1.));
#942 = DIRECTION('',(1.,0.,-0.));
#943 = FACE_BOUND('',#944,.F.);
#944 = EDGE_LOOP('',(#945));
#945 = ORIENTED_EDGE('',*,*,#946,.F.);
#946 = EDGE_CURVE('',#947,#947,#949,.T.);
#947 = VERTEX_POINT('',#948);
#948 = CARTESIAN_POINT('',(112.7,-51.75,0.));
#949 = CIRCLE('',#950,0.5);
#950 = AXIS2_PLACEMENT_3D('',#951,#952,#953);
#951 = CARTESIAN_POINT('',(112.2,-51.75,0.));
#952 = DIRECTION('',(0.,0.,1.));
#953 = DIRECTION('',(1.,0.,-0.));
#954 = FACE_BOUND('',#955,.F.);
#955 = EDGE_LOOP('',(#956));
#956 = ORIENTED_EDGE('',*,*,#957,.F.);
#957 = EDGE_CURVE('',#958,#958,#960,.T.);
#958 = VERTEX_POINT('',#959);
#959 = CARTESIAN_POINT('',(107.4,-46.25,0.));
#960 = CIRCLE('',#961,0.6);
#961 = AXIS2_PLACEMENT_3D('',#962,#963,#964);
#962 = CARTESIAN_POINT('',(106.8,-46.25,0.));
#963 = DIRECTION('',(0.,0.,1.));
#964 = DIRECTION('',(1.,0.,-0.));
#965 = FACE_BOUND('',#966,.F.);
#966 = EDGE_LOOP('',(#967));
#967 = ORIENTED_EDGE('',*,*,#968,.F.);
#968 = EDGE_CURVE('',#969,#969,#971,.T.);
#969 = VERTEX_POINT('',#970);
#970 = CARTESIAN_POINT('',(129.7,-51.75,0.));
#971 = CIRCLE('',#972,0.5);
#972 = AXIS2_PLACEMENT_3D('',#973,#974,#975);
#973 = CARTESIAN_POINT('',(129.2,-51.75,0.));
#974 = DIRECTION('',(0.,0.,1.));
#975 = DIRECTION('',(1.,0.,-0.));
#976 = FACE_BOUND('',#977,.F.);
#977 = EDGE_LOOP('',(#978));
#978 = ORIENTED_EDGE('',*,*,#979,.F.);
#979 = EDGE_CURVE('',#980,#980,#982,.T.);
#980 = VERTEX_POINT('',#981);
#981 = CARTESIAN_POINT('',(124.4,-46.25,0.));
#982 = CIRCLE('',#983,0.6);
#983 = AXIS2_PLACEMENT_3D('',#984,#985,#986);
#984 = CARTESIAN_POINT('',(123.8,-46.25,0.));
#985 = DIRECTION('',(0.,0.,1.));
#986 = DIRECTION('',(1.,0.,-0.));
#987 = FACE_BOUND('',#988,.F.);
#988 = EDGE_LOOP('',(#989));
#989 = ORIENTED_EDGE('',*,*,#990,.F.);
#990 = EDGE_CURVE('',#991,#991,#993,.T.);
#991 = VERTEX_POINT('',#992);
#992 = CARTESIAN_POINT('',(141.4,-46.25,0.));
#993 = CIRCLE('',#994,0.6);
#994 = AXIS2_PLACEMENT_3D('',#995,#996,#997);
#995 = CARTESIAN_POINT('',(140.8,-46.25,0.));
#996 = DIRECTION('',(0.,0.,1.));
#997 = DIRECTION('',(1.,0.,-0.));
#998 = FACE_BOUND('',#999,.F.);
#999 = EDGE_LOOP('',(#1000));
#1000 = ORIENTED_EDGE('',*,*,#1001,.T.);
#1001 = EDGE_CURVE('',#1002,#1002,#1004,.T.);
#1002 = VERTEX_POINT('',#1003);
#1003 = CARTESIAN_POINT('',(146.4255,-30.45,0.));
#1004 = CIRCLE('',#1005,0.45);
#1005 = AXIS2_PLACEMENT_3D('',#1006,#1007,#1008);
#1006 = CARTESIAN_POINT('',(146.4255,-30.,0.));
#1007 = DIRECTION('',(-0.,0.,-1.));
#1008 = DIRECTION('',(-0.,-1.,0.));
#1009 = FACE_BOUND('',#1010,.F.);
#1010 = EDGE_LOOP('',(#1011));
#1011 = ORIENTED_EDGE('',*,*,#1012,.T.);
#1012 = EDGE_CURVE('',#1013,#1013,#1015,.T.);
#1013 = VERTEX_POINT('',#1014);
#1014 = CARTESIAN_POINT('',(146.4255,-27.45,0.));
#1015 = CIRCLE('',#1016,0.45);
#1016 = AXIS2_PLACEMENT_3D('',#1017,#1018,#1019);
#1017 = CARTESIAN_POINT('',(146.4255,-27.,0.));
#1018 = DIRECTION('',(-0.,0.,-1.));
#1019 = DIRECTION('',(-0.,-1.,0.));
#1020 = FACE_BOUND('',#1021,.F.);
#1021 = EDGE_LOOP('',(#1022));
#1022 = ORIENTED_EDGE('',*,*,#1023,.F.);
#1023 = EDGE_CURVE('',#1024,#1024,#1026,.T.);
#1024 = VERTEX_POINT('',#1025);
#1025 = CARTESIAN_POINT('',(147.2,-18.7,0.));
#1026 = CIRCLE('',#1027,1.1);
#1027 = AXIS2_PLACEMENT_3D('',#1028,#1029,#1030);
#1028 = CARTESIAN_POINT('',(146.1,-18.7,0.));
#1029 = DIRECTION('',(0.,0.,1.));
#1030 = DIRECTION('',(1.,0.,-0.));
#1031 = PLANE('',#1032);
#1032 = AXIS2_PLACEMENT_3D('',#1033,#1034,#1035);
#1033 = CARTESIAN_POINT('',(0.,0.,0.));
#1034 = DIRECTION('',(0.,0.,1.));
#1035 = DIRECTION('',(1.,0.,-0.));
#1036 = ADVANCED_FACE('',(#1037,#1083,#1094,#1105,#1116,#1127,#1138,
    #1149,#1160,#1171,#1182,#1193,#1204,#1215,#1226,#1237,#1248,#1259,
    #1270,#1281,#1292,#1303,#1314,#1325,#1336,#1347,#1358,#1369,#1380,
    #1391,#1402,#1413,#1424,#1435,#1446,#1457,#1468,#1479,#1490,#1501,
    #1512,#1523,#1534,#1545,#1556,#1567,#1653,#1730,#1741,#1829,#1840,
    #1851,#1862,#1873,#1884,#1895,#1906,#1917),#1928,.T.);
#1037 = FACE_BOUND('',#1038,.T.);
#1038 = EDGE_LOOP('',(#1039,#1040,#1041,#1050,#1058,#1067,#1075,#1082));
#1039 = ORIENTED_EDGE('',*,*,#49,.F.);
#1040 = ORIENTED_EDGE('',*,*,#91,.F.);
#1041 = ORIENTED_EDGE('',*,*,#1042,.F.);
#1042 = EDGE_CURVE('',#1043,#84,#1045,.T.);
#1043 = VERTEX_POINT('',#1044);
#1044 = CARTESIAN_POINT('',(36.8,-17.6,0.71));
#1045 = CIRCLE('',#1046,0.999999252925);
#1046 = AXIS2_PLACEMENT_3D('',#1047,#1048,#1049);
#1047 = CARTESIAN_POINT('',(37.799999252925,-17.59999925292,0.71));
#1048 = DIRECTION('',(0.,0.,-1.));
#1049 = DIRECTION('',(-1.,-7.470757420593E-07,-0.));
#1050 = ORIENTED_EDGE('',*,*,#1051,.F.);
#1051 = EDGE_CURVE('',#1052,#1043,#1054,.T.);
#1052 = VERTEX_POINT('',#1053);
#1053 = CARTESIAN_POINT('',(36.8,-112.2,0.71));
#1054 = LINE('',#1055,#1056);
#1055 = CARTESIAN_POINT('',(36.8,-112.2,0.71));
#1056 = VECTOR('',#1057,1.);
#1057 = DIRECTION('',(0.,1.,0.));
#1058 = ORIENTED_EDGE('',*,*,#1059,.F.);
#1059 = EDGE_CURVE('',#1060,#1052,#1062,.T.);
#1060 = VERTEX_POINT('',#1061);
#1061 = CARTESIAN_POINT('',(37.8,-113.2,0.71));
#1062 = CIRCLE('',#1063,0.999999252925);
#1063 = AXIS2_PLACEMENT_3D('',#1064,#1065,#1066);
#1064 = CARTESIAN_POINT('',(37.799999252925,-112.200000747,0.71));
#1065 = DIRECTION('',(0.,0.,-1.));
#1066 = DIRECTION('',(7.470757349539E-07,-1.,0.));
#1067 = ORIENTED_EDGE('',*,*,#1068,.F.);
#1068 = EDGE_CURVE('',#1069,#1060,#1071,.T.);
#1069 = VERTEX_POINT('',#1070);
#1070 = CARTESIAN_POINT('',(147.2,-113.2,0.71));
#1071 = LINE('',#1072,#1073);
#1072 = CARTESIAN_POINT('',(147.2,-113.2,0.71));
#1073 = VECTOR('',#1074,1.);
#1074 = DIRECTION('',(-1.,0.,0.));
#1075 = ORIENTED_EDGE('',*,*,#1076,.F.);
#1076 = EDGE_CURVE('',#114,#1069,#1077,.T.);
#1077 = CIRCLE('',#1078,0.999999252925);
#1078 = AXIS2_PLACEMENT_3D('',#1079,#1080,#1081);
#1079 = CARTESIAN_POINT('',(147.20000074707,-112.200000747,0.71));
#1080 = DIRECTION('',(0.,0.,-1.));
#1081 = DIRECTION('',(1.,7.470757349539E-07,0.));
#1082 = ORIENTED_EDGE('',*,*,#113,.F.);
#1083 = FACE_BOUND('',#1084,.T.);
#1084 = EDGE_LOOP('',(#1085));
#1085 = ORIENTED_EDGE('',*,*,#1086,.F.);
#1086 = EDGE_CURVE('',#1087,#1087,#1089,.T.);
#1087 = VERTEX_POINT('',#1088);
#1088 = CARTESIAN_POINT('',(40.,-105.1,0.71));
#1089 = CIRCLE('',#1090,1.1);
#1090 = AXIS2_PLACEMENT_3D('',#1091,#1092,#1093);
#1091 = CARTESIAN_POINT('',(38.9,-105.1,0.71));
#1092 = DIRECTION('',(0.,0.,1.));
#1093 = DIRECTION('',(1.,0.,-0.));
#1094 = FACE_BOUND('',#1095,.T.);
#1095 = EDGE_LOOP('',(#1096));
#1096 = ORIENTED_EDGE('',*,*,#1097,.F.);
#1097 = EDGE_CURVE('',#1098,#1098,#1100,.T.);
#1098 = VERTEX_POINT('',#1099);
#1099 = CARTESIAN_POINT('',(44.7,-102.75,0.71));
#1100 = CIRCLE('',#1101,0.5);
#1101 = AXIS2_PLACEMENT_3D('',#1102,#1103,#1104);
#1102 = CARTESIAN_POINT('',(44.2,-102.75,0.71));
#1103 = DIRECTION('',(0.,0.,1.));
#1104 = DIRECTION('',(1.,0.,-0.));
#1105 = FACE_BOUND('',#1106,.T.);
#1106 = EDGE_LOOP('',(#1107));
#1107 = ORIENTED_EDGE('',*,*,#1108,.F.);
#1108 = EDGE_CURVE('',#1109,#1109,#1111,.T.);
#1109 = VERTEX_POINT('',#1110);
#1110 = CARTESIAN_POINT('',(61.7,-102.75,0.71));
#1111 = CIRCLE('',#1112,0.5);
#1112 = AXIS2_PLACEMENT_3D('',#1113,#1114,#1115);
#1113 = CARTESIAN_POINT('',(61.2,-102.75,0.71));
#1114 = DIRECTION('',(0.,0.,1.));
#1115 = DIRECTION('',(1.,0.,-0.));
#1116 = FACE_BOUND('',#1117,.T.);
#1117 = EDGE_LOOP('',(#1118));
#1118 = ORIENTED_EDGE('',*,*,#1119,.F.);
#1119 = EDGE_CURVE('',#1120,#1120,#1122,.T.);
#1120 = VERTEX_POINT('',#1121);
#1121 = CARTESIAN_POINT('',(56.4,-97.25,0.71));
#1122 = CIRCLE('',#1123,0.6);
#1123 = AXIS2_PLACEMENT_3D('',#1124,#1125,#1126);
#1124 = CARTESIAN_POINT('',(55.8,-97.25,0.71));
#1125 = DIRECTION('',(0.,0.,1.));
#1126 = DIRECTION('',(1.,0.,-0.));
#1127 = FACE_BOUND('',#1128,.T.);
#1128 = EDGE_LOOP('',(#1129));
#1129 = ORIENTED_EDGE('',*,*,#1130,.F.);
#1130 = EDGE_CURVE('',#1131,#1131,#1133,.T.);
#1131 = VERTEX_POINT('',#1132);
#1132 = CARTESIAN_POINT('',(44.7,-85.75,0.71));
#1133 = CIRCLE('',#1134,0.5);
#1134 = AXIS2_PLACEMENT_3D('',#1135,#1136,#1137);
#1135 = CARTESIAN_POINT('',(44.2,-85.75,0.71));
#1136 = DIRECTION('',(0.,0.,1.));
#1137 = DIRECTION('',(1.,0.,-0.));
#1138 = FACE_BOUND('',#1139,.T.);
#1139 = EDGE_LOOP('',(#1140));
#1140 = ORIENTED_EDGE('',*,*,#1141,.F.);
#1141 = EDGE_CURVE('',#1142,#1142,#1144,.T.);
#1142 = VERTEX_POINT('',#1143);
#1143 = CARTESIAN_POINT('',(61.7,-85.75,0.71));
#1144 = CIRCLE('',#1145,0.5);
#1145 = AXIS2_PLACEMENT_3D('',#1146,#1147,#1148);
#1146 = CARTESIAN_POINT('',(61.2,-85.75,0.71));
#1147 = DIRECTION('',(0.,0.,1.));
#1148 = DIRECTION('',(1.,0.,-0.));
#1149 = FACE_BOUND('',#1150,.T.);
#1150 = EDGE_LOOP('',(#1151));
#1151 = ORIENTED_EDGE('',*,*,#1152,.F.);
#1152 = EDGE_CURVE('',#1153,#1153,#1155,.T.);
#1153 = VERTEX_POINT('',#1154);
#1154 = CARTESIAN_POINT('',(78.7,-102.75,0.71));
#1155 = CIRCLE('',#1156,0.5);
#1156 = AXIS2_PLACEMENT_3D('',#1157,#1158,#1159);
#1157 = CARTESIAN_POINT('',(78.2,-102.75,0.71));
#1158 = DIRECTION('',(0.,0.,1.));
#1159 = DIRECTION('',(1.,0.,-0.));
#1160 = FACE_BOUND('',#1161,.T.);
#1161 = EDGE_LOOP('',(#1162));
#1162 = ORIENTED_EDGE('',*,*,#1163,.F.);
#1163 = EDGE_CURVE('',#1164,#1164,#1166,.T.);
#1164 = VERTEX_POINT('',#1165);
#1165 = CARTESIAN_POINT('',(73.4,-97.25,0.71));
#1166 = CIRCLE('',#1167,0.6);
#1167 = AXIS2_PLACEMENT_3D('',#1168,#1169,#1170);
#1168 = CARTESIAN_POINT('',(72.8,-97.25,0.71));
#1169 = DIRECTION('',(0.,0.,1.));
#1170 = DIRECTION('',(1.,0.,-0.));
#1171 = FACE_BOUND('',#1172,.T.);
#1172 = EDGE_LOOP('',(#1173));
#1173 = ORIENTED_EDGE('',*,*,#1174,.F.);
#1174 = EDGE_CURVE('',#1175,#1175,#1177,.T.);
#1175 = VERTEX_POINT('',#1176);
#1176 = CARTESIAN_POINT('',(90.4,-97.25,0.71));
#1177 = CIRCLE('',#1178,0.6);
#1178 = AXIS2_PLACEMENT_3D('',#1179,#1180,#1181);
#1179 = CARTESIAN_POINT('',(89.8,-97.25,0.71));
#1180 = DIRECTION('',(0.,0.,1.));
#1181 = DIRECTION('',(1.,0.,-0.));
#1182 = FACE_BOUND('',#1183,.T.);
#1183 = EDGE_LOOP('',(#1184));
#1184 = ORIENTED_EDGE('',*,*,#1185,.F.);
#1185 = EDGE_CURVE('',#1186,#1186,#1188,.T.);
#1186 = VERTEX_POINT('',#1187);
#1187 = CARTESIAN_POINT('',(78.7,-85.75,0.71));
#1188 = CIRCLE('',#1189,0.5);
#1189 = AXIS2_PLACEMENT_3D('',#1190,#1191,#1192);
#1190 = CARTESIAN_POINT('',(78.2,-85.75,0.71));
#1191 = DIRECTION('',(0.,0.,1.));
#1192 = DIRECTION('',(1.,0.,-0.));
#1193 = FACE_BOUND('',#1194,.T.);
#1194 = EDGE_LOOP('',(#1195));
#1195 = ORIENTED_EDGE('',*,*,#1196,.F.);
#1196 = EDGE_CURVE('',#1197,#1197,#1199,.T.);
#1197 = VERTEX_POINT('',#1198);
#1198 = CARTESIAN_POINT('',(56.4,-80.25,0.71));
#1199 = CIRCLE('',#1200,0.6);
#1200 = AXIS2_PLACEMENT_3D('',#1201,#1202,#1203);
#1201 = CARTESIAN_POINT('',(55.8,-80.25,0.71));
#1202 = DIRECTION('',(0.,0.,1.));
#1203 = DIRECTION('',(1.,0.,-0.));
#1204 = FACE_BOUND('',#1205,.T.);
#1205 = EDGE_LOOP('',(#1206));
#1206 = ORIENTED_EDGE('',*,*,#1207,.F.);
#1207 = EDGE_CURVE('',#1208,#1208,#1210,.T.);
#1208 = VERTEX_POINT('',#1209);
#1209 = CARTESIAN_POINT('',(44.7,-68.75,0.71));
#1210 = CIRCLE('',#1211,0.5);
#1211 = AXIS2_PLACEMENT_3D('',#1212,#1213,#1214);
#1212 = CARTESIAN_POINT('',(44.2,-68.75,0.71));
#1213 = DIRECTION('',(0.,0.,1.));
#1214 = DIRECTION('',(1.,0.,-0.));
#1215 = FACE_BOUND('',#1216,.T.);
#1216 = EDGE_LOOP('',(#1217));
#1217 = ORIENTED_EDGE('',*,*,#1218,.F.);
#1218 = EDGE_CURVE('',#1219,#1219,#1221,.T.);
#1219 = VERTEX_POINT('',#1220);
#1220 = CARTESIAN_POINT('',(61.7,-68.75,0.71));
#1221 = CIRCLE('',#1222,0.5);
#1222 = AXIS2_PLACEMENT_3D('',#1223,#1224,#1225);
#1223 = CARTESIAN_POINT('',(61.2,-68.75,0.71));
#1224 = DIRECTION('',(0.,0.,1.));
#1225 = DIRECTION('',(1.,0.,-0.));
#1226 = FACE_BOUND('',#1227,.T.);
#1227 = EDGE_LOOP('',(#1228));
#1228 = ORIENTED_EDGE('',*,*,#1229,.F.);
#1229 = EDGE_CURVE('',#1230,#1230,#1232,.T.);
#1230 = VERTEX_POINT('',#1231);
#1231 = CARTESIAN_POINT('',(56.4,-63.25,0.71));
#1232 = CIRCLE('',#1233,0.6);
#1233 = AXIS2_PLACEMENT_3D('',#1234,#1235,#1236);
#1234 = CARTESIAN_POINT('',(55.8,-63.25,0.71));
#1235 = DIRECTION('',(0.,0.,1.));
#1236 = DIRECTION('',(1.,0.,-0.));
#1237 = FACE_BOUND('',#1238,.T.);
#1238 = EDGE_LOOP('',(#1239));
#1239 = ORIENTED_EDGE('',*,*,#1240,.F.);
#1240 = EDGE_CURVE('',#1241,#1241,#1243,.T.);
#1241 = VERTEX_POINT('',#1242);
#1242 = CARTESIAN_POINT('',(73.4,-80.25,0.71));
#1243 = CIRCLE('',#1244,0.6);
#1244 = AXIS2_PLACEMENT_3D('',#1245,#1246,#1247);
#1245 = CARTESIAN_POINT('',(72.8,-80.25,0.71));
#1246 = DIRECTION('',(0.,0.,1.));
#1247 = DIRECTION('',(1.,0.,-0.));
#1248 = FACE_BOUND('',#1249,.T.);
#1249 = EDGE_LOOP('',(#1250));
#1250 = ORIENTED_EDGE('',*,*,#1251,.F.);
#1251 = EDGE_CURVE('',#1252,#1252,#1254,.T.);
#1252 = VERTEX_POINT('',#1253);
#1253 = CARTESIAN_POINT('',(90.4,-80.25,0.71));
#1254 = CIRCLE('',#1255,0.6);
#1255 = AXIS2_PLACEMENT_3D('',#1256,#1257,#1258);
#1256 = CARTESIAN_POINT('',(89.8,-80.25,0.71));
#1257 = DIRECTION('',(0.,0.,1.));
#1258 = DIRECTION('',(1.,0.,-0.));
#1259 = FACE_BOUND('',#1260,.T.);
#1260 = EDGE_LOOP('',(#1261));
#1261 = ORIENTED_EDGE('',*,*,#1262,.F.);
#1262 = EDGE_CURVE('',#1263,#1263,#1265,.T.);
#1263 = VERTEX_POINT('',#1264);
#1264 = CARTESIAN_POINT('',(78.7,-68.75,0.71));
#1265 = CIRCLE('',#1266,0.5);
#1266 = AXIS2_PLACEMENT_3D('',#1267,#1268,#1269);
#1267 = CARTESIAN_POINT('',(78.2,-68.75,0.71));
#1268 = DIRECTION('',(0.,0.,1.));
#1269 = DIRECTION('',(1.,0.,-0.));
#1270 = FACE_BOUND('',#1271,.T.);
#1271 = EDGE_LOOP('',(#1272));
#1272 = ORIENTED_EDGE('',*,*,#1273,.F.);
#1273 = EDGE_CURVE('',#1274,#1274,#1276,.T.);
#1274 = VERTEX_POINT('',#1275);
#1275 = CARTESIAN_POINT('',(73.4,-63.25,0.71));
#1276 = CIRCLE('',#1277,0.6);
#1277 = AXIS2_PLACEMENT_3D('',#1278,#1279,#1280);
#1278 = CARTESIAN_POINT('',(72.8,-63.25,0.71));
#1279 = DIRECTION('',(0.,0.,1.));
#1280 = DIRECTION('',(1.,0.,-0.));
#1281 = FACE_BOUND('',#1282,.T.);
#1282 = EDGE_LOOP('',(#1283));
#1283 = ORIENTED_EDGE('',*,*,#1284,.F.);
#1284 = EDGE_CURVE('',#1285,#1285,#1287,.T.);
#1285 = VERTEX_POINT('',#1286);
#1286 = CARTESIAN_POINT('',(90.4,-63.25,0.71));
#1287 = CIRCLE('',#1288,0.6);
#1288 = AXIS2_PLACEMENT_3D('',#1289,#1290,#1291);
#1289 = CARTESIAN_POINT('',(89.8,-63.25,0.71));
#1290 = DIRECTION('',(0.,0.,1.));
#1291 = DIRECTION('',(1.,0.,-0.));
#1292 = FACE_BOUND('',#1293,.T.);
#1293 = EDGE_LOOP('',(#1294));
#1294 = ORIENTED_EDGE('',*,*,#1295,.F.);
#1295 = EDGE_CURVE('',#1296,#1296,#1298,.T.);
#1296 = VERTEX_POINT('',#1297);
#1297 = CARTESIAN_POINT('',(95.7,-102.75,0.71));
#1298 = CIRCLE('',#1299,0.5);
#1299 = AXIS2_PLACEMENT_3D('',#1300,#1301,#1302);
#1300 = CARTESIAN_POINT('',(95.2,-102.75,0.71));
#1301 = DIRECTION('',(0.,0.,1.));
#1302 = DIRECTION('',(1.,0.,-0.));
#1303 = FACE_BOUND('',#1304,.T.);
#1304 = EDGE_LOOP('',(#1305));
#1305 = ORIENTED_EDGE('',*,*,#1306,.F.);
#1306 = EDGE_CURVE('',#1307,#1307,#1309,.T.);
#1307 = VERTEX_POINT('',#1308);
#1308 = CARTESIAN_POINT('',(112.7,-102.75,0.71));
#1309 = CIRCLE('',#1310,0.5);
#1310 = AXIS2_PLACEMENT_3D('',#1311,#1312,#1313);
#1311 = CARTESIAN_POINT('',(112.2,-102.75,0.71));
#1312 = DIRECTION('',(0.,0.,1.));
#1313 = DIRECTION('',(1.,0.,-0.));
#1314 = FACE_BOUND('',#1315,.T.);
#1315 = EDGE_LOOP('',(#1316));
#1316 = ORIENTED_EDGE('',*,*,#1317,.F.);
#1317 = EDGE_CURVE('',#1318,#1318,#1320,.T.);
#1318 = VERTEX_POINT('',#1319);
#1319 = CARTESIAN_POINT('',(107.4,-97.25,0.71));
#1320 = CIRCLE('',#1321,0.6);
#1321 = AXIS2_PLACEMENT_3D('',#1322,#1323,#1324);
#1322 = CARTESIAN_POINT('',(106.8,-97.25,0.71));
#1323 = DIRECTION('',(0.,0.,1.));
#1324 = DIRECTION('',(1.,0.,-0.));
#1325 = FACE_BOUND('',#1326,.T.);
#1326 = EDGE_LOOP('',(#1327));
#1327 = ORIENTED_EDGE('',*,*,#1328,.F.);
#1328 = EDGE_CURVE('',#1329,#1329,#1331,.T.);
#1329 = VERTEX_POINT('',#1330);
#1330 = CARTESIAN_POINT('',(95.7,-85.75,0.71));
#1331 = CIRCLE('',#1332,0.5);
#1332 = AXIS2_PLACEMENT_3D('',#1333,#1334,#1335);
#1333 = CARTESIAN_POINT('',(95.2,-85.75,0.71));
#1334 = DIRECTION('',(0.,0.,1.));
#1335 = DIRECTION('',(1.,0.,-0.));
#1336 = FACE_BOUND('',#1337,.T.);
#1337 = EDGE_LOOP('',(#1338));
#1338 = ORIENTED_EDGE('',*,*,#1339,.F.);
#1339 = EDGE_CURVE('',#1340,#1340,#1342,.T.);
#1340 = VERTEX_POINT('',#1341);
#1341 = CARTESIAN_POINT('',(112.7,-85.75,0.71));
#1342 = CIRCLE('',#1343,0.5);
#1343 = AXIS2_PLACEMENT_3D('',#1344,#1345,#1346);
#1344 = CARTESIAN_POINT('',(112.2,-85.75,0.71));
#1345 = DIRECTION('',(0.,0.,1.));
#1346 = DIRECTION('',(1.,0.,-0.));
#1347 = FACE_BOUND('',#1348,.T.);
#1348 = EDGE_LOOP('',(#1349));
#1349 = ORIENTED_EDGE('',*,*,#1350,.F.);
#1350 = EDGE_CURVE('',#1351,#1351,#1353,.T.);
#1351 = VERTEX_POINT('',#1352);
#1352 = CARTESIAN_POINT('',(129.7,-102.75,0.71));
#1353 = CIRCLE('',#1354,0.5);
#1354 = AXIS2_PLACEMENT_3D('',#1355,#1356,#1357);
#1355 = CARTESIAN_POINT('',(129.2,-102.75,0.71));
#1356 = DIRECTION('',(0.,0.,1.));
#1357 = DIRECTION('',(1.,0.,-0.));
#1358 = FACE_BOUND('',#1359,.T.);
#1359 = EDGE_LOOP('',(#1360));
#1360 = ORIENTED_EDGE('',*,*,#1361,.F.);
#1361 = EDGE_CURVE('',#1362,#1362,#1364,.T.);
#1362 = VERTEX_POINT('',#1363);
#1363 = CARTESIAN_POINT('',(124.4,-97.25,0.71));
#1364 = CIRCLE('',#1365,0.6);
#1365 = AXIS2_PLACEMENT_3D('',#1366,#1367,#1368);
#1366 = CARTESIAN_POINT('',(123.8,-97.25,0.71));
#1367 = DIRECTION('',(0.,0.,1.));
#1368 = DIRECTION('',(1.,0.,-0.));
#1369 = FACE_BOUND('',#1370,.T.);
#1370 = EDGE_LOOP('',(#1371));
#1371 = ORIENTED_EDGE('',*,*,#1372,.F.);
#1372 = EDGE_CURVE('',#1373,#1373,#1375,.T.);
#1373 = VERTEX_POINT('',#1374);
#1374 = CARTESIAN_POINT('',(147.2,-105.1,0.71));
#1375 = CIRCLE('',#1376,1.1);
#1376 = AXIS2_PLACEMENT_3D('',#1377,#1378,#1379);
#1377 = CARTESIAN_POINT('',(146.1,-105.1,0.71));
#1378 = DIRECTION('',(0.,0.,1.));
#1379 = DIRECTION('',(1.,0.,-0.));
#1380 = FACE_BOUND('',#1381,.T.);
#1381 = EDGE_LOOP('',(#1382));
#1382 = ORIENTED_EDGE('',*,*,#1383,.F.);
#1383 = EDGE_CURVE('',#1384,#1384,#1386,.T.);
#1384 = VERTEX_POINT('',#1385);
#1385 = CARTESIAN_POINT('',(141.4,-97.25,0.71));
#1386 = CIRCLE('',#1387,0.6);
#1387 = AXIS2_PLACEMENT_3D('',#1388,#1389,#1390);
#1388 = CARTESIAN_POINT('',(140.8,-97.25,0.71));
#1389 = DIRECTION('',(0.,0.,1.));
#1390 = DIRECTION('',(1.,0.,-0.));
#1391 = FACE_BOUND('',#1392,.T.);
#1392 = EDGE_LOOP('',(#1393));
#1393 = ORIENTED_EDGE('',*,*,#1394,.F.);
#1394 = EDGE_CURVE('',#1395,#1395,#1397,.T.);
#1395 = VERTEX_POINT('',#1396);
#1396 = CARTESIAN_POINT('',(129.7,-85.75,0.71));
#1397 = CIRCLE('',#1398,0.5);
#1398 = AXIS2_PLACEMENT_3D('',#1399,#1400,#1401);
#1399 = CARTESIAN_POINT('',(129.2,-85.75,0.71));
#1400 = DIRECTION('',(0.,0.,1.));
#1401 = DIRECTION('',(1.,0.,-0.));
#1402 = FACE_BOUND('',#1403,.T.);
#1403 = EDGE_LOOP('',(#1404));
#1404 = ORIENTED_EDGE('',*,*,#1405,.F.);
#1405 = EDGE_CURVE('',#1406,#1406,#1408,.T.);
#1406 = VERTEX_POINT('',#1407);
#1407 = CARTESIAN_POINT('',(107.4,-80.25,0.71));
#1408 = CIRCLE('',#1409,0.6);
#1409 = AXIS2_PLACEMENT_3D('',#1410,#1411,#1412);
#1410 = CARTESIAN_POINT('',(106.8,-80.25,0.71));
#1411 = DIRECTION('',(0.,0.,1.));
#1412 = DIRECTION('',(1.,0.,-0.));
#1413 = FACE_BOUND('',#1414,.T.);
#1414 = EDGE_LOOP('',(#1415));
#1415 = ORIENTED_EDGE('',*,*,#1416,.F.);
#1416 = EDGE_CURVE('',#1417,#1417,#1419,.T.);
#1417 = VERTEX_POINT('',#1418);
#1418 = CARTESIAN_POINT('',(95.7,-68.75,0.71));
#1419 = CIRCLE('',#1420,0.5);
#1420 = AXIS2_PLACEMENT_3D('',#1421,#1422,#1423);
#1421 = CARTESIAN_POINT('',(95.2,-68.75,0.71));
#1422 = DIRECTION('',(0.,0.,1.));
#1423 = DIRECTION('',(1.,0.,-0.));
#1424 = FACE_BOUND('',#1425,.T.);
#1425 = EDGE_LOOP('',(#1426));
#1426 = ORIENTED_EDGE('',*,*,#1427,.F.);
#1427 = EDGE_CURVE('',#1428,#1428,#1430,.T.);
#1428 = VERTEX_POINT('',#1429);
#1429 = CARTESIAN_POINT('',(112.7,-68.75,0.71));
#1430 = CIRCLE('',#1431,0.5);
#1431 = AXIS2_PLACEMENT_3D('',#1432,#1433,#1434);
#1432 = CARTESIAN_POINT('',(112.2,-68.75,0.71));
#1433 = DIRECTION('',(0.,0.,1.));
#1434 = DIRECTION('',(1.,0.,-0.));
#1435 = FACE_BOUND('',#1436,.T.);
#1436 = EDGE_LOOP('',(#1437));
#1437 = ORIENTED_EDGE('',*,*,#1438,.F.);
#1438 = EDGE_CURVE('',#1439,#1439,#1441,.T.);
#1439 = VERTEX_POINT('',#1440);
#1440 = CARTESIAN_POINT('',(107.4,-63.25,0.71));
#1441 = CIRCLE('',#1442,0.6);
#1442 = AXIS2_PLACEMENT_3D('',#1443,#1444,#1445);
#1443 = CARTESIAN_POINT('',(106.8,-63.25,0.71));
#1444 = DIRECTION('',(0.,0.,1.));
#1445 = DIRECTION('',(1.,0.,-0.));
#1446 = FACE_BOUND('',#1447,.T.);
#1447 = EDGE_LOOP('',(#1448));
#1448 = ORIENTED_EDGE('',*,*,#1449,.F.);
#1449 = EDGE_CURVE('',#1450,#1450,#1452,.T.);
#1450 = VERTEX_POINT('',#1451);
#1451 = CARTESIAN_POINT('',(124.4,-80.25,0.71));
#1452 = CIRCLE('',#1453,0.6);
#1453 = AXIS2_PLACEMENT_3D('',#1454,#1455,#1456);
#1454 = CARTESIAN_POINT('',(123.8,-80.25,0.71));
#1455 = DIRECTION('',(0.,0.,1.));
#1456 = DIRECTION('',(1.,0.,-0.));
#1457 = FACE_BOUND('',#1458,.T.);
#1458 = EDGE_LOOP('',(#1459));
#1459 = ORIENTED_EDGE('',*,*,#1460,.F.);
#1460 = EDGE_CURVE('',#1461,#1461,#1463,.T.);
#1461 = VERTEX_POINT('',#1462);
#1462 = CARTESIAN_POINT('',(141.4,-80.25,0.71));
#1463 = CIRCLE('',#1464,0.6);
#1464 = AXIS2_PLACEMENT_3D('',#1465,#1466,#1467);
#1465 = CARTESIAN_POINT('',(140.8,-80.25,0.71));
#1466 = DIRECTION('',(0.,0.,1.));
#1467 = DIRECTION('',(1.,0.,-0.));
#1468 = FACE_BOUND('',#1469,.T.);
#1469 = EDGE_LOOP('',(#1470));
#1470 = ORIENTED_EDGE('',*,*,#1471,.F.);
#1471 = EDGE_CURVE('',#1472,#1472,#1474,.T.);
#1472 = VERTEX_POINT('',#1473);
#1473 = CARTESIAN_POINT('',(129.7,-68.75,0.71));
#1474 = CIRCLE('',#1475,0.5);
#1475 = AXIS2_PLACEMENT_3D('',#1476,#1477,#1478);
#1476 = CARTESIAN_POINT('',(129.2,-68.75,0.71));
#1477 = DIRECTION('',(0.,0.,1.));
#1478 = DIRECTION('',(1.,0.,-0.));
#1479 = FACE_BOUND('',#1480,.T.);
#1480 = EDGE_LOOP('',(#1481));
#1481 = ORIENTED_EDGE('',*,*,#1482,.F.);
#1482 = EDGE_CURVE('',#1483,#1483,#1485,.T.);
#1483 = VERTEX_POINT('',#1484);
#1484 = CARTESIAN_POINT('',(124.4,-63.25,0.71));
#1485 = CIRCLE('',#1486,0.6);
#1486 = AXIS2_PLACEMENT_3D('',#1487,#1488,#1489);
#1487 = CARTESIAN_POINT('',(123.8,-63.25,0.71));
#1488 = DIRECTION('',(0.,0.,1.));
#1489 = DIRECTION('',(1.,0.,-0.));
#1490 = FACE_BOUND('',#1491,.T.);
#1491 = EDGE_LOOP('',(#1492));
#1492 = ORIENTED_EDGE('',*,*,#1493,.F.);
#1493 = EDGE_CURVE('',#1494,#1494,#1496,.T.);
#1494 = VERTEX_POINT('',#1495);
#1495 = CARTESIAN_POINT('',(141.4,-63.25,0.71));
#1496 = CIRCLE('',#1497,0.6);
#1497 = AXIS2_PLACEMENT_3D('',#1498,#1499,#1500);
#1498 = CARTESIAN_POINT('',(140.8,-63.25,0.71));
#1499 = DIRECTION('',(0.,0.,1.));
#1500 = DIRECTION('',(1.,0.,-0.));
#1501 = FACE_BOUND('',#1502,.T.);
#1502 = EDGE_LOOP('',(#1503));
#1503 = ORIENTED_EDGE('',*,*,#1504,.F.);
#1504 = EDGE_CURVE('',#1505,#1505,#1507,.T.);
#1505 = VERTEX_POINT('',#1506);
#1506 = CARTESIAN_POINT('',(44.7,-51.75,0.71));
#1507 = CIRCLE('',#1508,0.5);
#1508 = AXIS2_PLACEMENT_3D('',#1509,#1510,#1511);
#1509 = CARTESIAN_POINT('',(44.2,-51.75,0.71));
#1510 = DIRECTION('',(0.,0.,1.));
#1511 = DIRECTION('',(1.,0.,-0.));
#1512 = FACE_BOUND('',#1513,.T.);
#1513 = EDGE_LOOP('',(#1514));
#1514 = ORIENTED_EDGE('',*,*,#1515,.F.);
#1515 = EDGE_CURVE('',#1516,#1516,#1518,.T.);
#1516 = VERTEX_POINT('',#1517);
#1517 = CARTESIAN_POINT('',(61.7,-51.75,0.71));
#1518 = CIRCLE('',#1519,0.5);
#1519 = AXIS2_PLACEMENT_3D('',#1520,#1521,#1522);
#1520 = CARTESIAN_POINT('',(61.2,-51.75,0.71));
#1521 = DIRECTION('',(0.,0.,1.));
#1522 = DIRECTION('',(1.,0.,-0.));
#1523 = FACE_BOUND('',#1524,.T.);
#1524 = EDGE_LOOP('',(#1525));
#1525 = ORIENTED_EDGE('',*,*,#1526,.F.);
#1526 = EDGE_CURVE('',#1527,#1527,#1529,.T.);
#1527 = VERTEX_POINT('',#1528);
#1528 = CARTESIAN_POINT('',(56.4,-46.25,0.71));
#1529 = CIRCLE('',#1530,0.6);
#1530 = AXIS2_PLACEMENT_3D('',#1531,#1532,#1533);
#1531 = CARTESIAN_POINT('',(55.8,-46.25,0.71));
#1532 = DIRECTION('',(0.,0.,1.));
#1533 = DIRECTION('',(1.,0.,-0.));
#1534 = FACE_BOUND('',#1535,.T.);
#1535 = EDGE_LOOP('',(#1536));
#1536 = ORIENTED_EDGE('',*,*,#1537,.F.);
#1537 = EDGE_CURVE('',#1538,#1538,#1540,.T.);
#1538 = VERTEX_POINT('',#1539);
#1539 = CARTESIAN_POINT('',(78.7,-51.75,0.71));
#1540 = CIRCLE('',#1541,0.5);
#1541 = AXIS2_PLACEMENT_3D('',#1542,#1543,#1544);
#1542 = CARTESIAN_POINT('',(78.2,-51.75,0.71));
#1543 = DIRECTION('',(0.,0.,1.));
#1544 = DIRECTION('',(1.,0.,-0.));
#1545 = FACE_BOUND('',#1546,.T.);
#1546 = EDGE_LOOP('',(#1547));
#1547 = ORIENTED_EDGE('',*,*,#1548,.F.);
#1548 = EDGE_CURVE('',#1549,#1549,#1551,.T.);
#1549 = VERTEX_POINT('',#1550);
#1550 = CARTESIAN_POINT('',(73.4,-46.25,0.71));
#1551 = CIRCLE('',#1552,0.6);
#1552 = AXIS2_PLACEMENT_3D('',#1553,#1554,#1555);
#1553 = CARTESIAN_POINT('',(72.8,-46.25,0.71));
#1554 = DIRECTION('',(0.,0.,1.));
#1555 = DIRECTION('',(1.,0.,-0.));
#1556 = FACE_BOUND('',#1557,.T.);
#1557 = EDGE_LOOP('',(#1558));
#1558 = ORIENTED_EDGE('',*,*,#1559,.F.);
#1559 = EDGE_CURVE('',#1560,#1560,#1562,.T.);
#1560 = VERTEX_POINT('',#1561);
#1561 = CARTESIAN_POINT('',(90.4,-46.25,0.71));
#1562 = CIRCLE('',#1563,0.6);
#1563 = AXIS2_PLACEMENT_3D('',#1564,#1565,#1566);
#1564 = CARTESIAN_POINT('',(89.8,-46.25,0.71));
#1565 = DIRECTION('',(0.,0.,1.));
#1566 = DIRECTION('',(1.,0.,-0.));
#1567 = FACE_BOUND('',#1568,.T.);
#1568 = EDGE_LOOP('',(#1569,#1579,#1587,#1595,#1603,#1611,#1620,#1629,
    #1637,#1646));
#1569 = ORIENTED_EDGE('',*,*,#1570,.F.);
#1570 = EDGE_CURVE('',#1571,#1573,#1575,.T.);
#1571 = VERTEX_POINT('',#1572);
#1572 = CARTESIAN_POINT('',(55.5565,-34.976,0.71));
#1573 = VERTEX_POINT('',#1574);
#1574 = CARTESIAN_POINT('',(55.556002544174,-36.568057626,0.71));
#1575 = LINE('',#1576,#1577);
#1576 = CARTESIAN_POINT('',(55.5565,-34.976,0.71));
#1577 = VECTOR('',#1578,1.);
#1578 = DIRECTION('',(-3.124609271306E-04,-0.999999951184,0.));
#1579 = ORIENTED_EDGE('',*,*,#1580,.F.);
#1580 = EDGE_CURVE('',#1581,#1571,#1583,.T.);
#1581 = VERTEX_POINT('',#1582);
#1582 = CARTESIAN_POINT('',(55.9375,-34.595,0.71));
#1583 = LINE('',#1584,#1585);
#1584 = CARTESIAN_POINT('',(55.9375,-34.595,0.71));
#1585 = VECTOR('',#1586,1.);
#1586 = DIRECTION('',(-0.707106781187,-0.707106781187,0.));
#1587 = ORIENTED_EDGE('',*,*,#1588,.F.);
#1588 = EDGE_CURVE('',#1589,#1581,#1591,.T.);
#1589 = VERTEX_POINT('',#1590);
#1590 = CARTESIAN_POINT('',(57.5885,-34.595,0.71));
#1591 = LINE('',#1592,#1593);
#1592 = CARTESIAN_POINT('',(57.5885,-34.595,0.71));
#1593 = VECTOR('',#1594,1.);
#1594 = DIRECTION('',(-1.,0.,0.));
#1595 = ORIENTED_EDGE('',*,*,#1596,.F.);
#1596 = EDGE_CURVE('',#1597,#1589,#1599,.T.);
#1597 = VERTEX_POINT('',#1598);
#1598 = CARTESIAN_POINT('',(57.9695,-34.976,0.71));
#1599 = LINE('',#1600,#1601);
#1600 = CARTESIAN_POINT('',(57.9695,-34.976,0.71));
#1601 = VECTOR('',#1602,1.);
#1602 = DIRECTION('',(-0.707106781187,0.707106781187,0.));
#1603 = ORIENTED_EDGE('',*,*,#1604,.F.);
#1604 = EDGE_CURVE('',#1605,#1597,#1607,.T.);
#1605 = VERTEX_POINT('',#1606);
#1606 = CARTESIAN_POINT('',(57.969002543256,-36.56806056323,0.71));
#1607 = LINE('',#1608,#1609);
#1608 = CARTESIAN_POINT('',(57.969,-36.5762,0.71));
#1609 = VECTOR('',#1610,1.);
#1610 = DIRECTION('',(3.124609271262E-04,0.999999951184,0.));
#1611 = ORIENTED_EDGE('',*,*,#1612,.T.);
#1612 = EDGE_CURVE('',#1605,#1613,#1615,.T.);
#1613 = VERTEX_POINT('',#1614);
#1614 = CARTESIAN_POINT('',(57.715,-37.516,0.71));
#1615 = CIRCLE('',#1616,0.508);
#1616 = AXIS2_PLACEMENT_3D('',#1617,#1618,#1619);
#1617 = CARTESIAN_POINT('',(57.715,-37.008,0.71));
#1618 = DIRECTION('',(-0.,0.,-1.));
#1619 = DIRECTION('',(-0.,-1.,0.));
#1620 = ORIENTED_EDGE('',*,*,#1621,.T.);
#1621 = EDGE_CURVE('',#1613,#1622,#1624,.T.);
#1622 = VERTEX_POINT('',#1623);
#1623 = CARTESIAN_POINT('',(57.275059094878,-37.262,0.71));
#1624 = CIRCLE('',#1625,0.508);
#1625 = AXIS2_PLACEMENT_3D('',#1626,#1627,#1628);
#1626 = CARTESIAN_POINT('',(57.715,-37.008,0.71));
#1627 = DIRECTION('',(-0.,0.,-1.));
#1628 = DIRECTION('',(-0.,-1.,0.));
#1629 = ORIENTED_EDGE('',*,*,#1630,.F.);
#1630 = EDGE_CURVE('',#1631,#1622,#1633,.T.);
#1631 = VERTEX_POINT('',#1632);
#1632 = CARTESIAN_POINT('',(56.249940905123,-37.262,0.71));
#1633 = LINE('',#1634,#1635);
#1634 = CARTESIAN_POINT('',(56.2418,-37.262,0.71));
#1635 = VECTOR('',#1636,1.);
#1636 = DIRECTION('',(1.,0.,0.));
#1637 = ORIENTED_EDGE('',*,*,#1638,.T.);
#1638 = EDGE_CURVE('',#1631,#1639,#1641,.T.);
#1639 = VERTEX_POINT('',#1640);
#1640 = CARTESIAN_POINT('',(55.81,-37.516,0.71));
#1641 = CIRCLE('',#1642,0.508);
#1642 = AXIS2_PLACEMENT_3D('',#1643,#1644,#1645);
#1643 = CARTESIAN_POINT('',(55.81,-37.008,0.71));
#1644 = DIRECTION('',(-0.,0.,-1.));
#1645 = DIRECTION('',(-0.,-1.,0.));
#1646 = ORIENTED_EDGE('',*,*,#1647,.T.);
#1647 = EDGE_CURVE('',#1639,#1573,#1648,.T.);
#1648 = CIRCLE('',#1649,0.508);
#1649 = AXIS2_PLACEMENT_3D('',#1650,#1651,#1652);
#1650 = CARTESIAN_POINT('',(55.81,-37.008,0.71));
#1651 = DIRECTION('',(-0.,0.,-1.));
#1652 = DIRECTION('',(-0.,-1.,0.));
#1653 = FACE_BOUND('',#1654,.T.);
#1654 = EDGE_LOOP('',(#1655,#1665,#1674,#1682,#1690,#1698,#1706,#1714,
    #1723));
#1655 = ORIENTED_EDGE('',*,*,#1656,.F.);
#1656 = EDGE_CURVE('',#1657,#1659,#1661,.T.);
#1657 = VERTEX_POINT('',#1658);
#1658 = CARTESIAN_POINT('',(47.301,-26.01794090512,0.71));
#1659 = VERTEX_POINT('',#1660);
#1660 = CARTESIAN_POINT('',(47.301,-27.04305909487,0.71));
#1661 = LINE('',#1662,#1663);
#1662 = CARTESIAN_POINT('',(47.301,-26.0098,0.71));
#1663 = VECTOR('',#1664,1.);
#1664 = DIRECTION('',(0.,-1.,0.));
#1665 = ORIENTED_EDGE('',*,*,#1666,.T.);
#1666 = EDGE_CURVE('',#1657,#1667,#1669,.T.);
#1667 = VERTEX_POINT('',#1668);
#1668 = CARTESIAN_POINT('',(47.994940905123,-25.324,0.71));
#1669 = CIRCLE('',#1670,0.508);
#1670 = AXIS2_PLACEMENT_3D('',#1671,#1672,#1673);
#1671 = CARTESIAN_POINT('',(47.555,-25.578,0.71));
#1672 = DIRECTION('',(-0.,0.,-1.));
#1673 = DIRECTION('',(-0.,-1.,0.));
#1674 = ORIENTED_EDGE('',*,*,#1675,.F.);
#1675 = EDGE_CURVE('',#1676,#1667,#1678,.T.);
#1676 = VERTEX_POINT('',#1677);
#1677 = CARTESIAN_POINT('',(49.587,-25.324,0.71));
#1678 = LINE('',#1679,#1680);
#1679 = CARTESIAN_POINT('',(49.587,-25.324,0.71));
#1680 = VECTOR('',#1681,1.);
#1681 = DIRECTION('',(-1.,0.,0.));
#1682 = ORIENTED_EDGE('',*,*,#1683,.F.);
#1683 = EDGE_CURVE('',#1684,#1676,#1686,.T.);
#1684 = VERTEX_POINT('',#1685);
#1685 = CARTESIAN_POINT('',(49.968,-25.705,0.71));
#1686 = LINE('',#1687,#1688);
#1687 = CARTESIAN_POINT('',(49.968,-25.705,0.71));
#1688 = VECTOR('',#1689,1.);
#1689 = DIRECTION('',(-0.707106781187,0.707106781187,0.));
#1690 = ORIENTED_EDGE('',*,*,#1691,.F.);
#1691 = EDGE_CURVE('',#1692,#1684,#1694,.T.);
#1692 = VERTEX_POINT('',#1693);
#1693 = CARTESIAN_POINT('',(49.968,-27.356,0.71));
#1694 = LINE('',#1695,#1696);
#1695 = CARTESIAN_POINT('',(49.968,-27.356,0.71));
#1696 = VECTOR('',#1697,1.);
#1697 = DIRECTION('',(0.,1.,0.));
#1698 = ORIENTED_EDGE('',*,*,#1699,.F.);
#1699 = EDGE_CURVE('',#1700,#1692,#1702,.T.);
#1700 = VERTEX_POINT('',#1701);
#1701 = CARTESIAN_POINT('',(49.587,-27.737,0.71));
#1702 = LINE('',#1703,#1704);
#1703 = CARTESIAN_POINT('',(49.587,-27.737,0.71));
#1704 = VECTOR('',#1705,1.);
#1705 = DIRECTION('',(0.707106781187,0.707106781187,0.));
#1706 = ORIENTED_EDGE('',*,*,#1707,.F.);
#1707 = EDGE_CURVE('',#1708,#1700,#1710,.T.);
#1708 = VERTEX_POINT('',#1709);
#1709 = CARTESIAN_POINT('',(47.994940905122,-27.737,0.71));
#1710 = LINE('',#1711,#1712);
#1711 = CARTESIAN_POINT('',(47.9868,-27.737,0.71));
#1712 = VECTOR('',#1713,1.);
#1713 = DIRECTION('',(1.,0.,0.));
#1714 = ORIENTED_EDGE('',*,*,#1715,.T.);
#1715 = EDGE_CURVE('',#1708,#1716,#1718,.T.);
#1716 = VERTEX_POINT('',#1717);
#1717 = CARTESIAN_POINT('',(47.555,-27.991,0.71));
#1718 = CIRCLE('',#1719,0.508);
#1719 = AXIS2_PLACEMENT_3D('',#1720,#1721,#1722);
#1720 = CARTESIAN_POINT('',(47.555,-27.483,0.71));
#1721 = DIRECTION('',(-0.,0.,-1.));
#1722 = DIRECTION('',(-0.,-1.,0.));
#1723 = ORIENTED_EDGE('',*,*,#1724,.T.);
#1724 = EDGE_CURVE('',#1716,#1659,#1725,.T.);
#1725 = CIRCLE('',#1726,0.508);
#1726 = AXIS2_PLACEMENT_3D('',#1727,#1728,#1729);
#1727 = CARTESIAN_POINT('',(47.555,-27.483,0.71));
#1728 = DIRECTION('',(-0.,0.,-1.));
#1729 = DIRECTION('',(-0.,-1.,0.));
#1730 = FACE_BOUND('',#1731,.T.);
#1731 = EDGE_LOOP('',(#1732));
#1732 = ORIENTED_EDGE('',*,*,#1733,.F.);
#1733 = EDGE_CURVE('',#1734,#1734,#1736,.T.);
#1734 = VERTEX_POINT('',#1735);
#1735 = CARTESIAN_POINT('',(40.,-18.7,0.71));
#1736 = CIRCLE('',#1737,1.1);
#1737 = AXIS2_PLACEMENT_3D('',#1738,#1739,#1740);
#1738 = CARTESIAN_POINT('',(38.9,-18.7,0.71));
#1739 = DIRECTION('',(0.,0.,1.));
#1740 = DIRECTION('',(1.,0.,-0.));
#1741 = FACE_BOUND('',#1742,.T.);
#1742 = EDGE_LOOP('',(#1743,#1753,#1762,#1770,#1779,#1787,#1796,#1805,
    #1813,#1822));
#1743 = ORIENTED_EDGE('',*,*,#1744,.F.);
#1744 = EDGE_CURVE('',#1745,#1747,#1749,.T.);
#1745 = VERTEX_POINT('',#1746);
#1746 = CARTESIAN_POINT('',(50.476,-19.66794090512,0.71));
#1747 = VERTEX_POINT('',#1748);
#1748 = CARTESIAN_POINT('',(50.476,-21.32805909487,0.71));
#1749 = LINE('',#1750,#1751);
#1750 = CARTESIAN_POINT('',(50.476,-19.6598,0.71));
#1751 = VECTOR('',#1752,1.);
#1752 = DIRECTION('',(0.,-1.,0.));
#1753 = ORIENTED_EDGE('',*,*,#1754,.T.);
#1754 = EDGE_CURVE('',#1745,#1755,#1757,.T.);
#1755 = VERTEX_POINT('',#1756);
#1756 = CARTESIAN_POINT('',(51.169940905122,-18.974,0.71));
#1757 = CIRCLE('',#1758,0.508);
#1758 = AXIS2_PLACEMENT_3D('',#1759,#1760,#1761);
#1759 = CARTESIAN_POINT('',(50.73,-19.228,0.71));
#1760 = DIRECTION('',(-0.,0.,-1.));
#1761 = DIRECTION('',(-1.398706172756E-14,-1.,0.));
#1762 = ORIENTED_EDGE('',*,*,#1763,.F.);
#1763 = EDGE_CURVE('',#1764,#1755,#1766,.T.);
#1764 = VERTEX_POINT('',#1765);
#1765 = CARTESIAN_POINT('',(52.830059094877,-18.974,0.71));
#1766 = LINE('',#1767,#1768);
#1767 = CARTESIAN_POINT('',(52.8382,-18.974,0.71));
#1768 = VECTOR('',#1769,1.);
#1769 = DIRECTION('',(-1.,0.,0.));
#1770 = ORIENTED_EDGE('',*,*,#1771,.T.);
#1771 = EDGE_CURVE('',#1764,#1772,#1774,.T.);
#1772 = VERTEX_POINT('',#1773);
#1773 = CARTESIAN_POINT('',(53.524,-19.66794090512,0.71));
#1774 = CIRCLE('',#1775,0.508);
#1775 = AXIS2_PLACEMENT_3D('',#1776,#1777,#1778);
#1776 = CARTESIAN_POINT('',(53.27,-19.228,0.71));
#1777 = DIRECTION('',(-0.,0.,-1.));
#1778 = DIRECTION('',(1.398706172756E-14,-1.,-0.));
#1779 = ORIENTED_EDGE('',*,*,#1780,.F.);
#1780 = EDGE_CURVE('',#1781,#1772,#1783,.T.);
#1781 = VERTEX_POINT('',#1782);
#1782 = CARTESIAN_POINT('',(53.524,-21.32805909487,0.71));
#1783 = LINE('',#1784,#1785);
#1784 = CARTESIAN_POINT('',(53.524,-21.3362,0.71));
#1785 = VECTOR('',#1786,1.);
#1786 = DIRECTION('',(0.,1.,0.));
#1787 = ORIENTED_EDGE('',*,*,#1788,.T.);
#1788 = EDGE_CURVE('',#1781,#1789,#1791,.T.);
#1789 = VERTEX_POINT('',#1790);
#1790 = CARTESIAN_POINT('',(53.27,-22.276,0.71));
#1791 = CIRCLE('',#1792,0.508);
#1792 = AXIS2_PLACEMENT_3D('',#1793,#1794,#1795);
#1793 = CARTESIAN_POINT('',(53.27,-21.768,0.71));
#1794 = DIRECTION('',(-0.,0.,-1.));
#1795 = DIRECTION('',(1.398706172756E-14,-1.,-0.));
#1796 = ORIENTED_EDGE('',*,*,#1797,.T.);
#1797 = EDGE_CURVE('',#1789,#1798,#1800,.T.);
#1798 = VERTEX_POINT('',#1799);
#1799 = CARTESIAN_POINT('',(52.830059094878,-22.022,0.71));
#1800 = CIRCLE('',#1801,0.508);
#1801 = AXIS2_PLACEMENT_3D('',#1802,#1803,#1804);
#1802 = CARTESIAN_POINT('',(53.27,-21.768,0.71));
#1803 = DIRECTION('',(-0.,0.,-1.));
#1804 = DIRECTION('',(1.398706172756E-14,-1.,-0.));
#1805 = ORIENTED_EDGE('',*,*,#1806,.F.);
#1806 = EDGE_CURVE('',#1807,#1798,#1809,.T.);
#1807 = VERTEX_POINT('',#1808);
#1808 = CARTESIAN_POINT('',(51.169940905123,-22.022,0.71));
#1809 = LINE('',#1810,#1811);
#1810 = CARTESIAN_POINT('',(51.1618,-22.022,0.71));
#1811 = VECTOR('',#1812,1.);
#1812 = DIRECTION('',(1.,0.,0.));
#1813 = ORIENTED_EDGE('',*,*,#1814,.T.);
#1814 = EDGE_CURVE('',#1807,#1815,#1817,.T.);
#1815 = VERTEX_POINT('',#1816);
#1816 = CARTESIAN_POINT('',(50.73,-22.276,0.71));
#1817 = CIRCLE('',#1818,0.508);
#1818 = AXIS2_PLACEMENT_3D('',#1819,#1820,#1821);
#1819 = CARTESIAN_POINT('',(50.73,-21.768,0.71));
#1820 = DIRECTION('',(-0.,0.,-1.));
#1821 = DIRECTION('',(-1.398706172756E-14,-1.,0.));
#1822 = ORIENTED_EDGE('',*,*,#1823,.T.);
#1823 = EDGE_CURVE('',#1815,#1747,#1824,.T.);
#1824 = CIRCLE('',#1825,0.508);
#1825 = AXIS2_PLACEMENT_3D('',#1826,#1827,#1828);
#1826 = CARTESIAN_POINT('',(50.73,-21.768,0.71));
#1827 = DIRECTION('',(-0.,0.,-1.));
#1828 = DIRECTION('',(-1.398706172756E-14,-1.,0.));
#1829 = FACE_BOUND('',#1830,.T.);
#1830 = EDGE_LOOP('',(#1831));
#1831 = ORIENTED_EDGE('',*,*,#1832,.F.);
#1832 = EDGE_CURVE('',#1833,#1833,#1835,.T.);
#1833 = VERTEX_POINT('',#1834);
#1834 = CARTESIAN_POINT('',(95.7,-51.75,0.71));
#1835 = CIRCLE('',#1836,0.5);
#1836 = AXIS2_PLACEMENT_3D('',#1837,#1838,#1839);
#1837 = CARTESIAN_POINT('',(95.2,-51.75,0.71));
#1838 = DIRECTION('',(0.,0.,1.));
#1839 = DIRECTION('',(1.,0.,-0.));
#1840 = FACE_BOUND('',#1841,.T.);
#1841 = EDGE_LOOP('',(#1842));
#1842 = ORIENTED_EDGE('',*,*,#1843,.F.);
#1843 = EDGE_CURVE('',#1844,#1844,#1846,.T.);
#1844 = VERTEX_POINT('',#1845);
#1845 = CARTESIAN_POINT('',(112.7,-51.75,0.71));
#1846 = CIRCLE('',#1847,0.5);
#1847 = AXIS2_PLACEMENT_3D('',#1848,#1849,#1850);
#1848 = CARTESIAN_POINT('',(112.2,-51.75,0.71));
#1849 = DIRECTION('',(0.,0.,1.));
#1850 = DIRECTION('',(1.,0.,-0.));
#1851 = FACE_BOUND('',#1852,.T.);
#1852 = EDGE_LOOP('',(#1853));
#1853 = ORIENTED_EDGE('',*,*,#1854,.F.);
#1854 = EDGE_CURVE('',#1855,#1855,#1857,.T.);
#1855 = VERTEX_POINT('',#1856);
#1856 = CARTESIAN_POINT('',(107.4,-46.25,0.71));
#1857 = CIRCLE('',#1858,0.6);
#1858 = AXIS2_PLACEMENT_3D('',#1859,#1860,#1861);
#1859 = CARTESIAN_POINT('',(106.8,-46.25,0.71));
#1860 = DIRECTION('',(0.,0.,1.));
#1861 = DIRECTION('',(1.,0.,-0.));
#1862 = FACE_BOUND('',#1863,.T.);
#1863 = EDGE_LOOP('',(#1864));
#1864 = ORIENTED_EDGE('',*,*,#1865,.F.);
#1865 = EDGE_CURVE('',#1866,#1866,#1868,.T.);
#1866 = VERTEX_POINT('',#1867);
#1867 = CARTESIAN_POINT('',(129.7,-51.75,0.71));
#1868 = CIRCLE('',#1869,0.5);
#1869 = AXIS2_PLACEMENT_3D('',#1870,#1871,#1872);
#1870 = CARTESIAN_POINT('',(129.2,-51.75,0.71));
#1871 = DIRECTION('',(0.,0.,1.));
#1872 = DIRECTION('',(1.,0.,-0.));
#1873 = FACE_BOUND('',#1874,.T.);
#1874 = EDGE_LOOP('',(#1875));
#1875 = ORIENTED_EDGE('',*,*,#1876,.F.);
#1876 = EDGE_CURVE('',#1877,#1877,#1879,.T.);
#1877 = VERTEX_POINT('',#1878);
#1878 = CARTESIAN_POINT('',(124.4,-46.25,0.71));
#1879 = CIRCLE('',#1880,0.6);
#1880 = AXIS2_PLACEMENT_3D('',#1881,#1882,#1883);
#1881 = CARTESIAN_POINT('',(123.8,-46.25,0.71));
#1882 = DIRECTION('',(0.,0.,1.));
#1883 = DIRECTION('',(1.,0.,-0.));
#1884 = FACE_BOUND('',#1885,.T.);
#1885 = EDGE_LOOP('',(#1886));
#1886 = ORIENTED_EDGE('',*,*,#1887,.F.);
#1887 = EDGE_CURVE('',#1888,#1888,#1890,.T.);
#1888 = VERTEX_POINT('',#1889);
#1889 = CARTESIAN_POINT('',(141.4,-46.25,0.71));
#1890 = CIRCLE('',#1891,0.6);
#1891 = AXIS2_PLACEMENT_3D('',#1892,#1893,#1894);
#1892 = CARTESIAN_POINT('',(140.8,-46.25,0.71));
#1893 = DIRECTION('',(0.,0.,1.));
#1894 = DIRECTION('',(1.,0.,-0.));
#1895 = FACE_BOUND('',#1896,.T.);
#1896 = EDGE_LOOP('',(#1897));
#1897 = ORIENTED_EDGE('',*,*,#1898,.T.);
#1898 = EDGE_CURVE('',#1899,#1899,#1901,.T.);
#1899 = VERTEX_POINT('',#1900);
#1900 = CARTESIAN_POINT('',(146.4255,-30.45,0.71));
#1901 = CIRCLE('',#1902,0.45);
#1902 = AXIS2_PLACEMENT_3D('',#1903,#1904,#1905);
#1903 = CARTESIAN_POINT('',(146.4255,-30.,0.71));
#1904 = DIRECTION('',(-0.,0.,-1.));
#1905 = DIRECTION('',(-0.,-1.,0.));
#1906 = FACE_BOUND('',#1907,.T.);
#1907 = EDGE_LOOP('',(#1908));
#1908 = ORIENTED_EDGE('',*,*,#1909,.T.);
#1909 = EDGE_CURVE('',#1910,#1910,#1912,.T.);
#1910 = VERTEX_POINT('',#1911);
#1911 = CARTESIAN_POINT('',(146.4255,-27.45,0.71));
#1912 = CIRCLE('',#1913,0.45);
#1913 = AXIS2_PLACEMENT_3D('',#1914,#1915,#1916);
#1914 = CARTESIAN_POINT('',(146.4255,-27.,0.71));
#1915 = DIRECTION('',(-0.,0.,-1.));
#1916 = DIRECTION('',(-0.,-1.,0.));
#1917 = FACE_BOUND('',#1918,.T.);
#1918 = EDGE_LOOP('',(#1919));
#1919 = ORIENTED_EDGE('',*,*,#1920,.F.);
#1920 = EDGE_CURVE('',#1921,#1921,#1923,.T.);
#1921 = VERTEX_POINT('',#1922);
#1922 = CARTESIAN_POINT('',(147.2,-18.7,0.71));
#1923 = CIRCLE('',#1924,1.1);
#1924 = AXIS2_PLACEMENT_3D('',#1925,#1926,#1927);
#1925 = CARTESIAN_POINT('',(146.1,-18.7,0.71));
#1926 = DIRECTION('',(0.,0.,1.));
#1927 = DIRECTION('',(1.,0.,-0.));
#1928 = PLANE('',#1929);
#1929 = AXIS2_PLACEMENT_3D('',#1930,#1931,#1932);
#1930 = CARTESIAN_POINT('',(0.,0.,0.71));
#1931 = DIRECTION('',(0.,0.,1.));
#1932 = DIRECTION('',(1.,0.,-0.));
#1933 = ADVANCED_FACE('',(#1934),#1945,.T.);
#1934 = FACE_BOUND('',#1935,.T.);
#1935 = EDGE_LOOP('',(#1936,#1942,#1943,#1944));
#1936 = ORIENTED_EDGE('',*,*,#1937,.T.);
#1937 = EDGE_CURVE('',#146,#1043,#1938,.T.);
#1938 = LINE('',#1939,#1940);
#1939 = CARTESIAN_POINT('',(36.8,-17.6,0.));
#1940 = VECTOR('',#1941,1.);
#1941 = DIRECTION('',(0.,0.,1.));
#1942 = ORIENTED_EDGE('',*,*,#1042,.T.);
#1943 = ORIENTED_EDGE('',*,*,#81,.F.);
#1944 = ORIENTED_EDGE('',*,*,#145,.F.);
#1945 = CYLINDRICAL_SURFACE('',#1946,0.999999252925);
#1946 = AXIS2_PLACEMENT_3D('',#1947,#1948,#1949);
#1947 = CARTESIAN_POINT('',(37.799999252925,-17.59999925292,0.));
#1948 = DIRECTION('',(0.,0.,-1.));
#1949 = DIRECTION('',(-1.,-7.470757420593E-07,-0.));
#1950 = ADVANCED_FACE('',(#1951),#1962,.T.);
#1951 = FACE_BOUND('',#1952,.T.);
#1952 = EDGE_LOOP('',(#1953,#1954,#1955,#1961));
#1953 = ORIENTED_EDGE('',*,*,#121,.T.);
#1954 = ORIENTED_EDGE('',*,*,#1076,.T.);
#1955 = ORIENTED_EDGE('',*,*,#1956,.F.);
#1956 = EDGE_CURVE('',#172,#1069,#1957,.T.);
#1957 = LINE('',#1958,#1959);
#1958 = CARTESIAN_POINT('',(147.2,-113.2,0.));
#1959 = VECTOR('',#1960,1.);
#1960 = DIRECTION('',(0.,0.,1.));
#1961 = ORIENTED_EDGE('',*,*,#179,.F.);
#1962 = CYLINDRICAL_SURFACE('',#1963,0.999999252925);
#1963 = AXIS2_PLACEMENT_3D('',#1964,#1965,#1966);
#1964 = CARTESIAN_POINT('',(147.20000074707,-112.200000747,0.));
#1965 = DIRECTION('',(0.,0.,-1.));
#1966 = DIRECTION('',(1.,7.470757349539E-07,0.));
#1967 = ADVANCED_FACE('',(#1968),#1979,.T.);
#1968 = FACE_BOUND('',#1969,.T.);
#1969 = EDGE_LOOP('',(#1970,#1976,#1977,#1978));
#1970 = ORIENTED_EDGE('',*,*,#1971,.T.);
#1971 = EDGE_CURVE('',#155,#1052,#1972,.T.);
#1972 = LINE('',#1973,#1974);
#1973 = CARTESIAN_POINT('',(36.8,-112.2,0.));
#1974 = VECTOR('',#1975,1.);
#1975 = DIRECTION('',(0.,0.,1.));
#1976 = ORIENTED_EDGE('',*,*,#1051,.T.);
#1977 = ORIENTED_EDGE('',*,*,#1937,.F.);
#1978 = ORIENTED_EDGE('',*,*,#154,.F.);
#1979 = PLANE('',#1980);
#1980 = AXIS2_PLACEMENT_3D('',#1981,#1982,#1983);
#1981 = CARTESIAN_POINT('',(36.8,-112.2,0.));
#1982 = DIRECTION('',(-1.,0.,0.));
#1983 = DIRECTION('',(0.,1.,0.));
#1984 = ADVANCED_FACE('',(#1985),#1996,.T.);
#1985 = FACE_BOUND('',#1986,.T.);
#1986 = EDGE_LOOP('',(#1987,#1988,#1989,#1995));
#1987 = ORIENTED_EDGE('',*,*,#1956,.T.);
#1988 = ORIENTED_EDGE('',*,*,#1068,.T.);
#1989 = ORIENTED_EDGE('',*,*,#1990,.F.);
#1990 = EDGE_CURVE('',#163,#1060,#1991,.T.);
#1991 = LINE('',#1992,#1993);
#1992 = CARTESIAN_POINT('',(37.8,-113.2,0.));
#1993 = VECTOR('',#1994,1.);
#1994 = DIRECTION('',(0.,0.,1.));
#1995 = ORIENTED_EDGE('',*,*,#171,.F.);
#1996 = PLANE('',#1997);
#1997 = AXIS2_PLACEMENT_3D('',#1998,#1999,#2000);
#1998 = CARTESIAN_POINT('',(147.2,-113.2,0.));
#1999 = DIRECTION('',(0.,-1.,0.));
#2000 = DIRECTION('',(-1.,0.,0.));
#2001 = ADVANCED_FACE('',(#2002),#2008,.T.);
#2002 = FACE_BOUND('',#2003,.T.);
#2003 = EDGE_LOOP('',(#2004,#2005,#2006,#2007));
#2004 = ORIENTED_EDGE('',*,*,#1990,.T.);
#2005 = ORIENTED_EDGE('',*,*,#1059,.T.);
#2006 = ORIENTED_EDGE('',*,*,#1971,.F.);
#2007 = ORIENTED_EDGE('',*,*,#162,.F.);
#2008 = CYLINDRICAL_SURFACE('',#2009,0.999999252925);
#2009 = AXIS2_PLACEMENT_3D('',#2010,#2011,#2012);
#2010 = CARTESIAN_POINT('',(37.799999252925,-112.200000747,0.));
#2011 = DIRECTION('',(0.,0.,-1.));
#2012 = DIRECTION('',(7.470757349539E-07,-1.,0.));
#2013 = ADVANCED_FACE('',(#2014),#2025,.F.);
#2014 = FACE_BOUND('',#2015,.T.);
#2015 = EDGE_LOOP('',(#2016,#2022,#2023,#2024));
#2016 = ORIENTED_EDGE('',*,*,#2017,.T.);
#2017 = EDGE_CURVE('',#190,#1087,#2018,.T.);
#2018 = LINE('',#2019,#2020);
#2019 = CARTESIAN_POINT('',(40.,-105.1,0.));
#2020 = VECTOR('',#2021,1.);
#2021 = DIRECTION('',(0.,0.,1.));
#2022 = ORIENTED_EDGE('',*,*,#1086,.T.);
#2023 = ORIENTED_EDGE('',*,*,#2017,.F.);
#2024 = ORIENTED_EDGE('',*,*,#189,.F.);
#2025 = CYLINDRICAL_SURFACE('',#2026,1.1);
#2026 = AXIS2_PLACEMENT_3D('',#2027,#2028,#2029);
#2027 = CARTESIAN_POINT('',(38.9,-105.1,0.));
#2028 = DIRECTION('',(-0.,-0.,-1.));
#2029 = DIRECTION('',(1.,0.,-0.));
#2030 = ADVANCED_FACE('',(#2031),#2042,.F.);
#2031 = FACE_BOUND('',#2032,.T.);
#2032 = EDGE_LOOP('',(#2033,#2039,#2040,#2041));
#2033 = ORIENTED_EDGE('',*,*,#2034,.T.);
#2034 = EDGE_CURVE('',#201,#1098,#2035,.T.);
#2035 = LINE('',#2036,#2037);
#2036 = CARTESIAN_POINT('',(44.7,-102.75,0.));
#2037 = VECTOR('',#2038,1.);
#2038 = DIRECTION('',(0.,0.,1.));
#2039 = ORIENTED_EDGE('',*,*,#1097,.T.);
#2040 = ORIENTED_EDGE('',*,*,#2034,.F.);
#2041 = ORIENTED_EDGE('',*,*,#200,.F.);
#2042 = CYLINDRICAL_SURFACE('',#2043,0.5);
#2043 = AXIS2_PLACEMENT_3D('',#2044,#2045,#2046);
#2044 = CARTESIAN_POINT('',(44.2,-102.75,0.));
#2045 = DIRECTION('',(-0.,-0.,-1.));
#2046 = DIRECTION('',(1.,0.,-0.));
#2047 = ADVANCED_FACE('',(#2048),#2059,.F.);
#2048 = FACE_BOUND('',#2049,.T.);
#2049 = EDGE_LOOP('',(#2050,#2056,#2057,#2058));
#2050 = ORIENTED_EDGE('',*,*,#2051,.T.);
#2051 = EDGE_CURVE('',#212,#1109,#2052,.T.);
#2052 = LINE('',#2053,#2054);
#2053 = CARTESIAN_POINT('',(61.7,-102.75,0.));
#2054 = VECTOR('',#2055,1.);
#2055 = DIRECTION('',(0.,0.,1.));
#2056 = ORIENTED_EDGE('',*,*,#1108,.T.);
#2057 = ORIENTED_EDGE('',*,*,#2051,.F.);
#2058 = ORIENTED_EDGE('',*,*,#211,.F.);
#2059 = CYLINDRICAL_SURFACE('',#2060,0.5);
#2060 = AXIS2_PLACEMENT_3D('',#2061,#2062,#2063);
#2061 = CARTESIAN_POINT('',(61.2,-102.75,0.));
#2062 = DIRECTION('',(-0.,-0.,-1.));
#2063 = DIRECTION('',(1.,0.,-0.));
#2064 = ADVANCED_FACE('',(#2065),#2076,.F.);
#2065 = FACE_BOUND('',#2066,.T.);
#2066 = EDGE_LOOP('',(#2067,#2073,#2074,#2075));
#2067 = ORIENTED_EDGE('',*,*,#2068,.T.);
#2068 = EDGE_CURVE('',#223,#1120,#2069,.T.);
#2069 = LINE('',#2070,#2071);
#2070 = CARTESIAN_POINT('',(56.4,-97.25,0.));
#2071 = VECTOR('',#2072,1.);
#2072 = DIRECTION('',(0.,0.,1.));
#2073 = ORIENTED_EDGE('',*,*,#1119,.T.);
#2074 = ORIENTED_EDGE('',*,*,#2068,.F.);
#2075 = ORIENTED_EDGE('',*,*,#222,.F.);
#2076 = CYLINDRICAL_SURFACE('',#2077,0.6);
#2077 = AXIS2_PLACEMENT_3D('',#2078,#2079,#2080);
#2078 = CARTESIAN_POINT('',(55.8,-97.25,0.));
#2079 = DIRECTION('',(-0.,-0.,-1.));
#2080 = DIRECTION('',(1.,0.,-0.));
#2081 = ADVANCED_FACE('',(#2082),#2093,.F.);
#2082 = FACE_BOUND('',#2083,.T.);
#2083 = EDGE_LOOP('',(#2084,#2090,#2091,#2092));
#2084 = ORIENTED_EDGE('',*,*,#2085,.T.);
#2085 = EDGE_CURVE('',#234,#1131,#2086,.T.);
#2086 = LINE('',#2087,#2088);
#2087 = CARTESIAN_POINT('',(44.7,-85.75,0.));
#2088 = VECTOR('',#2089,1.);
#2089 = DIRECTION('',(0.,0.,1.));
#2090 = ORIENTED_EDGE('',*,*,#1130,.T.);
#2091 = ORIENTED_EDGE('',*,*,#2085,.F.);
#2092 = ORIENTED_EDGE('',*,*,#233,.F.);
#2093 = CYLINDRICAL_SURFACE('',#2094,0.5);
#2094 = AXIS2_PLACEMENT_3D('',#2095,#2096,#2097);
#2095 = CARTESIAN_POINT('',(44.2,-85.75,0.));
#2096 = DIRECTION('',(-0.,-0.,-1.));
#2097 = DIRECTION('',(1.,0.,-0.));
#2098 = ADVANCED_FACE('',(#2099),#2110,.F.);
#2099 = FACE_BOUND('',#2100,.T.);
#2100 = EDGE_LOOP('',(#2101,#2107,#2108,#2109));
#2101 = ORIENTED_EDGE('',*,*,#2102,.T.);
#2102 = EDGE_CURVE('',#245,#1142,#2103,.T.);
#2103 = LINE('',#2104,#2105);
#2104 = CARTESIAN_POINT('',(61.7,-85.75,0.));
#2105 = VECTOR('',#2106,1.);
#2106 = DIRECTION('',(0.,0.,1.));
#2107 = ORIENTED_EDGE('',*,*,#1141,.T.);
#2108 = ORIENTED_EDGE('',*,*,#2102,.F.);
#2109 = ORIENTED_EDGE('',*,*,#244,.F.);
#2110 = CYLINDRICAL_SURFACE('',#2111,0.5);
#2111 = AXIS2_PLACEMENT_3D('',#2112,#2113,#2114);
#2112 = CARTESIAN_POINT('',(61.2,-85.75,0.));
#2113 = DIRECTION('',(-0.,-0.,-1.));
#2114 = DIRECTION('',(1.,0.,-0.));
#2115 = ADVANCED_FACE('',(#2116),#2127,.F.);
#2116 = FACE_BOUND('',#2117,.T.);
#2117 = EDGE_LOOP('',(#2118,#2124,#2125,#2126));
#2118 = ORIENTED_EDGE('',*,*,#2119,.T.);
#2119 = EDGE_CURVE('',#256,#1153,#2120,.T.);
#2120 = LINE('',#2121,#2122);
#2121 = CARTESIAN_POINT('',(78.7,-102.75,0.));
#2122 = VECTOR('',#2123,1.);
#2123 = DIRECTION('',(0.,0.,1.));
#2124 = ORIENTED_EDGE('',*,*,#1152,.T.);
#2125 = ORIENTED_EDGE('',*,*,#2119,.F.);
#2126 = ORIENTED_EDGE('',*,*,#255,.F.);
#2127 = CYLINDRICAL_SURFACE('',#2128,0.5);
#2128 = AXIS2_PLACEMENT_3D('',#2129,#2130,#2131);
#2129 = CARTESIAN_POINT('',(78.2,-102.75,0.));
#2130 = DIRECTION('',(-0.,-0.,-1.));
#2131 = DIRECTION('',(1.,0.,-0.));
#2132 = ADVANCED_FACE('',(#2133),#2144,.F.);
#2133 = FACE_BOUND('',#2134,.T.);
#2134 = EDGE_LOOP('',(#2135,#2141,#2142,#2143));
#2135 = ORIENTED_EDGE('',*,*,#2136,.T.);
#2136 = EDGE_CURVE('',#267,#1164,#2137,.T.);
#2137 = LINE('',#2138,#2139);
#2138 = CARTESIAN_POINT('',(73.4,-97.25,0.));
#2139 = VECTOR('',#2140,1.);
#2140 = DIRECTION('',(0.,0.,1.));
#2141 = ORIENTED_EDGE('',*,*,#1163,.T.);
#2142 = ORIENTED_EDGE('',*,*,#2136,.F.);
#2143 = ORIENTED_EDGE('',*,*,#266,.F.);
#2144 = CYLINDRICAL_SURFACE('',#2145,0.6);
#2145 = AXIS2_PLACEMENT_3D('',#2146,#2147,#2148);
#2146 = CARTESIAN_POINT('',(72.8,-97.25,0.));
#2147 = DIRECTION('',(-0.,-0.,-1.));
#2148 = DIRECTION('',(1.,0.,-0.));
#2149 = ADVANCED_FACE('',(#2150),#2161,.F.);
#2150 = FACE_BOUND('',#2151,.T.);
#2151 = EDGE_LOOP('',(#2152,#2158,#2159,#2160));
#2152 = ORIENTED_EDGE('',*,*,#2153,.T.);
#2153 = EDGE_CURVE('',#278,#1175,#2154,.T.);
#2154 = LINE('',#2155,#2156);
#2155 = CARTESIAN_POINT('',(90.4,-97.25,0.));
#2156 = VECTOR('',#2157,1.);
#2157 = DIRECTION('',(0.,0.,1.));
#2158 = ORIENTED_EDGE('',*,*,#1174,.T.);
#2159 = ORIENTED_EDGE('',*,*,#2153,.F.);
#2160 = ORIENTED_EDGE('',*,*,#277,.F.);
#2161 = CYLINDRICAL_SURFACE('',#2162,0.6);
#2162 = AXIS2_PLACEMENT_3D('',#2163,#2164,#2165);
#2163 = CARTESIAN_POINT('',(89.8,-97.25,0.));
#2164 = DIRECTION('',(-0.,-0.,-1.));
#2165 = DIRECTION('',(1.,0.,-0.));
#2166 = ADVANCED_FACE('',(#2167),#2178,.F.);
#2167 = FACE_BOUND('',#2168,.T.);
#2168 = EDGE_LOOP('',(#2169,#2175,#2176,#2177));
#2169 = ORIENTED_EDGE('',*,*,#2170,.T.);
#2170 = EDGE_CURVE('',#289,#1186,#2171,.T.);
#2171 = LINE('',#2172,#2173);
#2172 = CARTESIAN_POINT('',(78.7,-85.75,0.));
#2173 = VECTOR('',#2174,1.);
#2174 = DIRECTION('',(0.,0.,1.));
#2175 = ORIENTED_EDGE('',*,*,#1185,.T.);
#2176 = ORIENTED_EDGE('',*,*,#2170,.F.);
#2177 = ORIENTED_EDGE('',*,*,#288,.F.);
#2178 = CYLINDRICAL_SURFACE('',#2179,0.5);
#2179 = AXIS2_PLACEMENT_3D('',#2180,#2181,#2182);
#2180 = CARTESIAN_POINT('',(78.2,-85.75,0.));
#2181 = DIRECTION('',(-0.,-0.,-1.));
#2182 = DIRECTION('',(1.,0.,-0.));
#2183 = ADVANCED_FACE('',(#2184),#2195,.F.);
#2184 = FACE_BOUND('',#2185,.T.);
#2185 = EDGE_LOOP('',(#2186,#2192,#2193,#2194));
#2186 = ORIENTED_EDGE('',*,*,#2187,.T.);
#2187 = EDGE_CURVE('',#300,#1197,#2188,.T.);
#2188 = LINE('',#2189,#2190);
#2189 = CARTESIAN_POINT('',(56.4,-80.25,0.));
#2190 = VECTOR('',#2191,1.);
#2191 = DIRECTION('',(0.,0.,1.));
#2192 = ORIENTED_EDGE('',*,*,#1196,.T.);
#2193 = ORIENTED_EDGE('',*,*,#2187,.F.);
#2194 = ORIENTED_EDGE('',*,*,#299,.F.);
#2195 = CYLINDRICAL_SURFACE('',#2196,0.6);
#2196 = AXIS2_PLACEMENT_3D('',#2197,#2198,#2199);
#2197 = CARTESIAN_POINT('',(55.8,-80.25,0.));
#2198 = DIRECTION('',(-0.,-0.,-1.));
#2199 = DIRECTION('',(1.,0.,-0.));
#2200 = ADVANCED_FACE('',(#2201),#2212,.F.);
#2201 = FACE_BOUND('',#2202,.T.);
#2202 = EDGE_LOOP('',(#2203,#2209,#2210,#2211));
#2203 = ORIENTED_EDGE('',*,*,#2204,.T.);
#2204 = EDGE_CURVE('',#311,#1208,#2205,.T.);
#2205 = LINE('',#2206,#2207);
#2206 = CARTESIAN_POINT('',(44.7,-68.75,0.));
#2207 = VECTOR('',#2208,1.);
#2208 = DIRECTION('',(0.,0.,1.));
#2209 = ORIENTED_EDGE('',*,*,#1207,.T.);
#2210 = ORIENTED_EDGE('',*,*,#2204,.F.);
#2211 = ORIENTED_EDGE('',*,*,#310,.F.);
#2212 = CYLINDRICAL_SURFACE('',#2213,0.5);
#2213 = AXIS2_PLACEMENT_3D('',#2214,#2215,#2216);
#2214 = CARTESIAN_POINT('',(44.2,-68.75,0.));
#2215 = DIRECTION('',(-0.,-0.,-1.));
#2216 = DIRECTION('',(1.,0.,-0.));
#2217 = ADVANCED_FACE('',(#2218),#2229,.F.);
#2218 = FACE_BOUND('',#2219,.T.);
#2219 = EDGE_LOOP('',(#2220,#2226,#2227,#2228));
#2220 = ORIENTED_EDGE('',*,*,#2221,.T.);
#2221 = EDGE_CURVE('',#322,#1219,#2222,.T.);
#2222 = LINE('',#2223,#2224);
#2223 = CARTESIAN_POINT('',(61.7,-68.75,0.));
#2224 = VECTOR('',#2225,1.);
#2225 = DIRECTION('',(0.,0.,1.));
#2226 = ORIENTED_EDGE('',*,*,#1218,.T.);
#2227 = ORIENTED_EDGE('',*,*,#2221,.F.);
#2228 = ORIENTED_EDGE('',*,*,#321,.F.);
#2229 = CYLINDRICAL_SURFACE('',#2230,0.5);
#2230 = AXIS2_PLACEMENT_3D('',#2231,#2232,#2233);
#2231 = CARTESIAN_POINT('',(61.2,-68.75,0.));
#2232 = DIRECTION('',(-0.,-0.,-1.));
#2233 = DIRECTION('',(1.,0.,-0.));
#2234 = ADVANCED_FACE('',(#2235),#2246,.F.);
#2235 = FACE_BOUND('',#2236,.T.);
#2236 = EDGE_LOOP('',(#2237,#2243,#2244,#2245));
#2237 = ORIENTED_EDGE('',*,*,#2238,.T.);
#2238 = EDGE_CURVE('',#333,#1230,#2239,.T.);
#2239 = LINE('',#2240,#2241);
#2240 = CARTESIAN_POINT('',(56.4,-63.25,0.));
#2241 = VECTOR('',#2242,1.);
#2242 = DIRECTION('',(0.,0.,1.));
#2243 = ORIENTED_EDGE('',*,*,#1229,.T.);
#2244 = ORIENTED_EDGE('',*,*,#2238,.F.);
#2245 = ORIENTED_EDGE('',*,*,#332,.F.);
#2246 = CYLINDRICAL_SURFACE('',#2247,0.6);
#2247 = AXIS2_PLACEMENT_3D('',#2248,#2249,#2250);
#2248 = CARTESIAN_POINT('',(55.8,-63.25,0.));
#2249 = DIRECTION('',(-0.,-0.,-1.));
#2250 = DIRECTION('',(1.,0.,-0.));
#2251 = ADVANCED_FACE('',(#2252),#2263,.F.);
#2252 = FACE_BOUND('',#2253,.T.);
#2253 = EDGE_LOOP('',(#2254,#2260,#2261,#2262));
#2254 = ORIENTED_EDGE('',*,*,#2255,.T.);
#2255 = EDGE_CURVE('',#344,#1241,#2256,.T.);
#2256 = LINE('',#2257,#2258);
#2257 = CARTESIAN_POINT('',(73.4,-80.25,0.));
#2258 = VECTOR('',#2259,1.);
#2259 = DIRECTION('',(0.,0.,1.));
#2260 = ORIENTED_EDGE('',*,*,#1240,.T.);
#2261 = ORIENTED_EDGE('',*,*,#2255,.F.);
#2262 = ORIENTED_EDGE('',*,*,#343,.F.);
#2263 = CYLINDRICAL_SURFACE('',#2264,0.6);
#2264 = AXIS2_PLACEMENT_3D('',#2265,#2266,#2267);
#2265 = CARTESIAN_POINT('',(72.8,-80.25,0.));
#2266 = DIRECTION('',(-0.,-0.,-1.));
#2267 = DIRECTION('',(1.,0.,-0.));
#2268 = ADVANCED_FACE('',(#2269),#2280,.F.);
#2269 = FACE_BOUND('',#2270,.T.);
#2270 = EDGE_LOOP('',(#2271,#2277,#2278,#2279));
#2271 = ORIENTED_EDGE('',*,*,#2272,.T.);
#2272 = EDGE_CURVE('',#355,#1252,#2273,.T.);
#2273 = LINE('',#2274,#2275);
#2274 = CARTESIAN_POINT('',(90.4,-80.25,0.));
#2275 = VECTOR('',#2276,1.);
#2276 = DIRECTION('',(0.,0.,1.));
#2277 = ORIENTED_EDGE('',*,*,#1251,.T.);
#2278 = ORIENTED_EDGE('',*,*,#2272,.F.);
#2279 = ORIENTED_EDGE('',*,*,#354,.F.);
#2280 = CYLINDRICAL_SURFACE('',#2281,0.6);
#2281 = AXIS2_PLACEMENT_3D('',#2282,#2283,#2284);
#2282 = CARTESIAN_POINT('',(89.8,-80.25,0.));
#2283 = DIRECTION('',(-0.,-0.,-1.));
#2284 = DIRECTION('',(1.,0.,-0.));
#2285 = ADVANCED_FACE('',(#2286),#2297,.F.);
#2286 = FACE_BOUND('',#2287,.T.);
#2287 = EDGE_LOOP('',(#2288,#2294,#2295,#2296));
#2288 = ORIENTED_EDGE('',*,*,#2289,.T.);
#2289 = EDGE_CURVE('',#366,#1263,#2290,.T.);
#2290 = LINE('',#2291,#2292);
#2291 = CARTESIAN_POINT('',(78.7,-68.75,0.));
#2292 = VECTOR('',#2293,1.);
#2293 = DIRECTION('',(0.,0.,1.));
#2294 = ORIENTED_EDGE('',*,*,#1262,.T.);
#2295 = ORIENTED_EDGE('',*,*,#2289,.F.);
#2296 = ORIENTED_EDGE('',*,*,#365,.F.);
#2297 = CYLINDRICAL_SURFACE('',#2298,0.5);
#2298 = AXIS2_PLACEMENT_3D('',#2299,#2300,#2301);
#2299 = CARTESIAN_POINT('',(78.2,-68.75,0.));
#2300 = DIRECTION('',(-0.,-0.,-1.));
#2301 = DIRECTION('',(1.,0.,-0.));
#2302 = ADVANCED_FACE('',(#2303),#2314,.F.);
#2303 = FACE_BOUND('',#2304,.T.);
#2304 = EDGE_LOOP('',(#2305,#2311,#2312,#2313));
#2305 = ORIENTED_EDGE('',*,*,#2306,.T.);
#2306 = EDGE_CURVE('',#377,#1274,#2307,.T.);
#2307 = LINE('',#2308,#2309);
#2308 = CARTESIAN_POINT('',(73.4,-63.25,0.));
#2309 = VECTOR('',#2310,1.);
#2310 = DIRECTION('',(0.,0.,1.));
#2311 = ORIENTED_EDGE('',*,*,#1273,.T.);
#2312 = ORIENTED_EDGE('',*,*,#2306,.F.);
#2313 = ORIENTED_EDGE('',*,*,#376,.F.);
#2314 = CYLINDRICAL_SURFACE('',#2315,0.6);
#2315 = AXIS2_PLACEMENT_3D('',#2316,#2317,#2318);
#2316 = CARTESIAN_POINT('',(72.8,-63.25,0.));
#2317 = DIRECTION('',(-0.,-0.,-1.));
#2318 = DIRECTION('',(1.,0.,-0.));
#2319 = ADVANCED_FACE('',(#2320),#2331,.F.);
#2320 = FACE_BOUND('',#2321,.T.);
#2321 = EDGE_LOOP('',(#2322,#2328,#2329,#2330));
#2322 = ORIENTED_EDGE('',*,*,#2323,.T.);
#2323 = EDGE_CURVE('',#388,#1285,#2324,.T.);
#2324 = LINE('',#2325,#2326);
#2325 = CARTESIAN_POINT('',(90.4,-63.25,0.));
#2326 = VECTOR('',#2327,1.);
#2327 = DIRECTION('',(0.,0.,1.));
#2328 = ORIENTED_EDGE('',*,*,#1284,.T.);
#2329 = ORIENTED_EDGE('',*,*,#2323,.F.);
#2330 = ORIENTED_EDGE('',*,*,#387,.F.);
#2331 = CYLINDRICAL_SURFACE('',#2332,0.6);
#2332 = AXIS2_PLACEMENT_3D('',#2333,#2334,#2335);
#2333 = CARTESIAN_POINT('',(89.8,-63.25,0.));
#2334 = DIRECTION('',(-0.,-0.,-1.));
#2335 = DIRECTION('',(1.,0.,-0.));
#2336 = ADVANCED_FACE('',(#2337),#2348,.F.);
#2337 = FACE_BOUND('',#2338,.T.);
#2338 = EDGE_LOOP('',(#2339,#2345,#2346,#2347));
#2339 = ORIENTED_EDGE('',*,*,#2340,.T.);
#2340 = EDGE_CURVE('',#399,#1296,#2341,.T.);
#2341 = LINE('',#2342,#2343);
#2342 = CARTESIAN_POINT('',(95.7,-102.75,0.));
#2343 = VECTOR('',#2344,1.);
#2344 = DIRECTION('',(0.,0.,1.));
#2345 = ORIENTED_EDGE('',*,*,#1295,.T.);
#2346 = ORIENTED_EDGE('',*,*,#2340,.F.);
#2347 = ORIENTED_EDGE('',*,*,#398,.F.);
#2348 = CYLINDRICAL_SURFACE('',#2349,0.5);
#2349 = AXIS2_PLACEMENT_3D('',#2350,#2351,#2352);
#2350 = CARTESIAN_POINT('',(95.2,-102.75,0.));
#2351 = DIRECTION('',(-0.,-0.,-1.));
#2352 = DIRECTION('',(1.,0.,-0.));
#2353 = ADVANCED_FACE('',(#2354),#2365,.F.);
#2354 = FACE_BOUND('',#2355,.T.);
#2355 = EDGE_LOOP('',(#2356,#2362,#2363,#2364));
#2356 = ORIENTED_EDGE('',*,*,#2357,.T.);
#2357 = EDGE_CURVE('',#410,#1307,#2358,.T.);
#2358 = LINE('',#2359,#2360);
#2359 = CARTESIAN_POINT('',(112.7,-102.75,0.));
#2360 = VECTOR('',#2361,1.);
#2361 = DIRECTION('',(0.,0.,1.));
#2362 = ORIENTED_EDGE('',*,*,#1306,.T.);
#2363 = ORIENTED_EDGE('',*,*,#2357,.F.);
#2364 = ORIENTED_EDGE('',*,*,#409,.F.);
#2365 = CYLINDRICAL_SURFACE('',#2366,0.5);
#2366 = AXIS2_PLACEMENT_3D('',#2367,#2368,#2369);
#2367 = CARTESIAN_POINT('',(112.2,-102.75,0.));
#2368 = DIRECTION('',(-0.,-0.,-1.));
#2369 = DIRECTION('',(1.,0.,-0.));
#2370 = ADVANCED_FACE('',(#2371),#2382,.F.);
#2371 = FACE_BOUND('',#2372,.T.);
#2372 = EDGE_LOOP('',(#2373,#2379,#2380,#2381));
#2373 = ORIENTED_EDGE('',*,*,#2374,.T.);
#2374 = EDGE_CURVE('',#421,#1318,#2375,.T.);
#2375 = LINE('',#2376,#2377);
#2376 = CARTESIAN_POINT('',(107.4,-97.25,0.));
#2377 = VECTOR('',#2378,1.);
#2378 = DIRECTION('',(0.,0.,1.));
#2379 = ORIENTED_EDGE('',*,*,#1317,.T.);
#2380 = ORIENTED_EDGE('',*,*,#2374,.F.);
#2381 = ORIENTED_EDGE('',*,*,#420,.F.);
#2382 = CYLINDRICAL_SURFACE('',#2383,0.6);
#2383 = AXIS2_PLACEMENT_3D('',#2384,#2385,#2386);
#2384 = CARTESIAN_POINT('',(106.8,-97.25,0.));
#2385 = DIRECTION('',(-0.,-0.,-1.));
#2386 = DIRECTION('',(1.,0.,-0.));
#2387 = ADVANCED_FACE('',(#2388),#2399,.F.);
#2388 = FACE_BOUND('',#2389,.T.);
#2389 = EDGE_LOOP('',(#2390,#2396,#2397,#2398));
#2390 = ORIENTED_EDGE('',*,*,#2391,.T.);
#2391 = EDGE_CURVE('',#432,#1329,#2392,.T.);
#2392 = LINE('',#2393,#2394);
#2393 = CARTESIAN_POINT('',(95.7,-85.75,0.));
#2394 = VECTOR('',#2395,1.);
#2395 = DIRECTION('',(0.,0.,1.));
#2396 = ORIENTED_EDGE('',*,*,#1328,.T.);
#2397 = ORIENTED_EDGE('',*,*,#2391,.F.);
#2398 = ORIENTED_EDGE('',*,*,#431,.F.);
#2399 = CYLINDRICAL_SURFACE('',#2400,0.5);
#2400 = AXIS2_PLACEMENT_3D('',#2401,#2402,#2403);
#2401 = CARTESIAN_POINT('',(95.2,-85.75,0.));
#2402 = DIRECTION('',(-0.,-0.,-1.));
#2403 = DIRECTION('',(1.,0.,-0.));
#2404 = ADVANCED_FACE('',(#2405),#2416,.F.);
#2405 = FACE_BOUND('',#2406,.T.);
#2406 = EDGE_LOOP('',(#2407,#2413,#2414,#2415));
#2407 = ORIENTED_EDGE('',*,*,#2408,.T.);
#2408 = EDGE_CURVE('',#443,#1340,#2409,.T.);
#2409 = LINE('',#2410,#2411);
#2410 = CARTESIAN_POINT('',(112.7,-85.75,0.));
#2411 = VECTOR('',#2412,1.);
#2412 = DIRECTION('',(0.,0.,1.));
#2413 = ORIENTED_EDGE('',*,*,#1339,.T.);
#2414 = ORIENTED_EDGE('',*,*,#2408,.F.);
#2415 = ORIENTED_EDGE('',*,*,#442,.F.);
#2416 = CYLINDRICAL_SURFACE('',#2417,0.5);
#2417 = AXIS2_PLACEMENT_3D('',#2418,#2419,#2420);
#2418 = CARTESIAN_POINT('',(112.2,-85.75,0.));
#2419 = DIRECTION('',(-0.,-0.,-1.));
#2420 = DIRECTION('',(1.,0.,-0.));
#2421 = ADVANCED_FACE('',(#2422),#2433,.F.);
#2422 = FACE_BOUND('',#2423,.T.);
#2423 = EDGE_LOOP('',(#2424,#2430,#2431,#2432));
#2424 = ORIENTED_EDGE('',*,*,#2425,.T.);
#2425 = EDGE_CURVE('',#454,#1351,#2426,.T.);
#2426 = LINE('',#2427,#2428);
#2427 = CARTESIAN_POINT('',(129.7,-102.75,0.));
#2428 = VECTOR('',#2429,1.);
#2429 = DIRECTION('',(0.,0.,1.));
#2430 = ORIENTED_EDGE('',*,*,#1350,.T.);
#2431 = ORIENTED_EDGE('',*,*,#2425,.F.);
#2432 = ORIENTED_EDGE('',*,*,#453,.F.);
#2433 = CYLINDRICAL_SURFACE('',#2434,0.5);
#2434 = AXIS2_PLACEMENT_3D('',#2435,#2436,#2437);
#2435 = CARTESIAN_POINT('',(129.2,-102.75,0.));
#2436 = DIRECTION('',(-0.,-0.,-1.));
#2437 = DIRECTION('',(1.,0.,-0.));
#2438 = ADVANCED_FACE('',(#2439),#2450,.F.);
#2439 = FACE_BOUND('',#2440,.T.);
#2440 = EDGE_LOOP('',(#2441,#2447,#2448,#2449));
#2441 = ORIENTED_EDGE('',*,*,#2442,.T.);
#2442 = EDGE_CURVE('',#465,#1362,#2443,.T.);
#2443 = LINE('',#2444,#2445);
#2444 = CARTESIAN_POINT('',(124.4,-97.25,0.));
#2445 = VECTOR('',#2446,1.);
#2446 = DIRECTION('',(0.,0.,1.));
#2447 = ORIENTED_EDGE('',*,*,#1361,.T.);
#2448 = ORIENTED_EDGE('',*,*,#2442,.F.);
#2449 = ORIENTED_EDGE('',*,*,#464,.F.);
#2450 = CYLINDRICAL_SURFACE('',#2451,0.6);
#2451 = AXIS2_PLACEMENT_3D('',#2452,#2453,#2454);
#2452 = CARTESIAN_POINT('',(123.8,-97.25,0.));
#2453 = DIRECTION('',(-0.,-0.,-1.));
#2454 = DIRECTION('',(1.,0.,-0.));
#2455 = ADVANCED_FACE('',(#2456),#2467,.F.);
#2456 = FACE_BOUND('',#2457,.T.);
#2457 = EDGE_LOOP('',(#2458,#2464,#2465,#2466));
#2458 = ORIENTED_EDGE('',*,*,#2459,.T.);
#2459 = EDGE_CURVE('',#476,#1373,#2460,.T.);
#2460 = LINE('',#2461,#2462);
#2461 = CARTESIAN_POINT('',(147.2,-105.1,0.));
#2462 = VECTOR('',#2463,1.);
#2463 = DIRECTION('',(0.,0.,1.));
#2464 = ORIENTED_EDGE('',*,*,#1372,.T.);
#2465 = ORIENTED_EDGE('',*,*,#2459,.F.);
#2466 = ORIENTED_EDGE('',*,*,#475,.F.);
#2467 = CYLINDRICAL_SURFACE('',#2468,1.1);
#2468 = AXIS2_PLACEMENT_3D('',#2469,#2470,#2471);
#2469 = CARTESIAN_POINT('',(146.1,-105.1,0.));
#2470 = DIRECTION('',(-0.,-0.,-1.));
#2471 = DIRECTION('',(1.,0.,-0.));
#2472 = ADVANCED_FACE('',(#2473),#2484,.F.);
#2473 = FACE_BOUND('',#2474,.T.);
#2474 = EDGE_LOOP('',(#2475,#2481,#2482,#2483));
#2475 = ORIENTED_EDGE('',*,*,#2476,.T.);
#2476 = EDGE_CURVE('',#487,#1384,#2477,.T.);
#2477 = LINE('',#2478,#2479);
#2478 = CARTESIAN_POINT('',(141.4,-97.25,0.));
#2479 = VECTOR('',#2480,1.);
#2480 = DIRECTION('',(0.,0.,1.));
#2481 = ORIENTED_EDGE('',*,*,#1383,.T.);
#2482 = ORIENTED_EDGE('',*,*,#2476,.F.);
#2483 = ORIENTED_EDGE('',*,*,#486,.F.);
#2484 = CYLINDRICAL_SURFACE('',#2485,0.6);
#2485 = AXIS2_PLACEMENT_3D('',#2486,#2487,#2488);
#2486 = CARTESIAN_POINT('',(140.8,-97.25,0.));
#2487 = DIRECTION('',(-0.,-0.,-1.));
#2488 = DIRECTION('',(1.,0.,-0.));
#2489 = ADVANCED_FACE('',(#2490),#2501,.F.);
#2490 = FACE_BOUND('',#2491,.T.);
#2491 = EDGE_LOOP('',(#2492,#2498,#2499,#2500));
#2492 = ORIENTED_EDGE('',*,*,#2493,.T.);
#2493 = EDGE_CURVE('',#498,#1395,#2494,.T.);
#2494 = LINE('',#2495,#2496);
#2495 = CARTESIAN_POINT('',(129.7,-85.75,0.));
#2496 = VECTOR('',#2497,1.);
#2497 = DIRECTION('',(0.,0.,1.));
#2498 = ORIENTED_EDGE('',*,*,#1394,.T.);
#2499 = ORIENTED_EDGE('',*,*,#2493,.F.);
#2500 = ORIENTED_EDGE('',*,*,#497,.F.);
#2501 = CYLINDRICAL_SURFACE('',#2502,0.5);
#2502 = AXIS2_PLACEMENT_3D('',#2503,#2504,#2505);
#2503 = CARTESIAN_POINT('',(129.2,-85.75,0.));
#2504 = DIRECTION('',(-0.,-0.,-1.));
#2505 = DIRECTION('',(1.,0.,-0.));
#2506 = ADVANCED_FACE('',(#2507),#2518,.F.);
#2507 = FACE_BOUND('',#2508,.T.);
#2508 = EDGE_LOOP('',(#2509,#2515,#2516,#2517));
#2509 = ORIENTED_EDGE('',*,*,#2510,.T.);
#2510 = EDGE_CURVE('',#509,#1406,#2511,.T.);
#2511 = LINE('',#2512,#2513);
#2512 = CARTESIAN_POINT('',(107.4,-80.25,0.));
#2513 = VECTOR('',#2514,1.);
#2514 = DIRECTION('',(0.,0.,1.));
#2515 = ORIENTED_EDGE('',*,*,#1405,.T.);
#2516 = ORIENTED_EDGE('',*,*,#2510,.F.);
#2517 = ORIENTED_EDGE('',*,*,#508,.F.);
#2518 = CYLINDRICAL_SURFACE('',#2519,0.6);
#2519 = AXIS2_PLACEMENT_3D('',#2520,#2521,#2522);
#2520 = CARTESIAN_POINT('',(106.8,-80.25,0.));
#2521 = DIRECTION('',(-0.,-0.,-1.));
#2522 = DIRECTION('',(1.,0.,-0.));
#2523 = ADVANCED_FACE('',(#2524),#2535,.F.);
#2524 = FACE_BOUND('',#2525,.T.);
#2525 = EDGE_LOOP('',(#2526,#2532,#2533,#2534));
#2526 = ORIENTED_EDGE('',*,*,#2527,.T.);
#2527 = EDGE_CURVE('',#520,#1417,#2528,.T.);
#2528 = LINE('',#2529,#2530);
#2529 = CARTESIAN_POINT('',(95.7,-68.75,0.));
#2530 = VECTOR('',#2531,1.);
#2531 = DIRECTION('',(0.,0.,1.));
#2532 = ORIENTED_EDGE('',*,*,#1416,.T.);
#2533 = ORIENTED_EDGE('',*,*,#2527,.F.);
#2534 = ORIENTED_EDGE('',*,*,#519,.F.);
#2535 = CYLINDRICAL_SURFACE('',#2536,0.5);
#2536 = AXIS2_PLACEMENT_3D('',#2537,#2538,#2539);
#2537 = CARTESIAN_POINT('',(95.2,-68.75,0.));
#2538 = DIRECTION('',(-0.,-0.,-1.));
#2539 = DIRECTION('',(1.,0.,-0.));
#2540 = ADVANCED_FACE('',(#2541),#2552,.F.);
#2541 = FACE_BOUND('',#2542,.T.);
#2542 = EDGE_LOOP('',(#2543,#2549,#2550,#2551));
#2543 = ORIENTED_EDGE('',*,*,#2544,.T.);
#2544 = EDGE_CURVE('',#531,#1428,#2545,.T.);
#2545 = LINE('',#2546,#2547);
#2546 = CARTESIAN_POINT('',(112.7,-68.75,0.));
#2547 = VECTOR('',#2548,1.);
#2548 = DIRECTION('',(0.,0.,1.));
#2549 = ORIENTED_EDGE('',*,*,#1427,.T.);
#2550 = ORIENTED_EDGE('',*,*,#2544,.F.);
#2551 = ORIENTED_EDGE('',*,*,#530,.F.);
#2552 = CYLINDRICAL_SURFACE('',#2553,0.5);
#2553 = AXIS2_PLACEMENT_3D('',#2554,#2555,#2556);
#2554 = CARTESIAN_POINT('',(112.2,-68.75,0.));
#2555 = DIRECTION('',(-0.,-0.,-1.));
#2556 = DIRECTION('',(1.,0.,-0.));
#2557 = ADVANCED_FACE('',(#2558),#2569,.F.);
#2558 = FACE_BOUND('',#2559,.T.);
#2559 = EDGE_LOOP('',(#2560,#2566,#2567,#2568));
#2560 = ORIENTED_EDGE('',*,*,#2561,.T.);
#2561 = EDGE_CURVE('',#542,#1439,#2562,.T.);
#2562 = LINE('',#2563,#2564);
#2563 = CARTESIAN_POINT('',(107.4,-63.25,0.));
#2564 = VECTOR('',#2565,1.);
#2565 = DIRECTION('',(0.,0.,1.));
#2566 = ORIENTED_EDGE('',*,*,#1438,.T.);
#2567 = ORIENTED_EDGE('',*,*,#2561,.F.);
#2568 = ORIENTED_EDGE('',*,*,#541,.F.);
#2569 = CYLINDRICAL_SURFACE('',#2570,0.6);
#2570 = AXIS2_PLACEMENT_3D('',#2571,#2572,#2573);
#2571 = CARTESIAN_POINT('',(106.8,-63.25,0.));
#2572 = DIRECTION('',(-0.,-0.,-1.));
#2573 = DIRECTION('',(1.,0.,-0.));
#2574 = ADVANCED_FACE('',(#2575),#2586,.F.);
#2575 = FACE_BOUND('',#2576,.T.);
#2576 = EDGE_LOOP('',(#2577,#2583,#2584,#2585));
#2577 = ORIENTED_EDGE('',*,*,#2578,.T.);
#2578 = EDGE_CURVE('',#553,#1450,#2579,.T.);
#2579 = LINE('',#2580,#2581);
#2580 = CARTESIAN_POINT('',(124.4,-80.25,0.));
#2581 = VECTOR('',#2582,1.);
#2582 = DIRECTION('',(0.,0.,1.));
#2583 = ORIENTED_EDGE('',*,*,#1449,.T.);
#2584 = ORIENTED_EDGE('',*,*,#2578,.F.);
#2585 = ORIENTED_EDGE('',*,*,#552,.F.);
#2586 = CYLINDRICAL_SURFACE('',#2587,0.6);
#2587 = AXIS2_PLACEMENT_3D('',#2588,#2589,#2590);
#2588 = CARTESIAN_POINT('',(123.8,-80.25,0.));
#2589 = DIRECTION('',(-0.,-0.,-1.));
#2590 = DIRECTION('',(1.,0.,-0.));
#2591 = ADVANCED_FACE('',(#2592),#2603,.F.);
#2592 = FACE_BOUND('',#2593,.T.);
#2593 = EDGE_LOOP('',(#2594,#2600,#2601,#2602));
#2594 = ORIENTED_EDGE('',*,*,#2595,.T.);
#2595 = EDGE_CURVE('',#564,#1461,#2596,.T.);
#2596 = LINE('',#2597,#2598);
#2597 = CARTESIAN_POINT('',(141.4,-80.25,0.));
#2598 = VECTOR('',#2599,1.);
#2599 = DIRECTION('',(0.,0.,1.));
#2600 = ORIENTED_EDGE('',*,*,#1460,.T.);
#2601 = ORIENTED_EDGE('',*,*,#2595,.F.);
#2602 = ORIENTED_EDGE('',*,*,#563,.F.);
#2603 = CYLINDRICAL_SURFACE('',#2604,0.6);
#2604 = AXIS2_PLACEMENT_3D('',#2605,#2606,#2607);
#2605 = CARTESIAN_POINT('',(140.8,-80.25,0.));
#2606 = DIRECTION('',(-0.,-0.,-1.));
#2607 = DIRECTION('',(1.,0.,-0.));
#2608 = ADVANCED_FACE('',(#2609),#2620,.F.);
#2609 = FACE_BOUND('',#2610,.T.);
#2610 = EDGE_LOOP('',(#2611,#2617,#2618,#2619));
#2611 = ORIENTED_EDGE('',*,*,#2612,.T.);
#2612 = EDGE_CURVE('',#575,#1472,#2613,.T.);
#2613 = LINE('',#2614,#2615);
#2614 = CARTESIAN_POINT('',(129.7,-68.75,0.));
#2615 = VECTOR('',#2616,1.);
#2616 = DIRECTION('',(0.,0.,1.));
#2617 = ORIENTED_EDGE('',*,*,#1471,.T.);
#2618 = ORIENTED_EDGE('',*,*,#2612,.F.);
#2619 = ORIENTED_EDGE('',*,*,#574,.F.);
#2620 = CYLINDRICAL_SURFACE('',#2621,0.5);
#2621 = AXIS2_PLACEMENT_3D('',#2622,#2623,#2624);
#2622 = CARTESIAN_POINT('',(129.2,-68.75,0.));
#2623 = DIRECTION('',(-0.,-0.,-1.));
#2624 = DIRECTION('',(1.,0.,-0.));
#2625 = ADVANCED_FACE('',(#2626),#2637,.F.);
#2626 = FACE_BOUND('',#2627,.T.);
#2627 = EDGE_LOOP('',(#2628,#2634,#2635,#2636));
#2628 = ORIENTED_EDGE('',*,*,#2629,.T.);
#2629 = EDGE_CURVE('',#586,#1483,#2630,.T.);
#2630 = LINE('',#2631,#2632);
#2631 = CARTESIAN_POINT('',(124.4,-63.25,0.));
#2632 = VECTOR('',#2633,1.);
#2633 = DIRECTION('',(0.,0.,1.));
#2634 = ORIENTED_EDGE('',*,*,#1482,.T.);
#2635 = ORIENTED_EDGE('',*,*,#2629,.F.);
#2636 = ORIENTED_EDGE('',*,*,#585,.F.);
#2637 = CYLINDRICAL_SURFACE('',#2638,0.6);
#2638 = AXIS2_PLACEMENT_3D('',#2639,#2640,#2641);
#2639 = CARTESIAN_POINT('',(123.8,-63.25,0.));
#2640 = DIRECTION('',(-0.,-0.,-1.));
#2641 = DIRECTION('',(1.,0.,-0.));
#2642 = ADVANCED_FACE('',(#2643),#2654,.F.);
#2643 = FACE_BOUND('',#2644,.T.);
#2644 = EDGE_LOOP('',(#2645,#2651,#2652,#2653));
#2645 = ORIENTED_EDGE('',*,*,#2646,.T.);
#2646 = EDGE_CURVE('',#597,#1494,#2647,.T.);
#2647 = LINE('',#2648,#2649);
#2648 = CARTESIAN_POINT('',(141.4,-63.25,0.));
#2649 = VECTOR('',#2650,1.);
#2650 = DIRECTION('',(0.,0.,1.));
#2651 = ORIENTED_EDGE('',*,*,#1493,.T.);
#2652 = ORIENTED_EDGE('',*,*,#2646,.F.);
#2653 = ORIENTED_EDGE('',*,*,#596,.F.);
#2654 = CYLINDRICAL_SURFACE('',#2655,0.6);
#2655 = AXIS2_PLACEMENT_3D('',#2656,#2657,#2658);
#2656 = CARTESIAN_POINT('',(140.8,-63.25,0.));
#2657 = DIRECTION('',(-0.,-0.,-1.));
#2658 = DIRECTION('',(1.,0.,-0.));
#2659 = ADVANCED_FACE('',(#2660),#2671,.F.);
#2660 = FACE_BOUND('',#2661,.T.);
#2661 = EDGE_LOOP('',(#2662,#2668,#2669,#2670));
#2662 = ORIENTED_EDGE('',*,*,#2663,.T.);
#2663 = EDGE_CURVE('',#608,#1505,#2664,.T.);
#2664 = LINE('',#2665,#2666);
#2665 = CARTESIAN_POINT('',(44.7,-51.75,0.));
#2666 = VECTOR('',#2667,1.);
#2667 = DIRECTION('',(0.,0.,1.));
#2668 = ORIENTED_EDGE('',*,*,#1504,.T.);
#2669 = ORIENTED_EDGE('',*,*,#2663,.F.);
#2670 = ORIENTED_EDGE('',*,*,#607,.F.);
#2671 = CYLINDRICAL_SURFACE('',#2672,0.5);
#2672 = AXIS2_PLACEMENT_3D('',#2673,#2674,#2675);
#2673 = CARTESIAN_POINT('',(44.2,-51.75,0.));
#2674 = DIRECTION('',(-0.,-0.,-1.));
#2675 = DIRECTION('',(1.,0.,-0.));
#2676 = ADVANCED_FACE('',(#2677),#2688,.F.);
#2677 = FACE_BOUND('',#2678,.T.);
#2678 = EDGE_LOOP('',(#2679,#2685,#2686,#2687));
#2679 = ORIENTED_EDGE('',*,*,#2680,.T.);
#2680 = EDGE_CURVE('',#619,#1516,#2681,.T.);
#2681 = LINE('',#2682,#2683);
#2682 = CARTESIAN_POINT('',(61.7,-51.75,0.));
#2683 = VECTOR('',#2684,1.);
#2684 = DIRECTION('',(0.,0.,1.));
#2685 = ORIENTED_EDGE('',*,*,#1515,.T.);
#2686 = ORIENTED_EDGE('',*,*,#2680,.F.);
#2687 = ORIENTED_EDGE('',*,*,#618,.F.);
#2688 = CYLINDRICAL_SURFACE('',#2689,0.5);
#2689 = AXIS2_PLACEMENT_3D('',#2690,#2691,#2692);
#2690 = CARTESIAN_POINT('',(61.2,-51.75,0.));
#2691 = DIRECTION('',(-0.,-0.,-1.));
#2692 = DIRECTION('',(1.,0.,-0.));
#2693 = ADVANCED_FACE('',(#2694),#2705,.F.);
#2694 = FACE_BOUND('',#2695,.T.);
#2695 = EDGE_LOOP('',(#2696,#2702,#2703,#2704));
#2696 = ORIENTED_EDGE('',*,*,#2697,.T.);
#2697 = EDGE_CURVE('',#630,#1527,#2698,.T.);
#2698 = LINE('',#2699,#2700);
#2699 = CARTESIAN_POINT('',(56.4,-46.25,0.));
#2700 = VECTOR('',#2701,1.);
#2701 = DIRECTION('',(0.,0.,1.));
#2702 = ORIENTED_EDGE('',*,*,#1526,.T.);
#2703 = ORIENTED_EDGE('',*,*,#2697,.F.);
#2704 = ORIENTED_EDGE('',*,*,#629,.F.);
#2705 = CYLINDRICAL_SURFACE('',#2706,0.6);
#2706 = AXIS2_PLACEMENT_3D('',#2707,#2708,#2709);
#2707 = CARTESIAN_POINT('',(55.8,-46.25,0.));
#2708 = DIRECTION('',(-0.,-0.,-1.));
#2709 = DIRECTION('',(1.,0.,-0.));
#2710 = ADVANCED_FACE('',(#2711),#2722,.F.);
#2711 = FACE_BOUND('',#2712,.T.);
#2712 = EDGE_LOOP('',(#2713,#2719,#2720,#2721));
#2713 = ORIENTED_EDGE('',*,*,#2714,.T.);
#2714 = EDGE_CURVE('',#641,#1538,#2715,.T.);
#2715 = LINE('',#2716,#2717);
#2716 = CARTESIAN_POINT('',(78.7,-51.75,0.));
#2717 = VECTOR('',#2718,1.);
#2718 = DIRECTION('',(0.,0.,1.));
#2719 = ORIENTED_EDGE('',*,*,#1537,.T.);
#2720 = ORIENTED_EDGE('',*,*,#2714,.F.);
#2721 = ORIENTED_EDGE('',*,*,#640,.F.);
#2722 = CYLINDRICAL_SURFACE('',#2723,0.5);
#2723 = AXIS2_PLACEMENT_3D('',#2724,#2725,#2726);
#2724 = CARTESIAN_POINT('',(78.2,-51.75,0.));
#2725 = DIRECTION('',(-0.,-0.,-1.));
#2726 = DIRECTION('',(1.,0.,-0.));
#2727 = ADVANCED_FACE('',(#2728),#2739,.F.);
#2728 = FACE_BOUND('',#2729,.T.);
#2729 = EDGE_LOOP('',(#2730,#2736,#2737,#2738));
#2730 = ORIENTED_EDGE('',*,*,#2731,.T.);
#2731 = EDGE_CURVE('',#652,#1549,#2732,.T.);
#2732 = LINE('',#2733,#2734);
#2733 = CARTESIAN_POINT('',(73.4,-46.25,0.));
#2734 = VECTOR('',#2735,1.);
#2735 = DIRECTION('',(0.,0.,1.));
#2736 = ORIENTED_EDGE('',*,*,#1548,.T.);
#2737 = ORIENTED_EDGE('',*,*,#2731,.F.);
#2738 = ORIENTED_EDGE('',*,*,#651,.F.);
#2739 = CYLINDRICAL_SURFACE('',#2740,0.6);
#2740 = AXIS2_PLACEMENT_3D('',#2741,#2742,#2743);
#2741 = CARTESIAN_POINT('',(72.8,-46.25,0.));
#2742 = DIRECTION('',(-0.,-0.,-1.));
#2743 = DIRECTION('',(1.,0.,-0.));
#2744 = ADVANCED_FACE('',(#2745),#2756,.F.);
#2745 = FACE_BOUND('',#2746,.T.);
#2746 = EDGE_LOOP('',(#2747,#2753,#2754,#2755));
#2747 = ORIENTED_EDGE('',*,*,#2748,.T.);
#2748 = EDGE_CURVE('',#663,#1560,#2749,.T.);
#2749 = LINE('',#2750,#2751);
#2750 = CARTESIAN_POINT('',(90.4,-46.25,0.));
#2751 = VECTOR('',#2752,1.);
#2752 = DIRECTION('',(0.,0.,1.));
#2753 = ORIENTED_EDGE('',*,*,#1559,.T.);
#2754 = ORIENTED_EDGE('',*,*,#2748,.F.);
#2755 = ORIENTED_EDGE('',*,*,#662,.F.);
#2756 = CYLINDRICAL_SURFACE('',#2757,0.6);
#2757 = AXIS2_PLACEMENT_3D('',#2758,#2759,#2760);
#2758 = CARTESIAN_POINT('',(89.8,-46.25,0.));
#2759 = DIRECTION('',(-0.,-0.,-1.));
#2760 = DIRECTION('',(1.,0.,-0.));
#2761 = ADVANCED_FACE('',(#2762),#2778,.T.);
#2762 = FACE_BOUND('',#2763,.T.);
#2763 = EDGE_LOOP('',(#2764,#2765,#2771,#2772));
#2764 = ORIENTED_EDGE('',*,*,#673,.F.);
#2765 = ORIENTED_EDGE('',*,*,#2766,.T.);
#2766 = EDGE_CURVE('',#674,#1571,#2767,.T.);
#2767 = LINE('',#2768,#2769);
#2768 = CARTESIAN_POINT('',(55.5565,-34.976,0.));
#2769 = VECTOR('',#2770,1.);
#2770 = DIRECTION('',(0.,0.,1.));
#2771 = ORIENTED_EDGE('',*,*,#1570,.T.);
#2772 = ORIENTED_EDGE('',*,*,#2773,.T.);
#2773 = EDGE_CURVE('',#1573,#676,#2774,.T.);
#2774 = LINE('',#2775,#2776);
#2775 = CARTESIAN_POINT('',(55.556002544174,-36.568057626,-4.6E-02));
#2776 = VECTOR('',#2777,1.);
#2777 = DIRECTION('',(-0.,-0.,-1.));
#2778 = PLANE('',#2779);
#2779 = AXIS2_PLACEMENT_3D('',#2780,#2781,#2782);
#2780 = CARTESIAN_POINT('',(55.5565,-34.976,0.));
#2781 = DIRECTION('',(0.999999951184,-3.124609271306E-04,0.));
#2782 = DIRECTION('',(-3.124609271306E-04,-0.999999951184,0.));
#2783 = ADVANCED_FACE('',(#2784),#2795,.F.);
#2784 = FACE_BOUND('',#2785,.T.);
#2785 = EDGE_LOOP('',(#2786,#2792,#2793,#2794));
#2786 = ORIENTED_EDGE('',*,*,#2787,.F.);
#2787 = EDGE_CURVE('',#742,#1639,#2788,.T.);
#2788 = LINE('',#2789,#2790);
#2789 = CARTESIAN_POINT('',(55.81,-37.516,-4.6E-02));
#2790 = VECTOR('',#2791,1.);
#2791 = DIRECTION('',(0.,0.,1.));
#2792 = ORIENTED_EDGE('',*,*,#750,.T.);
#2793 = ORIENTED_EDGE('',*,*,#2773,.F.);
#2794 = ORIENTED_EDGE('',*,*,#1647,.F.);
#2795 = CYLINDRICAL_SURFACE('',#2796,0.508);
#2796 = AXIS2_PLACEMENT_3D('',#2797,#2798,#2799);
#2797 = CARTESIAN_POINT('',(55.81,-37.008,-4.6E-02));
#2798 = DIRECTION('',(-0.,-0.,-1.));
#2799 = DIRECTION('',(-0.,-1.,0.));
#2800 = ADVANCED_FACE('',(#2801),#2812,.F.);
#2801 = FACE_BOUND('',#2802,.T.);
#2802 = EDGE_LOOP('',(#2803,#2804,#2805,#2806));
#2803 = ORIENTED_EDGE('',*,*,#741,.T.);
#2804 = ORIENTED_EDGE('',*,*,#2787,.T.);
#2805 = ORIENTED_EDGE('',*,*,#1638,.F.);
#2806 = ORIENTED_EDGE('',*,*,#2807,.T.);
#2807 = EDGE_CURVE('',#1631,#734,#2808,.T.);
#2808 = LINE('',#2809,#2810);
#2809 = CARTESIAN_POINT('',(56.249940905122,-37.262,-4.6E-02));
#2810 = VECTOR('',#2811,1.);
#2811 = DIRECTION('',(-0.,-0.,-1.));
#2812 = CYLINDRICAL_SURFACE('',#2813,0.508);
#2813 = AXIS2_PLACEMENT_3D('',#2814,#2815,#2816);
#2814 = CARTESIAN_POINT('',(55.81,-37.008,-4.6E-02));
#2815 = DIRECTION('',(-0.,-0.,-1.));
#2816 = DIRECTION('',(-0.,-1.,0.));
#2817 = ADVANCED_FACE('',(#2818),#2829,.T.);
#2818 = FACE_BOUND('',#2819,.T.);
#2819 = EDGE_LOOP('',(#2820,#2821,#2822,#2823));
#2820 = ORIENTED_EDGE('',*,*,#733,.F.);
#2821 = ORIENTED_EDGE('',*,*,#2807,.F.);
#2822 = ORIENTED_EDGE('',*,*,#1630,.T.);
#2823 = ORIENTED_EDGE('',*,*,#2824,.T.);
#2824 = EDGE_CURVE('',#1622,#725,#2825,.T.);
#2825 = LINE('',#2826,#2827);
#2826 = CARTESIAN_POINT('',(57.275059094878,-37.262,-4.6E-02));
#2827 = VECTOR('',#2828,1.);
#2828 = DIRECTION('',(-0.,-0.,-1.));
#2829 = PLANE('',#2830);
#2830 = AXIS2_PLACEMENT_3D('',#2831,#2832,#2833);
#2831 = CARTESIAN_POINT('',(56.2418,-37.262,0.));
#2832 = DIRECTION('',(0.,1.,0.));
#2833 = DIRECTION('',(1.,0.,0.));
#2834 = ADVANCED_FACE('',(#2835),#2846,.F.);
#2835 = FACE_BOUND('',#2836,.T.);
#2836 = EDGE_LOOP('',(#2837,#2843,#2844,#2845));
#2837 = ORIENTED_EDGE('',*,*,#2838,.F.);
#2838 = EDGE_CURVE('',#716,#1613,#2839,.T.);
#2839 = LINE('',#2840,#2841);
#2840 = CARTESIAN_POINT('',(57.715,-37.516,-4.6E-02));
#2841 = VECTOR('',#2842,1.);
#2842 = DIRECTION('',(0.,0.,1.));
#2843 = ORIENTED_EDGE('',*,*,#724,.T.);
#2844 = ORIENTED_EDGE('',*,*,#2824,.F.);
#2845 = ORIENTED_EDGE('',*,*,#1621,.F.);
#2846 = CYLINDRICAL_SURFACE('',#2847,0.508);
#2847 = AXIS2_PLACEMENT_3D('',#2848,#2849,#2850);
#2848 = CARTESIAN_POINT('',(57.715,-37.008,-4.6E-02));
#2849 = DIRECTION('',(-0.,-0.,-1.));
#2850 = DIRECTION('',(-0.,-1.,0.));
#2851 = ADVANCED_FACE('',(#2852),#2863,.F.);
#2852 = FACE_BOUND('',#2853,.T.);
#2853 = EDGE_LOOP('',(#2854,#2855,#2856,#2857));
#2854 = ORIENTED_EDGE('',*,*,#715,.T.);
#2855 = ORIENTED_EDGE('',*,*,#2838,.T.);
#2856 = ORIENTED_EDGE('',*,*,#1612,.F.);
#2857 = ORIENTED_EDGE('',*,*,#2858,.T.);
#2858 = EDGE_CURVE('',#1605,#708,#2859,.T.);
#2859 = LINE('',#2860,#2861);
#2860 = CARTESIAN_POINT('',(57.969002543256,-36.56806056323,-4.6E-02));
#2861 = VECTOR('',#2862,1.);
#2862 = DIRECTION('',(-0.,-0.,-1.));
#2863 = CYLINDRICAL_SURFACE('',#2864,0.508);
#2864 = AXIS2_PLACEMENT_3D('',#2865,#2866,#2867);
#2865 = CARTESIAN_POINT('',(57.715,-37.008,-4.6E-02));
#2866 = DIRECTION('',(-0.,-0.,-1.));
#2867 = DIRECTION('',(-0.,-1.,0.));
#2868 = ADVANCED_FACE('',(#2869),#2880,.T.);
#2869 = FACE_BOUND('',#2870,.T.);
#2870 = EDGE_LOOP('',(#2871,#2872,#2873,#2874));
#2871 = ORIENTED_EDGE('',*,*,#707,.F.);
#2872 = ORIENTED_EDGE('',*,*,#2858,.F.);
#2873 = ORIENTED_EDGE('',*,*,#1604,.T.);
#2874 = ORIENTED_EDGE('',*,*,#2875,.F.);
#2875 = EDGE_CURVE('',#700,#1597,#2876,.T.);
#2876 = LINE('',#2877,#2878);
#2877 = CARTESIAN_POINT('',(57.9695,-34.976,0.));
#2878 = VECTOR('',#2879,1.);
#2879 = DIRECTION('',(0.,0.,1.));
#2880 = PLANE('',#2881);
#2881 = AXIS2_PLACEMENT_3D('',#2882,#2883,#2884);
#2882 = CARTESIAN_POINT('',(57.969,-36.5762,0.));
#2883 = DIRECTION('',(-0.999999951184,3.124609271262E-04,0.));
#2884 = DIRECTION('',(3.124609271262E-04,0.999999951184,0.));
#2885 = ADVANCED_FACE('',(#2886),#2897,.T.);
#2886 = FACE_BOUND('',#2887,.T.);
#2887 = EDGE_LOOP('',(#2888,#2889,#2890,#2896));
#2888 = ORIENTED_EDGE('',*,*,#2875,.T.);
#2889 = ORIENTED_EDGE('',*,*,#1596,.T.);
#2890 = ORIENTED_EDGE('',*,*,#2891,.F.);
#2891 = EDGE_CURVE('',#692,#1589,#2892,.T.);
#2892 = LINE('',#2893,#2894);
#2893 = CARTESIAN_POINT('',(57.5885,-34.595,0.));
#2894 = VECTOR('',#2895,1.);
#2895 = DIRECTION('',(0.,0.,1.));
#2896 = ORIENTED_EDGE('',*,*,#699,.F.);
#2897 = PLANE('',#2898);
#2898 = AXIS2_PLACEMENT_3D('',#2899,#2900,#2901);
#2899 = CARTESIAN_POINT('',(57.9695,-34.976,0.));
#2900 = DIRECTION('',(-0.707106781187,-0.707106781187,0.));
#2901 = DIRECTION('',(-0.707106781187,0.707106781187,0.));
#2902 = ADVANCED_FACE('',(#2903),#2914,.T.);
#2903 = FACE_BOUND('',#2904,.T.);
#2904 = EDGE_LOOP('',(#2905,#2906,#2907,#2913));
#2905 = ORIENTED_EDGE('',*,*,#2891,.T.);
#2906 = ORIENTED_EDGE('',*,*,#1588,.T.);
#2907 = ORIENTED_EDGE('',*,*,#2908,.F.);
#2908 = EDGE_CURVE('',#684,#1581,#2909,.T.);
#2909 = LINE('',#2910,#2911);
#2910 = CARTESIAN_POINT('',(55.9375,-34.595,0.));
#2911 = VECTOR('',#2912,1.);
#2912 = DIRECTION('',(0.,0.,1.));
#2913 = ORIENTED_EDGE('',*,*,#691,.F.);
#2914 = PLANE('',#2915);
#2915 = AXIS2_PLACEMENT_3D('',#2916,#2917,#2918);
#2916 = CARTESIAN_POINT('',(57.5885,-34.595,0.));
#2917 = DIRECTION('',(0.,-1.,0.));
#2918 = DIRECTION('',(-1.,0.,0.));
#2919 = ADVANCED_FACE('',(#2920),#2926,.T.);
#2920 = FACE_BOUND('',#2921,.T.);
#2921 = EDGE_LOOP('',(#2922,#2923,#2924,#2925));
#2922 = ORIENTED_EDGE('',*,*,#2908,.T.);
#2923 = ORIENTED_EDGE('',*,*,#1580,.T.);
#2924 = ORIENTED_EDGE('',*,*,#2766,.F.);
#2925 = ORIENTED_EDGE('',*,*,#683,.F.);
#2926 = PLANE('',#2927);
#2927 = AXIS2_PLACEMENT_3D('',#2928,#2929,#2930);
#2928 = CARTESIAN_POINT('',(55.9375,-34.595,0.));
#2929 = DIRECTION('',(0.707106781187,-0.707106781187,0.));
#2930 = DIRECTION('',(-0.707106781187,-0.707106781187,0.));
#2931 = ADVANCED_FACE('',(#2932),#2948,.T.);
#2932 = FACE_BOUND('',#2933,.T.);
#2933 = EDGE_LOOP('',(#2934,#2935,#2941,#2942));
#2934 = ORIENTED_EDGE('',*,*,#759,.F.);
#2935 = ORIENTED_EDGE('',*,*,#2936,.F.);
#2936 = EDGE_CURVE('',#1657,#760,#2937,.T.);
#2937 = LINE('',#2938,#2939);
#2938 = CARTESIAN_POINT('',(47.301,-26.01794090512,-4.6E-02));
#2939 = VECTOR('',#2940,1.);
#2940 = DIRECTION('',(-0.,-0.,-1.));
#2941 = ORIENTED_EDGE('',*,*,#1656,.T.);
#2942 = ORIENTED_EDGE('',*,*,#2943,.T.);
#2943 = EDGE_CURVE('',#1659,#762,#2944,.T.);
#2944 = LINE('',#2945,#2946);
#2945 = CARTESIAN_POINT('',(47.301,-27.04305909487,-4.6E-02));
#2946 = VECTOR('',#2947,1.);
#2947 = DIRECTION('',(-0.,-0.,-1.));
#2948 = PLANE('',#2949);
#2949 = AXIS2_PLACEMENT_3D('',#2950,#2951,#2952);
#2950 = CARTESIAN_POINT('',(47.301,-26.0098,0.));
#2951 = DIRECTION('',(1.,0.,-0.));
#2952 = DIRECTION('',(0.,-1.,0.));
#2953 = ADVANCED_FACE('',(#2954),#2965,.F.);
#2954 = FACE_BOUND('',#2955,.T.);
#2955 = EDGE_LOOP('',(#2956,#2962,#2963,#2964));
#2956 = ORIENTED_EDGE('',*,*,#2957,.F.);
#2957 = EDGE_CURVE('',#819,#1716,#2958,.T.);
#2958 = LINE('',#2959,#2960);
#2959 = CARTESIAN_POINT('',(47.555,-27.991,-4.6E-02));
#2960 = VECTOR('',#2961,1.);
#2961 = DIRECTION('',(0.,0.,1.));
#2962 = ORIENTED_EDGE('',*,*,#827,.T.);
#2963 = ORIENTED_EDGE('',*,*,#2943,.F.);
#2964 = ORIENTED_EDGE('',*,*,#1724,.F.);
#2965 = CYLINDRICAL_SURFACE('',#2966,0.508);
#2966 = AXIS2_PLACEMENT_3D('',#2967,#2968,#2969);
#2967 = CARTESIAN_POINT('',(47.555,-27.483,-4.6E-02));
#2968 = DIRECTION('',(-0.,-0.,-1.));
#2969 = DIRECTION('',(-0.,-1.,0.));
#2970 = ADVANCED_FACE('',(#2971),#2982,.F.);
#2971 = FACE_BOUND('',#2972,.T.);
#2972 = EDGE_LOOP('',(#2973,#2974,#2975,#2976));
#2973 = ORIENTED_EDGE('',*,*,#818,.T.);
#2974 = ORIENTED_EDGE('',*,*,#2957,.T.);
#2975 = ORIENTED_EDGE('',*,*,#1715,.F.);
#2976 = ORIENTED_EDGE('',*,*,#2977,.T.);
#2977 = EDGE_CURVE('',#1708,#811,#2978,.T.);
#2978 = LINE('',#2979,#2980);
#2979 = CARTESIAN_POINT('',(47.994940905122,-27.737,-4.6E-02));
#2980 = VECTOR('',#2981,1.);
#2981 = DIRECTION('',(-0.,-0.,-1.));
#2982 = CYLINDRICAL_SURFACE('',#2983,0.508);
#2983 = AXIS2_PLACEMENT_3D('',#2984,#2985,#2986);
#2984 = CARTESIAN_POINT('',(47.555,-27.483,-4.6E-02));
#2985 = DIRECTION('',(-0.,-0.,-1.));
#2986 = DIRECTION('',(-0.,-1.,0.));
#2987 = ADVANCED_FACE('',(#2988),#2999,.T.);
#2988 = FACE_BOUND('',#2989,.T.);
#2989 = EDGE_LOOP('',(#2990,#2991,#2992,#2993));
#2990 = ORIENTED_EDGE('',*,*,#810,.F.);
#2991 = ORIENTED_EDGE('',*,*,#2977,.F.);
#2992 = ORIENTED_EDGE('',*,*,#1707,.T.);
#2993 = ORIENTED_EDGE('',*,*,#2994,.F.);
#2994 = EDGE_CURVE('',#803,#1700,#2995,.T.);
#2995 = LINE('',#2996,#2997);
#2996 = CARTESIAN_POINT('',(49.587,-27.737,0.));
#2997 = VECTOR('',#2998,1.);
#2998 = DIRECTION('',(0.,0.,1.));
#2999 = PLANE('',#3000);
#3000 = AXIS2_PLACEMENT_3D('',#3001,#3002,#3003);
#3001 = CARTESIAN_POINT('',(47.9868,-27.737,0.));
#3002 = DIRECTION('',(0.,1.,0.));
#3003 = DIRECTION('',(1.,0.,0.));
#3004 = ADVANCED_FACE('',(#3005),#3016,.T.);
#3005 = FACE_BOUND('',#3006,.T.);
#3006 = EDGE_LOOP('',(#3007,#3008,#3009,#3015));
#3007 = ORIENTED_EDGE('',*,*,#2994,.T.);
#3008 = ORIENTED_EDGE('',*,*,#1699,.T.);
#3009 = ORIENTED_EDGE('',*,*,#3010,.F.);
#3010 = EDGE_CURVE('',#795,#1692,#3011,.T.);
#3011 = LINE('',#3012,#3013);
#3012 = CARTESIAN_POINT('',(49.968,-27.356,0.));
#3013 = VECTOR('',#3014,1.);
#3014 = DIRECTION('',(0.,0.,1.));
#3015 = ORIENTED_EDGE('',*,*,#802,.F.);
#3016 = PLANE('',#3017);
#3017 = AXIS2_PLACEMENT_3D('',#3018,#3019,#3020);
#3018 = CARTESIAN_POINT('',(49.587,-27.737,0.));
#3019 = DIRECTION('',(-0.707106781187,0.707106781187,0.));
#3020 = DIRECTION('',(0.707106781187,0.707106781187,0.));
#3021 = ADVANCED_FACE('',(#3022),#3033,.T.);
#3022 = FACE_BOUND('',#3023,.T.);
#3023 = EDGE_LOOP('',(#3024,#3025,#3026,#3032));
#3024 = ORIENTED_EDGE('',*,*,#3010,.T.);
#3025 = ORIENTED_EDGE('',*,*,#1691,.T.);
#3026 = ORIENTED_EDGE('',*,*,#3027,.F.);
#3027 = EDGE_CURVE('',#787,#1684,#3028,.T.);
#3028 = LINE('',#3029,#3030);
#3029 = CARTESIAN_POINT('',(49.968,-25.705,0.));
#3030 = VECTOR('',#3031,1.);
#3031 = DIRECTION('',(0.,0.,1.));
#3032 = ORIENTED_EDGE('',*,*,#794,.F.);
#3033 = PLANE('',#3034);
#3034 = AXIS2_PLACEMENT_3D('',#3035,#3036,#3037);
#3035 = CARTESIAN_POINT('',(49.968,-27.356,0.));
#3036 = DIRECTION('',(-1.,0.,0.));
#3037 = DIRECTION('',(0.,1.,0.));
#3038 = ADVANCED_FACE('',(#3039),#3050,.T.);
#3039 = FACE_BOUND('',#3040,.T.);
#3040 = EDGE_LOOP('',(#3041,#3042,#3043,#3049));
#3041 = ORIENTED_EDGE('',*,*,#3027,.T.);
#3042 = ORIENTED_EDGE('',*,*,#1683,.T.);
#3043 = ORIENTED_EDGE('',*,*,#3044,.F.);
#3044 = EDGE_CURVE('',#779,#1676,#3045,.T.);
#3045 = LINE('',#3046,#3047);
#3046 = CARTESIAN_POINT('',(49.587,-25.324,0.));
#3047 = VECTOR('',#3048,1.);
#3048 = DIRECTION('',(0.,0.,1.));
#3049 = ORIENTED_EDGE('',*,*,#786,.F.);
#3050 = PLANE('',#3051);
#3051 = AXIS2_PLACEMENT_3D('',#3052,#3053,#3054);
#3052 = CARTESIAN_POINT('',(49.968,-25.705,0.));
#3053 = DIRECTION('',(-0.707106781187,-0.707106781187,0.));
#3054 = DIRECTION('',(-0.707106781187,0.707106781187,0.));
#3055 = ADVANCED_FACE('',(#3056),#3067,.T.);
#3056 = FACE_BOUND('',#3057,.T.);
#3057 = EDGE_LOOP('',(#3058,#3059,#3060,#3061));
#3058 = ORIENTED_EDGE('',*,*,#778,.F.);
#3059 = ORIENTED_EDGE('',*,*,#3044,.T.);
#3060 = ORIENTED_EDGE('',*,*,#1675,.T.);
#3061 = ORIENTED_EDGE('',*,*,#3062,.T.);
#3062 = EDGE_CURVE('',#1667,#770,#3063,.T.);
#3063 = LINE('',#3064,#3065);
#3064 = CARTESIAN_POINT('',(47.994940905122,-25.324,-4.6E-02));
#3065 = VECTOR('',#3066,1.);
#3066 = DIRECTION('',(-0.,-0.,-1.));
#3067 = PLANE('',#3068);
#3068 = AXIS2_PLACEMENT_3D('',#3069,#3070,#3071);
#3069 = CARTESIAN_POINT('',(49.587,-25.324,0.));
#3070 = DIRECTION('',(0.,-1.,0.));
#3071 = DIRECTION('',(-1.,0.,0.));
#3072 = ADVANCED_FACE('',(#3073),#3079,.F.);
#3073 = FACE_BOUND('',#3074,.T.);
#3074 = EDGE_LOOP('',(#3075,#3076,#3077,#3078));
#3075 = ORIENTED_EDGE('',*,*,#1666,.F.);
#3076 = ORIENTED_EDGE('',*,*,#2936,.T.);
#3077 = ORIENTED_EDGE('',*,*,#769,.T.);
#3078 = ORIENTED_EDGE('',*,*,#3062,.F.);
#3079 = CYLINDRICAL_SURFACE('',#3080,0.508);
#3080 = AXIS2_PLACEMENT_3D('',#3081,#3082,#3083);
#3081 = CARTESIAN_POINT('',(47.555,-25.578,-4.6E-02));
#3082 = DIRECTION('',(-0.,-0.,-1.));
#3083 = DIRECTION('',(-0.,-1.,0.));
#3084 = ADVANCED_FACE('',(#3085),#3096,.F.);
#3085 = FACE_BOUND('',#3086,.T.);
#3086 = EDGE_LOOP('',(#3087,#3093,#3094,#3095));
#3087 = ORIENTED_EDGE('',*,*,#3088,.T.);
#3088 = EDGE_CURVE('',#837,#1734,#3089,.T.);
#3089 = LINE('',#3090,#3091);
#3090 = CARTESIAN_POINT('',(40.,-18.7,0.));
#3091 = VECTOR('',#3092,1.);
#3092 = DIRECTION('',(0.,0.,1.));
#3093 = ORIENTED_EDGE('',*,*,#1733,.T.);
#3094 = ORIENTED_EDGE('',*,*,#3088,.F.);
#3095 = ORIENTED_EDGE('',*,*,#836,.F.);
#3096 = CYLINDRICAL_SURFACE('',#3097,1.1);
#3097 = AXIS2_PLACEMENT_3D('',#3098,#3099,#3100);
#3098 = CARTESIAN_POINT('',(38.9,-18.7,0.));
#3099 = DIRECTION('',(-0.,-0.,-1.));
#3100 = DIRECTION('',(1.,0.,-0.));
#3101 = ADVANCED_FACE('',(#3102),#3118,.T.);
#3102 = FACE_BOUND('',#3103,.T.);
#3103 = EDGE_LOOP('',(#3104,#3105,#3111,#3112));
#3104 = ORIENTED_EDGE('',*,*,#847,.F.);
#3105 = ORIENTED_EDGE('',*,*,#3106,.F.);
#3106 = EDGE_CURVE('',#1745,#848,#3107,.T.);
#3107 = LINE('',#3108,#3109);
#3108 = CARTESIAN_POINT('',(50.476,-19.66794090512,-4.6E-02));
#3109 = VECTOR('',#3110,1.);
#3110 = DIRECTION('',(-0.,-0.,-1.));
#3111 = ORIENTED_EDGE('',*,*,#1744,.T.);
#3112 = ORIENTED_EDGE('',*,*,#3113,.T.);
#3113 = EDGE_CURVE('',#1747,#850,#3114,.T.);
#3114 = LINE('',#3115,#3116);
#3115 = CARTESIAN_POINT('',(50.476,-21.32805909487,-4.6E-02));
#3116 = VECTOR('',#3117,1.);
#3117 = DIRECTION('',(-0.,-0.,-1.));
#3118 = PLANE('',#3119);
#3119 = AXIS2_PLACEMENT_3D('',#3120,#3121,#3122);
#3120 = CARTESIAN_POINT('',(50.476,-19.6598,0.));
#3121 = DIRECTION('',(1.,0.,-0.));
#3122 = DIRECTION('',(0.,-1.,0.));
#3123 = ADVANCED_FACE('',(#3124),#3135,.F.);
#3124 = FACE_BOUND('',#3125,.T.);
#3125 = EDGE_LOOP('',(#3126,#3132,#3133,#3134));
#3126 = ORIENTED_EDGE('',*,*,#3127,.F.);
#3127 = EDGE_CURVE('',#918,#1815,#3128,.T.);
#3128 = LINE('',#3129,#3130);
#3129 = CARTESIAN_POINT('',(50.73,-22.276,-4.6E-02));
#3130 = VECTOR('',#3131,1.);
#3131 = DIRECTION('',(0.,0.,1.));
#3132 = ORIENTED_EDGE('',*,*,#926,.T.);
#3133 = ORIENTED_EDGE('',*,*,#3113,.F.);
#3134 = ORIENTED_EDGE('',*,*,#1823,.F.);
#3135 = CYLINDRICAL_SURFACE('',#3136,0.508);
#3136 = AXIS2_PLACEMENT_3D('',#3137,#3138,#3139);
#3137 = CARTESIAN_POINT('',(50.73,-21.768,-4.6E-02));
#3138 = DIRECTION('',(-0.,-0.,-1.));
#3139 = DIRECTION('',(-1.398706172756E-14,-1.,0.));
#3140 = ADVANCED_FACE('',(#3141),#3152,.F.);
#3141 = FACE_BOUND('',#3142,.T.);
#3142 = EDGE_LOOP('',(#3143,#3144,#3145,#3146));
#3143 = ORIENTED_EDGE('',*,*,#917,.T.);
#3144 = ORIENTED_EDGE('',*,*,#3127,.T.);
#3145 = ORIENTED_EDGE('',*,*,#1814,.F.);
#3146 = ORIENTED_EDGE('',*,*,#3147,.T.);
#3147 = EDGE_CURVE('',#1807,#910,#3148,.T.);
#3148 = LINE('',#3149,#3150);
#3149 = CARTESIAN_POINT('',(51.169940905123,-22.022,-4.6E-02));
#3150 = VECTOR('',#3151,1.);
#3151 = DIRECTION('',(-0.,-0.,-1.));
#3152 = CYLINDRICAL_SURFACE('',#3153,0.508);
#3153 = AXIS2_PLACEMENT_3D('',#3154,#3155,#3156);
#3154 = CARTESIAN_POINT('',(50.73,-21.768,-4.6E-02));
#3155 = DIRECTION('',(-0.,-0.,-1.));
#3156 = DIRECTION('',(-1.398706172756E-14,-1.,0.));
#3157 = ADVANCED_FACE('',(#3158),#3169,.T.);
#3158 = FACE_BOUND('',#3159,.T.);
#3159 = EDGE_LOOP('',(#3160,#3161,#3162,#3163));
#3160 = ORIENTED_EDGE('',*,*,#909,.F.);
#3161 = ORIENTED_EDGE('',*,*,#3147,.F.);
#3162 = ORIENTED_EDGE('',*,*,#1806,.T.);
#3163 = ORIENTED_EDGE('',*,*,#3164,.T.);
#3164 = EDGE_CURVE('',#1798,#901,#3165,.T.);
#3165 = LINE('',#3166,#3167);
#3166 = CARTESIAN_POINT('',(52.830059094877,-22.022,-4.6E-02));
#3167 = VECTOR('',#3168,1.);
#3168 = DIRECTION('',(-0.,0.,-1.));
#3169 = PLANE('',#3170);
#3170 = AXIS2_PLACEMENT_3D('',#3171,#3172,#3173);
#3171 = CARTESIAN_POINT('',(51.1618,-22.022,0.));
#3172 = DIRECTION('',(0.,1.,0.));
#3173 = DIRECTION('',(1.,0.,0.));
#3174 = ADVANCED_FACE('',(#3175),#3186,.F.);
#3175 = FACE_BOUND('',#3176,.T.);
#3176 = EDGE_LOOP('',(#3177,#3183,#3184,#3185));
#3177 = ORIENTED_EDGE('',*,*,#3178,.F.);
#3178 = EDGE_CURVE('',#892,#1789,#3179,.T.);
#3179 = LINE('',#3180,#3181);
#3180 = CARTESIAN_POINT('',(53.27,-22.276,-4.6E-02));
#3181 = VECTOR('',#3182,1.);
#3182 = DIRECTION('',(0.,0.,1.));
#3183 = ORIENTED_EDGE('',*,*,#900,.T.);
#3184 = ORIENTED_EDGE('',*,*,#3164,.F.);
#3185 = ORIENTED_EDGE('',*,*,#1797,.F.);
#3186 = CYLINDRICAL_SURFACE('',#3187,0.508);
#3187 = AXIS2_PLACEMENT_3D('',#3188,#3189,#3190);
#3188 = CARTESIAN_POINT('',(53.27,-21.768,-4.6E-02));
#3189 = DIRECTION('',(-0.,0.,-1.));
#3190 = DIRECTION('',(1.398706172756E-14,-1.,-0.));
#3191 = ADVANCED_FACE('',(#3192),#3203,.F.);
#3192 = FACE_BOUND('',#3193,.T.);
#3193 = EDGE_LOOP('',(#3194,#3195,#3196,#3197));
#3194 = ORIENTED_EDGE('',*,*,#891,.T.);
#3195 = ORIENTED_EDGE('',*,*,#3178,.T.);
#3196 = ORIENTED_EDGE('',*,*,#1788,.F.);
#3197 = ORIENTED_EDGE('',*,*,#3198,.T.);
#3198 = EDGE_CURVE('',#1781,#884,#3199,.T.);
#3199 = LINE('',#3200,#3201);
#3200 = CARTESIAN_POINT('',(53.524,-21.32805909487,-4.6E-02));
#3201 = VECTOR('',#3202,1.);
#3202 = DIRECTION('',(-0.,0.,-1.));
#3203 = CYLINDRICAL_SURFACE('',#3204,0.508);
#3204 = AXIS2_PLACEMENT_3D('',#3205,#3206,#3207);
#3205 = CARTESIAN_POINT('',(53.27,-21.768,-4.6E-02));
#3206 = DIRECTION('',(-0.,0.,-1.));
#3207 = DIRECTION('',(1.398706172756E-14,-1.,-0.));
#3208 = ADVANCED_FACE('',(#3209),#3220,.T.);
#3209 = FACE_BOUND('',#3210,.T.);
#3210 = EDGE_LOOP('',(#3211,#3212,#3213,#3214));
#3211 = ORIENTED_EDGE('',*,*,#883,.F.);
#3212 = ORIENTED_EDGE('',*,*,#3198,.F.);
#3213 = ORIENTED_EDGE('',*,*,#1780,.T.);
#3214 = ORIENTED_EDGE('',*,*,#3215,.T.);
#3215 = EDGE_CURVE('',#1772,#875,#3216,.T.);
#3216 = LINE('',#3217,#3218);
#3217 = CARTESIAN_POINT('',(53.524,-19.66794090512,-4.6E-02));
#3218 = VECTOR('',#3219,1.);
#3219 = DIRECTION('',(-0.,0.,-1.));
#3220 = PLANE('',#3221);
#3221 = AXIS2_PLACEMENT_3D('',#3222,#3223,#3224);
#3222 = CARTESIAN_POINT('',(53.524,-21.3362,0.));
#3223 = DIRECTION('',(-1.,0.,0.));
#3224 = DIRECTION('',(0.,1.,0.));
#3225 = ADVANCED_FACE('',(#3226),#3237,.F.);
#3226 = FACE_BOUND('',#3227,.T.);
#3227 = EDGE_LOOP('',(#3228,#3229,#3230,#3236));
#3228 = ORIENTED_EDGE('',*,*,#3215,.F.);
#3229 = ORIENTED_EDGE('',*,*,#1771,.F.);
#3230 = ORIENTED_EDGE('',*,*,#3231,.T.);
#3231 = EDGE_CURVE('',#1764,#867,#3232,.T.);
#3232 = LINE('',#3233,#3234);
#3233 = CARTESIAN_POINT('',(52.830059094877,-18.974,-4.6E-02));
#3234 = VECTOR('',#3235,1.);
#3235 = DIRECTION('',(-0.,0.,-1.));
#3236 = ORIENTED_EDGE('',*,*,#874,.T.);
#3237 = CYLINDRICAL_SURFACE('',#3238,0.508);
#3238 = AXIS2_PLACEMENT_3D('',#3239,#3240,#3241);
#3239 = CARTESIAN_POINT('',(53.27,-19.228,-4.6E-02));
#3240 = DIRECTION('',(-0.,0.,-1.));
#3241 = DIRECTION('',(1.398706172756E-14,-1.,-0.));
#3242 = ADVANCED_FACE('',(#3243),#3254,.T.);
#3243 = FACE_BOUND('',#3244,.T.);
#3244 = EDGE_LOOP('',(#3245,#3246,#3247,#3248));
#3245 = ORIENTED_EDGE('',*,*,#866,.F.);
#3246 = ORIENTED_EDGE('',*,*,#3231,.F.);
#3247 = ORIENTED_EDGE('',*,*,#1763,.T.);
#3248 = ORIENTED_EDGE('',*,*,#3249,.T.);
#3249 = EDGE_CURVE('',#1755,#858,#3250,.T.);
#3250 = LINE('',#3251,#3252);
#3251 = CARTESIAN_POINT('',(51.169940905122,-18.974,-4.6E-02));
#3252 = VECTOR('',#3253,1.);
#3253 = DIRECTION('',(-0.,-0.,-1.));
#3254 = PLANE('',#3255);
#3255 = AXIS2_PLACEMENT_3D('',#3256,#3257,#3258);
#3256 = CARTESIAN_POINT('',(52.8382,-18.974,0.));
#3257 = DIRECTION('',(0.,-1.,0.));
#3258 = DIRECTION('',(-1.,0.,0.));
#3259 = ADVANCED_FACE('',(#3260),#3266,.F.);
#3260 = FACE_BOUND('',#3261,.T.);
#3261 = EDGE_LOOP('',(#3262,#3263,#3264,#3265));
#3262 = ORIENTED_EDGE('',*,*,#1754,.F.);
#3263 = ORIENTED_EDGE('',*,*,#3106,.T.);
#3264 = ORIENTED_EDGE('',*,*,#857,.T.);
#3265 = ORIENTED_EDGE('',*,*,#3249,.F.);
#3266 = CYLINDRICAL_SURFACE('',#3267,0.508);
#3267 = AXIS2_PLACEMENT_3D('',#3268,#3269,#3270);
#3268 = CARTESIAN_POINT('',(50.73,-19.228,-4.6E-02));
#3269 = DIRECTION('',(-0.,-0.,-1.));
#3270 = DIRECTION('',(-1.398706172756E-14,-1.,0.));
#3271 = ADVANCED_FACE('',(#3272),#3283,.F.);
#3272 = FACE_BOUND('',#3273,.T.);
#3273 = EDGE_LOOP('',(#3274,#3280,#3281,#3282));
#3274 = ORIENTED_EDGE('',*,*,#3275,.T.);
#3275 = EDGE_CURVE('',#936,#1833,#3276,.T.);
#3276 = LINE('',#3277,#3278);
#3277 = CARTESIAN_POINT('',(95.7,-51.75,0.));
#3278 = VECTOR('',#3279,1.);
#3279 = DIRECTION('',(0.,0.,1.));
#3280 = ORIENTED_EDGE('',*,*,#1832,.T.);
#3281 = ORIENTED_EDGE('',*,*,#3275,.F.);
#3282 = ORIENTED_EDGE('',*,*,#935,.F.);
#3283 = CYLINDRICAL_SURFACE('',#3284,0.5);
#3284 = AXIS2_PLACEMENT_3D('',#3285,#3286,#3287);
#3285 = CARTESIAN_POINT('',(95.2,-51.75,0.));
#3286 = DIRECTION('',(-0.,-0.,-1.));
#3287 = DIRECTION('',(1.,0.,-0.));
#3288 = ADVANCED_FACE('',(#3289),#3300,.F.);
#3289 = FACE_BOUND('',#3290,.T.);
#3290 = EDGE_LOOP('',(#3291,#3297,#3298,#3299));
#3291 = ORIENTED_EDGE('',*,*,#3292,.T.);
#3292 = EDGE_CURVE('',#947,#1844,#3293,.T.);
#3293 = LINE('',#3294,#3295);
#3294 = CARTESIAN_POINT('',(112.7,-51.75,0.));
#3295 = VECTOR('',#3296,1.);
#3296 = DIRECTION('',(0.,0.,1.));
#3297 = ORIENTED_EDGE('',*,*,#1843,.T.);
#3298 = ORIENTED_EDGE('',*,*,#3292,.F.);
#3299 = ORIENTED_EDGE('',*,*,#946,.F.);
#3300 = CYLINDRICAL_SURFACE('',#3301,0.5);
#3301 = AXIS2_PLACEMENT_3D('',#3302,#3303,#3304);
#3302 = CARTESIAN_POINT('',(112.2,-51.75,0.));
#3303 = DIRECTION('',(-0.,-0.,-1.));
#3304 = DIRECTION('',(1.,0.,-0.));
#3305 = ADVANCED_FACE('',(#3306),#3317,.F.);
#3306 = FACE_BOUND('',#3307,.T.);
#3307 = EDGE_LOOP('',(#3308,#3314,#3315,#3316));
#3308 = ORIENTED_EDGE('',*,*,#3309,.T.);
#3309 = EDGE_CURVE('',#958,#1855,#3310,.T.);
#3310 = LINE('',#3311,#3312);
#3311 = CARTESIAN_POINT('',(107.4,-46.25,0.));
#3312 = VECTOR('',#3313,1.);
#3313 = DIRECTION('',(0.,0.,1.));
#3314 = ORIENTED_EDGE('',*,*,#1854,.T.);
#3315 = ORIENTED_EDGE('',*,*,#3309,.F.);
#3316 = ORIENTED_EDGE('',*,*,#957,.F.);
#3317 = CYLINDRICAL_SURFACE('',#3318,0.6);
#3318 = AXIS2_PLACEMENT_3D('',#3319,#3320,#3321);
#3319 = CARTESIAN_POINT('',(106.8,-46.25,0.));
#3320 = DIRECTION('',(-0.,-0.,-1.));
#3321 = DIRECTION('',(1.,0.,-0.));
#3322 = ADVANCED_FACE('',(#3323),#3334,.F.);
#3323 = FACE_BOUND('',#3324,.T.);
#3324 = EDGE_LOOP('',(#3325,#3331,#3332,#3333));
#3325 = ORIENTED_EDGE('',*,*,#3326,.T.);
#3326 = EDGE_CURVE('',#969,#1866,#3327,.T.);
#3327 = LINE('',#3328,#3329);
#3328 = CARTESIAN_POINT('',(129.7,-51.75,0.));
#3329 = VECTOR('',#3330,1.);
#3330 = DIRECTION('',(0.,0.,1.));
#3331 = ORIENTED_EDGE('',*,*,#1865,.T.);
#3332 = ORIENTED_EDGE('',*,*,#3326,.F.);
#3333 = ORIENTED_EDGE('',*,*,#968,.F.);
#3334 = CYLINDRICAL_SURFACE('',#3335,0.5);
#3335 = AXIS2_PLACEMENT_3D('',#3336,#3337,#3338);
#3336 = CARTESIAN_POINT('',(129.2,-51.75,0.));
#3337 = DIRECTION('',(-0.,-0.,-1.));
#3338 = DIRECTION('',(1.,0.,-0.));
#3339 = ADVANCED_FACE('',(#3340),#3351,.F.);
#3340 = FACE_BOUND('',#3341,.T.);
#3341 = EDGE_LOOP('',(#3342,#3348,#3349,#3350));
#3342 = ORIENTED_EDGE('',*,*,#3343,.T.);
#3343 = EDGE_CURVE('',#980,#1877,#3344,.T.);
#3344 = LINE('',#3345,#3346);
#3345 = CARTESIAN_POINT('',(124.4,-46.25,0.));
#3346 = VECTOR('',#3347,1.);
#3347 = DIRECTION('',(0.,0.,1.));
#3348 = ORIENTED_EDGE('',*,*,#1876,.T.);
#3349 = ORIENTED_EDGE('',*,*,#3343,.F.);
#3350 = ORIENTED_EDGE('',*,*,#979,.F.);
#3351 = CYLINDRICAL_SURFACE('',#3352,0.6);
#3352 = AXIS2_PLACEMENT_3D('',#3353,#3354,#3355);
#3353 = CARTESIAN_POINT('',(123.8,-46.25,0.));
#3354 = DIRECTION('',(-0.,-0.,-1.));
#3355 = DIRECTION('',(1.,0.,-0.));
#3356 = ADVANCED_FACE('',(#3357),#3368,.F.);
#3357 = FACE_BOUND('',#3358,.T.);
#3358 = EDGE_LOOP('',(#3359,#3365,#3366,#3367));
#3359 = ORIENTED_EDGE('',*,*,#3360,.T.);
#3360 = EDGE_CURVE('',#991,#1888,#3361,.T.);
#3361 = LINE('',#3362,#3363);
#3362 = CARTESIAN_POINT('',(141.4,-46.25,0.));
#3363 = VECTOR('',#3364,1.);
#3364 = DIRECTION('',(0.,0.,1.));
#3365 = ORIENTED_EDGE('',*,*,#1887,.T.);
#3366 = ORIENTED_EDGE('',*,*,#3360,.F.);
#3367 = ORIENTED_EDGE('',*,*,#990,.F.);
#3368 = CYLINDRICAL_SURFACE('',#3369,0.6);
#3369 = AXIS2_PLACEMENT_3D('',#3370,#3371,#3372);
#3370 = CARTESIAN_POINT('',(140.8,-46.25,0.));
#3371 = DIRECTION('',(-0.,-0.,-1.));
#3372 = DIRECTION('',(1.,0.,-0.));
#3373 = ADVANCED_FACE('',(#3374),#3385,.F.);
#3374 = FACE_BOUND('',#3375,.T.);
#3375 = EDGE_LOOP('',(#3376,#3377,#3383,#3384));
#3376 = ORIENTED_EDGE('',*,*,#1001,.T.);
#3377 = ORIENTED_EDGE('',*,*,#3378,.T.);
#3378 = EDGE_CURVE('',#1002,#1899,#3379,.T.);
#3379 = LINE('',#3380,#3381);
#3380 = CARTESIAN_POINT('',(146.4255,-30.45,-4.6E-02));
#3381 = VECTOR('',#3382,1.);
#3382 = DIRECTION('',(0.,0.,1.));
#3383 = ORIENTED_EDGE('',*,*,#1898,.F.);
#3384 = ORIENTED_EDGE('',*,*,#3378,.F.);
#3385 = CYLINDRICAL_SURFACE('',#3386,0.45);
#3386 = AXIS2_PLACEMENT_3D('',#3387,#3388,#3389);
#3387 = CARTESIAN_POINT('',(146.4255,-30.,-4.6E-02));
#3388 = DIRECTION('',(-0.,-0.,-1.));
#3389 = DIRECTION('',(-0.,-1.,0.));
#3390 = ADVANCED_FACE('',(#3391),#3402,.F.);
#3391 = FACE_BOUND('',#3392,.T.);
#3392 = EDGE_LOOP('',(#3393,#3394,#3400,#3401));
#3393 = ORIENTED_EDGE('',*,*,#1012,.T.);
#3394 = ORIENTED_EDGE('',*,*,#3395,.T.);
#3395 = EDGE_CURVE('',#1013,#1910,#3396,.T.);
#3396 = LINE('',#3397,#3398);
#3397 = CARTESIAN_POINT('',(146.4255,-27.45,-4.6E-02));
#3398 = VECTOR('',#3399,1.);
#3399 = DIRECTION('',(0.,0.,1.));
#3400 = ORIENTED_EDGE('',*,*,#1909,.F.);
#3401 = ORIENTED_EDGE('',*,*,#3395,.F.);
#3402 = CYLINDRICAL_SURFACE('',#3403,0.45);
#3403 = AXIS2_PLACEMENT_3D('',#3404,#3405,#3406);
#3404 = CARTESIAN_POINT('',(146.4255,-27.,-4.6E-02));
#3405 = DIRECTION('',(-0.,-0.,-1.));
#3406 = DIRECTION('',(-0.,-1.,0.));
#3407 = ADVANCED_FACE('',(#3408),#3419,.F.);
#3408 = FACE_BOUND('',#3409,.T.);
#3409 = EDGE_LOOP('',(#3410,#3416,#3417,#3418));
#3410 = ORIENTED_EDGE('',*,*,#3411,.T.);
#3411 = EDGE_CURVE('',#1024,#1921,#3412,.T.);
#3412 = LINE('',#3413,#3414);
#3413 = CARTESIAN_POINT('',(147.2,-18.7,0.));
#3414 = VECTOR('',#3415,1.);
#3415 = DIRECTION('',(0.,0.,1.));
#3416 = ORIENTED_EDGE('',*,*,#1920,.T.);
#3417 = ORIENTED_EDGE('',*,*,#3411,.F.);
#3418 = ORIENTED_EDGE('',*,*,#1023,.F.);
#3419 = CYLINDRICAL_SURFACE('',#3420,1.1);
#3420 = AXIS2_PLACEMENT_3D('',#3421,#3422,#3423);
#3421 = CARTESIAN_POINT('',(146.1,-18.7,0.));
#3422 = DIRECTION('',(-0.,-0.,-1.));
#3423 = DIRECTION('',(1.,0.,-0.));
#3424 = ( GEOMETRIC_REPRESENTATION_CONTEXT(3) 
GLOBAL_UNCERTAINTY_ASSIGNED_CONTEXT((#3428)) 
GLOBAL_UNIT_ASSIGNED_CONTEXT((#3425,#3426,#3427)) REPRESENTATION_CONTEXT
('Context #1','3D Context with UNIT and UNCERTAINTY') );
#3425 = ( LENGTH_UNIT() NAMED_UNIT(*) SI_UNIT(.MILLI.,.METRE.) );
#3426 = ( NAMED_UNIT(*) PLANE_ANGLE_UNIT() SI_UNIT($,.RADIAN.) );
#3427 = ( NAMED_UNIT(*) SI_UNIT($,.STERADIAN.) SOLID_ANGLE_UNIT() );
#3428 = UNCERTAINTY_MEASURE_WITH_UNIT(LENGTH_MEASURE(1.E-07),#3425,
  'distance_accuracy_value','confusion accuracy');
#3429 = CONTEXT_DEPENDENT_SHAPE_REPRESENTATION(#3430,#3432);
#3430 = ( REPRESENTATION_RELATIONSHIP('','',#32,#10) 
REPRESENTATION_RELATIONSHIP_WITH_TRANSFORMATION(#3431) 
SHAPE_REPRESENTATION_RELATIONSHIP() );
#3431 = ITEM_DEFINED_TRANSFORMATION('','',#11,#15);
#3432 = PRODUCT_DEFINITION_SHAPE('Placement','Placement of an item',
  #3433);
#3433 = NEXT_ASSEMBLY_USAGE_OCCURRENCE('1','=>[0:1:1:2]','',#5,#27,$);
#3434 = PRODUCT_RELATED_PRODUCT_CATEGORY('part',$,(#29));
#3435 = MECHANICAL_DESIGN_GEOMETRIC_PRESENTATION_REPRESENTATION('',(
    #3436),#3424);
#3436 = STYLED_ITEM('color',(#3437),#33);
#3437 = PRESENTATION_STYLE_ASSIGNMENT((#3438));
#3438 = SURFACE_STYLE_USAGE(.BOTH.,#3439);
#3439 = SURFACE_SIDE_STYLE('',(#3440));
#3440 = SURFACE_STYLE_FILL_AREA(#3441);
#3441 = FILL_AREA_STYLE('',(#3442));
#3442 = FILL_AREA_STYLE_COLOUR('',#3443);
#3443 = COLOUR_RGB('',0.313304153717,0.484529207832,0.410020903123);
ENDSEC;
END-ISO-10303-21;
