ISO-10303-21;
HEADER;
FILE_DESCRIPTION(('KiCad electronic assembly'),'2;1');
FILE_NAME('main_pcb_only.step','2025-03-15T01:06:16',('Pcbnew'),('Kicad'
    ),'Open CASCADE STEP processor 7.8','KiCad to STEP converter',
  'Unknown');
FILE_SCHEMA(('AUTOMOTIVE_DESIGN { 1 0 10303 214 1 1 1 1 }'));
ENDSEC;
DATA;
#1 = APPLICATION_PROTOCOL_DEFINITION('international standard',
  'automotive_design',2000,#2);
#2 = APPLICATION_CONTEXT(
  'core data for automotive mechanical design processes');
#3 = SHAPE_DEFINITION_REPRESENTATION(#4,#10);
#4 = PRODUCT_DEFINITION_SHAPE('','',#5);
#5 = PRODUCT_DEFINITION('design','',#6,#9);
#6 = PRODUCT_DEFINITION_FORMATION('','',#7);
#7 = PRODUCT('main_pcb_only 1','main_pcb_only 1','',(#8));
#8 = PRODUCT_CONTEXT('',#2,'mechanical');
#9 = PRODUCT_DEFINITION_CONTEXT('part definition',#2,'design');
#10 = SHAPE_REPRESENTATION('',(#11,#15,#19),#23);
#11 = AXIS2_PLACEMENT_3D('',#12,#13,#14);
#12 = CARTESIAN_POINT('',(0.,0.,0.));
#13 = DIRECTION('',(0.,0.,1.));
#14 = DIRECTION('',(1.,0.,-0.));
#15 = AXIS2_PLACEMENT_3D('',#16,#17,#18);
#16 = CARTESIAN_POINT('',(0.,0.,0.));
#17 = DIRECTION('',(0.,0.,1.));
#18 = DIRECTION('',(1.,0.,-0.));
#19 = AXIS2_PLACEMENT_3D('',#20,#21,#22);
#20 = CARTESIAN_POINT('',(0.,0.,0.));
#21 = DIRECTION('',(0.,0.,1.));
#22 = DIRECTION('',(1.,0.,-0.));
#23 = ( GEOMETRIC_REPRESENTATION_CONTEXT(3) 
GLOBAL_UNCERTAINTY_ASSIGNED_CONTEXT((#27)) GLOBAL_UNIT_ASSIGNED_CONTEXT(
(#24,#25,#26)) REPRESENTATION_CONTEXT('Context #1',
  '3D Context with UNIT and UNCERTAINTY') );
#24 = ( LENGTH_UNIT() NAMED_UNIT(*) SI_UNIT(.MILLI.,.METRE.) );
#25 = ( NAMED_UNIT(*) PLANE_ANGLE_UNIT() SI_UNIT($,.RADIAN.) );
#26 = ( NAMED_UNIT(*) SI_UNIT($,.STERADIAN.) SOLID_ANGLE_UNIT() );
#27 = UNCERTAINTY_MEASURE_WITH_UNIT(LENGTH_MEASURE(1.E-07),#24,
  'distance_accuracy_value','confusion accuracy');
#28 = PRODUCT_RELATED_PRODUCT_CATEGORY('part',$,(#7));
#29 = SHAPE_DEFINITION_REPRESENTATION(#30,#36);
#30 = PRODUCT_DEFINITION_SHAPE('','',#31);
#31 = PRODUCT_DEFINITION('design','',#32,#35);
#32 = PRODUCT_DEFINITION_FORMATION('','',#33);
#33 = PRODUCT('main_pcb_PCB_1','main_pcb_PCB_1','',(#34));
#34 = PRODUCT_CONTEXT('',#2,'mechanical');
#35 = PRODUCT_DEFINITION_CONTEXT('part definition',#2,'design');
#36 = ADVANCED_BREP_SHAPE_REPRESENTATION('',(#11,#37),#3428);
#37 = MANIFOLD_SOLID_BREP('',#38);
#38 = CLOSED_SHELL('',(#39,#81,#112,#143,#1040,#1937,#1954,#1971,#1988,
    #2005,#2017,#2034,#2051,#2068,#2085,#2102,#2119,#2136,#2153,#2170,
    #2187,#2204,#2221,#2238,#2255,#2272,#2289,#2306,#2323,#2340,#2357,
    #2374,#2391,#2408,#2425,#2442,#2459,#2476,#2493,#2510,#2527,#2544,
    #2561,#2578,#2595,#2612,#2629,#2646,#2663,#2680,#2697,#2714,#2731,
    #2748,#2765,#2787,#2804,#2821,#2838,#2855,#2872,#2889,#2906,#2923,
    #2935,#2957,#2974,#2991,#3008,#3025,#3042,#3059,#3076,#3088,#3105,
    #3127,#3144,#3161,#3178,#3195,#3212,#3229,#3246,#3263,#3275,#3292,
    #3309,#3326,#3343,#3360,#3377,#3394,#3411));
#39 = ADVANCED_FACE('',(#40),#76,.T.);
#40 = FACE_BOUND('',#41,.T.);
#41 = EDGE_LOOP('',(#42,#52,#61,#69));
#42 = ORIENTED_EDGE('',*,*,#43,.T.);
#43 = EDGE_CURVE('',#44,#46,#48,.T.);
#44 = VERTEX_POINT('',#45);
#45 = CARTESIAN_POINT('',(147.2,-16.6,0.));
#46 = VERTEX_POINT('',#47);
#47 = CARTESIAN_POINT('',(147.2,-16.6,0.71));
#48 = LINE('',#49,#50);
#49 = CARTESIAN_POINT('',(147.2,-16.6,0.));
#50 = VECTOR('',#51,1.);
#51 = DIRECTION('',(0.,0.,1.));
#52 = ORIENTED_EDGE('',*,*,#53,.T.);
#53 = EDGE_CURVE('',#46,#54,#56,.T.);
#54 = VERTEX_POINT('',#55);
#55 = CARTESIAN_POINT('',(148.2,-17.6,0.71));
#56 = CIRCLE('',#57,0.999999252925);
#57 = AXIS2_PLACEMENT_3D('',#58,#59,#60);
#58 = CARTESIAN_POINT('',(147.20000074707,-17.59999925292,0.71));
#59 = DIRECTION('',(0.,0.,-1.));
#60 = DIRECTION('',(-7.470757633756E-07,1.,0.));
#61 = ORIENTED_EDGE('',*,*,#62,.F.);
#62 = EDGE_CURVE('',#63,#54,#65,.T.);
#63 = VERTEX_POINT('',#64);
#64 = CARTESIAN_POINT('',(148.2,-17.6,0.));
#65 = LINE('',#66,#67);
#66 = CARTESIAN_POINT('',(148.2,-17.6,0.));
#67 = VECTOR('',#68,1.);
#68 = DIRECTION('',(0.,0.,1.));
#69 = ORIENTED_EDGE('',*,*,#70,.F.);
#70 = EDGE_CURVE('',#44,#63,#71,.T.);
#71 = CIRCLE('',#72,0.999999252925);
#72 = AXIS2_PLACEMENT_3D('',#73,#74,#75);
#73 = CARTESIAN_POINT('',(147.20000074707,-17.59999925292,0.));
#74 = DIRECTION('',(0.,0.,-1.));
#75 = DIRECTION('',(-7.470757633756E-07,1.,0.));
#76 = CYLINDRICAL_SURFACE('',#77,0.999999252925);
#77 = AXIS2_PLACEMENT_3D('',#78,#79,#80);
#78 = CARTESIAN_POINT('',(147.20000074707,-17.59999925292,0.));
#79 = DIRECTION('',(0.,0.,-1.));
#80 = DIRECTION('',(-7.470757633756E-07,1.,0.));
#81 = ADVANCED_FACE('',(#82),#107,.T.);
#82 = FACE_BOUND('',#83,.T.);
#83 = EDGE_LOOP('',(#84,#94,#100,#101));
#84 = ORIENTED_EDGE('',*,*,#85,.T.);
#85 = EDGE_CURVE('',#86,#88,#90,.T.);
#86 = VERTEX_POINT('',#87);
#87 = CARTESIAN_POINT('',(37.8,-16.6,0.));
#88 = VERTEX_POINT('',#89);
#89 = CARTESIAN_POINT('',(37.8,-16.6,0.71));
#90 = LINE('',#91,#92);
#91 = CARTESIAN_POINT('',(37.8,-16.6,0.));
#92 = VECTOR('',#93,1.);
#93 = DIRECTION('',(0.,0.,1.));
#94 = ORIENTED_EDGE('',*,*,#95,.T.);
#95 = EDGE_CURVE('',#88,#46,#96,.T.);
#96 = LINE('',#97,#98);
#97 = CARTESIAN_POINT('',(37.8,-16.6,0.71));
#98 = VECTOR('',#99,1.);
#99 = DIRECTION('',(1.,0.,0.));
#100 = ORIENTED_EDGE('',*,*,#43,.F.);
#101 = ORIENTED_EDGE('',*,*,#102,.F.);
#102 = EDGE_CURVE('',#86,#44,#103,.T.);
#103 = LINE('',#104,#105);
#104 = CARTESIAN_POINT('',(37.8,-16.6,0.));
#105 = VECTOR('',#106,1.);
#106 = DIRECTION('',(1.,0.,0.));
#107 = PLANE('',#108);
#108 = AXIS2_PLACEMENT_3D('',#109,#110,#111);
#109 = CARTESIAN_POINT('',(37.8,-16.6,0.));
#110 = DIRECTION('',(0.,1.,0.));
#111 = DIRECTION('',(1.,0.,0.));
#112 = ADVANCED_FACE('',(#113),#138,.T.);
#113 = FACE_BOUND('',#114,.T.);
#114 = EDGE_LOOP('',(#115,#116,#124,#132));
#115 = ORIENTED_EDGE('',*,*,#62,.T.);
#116 = ORIENTED_EDGE('',*,*,#117,.T.);
#117 = EDGE_CURVE('',#54,#118,#120,.T.);
#118 = VERTEX_POINT('',#119);
#119 = CARTESIAN_POINT('',(148.2,-112.2,0.71));
#120 = LINE('',#121,#122);
#121 = CARTESIAN_POINT('',(148.2,-17.6,0.71));
#122 = VECTOR('',#123,1.);
#123 = DIRECTION('',(0.,-1.,0.));
#124 = ORIENTED_EDGE('',*,*,#125,.F.);
#125 = EDGE_CURVE('',#126,#118,#128,.T.);
#126 = VERTEX_POINT('',#127);
#127 = CARTESIAN_POINT('',(148.2,-112.2,0.));
#128 = LINE('',#129,#130);
#129 = CARTESIAN_POINT('',(148.2,-112.2,0.));
#130 = VECTOR('',#131,1.);
#131 = DIRECTION('',(0.,0.,1.));
#132 = ORIENTED_EDGE('',*,*,#133,.F.);
#133 = EDGE_CURVE('',#63,#126,#134,.T.);
#134 = LINE('',#135,#136);
#135 = CARTESIAN_POINT('',(148.2,-17.6,0.));
#136 = VECTOR('',#137,1.);
#137 = DIRECTION('',(0.,-1.,0.));
#138 = PLANE('',#139);
#139 = AXIS2_PLACEMENT_3D('',#140,#141,#142);
#140 = CARTESIAN_POINT('',(148.2,-17.6,0.));
#141 = DIRECTION('',(1.,0.,-0.));
#142 = DIRECTION('',(0.,-1.,0.));
#143 = ADVANCED_FACE('',(#144,#190,#201,#212,#223,#234,#245,#256,#267,
    #278,#289,#300,#311,#322,#333,#344,#355,#366,#377,#388,#399,#410,
    #421,#432,#443,#454,#465,#476,#487,#498,#509,#520,#531,#542,#553,
    #564,#575,#586,#597,#608,#619,#630,#641,#652,#663,#674,#760,#837,
    #848,#936,#947,#958,#969,#980,#991,#1002,#1013,#1024),#1035,.F.);
#144 = FACE_BOUND('',#145,.F.);
#145 = EDGE_LOOP('',(#146,#147,#148,#157,#165,#174,#182,#189));
#146 = ORIENTED_EDGE('',*,*,#70,.F.);
#147 = ORIENTED_EDGE('',*,*,#102,.F.);
#148 = ORIENTED_EDGE('',*,*,#149,.F.);
#149 = EDGE_CURVE('',#150,#86,#152,.T.);
#150 = VERTEX_POINT('',#151);
#151 = CARTESIAN_POINT('',(36.8,-17.6,0.));
#152 = CIRCLE('',#153,0.999999252925);
#153 = AXIS2_PLACEMENT_3D('',#154,#155,#156);
#154 = CARTESIAN_POINT('',(37.799999252925,-17.59999925292,0.));
#155 = DIRECTION('',(0.,0.,-1.));
#156 = DIRECTION('',(-1.,-7.470757420593E-07,-0.));
#157 = ORIENTED_EDGE('',*,*,#158,.F.);
#158 = EDGE_CURVE('',#159,#150,#161,.T.);
#159 = VERTEX_POINT('',#160);
#160 = CARTESIAN_POINT('',(36.8,-112.2,0.));
#161 = LINE('',#162,#163);
#162 = CARTESIAN_POINT('',(36.8,-112.2,0.));
#163 = VECTOR('',#164,1.);
#164 = DIRECTION('',(0.,1.,0.));
#165 = ORIENTED_EDGE('',*,*,#166,.F.);
#166 = EDGE_CURVE('',#167,#159,#169,.T.);
#167 = VERTEX_POINT('',#168);
#168 = CARTESIAN_POINT('',(37.8,-113.2,0.));
#169 = CIRCLE('',#170,0.999999252925);
#170 = AXIS2_PLACEMENT_3D('',#171,#172,#173);
#171 = CARTESIAN_POINT('',(37.799999252925,-112.200000747,0.));
#172 = DIRECTION('',(0.,0.,-1.));
#173 = DIRECTION('',(7.470757349539E-07,-1.,0.));
#174 = ORIENTED_EDGE('',*,*,#175,.F.);
#175 = EDGE_CURVE('',#176,#167,#178,.T.);
#176 = VERTEX_POINT('',#177);
#177 = CARTESIAN_POINT('',(147.2,-113.2,0.));
#178 = LINE('',#179,#180);
#179 = CARTESIAN_POINT('',(147.2,-113.2,0.));
#180 = VECTOR('',#181,1.);
#181 = DIRECTION('',(-1.,0.,0.));
#182 = ORIENTED_EDGE('',*,*,#183,.F.);
#183 = EDGE_CURVE('',#126,#176,#184,.T.);
#184 = CIRCLE('',#185,0.999999252925);
#185 = AXIS2_PLACEMENT_3D('',#186,#187,#188);
#186 = CARTESIAN_POINT('',(147.20000074707,-112.200000747,0.));
#187 = DIRECTION('',(0.,0.,-1.));
#188 = DIRECTION('',(1.,7.470757349539E-07,0.));
#189 = ORIENTED_EDGE('',*,*,#133,.F.);
#190 = FACE_BOUND('',#191,.F.);
#191 = EDGE_LOOP('',(#192));
#192 = ORIENTED_EDGE('',*,*,#193,.F.);
#193 = EDGE_CURVE('',#194,#194,#196,.T.);
#194 = VERTEX_POINT('',#195);
#195 = CARTESIAN_POINT('',(40.,-105.1,0.));
#196 = CIRCLE('',#197,1.1);
#197 = AXIS2_PLACEMENT_3D('',#198,#199,#200);
#198 = CARTESIAN_POINT('',(38.9,-105.1,0.));
#199 = DIRECTION('',(0.,0.,1.));
#200 = DIRECTION('',(1.,0.,-0.));
#201 = FACE_BOUND('',#202,.F.);
#202 = EDGE_LOOP('',(#203));
#203 = ORIENTED_EDGE('',*,*,#204,.F.);
#204 = EDGE_CURVE('',#205,#205,#207,.T.);
#205 = VERTEX_POINT('',#206);
#206 = CARTESIAN_POINT('',(44.7,-102.75,0.));
#207 = CIRCLE('',#208,0.5);
#208 = AXIS2_PLACEMENT_3D('',#209,#210,#211);
#209 = CARTESIAN_POINT('',(44.2,-102.75,0.));
#210 = DIRECTION('',(0.,0.,1.));
#211 = DIRECTION('',(1.,0.,-0.));
#212 = FACE_BOUND('',#213,.F.);
#213 = EDGE_LOOP('',(#214));
#214 = ORIENTED_EDGE('',*,*,#215,.F.);
#215 = EDGE_CURVE('',#216,#216,#218,.T.);
#216 = VERTEX_POINT('',#217);
#217 = CARTESIAN_POINT('',(61.7,-102.75,0.));
#218 = CIRCLE('',#219,0.5);
#219 = AXIS2_PLACEMENT_3D('',#220,#221,#222);
#220 = CARTESIAN_POINT('',(61.2,-102.75,0.));
#221 = DIRECTION('',(0.,0.,1.));
#222 = DIRECTION('',(1.,0.,-0.));
#223 = FACE_BOUND('',#224,.F.);
#224 = EDGE_LOOP('',(#225));
#225 = ORIENTED_EDGE('',*,*,#226,.F.);
#226 = EDGE_CURVE('',#227,#227,#229,.T.);
#227 = VERTEX_POINT('',#228);
#228 = CARTESIAN_POINT('',(56.4,-97.25,0.));
#229 = CIRCLE('',#230,0.6);
#230 = AXIS2_PLACEMENT_3D('',#231,#232,#233);
#231 = CARTESIAN_POINT('',(55.8,-97.25,0.));
#232 = DIRECTION('',(0.,0.,1.));
#233 = DIRECTION('',(1.,0.,-0.));
#234 = FACE_BOUND('',#235,.F.);
#235 = EDGE_LOOP('',(#236));
#236 = ORIENTED_EDGE('',*,*,#237,.F.);
#237 = EDGE_CURVE('',#238,#238,#240,.T.);
#238 = VERTEX_POINT('',#239);
#239 = CARTESIAN_POINT('',(44.7,-85.75,0.));
#240 = CIRCLE('',#241,0.5);
#241 = AXIS2_PLACEMENT_3D('',#242,#243,#244);
#242 = CARTESIAN_POINT('',(44.2,-85.75,0.));
#243 = DIRECTION('',(0.,0.,1.));
#244 = DIRECTION('',(1.,0.,-0.));
#245 = FACE_BOUND('',#246,.F.);
#246 = EDGE_LOOP('',(#247));
#247 = ORIENTED_EDGE('',*,*,#248,.F.);
#248 = EDGE_CURVE('',#249,#249,#251,.T.);
#249 = VERTEX_POINT('',#250);
#250 = CARTESIAN_POINT('',(61.7,-85.75,0.));
#251 = CIRCLE('',#252,0.5);
#252 = AXIS2_PLACEMENT_3D('',#253,#254,#255);
#253 = CARTESIAN_POINT('',(61.2,-85.75,0.));
#254 = DIRECTION('',(0.,0.,1.));
#255 = DIRECTION('',(1.,0.,-0.));
#256 = FACE_BOUND('',#257,.F.);
#257 = EDGE_LOOP('',(#258));
#258 = ORIENTED_EDGE('',*,*,#259,.F.);
#259 = EDGE_CURVE('',#260,#260,#262,.T.);
#260 = VERTEX_POINT('',#261);
#261 = CARTESIAN_POINT('',(78.7,-102.75,0.));
#262 = CIRCLE('',#263,0.5);
#263 = AXIS2_PLACEMENT_3D('',#264,#265,#266);
#264 = CARTESIAN_POINT('',(78.2,-102.75,0.));
#265 = DIRECTION('',(0.,0.,1.));
#266 = DIRECTION('',(1.,0.,-0.));
#267 = FACE_BOUND('',#268,.F.);
#268 = EDGE_LOOP('',(#269));
#269 = ORIENTED_EDGE('',*,*,#270,.F.);
#270 = EDGE_CURVE('',#271,#271,#273,.T.);
#271 = VERTEX_POINT('',#272);
#272 = CARTESIAN_POINT('',(73.4,-97.25,0.));
#273 = CIRCLE('',#274,0.6);
#274 = AXIS2_PLACEMENT_3D('',#275,#276,#277);
#275 = CARTESIAN_POINT('',(72.8,-97.25,0.));
#276 = DIRECTION('',(0.,0.,1.));
#277 = DIRECTION('',(1.,0.,-0.));
#278 = FACE_BOUND('',#279,.F.);
#279 = EDGE_LOOP('',(#280));
#280 = ORIENTED_EDGE('',*,*,#281,.F.);
#281 = EDGE_CURVE('',#282,#282,#284,.T.);
#282 = VERTEX_POINT('',#283);
#283 = CARTESIAN_POINT('',(90.4,-97.25,0.));
#284 = CIRCLE('',#285,0.6);
#285 = AXIS2_PLACEMENT_3D('',#286,#287,#288);
#286 = CARTESIAN_POINT('',(89.8,-97.25,0.));
#287 = DIRECTION('',(0.,0.,1.));
#288 = DIRECTION('',(1.,0.,-0.));
#289 = FACE_BOUND('',#290,.F.);
#290 = EDGE_LOOP('',(#291));
#291 = ORIENTED_EDGE('',*,*,#292,.F.);
#292 = EDGE_CURVE('',#293,#293,#295,.T.);
#293 = VERTEX_POINT('',#294);
#294 = CARTESIAN_POINT('',(78.7,-85.75,0.));
#295 = CIRCLE('',#296,0.5);
#296 = AXIS2_PLACEMENT_3D('',#297,#298,#299);
#297 = CARTESIAN_POINT('',(78.2,-85.75,0.));
#298 = DIRECTION('',(0.,0.,1.));
#299 = DIRECTION('',(1.,0.,-0.));
#300 = FACE_BOUND('',#301,.F.);
#301 = EDGE_LOOP('',(#302));
#302 = ORIENTED_EDGE('',*,*,#303,.F.);
#303 = EDGE_CURVE('',#304,#304,#306,.T.);
#304 = VERTEX_POINT('',#305);
#305 = CARTESIAN_POINT('',(56.4,-80.25,0.));
#306 = CIRCLE('',#307,0.6);
#307 = AXIS2_PLACEMENT_3D('',#308,#309,#310);
#308 = CARTESIAN_POINT('',(55.8,-80.25,0.));
#309 = DIRECTION('',(0.,0.,1.));
#310 = DIRECTION('',(1.,0.,-0.));
#311 = FACE_BOUND('',#312,.F.);
#312 = EDGE_LOOP('',(#313));
#313 = ORIENTED_EDGE('',*,*,#314,.F.);
#314 = EDGE_CURVE('',#315,#315,#317,.T.);
#315 = VERTEX_POINT('',#316);
#316 = CARTESIAN_POINT('',(44.7,-68.75,0.));
#317 = CIRCLE('',#318,0.5);
#318 = AXIS2_PLACEMENT_3D('',#319,#320,#321);
#319 = CARTESIAN_POINT('',(44.2,-68.75,0.));
#320 = DIRECTION('',(0.,0.,1.));
#321 = DIRECTION('',(1.,0.,-0.));
#322 = FACE_BOUND('',#323,.F.);
#323 = EDGE_LOOP('',(#324));
#324 = ORIENTED_EDGE('',*,*,#325,.F.);
#325 = EDGE_CURVE('',#326,#326,#328,.T.);
#326 = VERTEX_POINT('',#327);
#327 = CARTESIAN_POINT('',(61.7,-68.75,0.));
#328 = CIRCLE('',#329,0.5);
#329 = AXIS2_PLACEMENT_3D('',#330,#331,#332);
#330 = CARTESIAN_POINT('',(61.2,-68.75,0.));
#331 = DIRECTION('',(0.,0.,1.));
#332 = DIRECTION('',(1.,0.,-0.));
#333 = FACE_BOUND('',#334,.F.);
#334 = EDGE_LOOP('',(#335));
#335 = ORIENTED_EDGE('',*,*,#336,.F.);
#336 = EDGE_CURVE('',#337,#337,#339,.T.);
#337 = VERTEX_POINT('',#338);
#338 = CARTESIAN_POINT('',(56.4,-63.25,0.));
#339 = CIRCLE('',#340,0.6);
#340 = AXIS2_PLACEMENT_3D('',#341,#342,#343);
#341 = CARTESIAN_POINT('',(55.8,-63.25,0.));
#342 = DIRECTION('',(0.,0.,1.));
#343 = DIRECTION('',(1.,0.,-0.));
#344 = FACE_BOUND('',#345,.F.);
#345 = EDGE_LOOP('',(#346));
#346 = ORIENTED_EDGE('',*,*,#347,.F.);
#347 = EDGE_CURVE('',#348,#348,#350,.T.);
#348 = VERTEX_POINT('',#349);
#349 = CARTESIAN_POINT('',(73.4,-80.25,0.));
#350 = CIRCLE('',#351,0.6);
#351 = AXIS2_PLACEMENT_3D('',#352,#353,#354);
#352 = CARTESIAN_POINT('',(72.8,-80.25,0.));
#353 = DIRECTION('',(0.,0.,1.));
#354 = DIRECTION('',(1.,0.,-0.));
#355 = FACE_BOUND('',#356,.F.);
#356 = EDGE_LOOP('',(#357));
#357 = ORIENTED_EDGE('',*,*,#358,.F.);
#358 = EDGE_CURVE('',#359,#359,#361,.T.);
#359 = VERTEX_POINT('',#360);
#360 = CARTESIAN_POINT('',(90.4,-80.25,0.));
#361 = CIRCLE('',#362,0.6);
#362 = AXIS2_PLACEMENT_3D('',#363,#364,#365);
#363 = CARTESIAN_POINT('',(89.8,-80.25,0.));
#364 = DIRECTION('',(0.,0.,1.));
#365 = DIRECTION('',(1.,0.,-0.));
#366 = FACE_BOUND('',#367,.F.);
#367 = EDGE_LOOP('',(#368));
#368 = ORIENTED_EDGE('',*,*,#369,.F.);
#369 = EDGE_CURVE('',#370,#370,#372,.T.);
#370 = VERTEX_POINT('',#371);
#371 = CARTESIAN_POINT('',(78.7,-68.75,0.));
#372 = CIRCLE('',#373,0.5);
#373 = AXIS2_PLACEMENT_3D('',#374,#375,#376);
#374 = CARTESIAN_POINT('',(78.2,-68.75,0.));
#375 = DIRECTION('',(0.,0.,1.));
#376 = DIRECTION('',(1.,0.,-0.));
#377 = FACE_BOUND('',#378,.F.);
#378 = EDGE_LOOP('',(#379));
#379 = ORIENTED_EDGE('',*,*,#380,.F.);
#380 = EDGE_CURVE('',#381,#381,#383,.T.);
#381 = VERTEX_POINT('',#382);
#382 = CARTESIAN_POINT('',(73.4,-63.25,0.));
#383 = CIRCLE('',#384,0.6);
#384 = AXIS2_PLACEMENT_3D('',#385,#386,#387);
#385 = CARTESIAN_POINT('',(72.8,-63.25,0.));
#386 = DIRECTION('',(0.,0.,1.));
#387 = DIRECTION('',(1.,0.,-0.));
#388 = FACE_BOUND('',#389,.F.);
#389 = EDGE_LOOP('',(#390));
#390 = ORIENTED_EDGE('',*,*,#391,.F.);
#391 = EDGE_CURVE('',#392,#392,#394,.T.);
#392 = VERTEX_POINT('',#393);
#393 = CARTESIAN_POINT('',(90.4,-63.25,0.));
#394 = CIRCLE('',#395,0.6);
#395 = AXIS2_PLACEMENT_3D('',#396,#397,#398);
#396 = CARTESIAN_POINT('',(89.8,-63.25,0.));
#397 = DIRECTION('',(0.,0.,1.));
#398 = DIRECTION('',(1.,0.,-0.));
#399 = FACE_BOUND('',#400,.F.);
#400 = EDGE_LOOP('',(#401));
#401 = ORIENTED_EDGE('',*,*,#402,.F.);
#402 = EDGE_CURVE('',#403,#403,#405,.T.);
#403 = VERTEX_POINT('',#404);
#404 = CARTESIAN_POINT('',(95.7,-102.75,0.));
#405 = CIRCLE('',#406,0.5);
#406 = AXIS2_PLACEMENT_3D('',#407,#408,#409);
#407 = CARTESIAN_POINT('',(95.2,-102.75,0.));
#408 = DIRECTION('',(0.,0.,1.));
#409 = DIRECTION('',(1.,0.,-0.));
#410 = FACE_BOUND('',#411,.F.);
#411 = EDGE_LOOP('',(#412));
#412 = ORIENTED_EDGE('',*,*,#413,.F.);
#413 = EDGE_CURVE('',#414,#414,#416,.T.);
#414 = VERTEX_POINT('',#415);
#415 = CARTESIAN_POINT('',(112.7,-102.75,0.));
#416 = CIRCLE('',#417,0.5);
#417 = AXIS2_PLACEMENT_3D('',#418,#419,#420);
#418 = CARTESIAN_POINT('',(112.2,-102.75,0.));
#419 = DIRECTION('',(0.,0.,1.));
#420 = DIRECTION('',(1.,0.,-0.));
#421 = FACE_BOUND('',#422,.F.);
#422 = EDGE_LOOP('',(#423));
#423 = ORIENTED_EDGE('',*,*,#424,.F.);
#424 = EDGE_CURVE('',#425,#425,#427,.T.);
#425 = VERTEX_POINT('',#426);
#426 = CARTESIAN_POINT('',(107.4,-97.25,0.));
#427 = CIRCLE('',#428,0.6);
#428 = AXIS2_PLACEMENT_3D('',#429,#430,#431);
#429 = CARTESIAN_POINT('',(106.8,-97.25,0.));
#430 = DIRECTION('',(0.,0.,1.));
#431 = DIRECTION('',(1.,0.,-0.));
#432 = FACE_BOUND('',#433,.F.);
#433 = EDGE_LOOP('',(#434));
#434 = ORIENTED_EDGE('',*,*,#435,.F.);
#435 = EDGE_CURVE('',#436,#436,#438,.T.);
#436 = VERTEX_POINT('',#437);
#437 = CARTESIAN_POINT('',(95.7,-85.75,0.));
#438 = CIRCLE('',#439,0.5);
#439 = AXIS2_PLACEMENT_3D('',#440,#441,#442);
#440 = CARTESIAN_POINT('',(95.2,-85.75,0.));
#441 = DIRECTION('',(0.,0.,1.));
#442 = DIRECTION('',(1.,0.,-0.));
#443 = FACE_BOUND('',#444,.F.);
#444 = EDGE_LOOP('',(#445));
#445 = ORIENTED_EDGE('',*,*,#446,.F.);
#446 = EDGE_CURVE('',#447,#447,#449,.T.);
#447 = VERTEX_POINT('',#448);
#448 = CARTESIAN_POINT('',(112.7,-85.75,0.));
#449 = CIRCLE('',#450,0.5);
#450 = AXIS2_PLACEMENT_3D('',#451,#452,#453);
#451 = CARTESIAN_POINT('',(112.2,-85.75,0.));
#452 = DIRECTION('',(0.,0.,1.));
#453 = DIRECTION('',(1.,0.,-0.));
#454 = FACE_BOUND('',#455,.F.);
#455 = EDGE_LOOP('',(#456));
#456 = ORIENTED_EDGE('',*,*,#457,.F.);
#457 = EDGE_CURVE('',#458,#458,#460,.T.);
#458 = VERTEX_POINT('',#459);
#459 = CARTESIAN_POINT('',(129.7,-102.75,0.));
#460 = CIRCLE('',#461,0.5);
#461 = AXIS2_PLACEMENT_3D('',#462,#463,#464);
#462 = CARTESIAN_POINT('',(129.2,-102.75,0.));
#463 = DIRECTION('',(0.,0.,1.));
#464 = DIRECTION('',(1.,0.,-0.));
#465 = FACE_BOUND('',#466,.F.);
#466 = EDGE_LOOP('',(#467));
#467 = ORIENTED_EDGE('',*,*,#468,.F.);
#468 = EDGE_CURVE('',#469,#469,#471,.T.);
#469 = VERTEX_POINT('',#470);
#470 = CARTESIAN_POINT('',(124.4,-97.25,0.));
#471 = CIRCLE('',#472,0.6);
#472 = AXIS2_PLACEMENT_3D('',#473,#474,#475);
#473 = CARTESIAN_POINT('',(123.8,-97.25,0.));
#474 = DIRECTION('',(0.,0.,1.));
#475 = DIRECTION('',(1.,0.,-0.));
#476 = FACE_BOUND('',#477,.F.);
#477 = EDGE_LOOP('',(#478));
#478 = ORIENTED_EDGE('',*,*,#479,.F.);
#479 = EDGE_CURVE('',#480,#480,#482,.T.);
#480 = VERTEX_POINT('',#481);
#481 = CARTESIAN_POINT('',(147.2,-105.1,0.));
#482 = CIRCLE('',#483,1.1);
#483 = AXIS2_PLACEMENT_3D('',#484,#485,#486);
#484 = CARTESIAN_POINT('',(146.1,-105.1,0.));
#485 = DIRECTION('',(0.,0.,1.));
#486 = DIRECTION('',(1.,0.,-0.));
#487 = FACE_BOUND('',#488,.F.);
#488 = EDGE_LOOP('',(#489));
#489 = ORIENTED_EDGE('',*,*,#490,.F.);
#490 = EDGE_CURVE('',#491,#491,#493,.T.);
#491 = VERTEX_POINT('',#492);
#492 = CARTESIAN_POINT('',(141.4,-97.25,0.));
#493 = CIRCLE('',#494,0.6);
#494 = AXIS2_PLACEMENT_3D('',#495,#496,#497);
#495 = CARTESIAN_POINT('',(140.8,-97.25,0.));
#496 = DIRECTION('',(0.,0.,1.));
#497 = DIRECTION('',(1.,0.,-0.));
#498 = FACE_BOUND('',#499,.F.);
#499 = EDGE_LOOP('',(#500));
#500 = ORIENTED_EDGE('',*,*,#501,.F.);
#501 = EDGE_CURVE('',#502,#502,#504,.T.);
#502 = VERTEX_POINT('',#503);
#503 = CARTESIAN_POINT('',(129.7,-85.75,0.));
#504 = CIRCLE('',#505,0.5);
#505 = AXIS2_PLACEMENT_3D('',#506,#507,#508);
#506 = CARTESIAN_POINT('',(129.2,-85.75,0.));
#507 = DIRECTION('',(0.,0.,1.));
#508 = DIRECTION('',(1.,0.,-0.));
#509 = FACE_BOUND('',#510,.F.);
#510 = EDGE_LOOP('',(#511));
#511 = ORIENTED_EDGE('',*,*,#512,.F.);
#512 = EDGE_CURVE('',#513,#513,#515,.T.);
#513 = VERTEX_POINT('',#514);
#514 = CARTESIAN_POINT('',(107.4,-80.25,0.));
#515 = CIRCLE('',#516,0.6);
#516 = AXIS2_PLACEMENT_3D('',#517,#518,#519);
#517 = CARTESIAN_POINT('',(106.8,-80.25,0.));
#518 = DIRECTION('',(0.,0.,1.));
#519 = DIRECTION('',(1.,0.,-0.));
#520 = FACE_BOUND('',#521,.F.);
#521 = EDGE_LOOP('',(#522));
#522 = ORIENTED_EDGE('',*,*,#523,.F.);
#523 = EDGE_CURVE('',#524,#524,#526,.T.);
#524 = VERTEX_POINT('',#525);
#525 = CARTESIAN_POINT('',(95.7,-68.75,0.));
#526 = CIRCLE('',#527,0.5);
#527 = AXIS2_PLACEMENT_3D('',#528,#529,#530);
#528 = CARTESIAN_POINT('',(95.2,-68.75,0.));
#529 = DIRECTION('',(0.,0.,1.));
#530 = DIRECTION('',(1.,0.,-0.));
#531 = FACE_BOUND('',#532,.F.);
#532 = EDGE_LOOP('',(#533));
#533 = ORIENTED_EDGE('',*,*,#534,.F.);
#534 = EDGE_CURVE('',#535,#535,#537,.T.);
#535 = VERTEX_POINT('',#536);
#536 = CARTESIAN_POINT('',(112.7,-68.75,0.));
#537 = CIRCLE('',#538,0.5);
#538 = AXIS2_PLACEMENT_3D('',#539,#540,#541);
#539 = CARTESIAN_POINT('',(112.2,-68.75,0.));
#540 = DIRECTION('',(0.,0.,1.));
#541 = DIRECTION('',(1.,0.,-0.));
#542 = FACE_BOUND('',#543,.F.);
#543 = EDGE_LOOP('',(#544));
#544 = ORIENTED_EDGE('',*,*,#545,.F.);
#545 = EDGE_CURVE('',#546,#546,#548,.T.);
#546 = VERTEX_POINT('',#547);
#547 = CARTESIAN_POINT('',(107.4,-63.25,0.));
#548 = CIRCLE('',#549,0.6);
#549 = AXIS2_PLACEMENT_3D('',#550,#551,#552);
#550 = CARTESIAN_POINT('',(106.8,-63.25,0.));
#551 = DIRECTION('',(0.,0.,1.));
#552 = DIRECTION('',(1.,0.,-0.));
#553 = FACE_BOUND('',#554,.F.);
#554 = EDGE_LOOP('',(#555));
#555 = ORIENTED_EDGE('',*,*,#556,.F.);
#556 = EDGE_CURVE('',#557,#557,#559,.T.);
#557 = VERTEX_POINT('',#558);
#558 = CARTESIAN_POINT('',(124.4,-80.25,0.));
#559 = CIRCLE('',#560,0.6);
#560 = AXIS2_PLACEMENT_3D('',#561,#562,#563);
#561 = CARTESIAN_POINT('',(123.8,-80.25,0.));
#562 = DIRECTION('',(0.,0.,1.));
#563 = DIRECTION('',(1.,0.,-0.));
#564 = FACE_BOUND('',#565,.F.);
#565 = EDGE_LOOP('',(#566));
#566 = ORIENTED_EDGE('',*,*,#567,.F.);
#567 = EDGE_CURVE('',#568,#568,#570,.T.);
#568 = VERTEX_POINT('',#569);
#569 = CARTESIAN_POINT('',(141.4,-80.25,0.));
#570 = CIRCLE('',#571,0.6);
#571 = AXIS2_PLACEMENT_3D('',#572,#573,#574);
#572 = CARTESIAN_POINT('',(140.8,-80.25,0.));
#573 = DIRECTION('',(0.,0.,1.));
#574 = DIRECTION('',(1.,0.,-0.));
#575 = FACE_BOUND('',#576,.F.);
#576 = EDGE_LOOP('',(#577));
#577 = ORIENTED_EDGE('',*,*,#578,.F.);
#578 = EDGE_CURVE('',#579,#579,#581,.T.);
#579 = VERTEX_POINT('',#580);
#580 = CARTESIAN_POINT('',(129.7,-68.75,0.));
#581 = CIRCLE('',#582,0.5);
#582 = AXIS2_PLACEMENT_3D('',#583,#584,#585);
#583 = CARTESIAN_POINT('',(129.2,-68.75,0.));
#584 = DIRECTION('',(0.,0.,1.));
#585 = DIRECTION('',(1.,0.,-0.));
#586 = FACE_BOUND('',#587,.F.);
#587 = EDGE_LOOP('',(#588));
#588 = ORIENTED_EDGE('',*,*,#589,.F.);
#589 = EDGE_CURVE('',#590,#590,#592,.T.);
#590 = VERTEX_POINT('',#591);
#591 = CARTESIAN_POINT('',(124.4,-63.25,0.));
#592 = CIRCLE('',#593,0.6);
#593 = AXIS2_PLACEMENT_3D('',#594,#595,#596);
#594 = CARTESIAN_POINT('',(123.8,-63.25,0.));
#595 = DIRECTION('',(0.,0.,1.));
#596 = DIRECTION('',(1.,0.,-0.));
#597 = FACE_BOUND('',#598,.F.);
#598 = EDGE_LOOP('',(#599));
#599 = ORIENTED_EDGE('',*,*,#600,.F.);
#600 = EDGE_CURVE('',#601,#601,#603,.T.);
#601 = VERTEX_POINT('',#602);
#602 = CARTESIAN_POINT('',(141.4,-63.25,0.));
#603 = CIRCLE('',#604,0.6);
#604 = AXIS2_PLACEMENT_3D('',#605,#606,#607);
#605 = CARTESIAN_POINT('',(140.8,-63.25,0.));
#606 = DIRECTION('',(0.,0.,1.));
#607 = DIRECTION('',(1.,0.,-0.));
#608 = FACE_BOUND('',#609,.F.);
#609 = EDGE_LOOP('',(#610));
#610 = ORIENTED_EDGE('',*,*,#611,.F.);
#611 = EDGE_CURVE('',#612,#612,#614,.T.);
#612 = VERTEX_POINT('',#613);
#613 = CARTESIAN_POINT('',(44.7,-51.75,0.));
#614 = CIRCLE('',#615,0.5);
#615 = AXIS2_PLACEMENT_3D('',#616,#617,#618);
#616 = CARTESIAN_POINT('',(44.2,-51.75,0.));
#617 = DIRECTION('',(0.,0.,1.));
#618 = DIRECTION('',(1.,0.,-0.));
#619 = FACE_BOUND('',#620,.F.);
#620 = EDGE_LOOP('',(#621));
#621 = ORIENTED_EDGE('',*,*,#622,.F.);
#622 = EDGE_CURVE('',#623,#623,#625,.T.);
#623 = VERTEX_POINT('',#624);
#624 = CARTESIAN_POINT('',(61.7,-51.75,0.));
#625 = CIRCLE('',#626,0.5);
#626 = AXIS2_PLACEMENT_3D('',#627,#628,#629);
#627 = CARTESIAN_POINT('',(61.2,-51.75,0.));
#628 = DIRECTION('',(0.,0.,1.));
#629 = DIRECTION('',(1.,0.,-0.));
#630 = FACE_BOUND('',#631,.F.);
#631 = EDGE_LOOP('',(#632));
#632 = ORIENTED_EDGE('',*,*,#633,.F.);
#633 = EDGE_CURVE('',#634,#634,#636,.T.);
#634 = VERTEX_POINT('',#635);
#635 = CARTESIAN_POINT('',(56.4,-46.25,0.));
#636 = CIRCLE('',#637,0.6);
#637 = AXIS2_PLACEMENT_3D('',#638,#639,#640);
#638 = CARTESIAN_POINT('',(55.8,-46.25,0.));
#639 = DIRECTION('',(0.,0.,1.));
#640 = DIRECTION('',(1.,0.,-0.));
#641 = FACE_BOUND('',#642,.F.);
#642 = EDGE_LOOP('',(#643));
#643 = ORIENTED_EDGE('',*,*,#644,.F.);
#644 = EDGE_CURVE('',#645,#645,#647,.T.);
#645 = VERTEX_POINT('',#646);
#646 = CARTESIAN_POINT('',(78.7,-51.75,0.));
#647 = CIRCLE('',#648,0.5);
#648 = AXIS2_PLACEMENT_3D('',#649,#650,#651);
#649 = CARTESIAN_POINT('',(78.2,-51.75,0.));
#650 = DIRECTION('',(0.,0.,1.));
#651 = DIRECTION('',(1.,0.,-0.));
#652 = FACE_BOUND('',#653,.F.);
#653 = EDGE_LOOP('',(#654));
#654 = ORIENTED_EDGE('',*,*,#655,.F.);
#655 = EDGE_CURVE('',#656,#656,#658,.T.);
#656 = VERTEX_POINT('',#657);
#657 = CARTESIAN_POINT('',(73.4,-46.25,0.));
#658 = CIRCLE('',#659,0.6);
#659 = AXIS2_PLACEMENT_3D('',#660,#661,#662);
#660 = CARTESIAN_POINT('',(72.8,-46.25,0.));
#661 = DIRECTION('',(0.,0.,1.));
#662 = DIRECTION('',(1.,0.,-0.));
#663 = FACE_BOUND('',#664,.F.);
#664 = EDGE_LOOP('',(#665));
#665 = ORIENTED_EDGE('',*,*,#666,.F.);
#666 = EDGE_CURVE('',#667,#667,#669,.T.);
#667 = VERTEX_POINT('',#668);
#668 = CARTESIAN_POINT('',(90.4,-46.25,0.));
#669 = CIRCLE('',#670,0.6);
#670 = AXIS2_PLACEMENT_3D('',#671,#672,#673);
#671 = CARTESIAN_POINT('',(89.8,-46.25,0.));
#672 = DIRECTION('',(0.,0.,1.));
#673 = DIRECTION('',(1.,0.,-0.));
#674 = FACE_BOUND('',#675,.F.);
#675 = EDGE_LOOP('',(#676,#686,#694,#702,#710,#718,#727,#736,#744,#753)
  );
#676 = ORIENTED_EDGE('',*,*,#677,.F.);
#677 = EDGE_CURVE('',#678,#680,#682,.T.);
#678 = VERTEX_POINT('',#679);
#679 = CARTESIAN_POINT('',(55.5565,-34.976,0.));
#680 = VERTEX_POINT('',#681);
#681 = CARTESIAN_POINT('',(55.556002544174,-36.568057626,0.));
#682 = LINE('',#683,#684);
#683 = CARTESIAN_POINT('',(55.5565,-34.976,0.));
#684 = VECTOR('',#685,1.);
#685 = DIRECTION('',(-3.124609271306E-04,-0.999999951184,0.));
#686 = ORIENTED_EDGE('',*,*,#687,.F.);
#687 = EDGE_CURVE('',#688,#678,#690,.T.);
#688 = VERTEX_POINT('',#689);
#689 = CARTESIAN_POINT('',(55.9375,-34.595,0.));
#690 = LINE('',#691,#692);
#691 = CARTESIAN_POINT('',(55.9375,-34.595,0.));
#692 = VECTOR('',#693,1.);
#693 = DIRECTION('',(-0.707106781187,-0.707106781187,0.));
#694 = ORIENTED_EDGE('',*,*,#695,.F.);
#695 = EDGE_CURVE('',#696,#688,#698,.T.);
#696 = VERTEX_POINT('',#697);
#697 = CARTESIAN_POINT('',(57.5885,-34.595,0.));
#698 = LINE('',#699,#700);
#699 = CARTESIAN_POINT('',(57.5885,-34.595,0.));
#700 = VECTOR('',#701,1.);
#701 = DIRECTION('',(-1.,0.,0.));
#702 = ORIENTED_EDGE('',*,*,#703,.F.);
#703 = EDGE_CURVE('',#704,#696,#706,.T.);
#704 = VERTEX_POINT('',#705);
#705 = CARTESIAN_POINT('',(57.9695,-34.976,0.));
#706 = LINE('',#707,#708);
#707 = CARTESIAN_POINT('',(57.9695,-34.976,0.));
#708 = VECTOR('',#709,1.);
#709 = DIRECTION('',(-0.707106781187,0.707106781187,0.));
#710 = ORIENTED_EDGE('',*,*,#711,.F.);
#711 = EDGE_CURVE('',#712,#704,#714,.T.);
#712 = VERTEX_POINT('',#713);
#713 = CARTESIAN_POINT('',(57.969002543256,-36.56806056323,0.));
#714 = LINE('',#715,#716);
#715 = CARTESIAN_POINT('',(57.969,-36.5762,0.));
#716 = VECTOR('',#717,1.);
#717 = DIRECTION('',(3.124609271262E-04,0.999999951184,0.));
#718 = ORIENTED_EDGE('',*,*,#719,.T.);
#719 = EDGE_CURVE('',#712,#720,#722,.T.);
#720 = VERTEX_POINT('',#721);
#721 = CARTESIAN_POINT('',(57.715,-37.516,0.));
#722 = CIRCLE('',#723,0.508);
#723 = AXIS2_PLACEMENT_3D('',#724,#725,#726);
#724 = CARTESIAN_POINT('',(57.715,-37.008,0.));
#725 = DIRECTION('',(-0.,0.,-1.));
#726 = DIRECTION('',(-0.,-1.,0.));
#727 = ORIENTED_EDGE('',*,*,#728,.T.);
#728 = EDGE_CURVE('',#720,#729,#731,.T.);
#729 = VERTEX_POINT('',#730);
#730 = CARTESIAN_POINT('',(57.275059094878,-37.262,0.));
#731 = CIRCLE('',#732,0.508);
#732 = AXIS2_PLACEMENT_3D('',#733,#734,#735);
#733 = CARTESIAN_POINT('',(57.715,-37.008,0.));
#734 = DIRECTION('',(-0.,0.,-1.));
#735 = DIRECTION('',(-0.,-1.,0.));
#736 = ORIENTED_EDGE('',*,*,#737,.F.);
#737 = EDGE_CURVE('',#738,#729,#740,.T.);
#738 = VERTEX_POINT('',#739);
#739 = CARTESIAN_POINT('',(56.249940905123,-37.262,0.));
#740 = LINE('',#741,#742);
#741 = CARTESIAN_POINT('',(56.2418,-37.262,0.));
#742 = VECTOR('',#743,1.);
#743 = DIRECTION('',(1.,0.,0.));
#744 = ORIENTED_EDGE('',*,*,#745,.T.);
#745 = EDGE_CURVE('',#738,#746,#748,.T.);
#746 = VERTEX_POINT('',#747);
#747 = CARTESIAN_POINT('',(55.81,-37.516,0.));
#748 = CIRCLE('',#749,0.508);
#749 = AXIS2_PLACEMENT_3D('',#750,#751,#752);
#750 = CARTESIAN_POINT('',(55.81,-37.008,0.));
#751 = DIRECTION('',(-0.,0.,-1.));
#752 = DIRECTION('',(-0.,-1.,0.));
#753 = ORIENTED_EDGE('',*,*,#754,.T.);
#754 = EDGE_CURVE('',#746,#680,#755,.T.);
#755 = CIRCLE('',#756,0.508);
#756 = AXIS2_PLACEMENT_3D('',#757,#758,#759);
#757 = CARTESIAN_POINT('',(55.81,-37.008,0.));
#758 = DIRECTION('',(-0.,0.,-1.));
#759 = DIRECTION('',(-0.,-1.,0.));
#760 = FACE_BOUND('',#761,.F.);
#761 = EDGE_LOOP('',(#762,#772,#781,#789,#797,#805,#813,#821,#830));
#762 = ORIENTED_EDGE('',*,*,#763,.F.);
#763 = EDGE_CURVE('',#764,#766,#768,.T.);
#764 = VERTEX_POINT('',#765);
#765 = CARTESIAN_POINT('',(47.301,-26.01794090512,0.));
#766 = VERTEX_POINT('',#767);
#767 = CARTESIAN_POINT('',(47.301,-27.04305909487,0.));
#768 = LINE('',#769,#770);
#769 = CARTESIAN_POINT('',(47.301,-26.0098,0.));
#770 = VECTOR('',#771,1.);
#771 = DIRECTION('',(0.,-1.,0.));
#772 = ORIENTED_EDGE('',*,*,#773,.T.);
#773 = EDGE_CURVE('',#764,#774,#776,.T.);
#774 = VERTEX_POINT('',#775);
#775 = CARTESIAN_POINT('',(47.994940905123,-25.324,0.));
#776 = CIRCLE('',#777,0.508);
#777 = AXIS2_PLACEMENT_3D('',#778,#779,#780);
#778 = CARTESIAN_POINT('',(47.555,-25.578,0.));
#779 = DIRECTION('',(-0.,0.,-1.));
#780 = DIRECTION('',(-0.,-1.,0.));
#781 = ORIENTED_EDGE('',*,*,#782,.F.);
#782 = EDGE_CURVE('',#783,#774,#785,.T.);
#783 = VERTEX_POINT('',#784);
#784 = CARTESIAN_POINT('',(49.587,-25.324,0.));
#785 = LINE('',#786,#787);
#786 = CARTESIAN_POINT('',(49.587,-25.324,0.));
#787 = VECTOR('',#788,1.);
#788 = DIRECTION('',(-1.,0.,0.));
#789 = ORIENTED_EDGE('',*,*,#790,.F.);
#790 = EDGE_CURVE('',#791,#783,#793,.T.);
#791 = VERTEX_POINT('',#792);
#792 = CARTESIAN_POINT('',(49.968,-25.705,0.));
#793 = LINE('',#794,#795);
#794 = CARTESIAN_POINT('',(49.968,-25.705,0.));
#795 = VECTOR('',#796,1.);
#796 = DIRECTION('',(-0.707106781187,0.707106781187,0.));
#797 = ORIENTED_EDGE('',*,*,#798,.F.);
#798 = EDGE_CURVE('',#799,#791,#801,.T.);
#799 = VERTEX_POINT('',#800);
#800 = CARTESIAN_POINT('',(49.968,-27.356,0.));
#801 = LINE('',#802,#803);
#802 = CARTESIAN_POINT('',(49.968,-27.356,0.));
#803 = VECTOR('',#804,1.);
#804 = DIRECTION('',(0.,1.,0.));
#805 = ORIENTED_EDGE('',*,*,#806,.F.);
#806 = EDGE_CURVE('',#807,#799,#809,.T.);
#807 = VERTEX_POINT('',#808);
#808 = CARTESIAN_POINT('',(49.587,-27.737,0.));
#809 = LINE('',#810,#811);
#810 = CARTESIAN_POINT('',(49.587,-27.737,0.));
#811 = VECTOR('',#812,1.);
#812 = DIRECTION('',(0.707106781187,0.707106781187,0.));
#813 = ORIENTED_EDGE('',*,*,#814,.F.);
#814 = EDGE_CURVE('',#815,#807,#817,.T.);
#815 = VERTEX_POINT('',#816);
#816 = CARTESIAN_POINT('',(47.994940905122,-27.737,0.));
#817 = LINE('',#818,#819);
#818 = CARTESIAN_POINT('',(47.9868,-27.737,0.));
#819 = VECTOR('',#820,1.);
#820 = DIRECTION('',(1.,0.,0.));
#821 = ORIENTED_EDGE('',*,*,#822,.T.);
#822 = EDGE_CURVE('',#815,#823,#825,.T.);
#823 = VERTEX_POINT('',#824);
#824 = CARTESIAN_POINT('',(47.555,-27.991,0.));
#825 = CIRCLE('',#826,0.508);
#826 = AXIS2_PLACEMENT_3D('',#827,#828,#829);
#827 = CARTESIAN_POINT('',(47.555,-27.483,0.));
#828 = DIRECTION('',(-0.,0.,-1.));
#829 = DIRECTION('',(-0.,-1.,0.));
#830 = ORIENTED_EDGE('',*,*,#831,.T.);
#831 = EDGE_CURVE('',#823,#766,#832,.T.);
#832 = CIRCLE('',#833,0.508);
#833 = AXIS2_PLACEMENT_3D('',#834,#835,#836);
#834 = CARTESIAN_POINT('',(47.555,-27.483,0.));
#835 = DIRECTION('',(-0.,0.,-1.));
#836 = DIRECTION('',(-0.,-1.,0.));
#837 = FACE_BOUND('',#838,.F.);
#838 = EDGE_LOOP('',(#839));
#839 = ORIENTED_EDGE('',*,*,#840,.F.);
#840 = EDGE_CURVE('',#841,#841,#843,.T.);
#841 = VERTEX_POINT('',#842);
#842 = CARTESIAN_POINT('',(40.,-18.7,0.));
#843 = CIRCLE('',#844,1.1);
#844 = AXIS2_PLACEMENT_3D('',#845,#846,#847);
#845 = CARTESIAN_POINT('',(38.9,-18.7,0.));
#846 = DIRECTION('',(0.,0.,1.));
#847 = DIRECTION('',(1.,0.,-0.));
#848 = FACE_BOUND('',#849,.F.);
#849 = EDGE_LOOP('',(#850,#860,#869,#877,#886,#894,#903,#912,#920,#929)
  );
#850 = ORIENTED_EDGE('',*,*,#851,.F.);
#851 = EDGE_CURVE('',#852,#854,#856,.T.);
#852 = VERTEX_POINT('',#853);
#853 = CARTESIAN_POINT('',(50.476,-19.66794090512,0.));
#854 = VERTEX_POINT('',#855);
#855 = CARTESIAN_POINT('',(50.476,-21.32805909487,0.));
#856 = LINE('',#857,#858);
#857 = CARTESIAN_POINT('',(50.476,-19.6598,0.));
#858 = VECTOR('',#859,1.);
#859 = DIRECTION('',(0.,-1.,0.));
#860 = ORIENTED_EDGE('',*,*,#861,.T.);
#861 = EDGE_CURVE('',#852,#862,#864,.T.);
#862 = VERTEX_POINT('',#863);
#863 = CARTESIAN_POINT('',(51.169940905122,-18.974,0.));
#864 = CIRCLE('',#865,0.508);
#865 = AXIS2_PLACEMENT_3D('',#866,#867,#868);
#866 = CARTESIAN_POINT('',(50.73,-19.228,0.));
#867 = DIRECTION('',(-0.,0.,-1.));
#868 = DIRECTION('',(-1.398706172756E-14,-1.,0.));
#869 = ORIENTED_EDGE('',*,*,#870,.F.);
#870 = EDGE_CURVE('',#871,#862,#873,.T.);
#871 = VERTEX_POINT('',#872);
#872 = CARTESIAN_POINT('',(52.830059094877,-18.974,0.));
#873 = LINE('',#874,#875);
#874 = CARTESIAN_POINT('',(52.8382,-18.974,0.));
#875 = VECTOR('',#876,1.);
#876 = DIRECTION('',(-1.,0.,0.));
#877 = ORIENTED_EDGE('',*,*,#878,.T.);
#878 = EDGE_CURVE('',#871,#879,#881,.T.);
#879 = VERTEX_POINT('',#880);
#880 = CARTESIAN_POINT('',(53.524,-19.66794090512,0.));
#881 = CIRCLE('',#882,0.508);
#882 = AXIS2_PLACEMENT_3D('',#883,#884,#885);
#883 = CARTESIAN_POINT('',(53.27,-19.228,0.));
#884 = DIRECTION('',(-0.,0.,-1.));
#885 = DIRECTION('',(1.398706172756E-14,-1.,-0.));
#886 = ORIENTED_EDGE('',*,*,#887,.F.);
#887 = EDGE_CURVE('',#888,#879,#890,.T.);
#888 = VERTEX_POINT('',#889);
#889 = CARTESIAN_POINT('',(53.524,-21.32805909487,0.));
#890 = LINE('',#891,#892);
#891 = CARTESIAN_POINT('',(53.524,-21.3362,0.));
#892 = VECTOR('',#893,1.);
#893 = DIRECTION('',(0.,1.,0.));
#894 = ORIENTED_EDGE('',*,*,#895,.T.);
#895 = EDGE_CURVE('',#888,#896,#898,.T.);
#896 = VERTEX_POINT('',#897);
#897 = CARTESIAN_POINT('',(53.27,-22.276,0.));
#898 = CIRCLE('',#899,0.508);
#899 = AXIS2_PLACEMENT_3D('',#900,#901,#902);
#900 = CARTESIAN_POINT('',(53.27,-21.768,0.));
#901 = DIRECTION('',(-0.,0.,-1.));
#902 = DIRECTION('',(1.398706172756E-14,-1.,-0.));
#903 = ORIENTED_EDGE('',*,*,#904,.T.);
#904 = EDGE_CURVE('',#896,#905,#907,.T.);
#905 = VERTEX_POINT('',#906);
#906 = CARTESIAN_POINT('',(52.830059094878,-22.022,0.));
#907 = CIRCLE('',#908,0.508);
#908 = AXIS2_PLACEMENT_3D('',#909,#910,#911);
#909 = CARTESIAN_POINT('',(53.27,-21.768,0.));
#910 = DIRECTION('',(-0.,0.,-1.));
#911 = DIRECTION('',(1.398706172756E-14,-1.,-0.));
#912 = ORIENTED_EDGE('',*,*,#913,.F.);
#913 = EDGE_CURVE('',#914,#905,#916,.T.);
#914 = VERTEX_POINT('',#915);
#915 = CARTESIAN_POINT('',(51.169940905123,-22.022,0.));
#916 = LINE('',#917,#918);
#917 = CARTESIAN_POINT('',(51.1618,-22.022,0.));
#918 = VECTOR('',#919,1.);
#919 = DIRECTION('',(1.,0.,0.));
#920 = ORIENTED_EDGE('',*,*,#921,.T.);
#921 = EDGE_CURVE('',#914,#922,#924,.T.);
#922 = VERTEX_POINT('',#923);
#923 = CARTESIAN_POINT('',(50.73,-22.276,0.));
#924 = CIRCLE('',#925,0.508);
#925 = AXIS2_PLACEMENT_3D('',#926,#927,#928);
#926 = CARTESIAN_POINT('',(50.73,-21.768,0.));
#927 = DIRECTION('',(-0.,0.,-1.));
#928 = DIRECTION('',(-1.398706172756E-14,-1.,0.));
#929 = ORIENTED_EDGE('',*,*,#930,.T.);
#930 = EDGE_CURVE('',#922,#854,#931,.T.);
#931 = CIRCLE('',#932,0.508);
#932 = AXIS2_PLACEMENT_3D('',#933,#934,#935);
#933 = CARTESIAN_POINT('',(50.73,-21.768,0.));
#934 = DIRECTION('',(-0.,0.,-1.));
#935 = DIRECTION('',(-1.398706172756E-14,-1.,0.));
#936 = FACE_BOUND('',#937,.F.);
#937 = EDGE_LOOP('',(#938));
#938 = ORIENTED_EDGE('',*,*,#939,.F.);
#939 = EDGE_CURVE('',#940,#940,#942,.T.);
#940 = VERTEX_POINT('',#941);
#941 = CARTESIAN_POINT('',(95.7,-51.75,0.));
#942 = CIRCLE('',#943,0.5);
#943 = AXIS2_PLACEMENT_3D('',#944,#945,#946);
#944 = CARTESIAN_POINT('',(95.2,-51.75,0.));
#945 = DIRECTION('',(0.,0.,1.));
#946 = DIRECTION('',(1.,0.,-0.));
#947 = FACE_BOUND('',#948,.F.);
#948 = EDGE_LOOP('',(#949));
#949 = ORIENTED_EDGE('',*,*,#950,.F.);
#950 = EDGE_CURVE('',#951,#951,#953,.T.);
#951 = VERTEX_POINT('',#952);
#952 = CARTESIAN_POINT('',(112.7,-51.75,0.));
#953 = CIRCLE('',#954,0.5);
#954 = AXIS2_PLACEMENT_3D('',#955,#956,#957);
#955 = CARTESIAN_POINT('',(112.2,-51.75,0.));
#956 = DIRECTION('',(0.,0.,1.));
#957 = DIRECTION('',(1.,0.,-0.));
#958 = FACE_BOUND('',#959,.F.);
#959 = EDGE_LOOP('',(#960));
#960 = ORIENTED_EDGE('',*,*,#961,.F.);
#961 = EDGE_CURVE('',#962,#962,#964,.T.);
#962 = VERTEX_POINT('',#963);
#963 = CARTESIAN_POINT('',(107.4,-46.25,0.));
#964 = CIRCLE('',#965,0.6);
#965 = AXIS2_PLACEMENT_3D('',#966,#967,#968);
#966 = CARTESIAN_POINT('',(106.8,-46.25,0.));
#967 = DIRECTION('',(0.,0.,1.));
#968 = DIRECTION('',(1.,0.,-0.));
#969 = FACE_BOUND('',#970,.F.);
#970 = EDGE_LOOP('',(#971));
#971 = ORIENTED_EDGE('',*,*,#972,.F.);
#972 = EDGE_CURVE('',#973,#973,#975,.T.);
#973 = VERTEX_POINT('',#974);
#974 = CARTESIAN_POINT('',(129.7,-51.75,0.));
#975 = CIRCLE('',#976,0.5);
#976 = AXIS2_PLACEMENT_3D('',#977,#978,#979);
#977 = CARTESIAN_POINT('',(129.2,-51.75,0.));
#978 = DIRECTION('',(0.,0.,1.));
#979 = DIRECTION('',(1.,0.,-0.));
#980 = FACE_BOUND('',#981,.F.);
#981 = EDGE_LOOP('',(#982));
#982 = ORIENTED_EDGE('',*,*,#983,.F.);
#983 = EDGE_CURVE('',#984,#984,#986,.T.);
#984 = VERTEX_POINT('',#985);
#985 = CARTESIAN_POINT('',(124.4,-46.25,0.));
#986 = CIRCLE('',#987,0.6);
#987 = AXIS2_PLACEMENT_3D('',#988,#989,#990);
#988 = CARTESIAN_POINT('',(123.8,-46.25,0.));
#989 = DIRECTION('',(0.,0.,1.));
#990 = DIRECTION('',(1.,0.,-0.));
#991 = FACE_BOUND('',#992,.F.);
#992 = EDGE_LOOP('',(#993));
#993 = ORIENTED_EDGE('',*,*,#994,.F.);
#994 = EDGE_CURVE('',#995,#995,#997,.T.);
#995 = VERTEX_POINT('',#996);
#996 = CARTESIAN_POINT('',(141.4,-46.25,0.));
#997 = CIRCLE('',#998,0.6);
#998 = AXIS2_PLACEMENT_3D('',#999,#1000,#1001);
#999 = CARTESIAN_POINT('',(140.8,-46.25,0.));
#1000 = DIRECTION('',(0.,0.,1.));
#1001 = DIRECTION('',(1.,0.,-0.));
#1002 = FACE_BOUND('',#1003,.F.);
#1003 = EDGE_LOOP('',(#1004));
#1004 = ORIENTED_EDGE('',*,*,#1005,.T.);
#1005 = EDGE_CURVE('',#1006,#1006,#1008,.T.);
#1006 = VERTEX_POINT('',#1007);
#1007 = CARTESIAN_POINT('',(146.4255,-30.45,0.));
#1008 = CIRCLE('',#1009,0.45);
#1009 = AXIS2_PLACEMENT_3D('',#1010,#1011,#1012);
#1010 = CARTESIAN_POINT('',(146.4255,-30.,0.));
#1011 = DIRECTION('',(-0.,0.,-1.));
#1012 = DIRECTION('',(-0.,-1.,0.));
#1013 = FACE_BOUND('',#1014,.F.);
#1014 = EDGE_LOOP('',(#1015));
#1015 = ORIENTED_EDGE('',*,*,#1016,.T.);
#1016 = EDGE_CURVE('',#1017,#1017,#1019,.T.);
#1017 = VERTEX_POINT('',#1018);
#1018 = CARTESIAN_POINT('',(146.4255,-27.45,0.));
#1019 = CIRCLE('',#1020,0.45);
#1020 = AXIS2_PLACEMENT_3D('',#1021,#1022,#1023);
#1021 = CARTESIAN_POINT('',(146.4255,-27.,0.));
#1022 = DIRECTION('',(-0.,0.,-1.));
#1023 = DIRECTION('',(-0.,-1.,0.));
#1024 = FACE_BOUND('',#1025,.F.);
#1025 = EDGE_LOOP('',(#1026));
#1026 = ORIENTED_EDGE('',*,*,#1027,.F.);
#1027 = EDGE_CURVE('',#1028,#1028,#1030,.T.);
#1028 = VERTEX_POINT('',#1029);
#1029 = CARTESIAN_POINT('',(147.2,-18.7,0.));
#1030 = CIRCLE('',#1031,1.1);
#1031 = AXIS2_PLACEMENT_3D('',#1032,#1033,#1034);
#1032 = CARTESIAN_POINT('',(146.1,-18.7,0.));
#1033 = DIRECTION('',(0.,0.,1.));
#1034 = DIRECTION('',(1.,0.,-0.));
#1035 = PLANE('',#1036);
#1036 = AXIS2_PLACEMENT_3D('',#1037,#1038,#1039);
#1037 = CARTESIAN_POINT('',(0.,0.,0.));
#1038 = DIRECTION('',(0.,0.,1.));
#1039 = DIRECTION('',(1.,0.,-0.));
#1040 = ADVANCED_FACE('',(#1041,#1087,#1098,#1109,#1120,#1131,#1142,
    #1153,#1164,#1175,#1186,#1197,#1208,#1219,#1230,#1241,#1252,#1263,
    #1274,#1285,#1296,#1307,#1318,#1329,#1340,#1351,#1362,#1373,#1384,
    #1395,#1406,#1417,#1428,#1439,#1450,#1461,#1472,#1483,#1494,#1505,
    #1516,#1527,#1538,#1549,#1560,#1571,#1657,#1734,#1745,#1833,#1844,
    #1855,#1866,#1877,#1888,#1899,#1910,#1921),#1932,.T.);
#1041 = FACE_BOUND('',#1042,.T.);
#1042 = EDGE_LOOP('',(#1043,#1044,#1045,#1054,#1062,#1071,#1079,#1086));
#1043 = ORIENTED_EDGE('',*,*,#53,.F.);
#1044 = ORIENTED_EDGE('',*,*,#95,.F.);
#1045 = ORIENTED_EDGE('',*,*,#1046,.F.);
#1046 = EDGE_CURVE('',#1047,#88,#1049,.T.);
#1047 = VERTEX_POINT('',#1048);
#1048 = CARTESIAN_POINT('',(36.8,-17.6,0.71));
#1049 = CIRCLE('',#1050,0.999999252925);
#1050 = AXIS2_PLACEMENT_3D('',#1051,#1052,#1053);
#1051 = CARTESIAN_POINT('',(37.799999252925,-17.59999925292,0.71));
#1052 = DIRECTION('',(0.,0.,-1.));
#1053 = DIRECTION('',(-1.,-7.470757420593E-07,-0.));
#1054 = ORIENTED_EDGE('',*,*,#1055,.F.);
#1055 = EDGE_CURVE('',#1056,#1047,#1058,.T.);
#1056 = VERTEX_POINT('',#1057);
#1057 = CARTESIAN_POINT('',(36.8,-112.2,0.71));
#1058 = LINE('',#1059,#1060);
#1059 = CARTESIAN_POINT('',(36.8,-112.2,0.71));
#1060 = VECTOR('',#1061,1.);
#1061 = DIRECTION('',(0.,1.,0.));
#1062 = ORIENTED_EDGE('',*,*,#1063,.F.);
#1063 = EDGE_CURVE('',#1064,#1056,#1066,.T.);
#1064 = VERTEX_POINT('',#1065);
#1065 = CARTESIAN_POINT('',(37.8,-113.2,0.71));
#1066 = CIRCLE('',#1067,0.999999252925);
#1067 = AXIS2_PLACEMENT_3D('',#1068,#1069,#1070);
#1068 = CARTESIAN_POINT('',(37.799999252925,-112.200000747,0.71));
#1069 = DIRECTION('',(0.,0.,-1.));
#1070 = DIRECTION('',(7.470757349539E-07,-1.,0.));
#1071 = ORIENTED_EDGE('',*,*,#1072,.F.);
#1072 = EDGE_CURVE('',#1073,#1064,#1075,.T.);
#1073 = VERTEX_POINT('',#1074);
#1074 = CARTESIAN_POINT('',(147.2,-113.2,0.71));
#1075 = LINE('',#1076,#1077);
#1076 = CARTESIAN_POINT('',(147.2,-113.2,0.71));
#1077 = VECTOR('',#1078,1.);
#1078 = DIRECTION('',(-1.,0.,0.));
#1079 = ORIENTED_EDGE('',*,*,#1080,.F.);
#1080 = EDGE_CURVE('',#118,#1073,#1081,.T.);
#1081 = CIRCLE('',#1082,0.999999252925);
#1082 = AXIS2_PLACEMENT_3D('',#1083,#1084,#1085);
#1083 = CARTESIAN_POINT('',(147.20000074707,-112.200000747,0.71));
#1084 = DIRECTION('',(0.,0.,-1.));
#1085 = DIRECTION('',(1.,7.470757349539E-07,0.));
#1086 = ORIENTED_EDGE('',*,*,#117,.F.);
#1087 = FACE_BOUND('',#1088,.T.);
#1088 = EDGE_LOOP('',(#1089));
#1089 = ORIENTED_EDGE('',*,*,#1090,.F.);
#1090 = EDGE_CURVE('',#1091,#1091,#1093,.T.);
#1091 = VERTEX_POINT('',#1092);
#1092 = CARTESIAN_POINT('',(40.,-105.1,0.71));
#1093 = CIRCLE('',#1094,1.1);
#1094 = AXIS2_PLACEMENT_3D('',#1095,#1096,#1097);
#1095 = CARTESIAN_POINT('',(38.9,-105.1,0.71));
#1096 = DIRECTION('',(0.,0.,1.));
#1097 = DIRECTION('',(1.,0.,-0.));
#1098 = FACE_BOUND('',#1099,.T.);
#1099 = EDGE_LOOP('',(#1100));
#1100 = ORIENTED_EDGE('',*,*,#1101,.F.);
#1101 = EDGE_CURVE('',#1102,#1102,#1104,.T.);
#1102 = VERTEX_POINT('',#1103);
#1103 = CARTESIAN_POINT('',(44.7,-102.75,0.71));
#1104 = CIRCLE('',#1105,0.5);
#1105 = AXIS2_PLACEMENT_3D('',#1106,#1107,#1108);
#1106 = CARTESIAN_POINT('',(44.2,-102.75,0.71));
#1107 = DIRECTION('',(0.,0.,1.));
#1108 = DIRECTION('',(1.,0.,-0.));
#1109 = FACE_BOUND('',#1110,.T.);
#1110 = EDGE_LOOP('',(#1111));
#1111 = ORIENTED_EDGE('',*,*,#1112,.F.);
#1112 = EDGE_CURVE('',#1113,#1113,#1115,.T.);
#1113 = VERTEX_POINT('',#1114);
#1114 = CARTESIAN_POINT('',(61.7,-102.75,0.71));
#1115 = CIRCLE('',#1116,0.5);
#1116 = AXIS2_PLACEMENT_3D('',#1117,#1118,#1119);
#1117 = CARTESIAN_POINT('',(61.2,-102.75,0.71));
#1118 = DIRECTION('',(0.,0.,1.));
#1119 = DIRECTION('',(1.,0.,-0.));
#1120 = FACE_BOUND('',#1121,.T.);
#1121 = EDGE_LOOP('',(#1122));
#1122 = ORIENTED_EDGE('',*,*,#1123,.F.);
#1123 = EDGE_CURVE('',#1124,#1124,#1126,.T.);
#1124 = VERTEX_POINT('',#1125);
#1125 = CARTESIAN_POINT('',(56.4,-97.25,0.71));
#1126 = CIRCLE('',#1127,0.6);
#1127 = AXIS2_PLACEMENT_3D('',#1128,#1129,#1130);
#1128 = CARTESIAN_POINT('',(55.8,-97.25,0.71));
#1129 = DIRECTION('',(0.,0.,1.));
#1130 = DIRECTION('',(1.,0.,-0.));
#1131 = FACE_BOUND('',#1132,.T.);
#1132 = EDGE_LOOP('',(#1133));
#1133 = ORIENTED_EDGE('',*,*,#1134,.F.);
#1134 = EDGE_CURVE('',#1135,#1135,#1137,.T.);
#1135 = VERTEX_POINT('',#1136);
#1136 = CARTESIAN_POINT('',(44.7,-85.75,0.71));
#1137 = CIRCLE('',#1138,0.5);
#1138 = AXIS2_PLACEMENT_3D('',#1139,#1140,#1141);
#1139 = CARTESIAN_POINT('',(44.2,-85.75,0.71));
#1140 = DIRECTION('',(0.,0.,1.));
#1141 = DIRECTION('',(1.,0.,-0.));
#1142 = FACE_BOUND('',#1143,.T.);
#1143 = EDGE_LOOP('',(#1144));
#1144 = ORIENTED_EDGE('',*,*,#1145,.F.);
#1145 = EDGE_CURVE('',#1146,#1146,#1148,.T.);
#1146 = VERTEX_POINT('',#1147);
#1147 = CARTESIAN_POINT('',(61.7,-85.75,0.71));
#1148 = CIRCLE('',#1149,0.5);
#1149 = AXIS2_PLACEMENT_3D('',#1150,#1151,#1152);
#1150 = CARTESIAN_POINT('',(61.2,-85.75,0.71));
#1151 = DIRECTION('',(0.,0.,1.));
#1152 = DIRECTION('',(1.,0.,-0.));
#1153 = FACE_BOUND('',#1154,.T.);
#1154 = EDGE_LOOP('',(#1155));
#1155 = ORIENTED_EDGE('',*,*,#1156,.F.);
#1156 = EDGE_CURVE('',#1157,#1157,#1159,.T.);
#1157 = VERTEX_POINT('',#1158);
#1158 = CARTESIAN_POINT('',(78.7,-102.75,0.71));
#1159 = CIRCLE('',#1160,0.5);
#1160 = AXIS2_PLACEMENT_3D('',#1161,#1162,#1163);
#1161 = CARTESIAN_POINT('',(78.2,-102.75,0.71));
#1162 = DIRECTION('',(0.,0.,1.));
#1163 = DIRECTION('',(1.,0.,-0.));
#1164 = FACE_BOUND('',#1165,.T.);
#1165 = EDGE_LOOP('',(#1166));
#1166 = ORIENTED_EDGE('',*,*,#1167,.F.);
#1167 = EDGE_CURVE('',#1168,#1168,#1170,.T.);
#1168 = VERTEX_POINT('',#1169);
#1169 = CARTESIAN_POINT('',(73.4,-97.25,0.71));
#1170 = CIRCLE('',#1171,0.6);
#1171 = AXIS2_PLACEMENT_3D('',#1172,#1173,#1174);
#1172 = CARTESIAN_POINT('',(72.8,-97.25,0.71));
#1173 = DIRECTION('',(0.,0.,1.));
#1174 = DIRECTION('',(1.,0.,-0.));
#1175 = FACE_BOUND('',#1176,.T.);
#1176 = EDGE_LOOP('',(#1177));
#1177 = ORIENTED_EDGE('',*,*,#1178,.F.);
#1178 = EDGE_CURVE('',#1179,#1179,#1181,.T.);
#1179 = VERTEX_POINT('',#1180);
#1180 = CARTESIAN_POINT('',(90.4,-97.25,0.71));
#1181 = CIRCLE('',#1182,0.6);
#1182 = AXIS2_PLACEMENT_3D('',#1183,#1184,#1185);
#1183 = CARTESIAN_POINT('',(89.8,-97.25,0.71));
#1184 = DIRECTION('',(0.,0.,1.));
#1185 = DIRECTION('',(1.,0.,-0.));
#1186 = FACE_BOUND('',#1187,.T.);
#1187 = EDGE_LOOP('',(#1188));
#1188 = ORIENTED_EDGE('',*,*,#1189,.F.);
#1189 = EDGE_CURVE('',#1190,#1190,#1192,.T.);
#1190 = VERTEX_POINT('',#1191);
#1191 = CARTESIAN_POINT('',(78.7,-85.75,0.71));
#1192 = CIRCLE('',#1193,0.5);
#1193 = AXIS2_PLACEMENT_3D('',#1194,#1195,#1196);
#1194 = CARTESIAN_POINT('',(78.2,-85.75,0.71));
#1195 = DIRECTION('',(0.,0.,1.));
#1196 = DIRECTION('',(1.,0.,-0.));
#1197 = FACE_BOUND('',#1198,.T.);
#1198 = EDGE_LOOP('',(#1199));
#1199 = ORIENTED_EDGE('',*,*,#1200,.F.);
#1200 = EDGE_CURVE('',#1201,#1201,#1203,.T.);
#1201 = VERTEX_POINT('',#1202);
#1202 = CARTESIAN_POINT('',(56.4,-80.25,0.71));
#1203 = CIRCLE('',#1204,0.6);
#1204 = AXIS2_PLACEMENT_3D('',#1205,#1206,#1207);
#1205 = CARTESIAN_POINT('',(55.8,-80.25,0.71));
#1206 = DIRECTION('',(0.,0.,1.));
#1207 = DIRECTION('',(1.,0.,-0.));
#1208 = FACE_BOUND('',#1209,.T.);
#1209 = EDGE_LOOP('',(#1210));
#1210 = ORIENTED_EDGE('',*,*,#1211,.F.);
#1211 = EDGE_CURVE('',#1212,#1212,#1214,.T.);
#1212 = VERTEX_POINT('',#1213);
#1213 = CARTESIAN_POINT('',(44.7,-68.75,0.71));
#1214 = CIRCLE('',#1215,0.5);
#1215 = AXIS2_PLACEMENT_3D('',#1216,#1217,#1218);
#1216 = CARTESIAN_POINT('',(44.2,-68.75,0.71));
#1217 = DIRECTION('',(0.,0.,1.));
#1218 = DIRECTION('',(1.,0.,-0.));
#1219 = FACE_BOUND('',#1220,.T.);
#1220 = EDGE_LOOP('',(#1221));
#1221 = ORIENTED_EDGE('',*,*,#1222,.F.);
#1222 = EDGE_CURVE('',#1223,#1223,#1225,.T.);
#1223 = VERTEX_POINT('',#1224);
#1224 = CARTESIAN_POINT('',(61.7,-68.75,0.71));
#1225 = CIRCLE('',#1226,0.5);
#1226 = AXIS2_PLACEMENT_3D('',#1227,#1228,#1229);
#1227 = CARTESIAN_POINT('',(61.2,-68.75,0.71));
#1228 = DIRECTION('',(0.,0.,1.));
#1229 = DIRECTION('',(1.,0.,-0.));
#1230 = FACE_BOUND('',#1231,.T.);
#1231 = EDGE_LOOP('',(#1232));
#1232 = ORIENTED_EDGE('',*,*,#1233,.F.);
#1233 = EDGE_CURVE('',#1234,#1234,#1236,.T.);
#1234 = VERTEX_POINT('',#1235);
#1235 = CARTESIAN_POINT('',(56.4,-63.25,0.71));
#1236 = CIRCLE('',#1237,0.6);
#1237 = AXIS2_PLACEMENT_3D('',#1238,#1239,#1240);
#1238 = CARTESIAN_POINT('',(55.8,-63.25,0.71));
#1239 = DIRECTION('',(0.,0.,1.));
#1240 = DIRECTION('',(1.,0.,-0.));
#1241 = FACE_BOUND('',#1242,.T.);
#1242 = EDGE_LOOP('',(#1243));
#1243 = ORIENTED_EDGE('',*,*,#1244,.F.);
#1244 = EDGE_CURVE('',#1245,#1245,#1247,.T.);
#1245 = VERTEX_POINT('',#1246);
#1246 = CARTESIAN_POINT('',(73.4,-80.25,0.71));
#1247 = CIRCLE('',#1248,0.6);
#1248 = AXIS2_PLACEMENT_3D('',#1249,#1250,#1251);
#1249 = CARTESIAN_POINT('',(72.8,-80.25,0.71));
#1250 = DIRECTION('',(0.,0.,1.));
#1251 = DIRECTION('',(1.,0.,-0.));
#1252 = FACE_BOUND('',#1253,.T.);
#1253 = EDGE_LOOP('',(#1254));
#1254 = ORIENTED_EDGE('',*,*,#1255,.F.);
#1255 = EDGE_CURVE('',#1256,#1256,#1258,.T.);
#1256 = VERTEX_POINT('',#1257);
#1257 = CARTESIAN_POINT('',(90.4,-80.25,0.71));
#1258 = CIRCLE('',#1259,0.6);
#1259 = AXIS2_PLACEMENT_3D('',#1260,#1261,#1262);
#1260 = CARTESIAN_POINT('',(89.8,-80.25,0.71));
#1261 = DIRECTION('',(0.,0.,1.));
#1262 = DIRECTION('',(1.,0.,-0.));
#1263 = FACE_BOUND('',#1264,.T.);
#1264 = EDGE_LOOP('',(#1265));
#1265 = ORIENTED_EDGE('',*,*,#1266,.F.);
#1266 = EDGE_CURVE('',#1267,#1267,#1269,.T.);
#1267 = VERTEX_POINT('',#1268);
#1268 = CARTESIAN_POINT('',(78.7,-68.75,0.71));
#1269 = CIRCLE('',#1270,0.5);
#1270 = AXIS2_PLACEMENT_3D('',#1271,#1272,#1273);
#1271 = CARTESIAN_POINT('',(78.2,-68.75,0.71));
#1272 = DIRECTION('',(0.,0.,1.));
#1273 = DIRECTION('',(1.,0.,-0.));
#1274 = FACE_BOUND('',#1275,.T.);
#1275 = EDGE_LOOP('',(#1276));
#1276 = ORIENTED_EDGE('',*,*,#1277,.F.);
#1277 = EDGE_CURVE('',#1278,#1278,#1280,.T.);
#1278 = VERTEX_POINT('',#1279);
#1279 = CARTESIAN_POINT('',(73.4,-63.25,0.71));
#1280 = CIRCLE('',#1281,0.6);
#1281 = AXIS2_PLACEMENT_3D('',#1282,#1283,#1284);
#1282 = CARTESIAN_POINT('',(72.8,-63.25,0.71));
#1283 = DIRECTION('',(0.,0.,1.));
#1284 = DIRECTION('',(1.,0.,-0.));
#1285 = FACE_BOUND('',#1286,.T.);
#1286 = EDGE_LOOP('',(#1287));
#1287 = ORIENTED_EDGE('',*,*,#1288,.F.);
#1288 = EDGE_CURVE('',#1289,#1289,#1291,.T.);
#1289 = VERTEX_POINT('',#1290);
#1290 = CARTESIAN_POINT('',(90.4,-63.25,0.71));
#1291 = CIRCLE('',#1292,0.6);
#1292 = AXIS2_PLACEMENT_3D('',#1293,#1294,#1295);
#1293 = CARTESIAN_POINT('',(89.8,-63.25,0.71));
#1294 = DIRECTION('',(0.,0.,1.));
#1295 = DIRECTION('',(1.,0.,-0.));
#1296 = FACE_BOUND('',#1297,.T.);
#1297 = EDGE_LOOP('',(#1298));
#1298 = ORIENTED_EDGE('',*,*,#1299,.F.);
#1299 = EDGE_CURVE('',#1300,#1300,#1302,.T.);
#1300 = VERTEX_POINT('',#1301);
#1301 = CARTESIAN_POINT('',(95.7,-102.75,0.71));
#1302 = CIRCLE('',#1303,0.5);
#1303 = AXIS2_PLACEMENT_3D('',#1304,#1305,#1306);
#1304 = CARTESIAN_POINT('',(95.2,-102.75,0.71));
#1305 = DIRECTION('',(0.,0.,1.));
#1306 = DIRECTION('',(1.,0.,-0.));
#1307 = FACE_BOUND('',#1308,.T.);
#1308 = EDGE_LOOP('',(#1309));
#1309 = ORIENTED_EDGE('',*,*,#1310,.F.);
#1310 = EDGE_CURVE('',#1311,#1311,#1313,.T.);
#1311 = VERTEX_POINT('',#1312);
#1312 = CARTESIAN_POINT('',(112.7,-102.75,0.71));
#1313 = CIRCLE('',#1314,0.5);
#1314 = AXIS2_PLACEMENT_3D('',#1315,#1316,#1317);
#1315 = CARTESIAN_POINT('',(112.2,-102.75,0.71));
#1316 = DIRECTION('',(0.,0.,1.));
#1317 = DIRECTION('',(1.,0.,-0.));
#1318 = FACE_BOUND('',#1319,.T.);
#1319 = EDGE_LOOP('',(#1320));
#1320 = ORIENTED_EDGE('',*,*,#1321,.F.);
#1321 = EDGE_CURVE('',#1322,#1322,#1324,.T.);
#1322 = VERTEX_POINT('',#1323);
#1323 = CARTESIAN_POINT('',(107.4,-97.25,0.71));
#1324 = CIRCLE('',#1325,0.6);
#1325 = AXIS2_PLACEMENT_3D('',#1326,#1327,#1328);
#1326 = CARTESIAN_POINT('',(106.8,-97.25,0.71));
#1327 = DIRECTION('',(0.,0.,1.));
#1328 = DIRECTION('',(1.,0.,-0.));
#1329 = FACE_BOUND('',#1330,.T.);
#1330 = EDGE_LOOP('',(#1331));
#1331 = ORIENTED_EDGE('',*,*,#1332,.F.);
#1332 = EDGE_CURVE('',#1333,#1333,#1335,.T.);
#1333 = VERTEX_POINT('',#1334);
#1334 = CARTESIAN_POINT('',(95.7,-85.75,0.71));
#1335 = CIRCLE('',#1336,0.5);
#1336 = AXIS2_PLACEMENT_3D('',#1337,#1338,#1339);
#1337 = CARTESIAN_POINT('',(95.2,-85.75,0.71));
#1338 = DIRECTION('',(0.,0.,1.));
#1339 = DIRECTION('',(1.,0.,-0.));
#1340 = FACE_BOUND('',#1341,.T.);
#1341 = EDGE_LOOP('',(#1342));
#1342 = ORIENTED_EDGE('',*,*,#1343,.F.);
#1343 = EDGE_CURVE('',#1344,#1344,#1346,.T.);
#1344 = VERTEX_POINT('',#1345);
#1345 = CARTESIAN_POINT('',(112.7,-85.75,0.71));
#1346 = CIRCLE('',#1347,0.5);
#1347 = AXIS2_PLACEMENT_3D('',#1348,#1349,#1350);
#1348 = CARTESIAN_POINT('',(112.2,-85.75,0.71));
#1349 = DIRECTION('',(0.,0.,1.));
#1350 = DIRECTION('',(1.,0.,-0.));
#1351 = FACE_BOUND('',#1352,.T.);
#1352 = EDGE_LOOP('',(#1353));
#1353 = ORIENTED_EDGE('',*,*,#1354,.F.);
#1354 = EDGE_CURVE('',#1355,#1355,#1357,.T.);
#1355 = VERTEX_POINT('',#1356);
#1356 = CARTESIAN_POINT('',(129.7,-102.75,0.71));
#1357 = CIRCLE('',#1358,0.5);
#1358 = AXIS2_PLACEMENT_3D('',#1359,#1360,#1361);
#1359 = CARTESIAN_POINT('',(129.2,-102.75,0.71));
#1360 = DIRECTION('',(0.,0.,1.));
#1361 = DIRECTION('',(1.,0.,-0.));
#1362 = FACE_BOUND('',#1363,.T.);
#1363 = EDGE_LOOP('',(#1364));
#1364 = ORIENTED_EDGE('',*,*,#1365,.F.);
#1365 = EDGE_CURVE('',#1366,#1366,#1368,.T.);
#1366 = VERTEX_POINT('',#1367);
#1367 = CARTESIAN_POINT('',(124.4,-97.25,0.71));
#1368 = CIRCLE('',#1369,0.6);
#1369 = AXIS2_PLACEMENT_3D('',#1370,#1371,#1372);
#1370 = CARTESIAN_POINT('',(123.8,-97.25,0.71));
#1371 = DIRECTION('',(0.,0.,1.));
#1372 = DIRECTION('',(1.,0.,-0.));
#1373 = FACE_BOUND('',#1374,.T.);
#1374 = EDGE_LOOP('',(#1375));
#1375 = ORIENTED_EDGE('',*,*,#1376,.F.);
#1376 = EDGE_CURVE('',#1377,#1377,#1379,.T.);
#1377 = VERTEX_POINT('',#1378);
#1378 = CARTESIAN_POINT('',(147.2,-105.1,0.71));
#1379 = CIRCLE('',#1380,1.1);
#1380 = AXIS2_PLACEMENT_3D('',#1381,#1382,#1383);
#1381 = CARTESIAN_POINT('',(146.1,-105.1,0.71));
#1382 = DIRECTION('',(0.,0.,1.));
#1383 = DIRECTION('',(1.,0.,-0.));
#1384 = FACE_BOUND('',#1385,.T.);
#1385 = EDGE_LOOP('',(#1386));
#1386 = ORIENTED_EDGE('',*,*,#1387,.F.);
#1387 = EDGE_CURVE('',#1388,#1388,#1390,.T.);
#1388 = VERTEX_POINT('',#1389);
#1389 = CARTESIAN_POINT('',(141.4,-97.25,0.71));
#1390 = CIRCLE('',#1391,0.6);
#1391 = AXIS2_PLACEMENT_3D('',#1392,#1393,#1394);
#1392 = CARTESIAN_POINT('',(140.8,-97.25,0.71));
#1393 = DIRECTION('',(0.,0.,1.));
#1394 = DIRECTION('',(1.,0.,-0.));
#1395 = FACE_BOUND('',#1396,.T.);
#1396 = EDGE_LOOP('',(#1397));
#1397 = ORIENTED_EDGE('',*,*,#1398,.F.);
#1398 = EDGE_CURVE('',#1399,#1399,#1401,.T.);
#1399 = VERTEX_POINT('',#1400);
#1400 = CARTESIAN_POINT('',(129.7,-85.75,0.71));
#1401 = CIRCLE('',#1402,0.5);
#1402 = AXIS2_PLACEMENT_3D('',#1403,#1404,#1405);
#1403 = CARTESIAN_POINT('',(129.2,-85.75,0.71));
#1404 = DIRECTION('',(0.,0.,1.));
#1405 = DIRECTION('',(1.,0.,-0.));
#1406 = FACE_BOUND('',#1407,.T.);
#1407 = EDGE_LOOP('',(#1408));
#1408 = ORIENTED_EDGE('',*,*,#1409,.F.);
#1409 = EDGE_CURVE('',#1410,#1410,#1412,.T.);
#1410 = VERTEX_POINT('',#1411);
#1411 = CARTESIAN_POINT('',(107.4,-80.25,0.71));
#1412 = CIRCLE('',#1413,0.6);
#1413 = AXIS2_PLACEMENT_3D('',#1414,#1415,#1416);
#1414 = CARTESIAN_POINT('',(106.8,-80.25,0.71));
#1415 = DIRECTION('',(0.,0.,1.));
#1416 = DIRECTION('',(1.,0.,-0.));
#1417 = FACE_BOUND('',#1418,.T.);
#1418 = EDGE_LOOP('',(#1419));
#1419 = ORIENTED_EDGE('',*,*,#1420,.F.);
#1420 = EDGE_CURVE('',#1421,#1421,#1423,.T.);
#1421 = VERTEX_POINT('',#1422);
#1422 = CARTESIAN_POINT('',(95.7,-68.75,0.71));
#1423 = CIRCLE('',#1424,0.5);
#1424 = AXIS2_PLACEMENT_3D('',#1425,#1426,#1427);
#1425 = CARTESIAN_POINT('',(95.2,-68.75,0.71));
#1426 = DIRECTION('',(0.,0.,1.));
#1427 = DIRECTION('',(1.,0.,-0.));
#1428 = FACE_BOUND('',#1429,.T.);
#1429 = EDGE_LOOP('',(#1430));
#1430 = ORIENTED_EDGE('',*,*,#1431,.F.);
#1431 = EDGE_CURVE('',#1432,#1432,#1434,.T.);
#1432 = VERTEX_POINT('',#1433);
#1433 = CARTESIAN_POINT('',(112.7,-68.75,0.71));
#1434 = CIRCLE('',#1435,0.5);
#1435 = AXIS2_PLACEMENT_3D('',#1436,#1437,#1438);
#1436 = CARTESIAN_POINT('',(112.2,-68.75,0.71));
#1437 = DIRECTION('',(0.,0.,1.));
#1438 = DIRECTION('',(1.,0.,-0.));
#1439 = FACE_BOUND('',#1440,.T.);
#1440 = EDGE_LOOP('',(#1441));
#1441 = ORIENTED_EDGE('',*,*,#1442,.F.);
#1442 = EDGE_CURVE('',#1443,#1443,#1445,.T.);
#1443 = VERTEX_POINT('',#1444);
#1444 = CARTESIAN_POINT('',(107.4,-63.25,0.71));
#1445 = CIRCLE('',#1446,0.6);
#1446 = AXIS2_PLACEMENT_3D('',#1447,#1448,#1449);
#1447 = CARTESIAN_POINT('',(106.8,-63.25,0.71));
#1448 = DIRECTION('',(0.,0.,1.));
#1449 = DIRECTION('',(1.,0.,-0.));
#1450 = FACE_BOUND('',#1451,.T.);
#1451 = EDGE_LOOP('',(#1452));
#1452 = ORIENTED_EDGE('',*,*,#1453,.F.);
#1453 = EDGE_CURVE('',#1454,#1454,#1456,.T.);
#1454 = VERTEX_POINT('',#1455);
#1455 = CARTESIAN_POINT('',(124.4,-80.25,0.71));
#1456 = CIRCLE('',#1457,0.6);
#1457 = AXIS2_PLACEMENT_3D('',#1458,#1459,#1460);
#1458 = CARTESIAN_POINT('',(123.8,-80.25,0.71));
#1459 = DIRECTION('',(0.,0.,1.));
#1460 = DIRECTION('',(1.,0.,-0.));
#1461 = FACE_BOUND('',#1462,.T.);
#1462 = EDGE_LOOP('',(#1463));
#1463 = ORIENTED_EDGE('',*,*,#1464,.F.);
#1464 = EDGE_CURVE('',#1465,#1465,#1467,.T.);
#1465 = VERTEX_POINT('',#1466);
#1466 = CARTESIAN_POINT('',(141.4,-80.25,0.71));
#1467 = CIRCLE('',#1468,0.6);
#1468 = AXIS2_PLACEMENT_3D('',#1469,#1470,#1471);
#1469 = CARTESIAN_POINT('',(140.8,-80.25,0.71));
#1470 = DIRECTION('',(0.,0.,1.));
#1471 = DIRECTION('',(1.,0.,-0.));
#1472 = FACE_BOUND('',#1473,.T.);
#1473 = EDGE_LOOP('',(#1474));
#1474 = ORIENTED_EDGE('',*,*,#1475,.F.);
#1475 = EDGE_CURVE('',#1476,#1476,#1478,.T.);
#1476 = VERTEX_POINT('',#1477);
#1477 = CARTESIAN_POINT('',(129.7,-68.75,0.71));
#1478 = CIRCLE('',#1479,0.5);
#1479 = AXIS2_PLACEMENT_3D('',#1480,#1481,#1482);
#1480 = CARTESIAN_POINT('',(129.2,-68.75,0.71));
#1481 = DIRECTION('',(0.,0.,1.));
#1482 = DIRECTION('',(1.,0.,-0.));
#1483 = FACE_BOUND('',#1484,.T.);
#1484 = EDGE_LOOP('',(#1485));
#1485 = ORIENTED_EDGE('',*,*,#1486,.F.);
#1486 = EDGE_CURVE('',#1487,#1487,#1489,.T.);
#1487 = VERTEX_POINT('',#1488);
#1488 = CARTESIAN_POINT('',(124.4,-63.25,0.71));
#1489 = CIRCLE('',#1490,0.6);
#1490 = AXIS2_PLACEMENT_3D('',#1491,#1492,#1493);
#1491 = CARTESIAN_POINT('',(123.8,-63.25,0.71));
#1492 = DIRECTION('',(0.,0.,1.));
#1493 = DIRECTION('',(1.,0.,-0.));
#1494 = FACE_BOUND('',#1495,.T.);
#1495 = EDGE_LOOP('',(#1496));
#1496 = ORIENTED_EDGE('',*,*,#1497,.F.);
#1497 = EDGE_CURVE('',#1498,#1498,#1500,.T.);
#1498 = VERTEX_POINT('',#1499);
#1499 = CARTESIAN_POINT('',(141.4,-63.25,0.71));
#1500 = CIRCLE('',#1501,0.6);
#1501 = AXIS2_PLACEMENT_3D('',#1502,#1503,#1504);
#1502 = CARTESIAN_POINT('',(140.8,-63.25,0.71));
#1503 = DIRECTION('',(0.,0.,1.));
#1504 = DIRECTION('',(1.,0.,-0.));
#1505 = FACE_BOUND('',#1506,.T.);
#1506 = EDGE_LOOP('',(#1507));
#1507 = ORIENTED_EDGE('',*,*,#1508,.F.);
#1508 = EDGE_CURVE('',#1509,#1509,#1511,.T.);
#1509 = VERTEX_POINT('',#1510);
#1510 = CARTESIAN_POINT('',(44.7,-51.75,0.71));
#1511 = CIRCLE('',#1512,0.5);
#1512 = AXIS2_PLACEMENT_3D('',#1513,#1514,#1515);
#1513 = CARTESIAN_POINT('',(44.2,-51.75,0.71));
#1514 = DIRECTION('',(0.,0.,1.));
#1515 = DIRECTION('',(1.,0.,-0.));
#1516 = FACE_BOUND('',#1517,.T.);
#1517 = EDGE_LOOP('',(#1518));
#1518 = ORIENTED_EDGE('',*,*,#1519,.F.);
#1519 = EDGE_CURVE('',#1520,#1520,#1522,.T.);
#1520 = VERTEX_POINT('',#1521);
#1521 = CARTESIAN_POINT('',(61.7,-51.75,0.71));
#1522 = CIRCLE('',#1523,0.5);
#1523 = AXIS2_PLACEMENT_3D('',#1524,#1525,#1526);
#1524 = CARTESIAN_POINT('',(61.2,-51.75,0.71));
#1525 = DIRECTION('',(0.,0.,1.));
#1526 = DIRECTION('',(1.,0.,-0.));
#1527 = FACE_BOUND('',#1528,.T.);
#1528 = EDGE_LOOP('',(#1529));
#1529 = ORIENTED_EDGE('',*,*,#1530,.F.);
#1530 = EDGE_CURVE('',#1531,#1531,#1533,.T.);
#1531 = VERTEX_POINT('',#1532);
#1532 = CARTESIAN_POINT('',(56.4,-46.25,0.71));
#1533 = CIRCLE('',#1534,0.6);
#1534 = AXIS2_PLACEMENT_3D('',#1535,#1536,#1537);
#1535 = CARTESIAN_POINT('',(55.8,-46.25,0.71));
#1536 = DIRECTION('',(0.,0.,1.));
#1537 = DIRECTION('',(1.,0.,-0.));
#1538 = FACE_BOUND('',#1539,.T.);
#1539 = EDGE_LOOP('',(#1540));
#1540 = ORIENTED_EDGE('',*,*,#1541,.F.);
#1541 = EDGE_CURVE('',#1542,#1542,#1544,.T.);
#1542 = VERTEX_POINT('',#1543);
#1543 = CARTESIAN_POINT('',(78.7,-51.75,0.71));
#1544 = CIRCLE('',#1545,0.5);
#1545 = AXIS2_PLACEMENT_3D('',#1546,#1547,#1548);
#1546 = CARTESIAN_POINT('',(78.2,-51.75,0.71));
#1547 = DIRECTION('',(0.,0.,1.));
#1548 = DIRECTION('',(1.,0.,-0.));
#1549 = FACE_BOUND('',#1550,.T.);
#1550 = EDGE_LOOP('',(#1551));
#1551 = ORIENTED_EDGE('',*,*,#1552,.F.);
#1552 = EDGE_CURVE('',#1553,#1553,#1555,.T.);
#1553 = VERTEX_POINT('',#1554);
#1554 = CARTESIAN_POINT('',(73.4,-46.25,0.71));
#1555 = CIRCLE('',#1556,0.6);
#1556 = AXIS2_PLACEMENT_3D('',#1557,#1558,#1559);
#1557 = CARTESIAN_POINT('',(72.8,-46.25,0.71));
#1558 = DIRECTION('',(0.,0.,1.));
#1559 = DIRECTION('',(1.,0.,-0.));
#1560 = FACE_BOUND('',#1561,.T.);
#1561 = EDGE_LOOP('',(#1562));
#1562 = ORIENTED_EDGE('',*,*,#1563,.F.);
#1563 = EDGE_CURVE('',#1564,#1564,#1566,.T.);
#1564 = VERTEX_POINT('',#1565);
#1565 = CARTESIAN_POINT('',(90.4,-46.25,0.71));
#1566 = CIRCLE('',#1567,0.6);
#1567 = AXIS2_PLACEMENT_3D('',#1568,#1569,#1570);
#1568 = CARTESIAN_POINT('',(89.8,-46.25,0.71));
#1569 = DIRECTION('',(0.,0.,1.));
#1570 = DIRECTION('',(1.,0.,-0.));
#1571 = FACE_BOUND('',#1572,.T.);
#1572 = EDGE_LOOP('',(#1573,#1583,#1591,#1599,#1607,#1615,#1624,#1633,
    #1641,#1650));
#1573 = ORIENTED_EDGE('',*,*,#1574,.F.);
#1574 = EDGE_CURVE('',#1575,#1577,#1579,.T.);
#1575 = VERTEX_POINT('',#1576);
#1576 = CARTESIAN_POINT('',(55.5565,-34.976,0.71));
#1577 = VERTEX_POINT('',#1578);
#1578 = CARTESIAN_POINT('',(55.556002544174,-36.568057626,0.71));
#1579 = LINE('',#1580,#1581);
#1580 = CARTESIAN_POINT('',(55.5565,-34.976,0.71));
#1581 = VECTOR('',#1582,1.);
#1582 = DIRECTION('',(-3.124609271306E-04,-0.999999951184,0.));
#1583 = ORIENTED_EDGE('',*,*,#1584,.F.);
#1584 = EDGE_CURVE('',#1585,#1575,#1587,.T.);
#1585 = VERTEX_POINT('',#1586);
#1586 = CARTESIAN_POINT('',(55.9375,-34.595,0.71));
#1587 = LINE('',#1588,#1589);
#1588 = CARTESIAN_POINT('',(55.9375,-34.595,0.71));
#1589 = VECTOR('',#1590,1.);
#1590 = DIRECTION('',(-0.707106781187,-0.707106781187,0.));
#1591 = ORIENTED_EDGE('',*,*,#1592,.F.);
#1592 = EDGE_CURVE('',#1593,#1585,#1595,.T.);
#1593 = VERTEX_POINT('',#1594);
#1594 = CARTESIAN_POINT('',(57.5885,-34.595,0.71));
#1595 = LINE('',#1596,#1597);
#1596 = CARTESIAN_POINT('',(57.5885,-34.595,0.71));
#1597 = VECTOR('',#1598,1.);
#1598 = DIRECTION('',(-1.,0.,0.));
#1599 = ORIENTED_EDGE('',*,*,#1600,.F.);
#1600 = EDGE_CURVE('',#1601,#1593,#1603,.T.);
#1601 = VERTEX_POINT('',#1602);
#1602 = CARTESIAN_POINT('',(57.9695,-34.976,0.71));
#1603 = LINE('',#1604,#1605);
#1604 = CARTESIAN_POINT('',(57.9695,-34.976,0.71));
#1605 = VECTOR('',#1606,1.);
#1606 = DIRECTION('',(-0.707106781187,0.707106781187,0.));
#1607 = ORIENTED_EDGE('',*,*,#1608,.F.);
#1608 = EDGE_CURVE('',#1609,#1601,#1611,.T.);
#1609 = VERTEX_POINT('',#1610);
#1610 = CARTESIAN_POINT('',(57.969002543256,-36.56806056323,0.71));
#1611 = LINE('',#1612,#1613);
#1612 = CARTESIAN_POINT('',(57.969,-36.5762,0.71));
#1613 = VECTOR('',#1614,1.);
#1614 = DIRECTION('',(3.124609271262E-04,0.999999951184,0.));
#1615 = ORIENTED_EDGE('',*,*,#1616,.T.);
#1616 = EDGE_CURVE('',#1609,#1617,#1619,.T.);
#1617 = VERTEX_POINT('',#1618);
#1618 = CARTESIAN_POINT('',(57.715,-37.516,0.71));
#1619 = CIRCLE('',#1620,0.508);
#1620 = AXIS2_PLACEMENT_3D('',#1621,#1622,#1623);
#1621 = CARTESIAN_POINT('',(57.715,-37.008,0.71));
#1622 = DIRECTION('',(-0.,0.,-1.));
#1623 = DIRECTION('',(-0.,-1.,0.));
#1624 = ORIENTED_EDGE('',*,*,#1625,.T.);
#1625 = EDGE_CURVE('',#1617,#1626,#1628,.T.);
#1626 = VERTEX_POINT('',#1627);
#1627 = CARTESIAN_POINT('',(57.275059094878,-37.262,0.71));
#1628 = CIRCLE('',#1629,0.508);
#1629 = AXIS2_PLACEMENT_3D('',#1630,#1631,#1632);
#1630 = CARTESIAN_POINT('',(57.715,-37.008,0.71));
#1631 = DIRECTION('',(-0.,0.,-1.));
#1632 = DIRECTION('',(-0.,-1.,0.));
#1633 = ORIENTED_EDGE('',*,*,#1634,.F.);
#1634 = EDGE_CURVE('',#1635,#1626,#1637,.T.);
#1635 = VERTEX_POINT('',#1636);
#1636 = CARTESIAN_POINT('',(56.249940905123,-37.262,0.71));
#1637 = LINE('',#1638,#1639);
#1638 = CARTESIAN_POINT('',(56.2418,-37.262,0.71));
#1639 = VECTOR('',#1640,1.);
#1640 = DIRECTION('',(1.,0.,0.));
#1641 = ORIENTED_EDGE('',*,*,#1642,.T.);
#1642 = EDGE_CURVE('',#1635,#1643,#1645,.T.);
#1643 = VERTEX_POINT('',#1644);
#1644 = CARTESIAN_POINT('',(55.81,-37.516,0.71));
#1645 = CIRCLE('',#1646,0.508);
#1646 = AXIS2_PLACEMENT_3D('',#1647,#1648,#1649);
#1647 = CARTESIAN_POINT('',(55.81,-37.008,0.71));
#1648 = DIRECTION('',(-0.,0.,-1.));
#1649 = DIRECTION('',(-0.,-1.,0.));
#1650 = ORIENTED_EDGE('',*,*,#1651,.T.);
#1651 = EDGE_CURVE('',#1643,#1577,#1652,.T.);
#1652 = CIRCLE('',#1653,0.508);
#1653 = AXIS2_PLACEMENT_3D('',#1654,#1655,#1656);
#1654 = CARTESIAN_POINT('',(55.81,-37.008,0.71));
#1655 = DIRECTION('',(-0.,0.,-1.));
#1656 = DIRECTION('',(-0.,-1.,0.));
#1657 = FACE_BOUND('',#1658,.T.);
#1658 = EDGE_LOOP('',(#1659,#1669,#1678,#1686,#1694,#1702,#1710,#1718,
    #1727));
#1659 = ORIENTED_EDGE('',*,*,#1660,.F.);
#1660 = EDGE_CURVE('',#1661,#1663,#1665,.T.);
#1661 = VERTEX_POINT('',#1662);
#1662 = CARTESIAN_POINT('',(47.301,-26.01794090512,0.71));
#1663 = VERTEX_POINT('',#1664);
#1664 = CARTESIAN_POINT('',(47.301,-27.04305909487,0.71));
#1665 = LINE('',#1666,#1667);
#1666 = CARTESIAN_POINT('',(47.301,-26.0098,0.71));
#1667 = VECTOR('',#1668,1.);
#1668 = DIRECTION('',(0.,-1.,0.));
#1669 = ORIENTED_EDGE('',*,*,#1670,.T.);
#1670 = EDGE_CURVE('',#1661,#1671,#1673,.T.);
#1671 = VERTEX_POINT('',#1672);
#1672 = CARTESIAN_POINT('',(47.994940905123,-25.324,0.71));
#1673 = CIRCLE('',#1674,0.508);
#1674 = AXIS2_PLACEMENT_3D('',#1675,#1676,#1677);
#1675 = CARTESIAN_POINT('',(47.555,-25.578,0.71));
#1676 = DIRECTION('',(-0.,0.,-1.));
#1677 = DIRECTION('',(-0.,-1.,0.));
#1678 = ORIENTED_EDGE('',*,*,#1679,.F.);
#1679 = EDGE_CURVE('',#1680,#1671,#1682,.T.);
#1680 = VERTEX_POINT('',#1681);
#1681 = CARTESIAN_POINT('',(49.587,-25.324,0.71));
#1682 = LINE('',#1683,#1684);
#1683 = CARTESIAN_POINT('',(49.587,-25.324,0.71));
#1684 = VECTOR('',#1685,1.);
#1685 = DIRECTION('',(-1.,0.,0.));
#1686 = ORIENTED_EDGE('',*,*,#1687,.F.);
#1687 = EDGE_CURVE('',#1688,#1680,#1690,.T.);
#1688 = VERTEX_POINT('',#1689);
#1689 = CARTESIAN_POINT('',(49.968,-25.705,0.71));
#1690 = LINE('',#1691,#1692);
#1691 = CARTESIAN_POINT('',(49.968,-25.705,0.71));
#1692 = VECTOR('',#1693,1.);
#1693 = DIRECTION('',(-0.707106781187,0.707106781187,0.));
#1694 = ORIENTED_EDGE('',*,*,#1695,.F.);
#1695 = EDGE_CURVE('',#1696,#1688,#1698,.T.);
#1696 = VERTEX_POINT('',#1697);
#1697 = CARTESIAN_POINT('',(49.968,-27.356,0.71));
#1698 = LINE('',#1699,#1700);
#1699 = CARTESIAN_POINT('',(49.968,-27.356,0.71));
#1700 = VECTOR('',#1701,1.);
#1701 = DIRECTION('',(0.,1.,0.));
#1702 = ORIENTED_EDGE('',*,*,#1703,.F.);
#1703 = EDGE_CURVE('',#1704,#1696,#1706,.T.);
#1704 = VERTEX_POINT('',#1705);
#1705 = CARTESIAN_POINT('',(49.587,-27.737,0.71));
#1706 = LINE('',#1707,#1708);
#1707 = CARTESIAN_POINT('',(49.587,-27.737,0.71));
#1708 = VECTOR('',#1709,1.);
#1709 = DIRECTION('',(0.707106781187,0.707106781187,0.));
#1710 = ORIENTED_EDGE('',*,*,#1711,.F.);
#1711 = EDGE_CURVE('',#1712,#1704,#1714,.T.);
#1712 = VERTEX_POINT('',#1713);
#1713 = CARTESIAN_POINT('',(47.994940905122,-27.737,0.71));
#1714 = LINE('',#1715,#1716);
#1715 = CARTESIAN_POINT('',(47.9868,-27.737,0.71));
#1716 = VECTOR('',#1717,1.);
#1717 = DIRECTION('',(1.,0.,0.));
#1718 = ORIENTED_EDGE('',*,*,#1719,.T.);
#1719 = EDGE_CURVE('',#1712,#1720,#1722,.T.);
#1720 = VERTEX_POINT('',#1721);
#1721 = CARTESIAN_POINT('',(47.555,-27.991,0.71));
#1722 = CIRCLE('',#1723,0.508);
#1723 = AXIS2_PLACEMENT_3D('',#1724,#1725,#1726);
#1724 = CARTESIAN_POINT('',(47.555,-27.483,0.71));
#1725 = DIRECTION('',(-0.,0.,-1.));
#1726 = DIRECTION('',(-0.,-1.,0.));
#1727 = ORIENTED_EDGE('',*,*,#1728,.T.);
#1728 = EDGE_CURVE('',#1720,#1663,#1729,.T.);
#1729 = CIRCLE('',#1730,0.508);
#1730 = AXIS2_PLACEMENT_3D('',#1731,#1732,#1733);
#1731 = CARTESIAN_POINT('',(47.555,-27.483,0.71));
#1732 = DIRECTION('',(-0.,0.,-1.));
#1733 = DIRECTION('',(-0.,-1.,0.));
#1734 = FACE_BOUND('',#1735,.T.);
#1735 = EDGE_LOOP('',(#1736));
#1736 = ORIENTED_EDGE('',*,*,#1737,.F.);
#1737 = EDGE_CURVE('',#1738,#1738,#1740,.T.);
#1738 = VERTEX_POINT('',#1739);
#1739 = CARTESIAN_POINT('',(40.,-18.7,0.71));
#1740 = CIRCLE('',#1741,1.1);
#1741 = AXIS2_PLACEMENT_3D('',#1742,#1743,#1744);
#1742 = CARTESIAN_POINT('',(38.9,-18.7,0.71));
#1743 = DIRECTION('',(0.,0.,1.));
#1744 = DIRECTION('',(1.,0.,-0.));
#1745 = FACE_BOUND('',#1746,.T.);
#1746 = EDGE_LOOP('',(#1747,#1757,#1766,#1774,#1783,#1791,#1800,#1809,
    #1817,#1826));
#1747 = ORIENTED_EDGE('',*,*,#1748,.F.);
#1748 = EDGE_CURVE('',#1749,#1751,#1753,.T.);
#1749 = VERTEX_POINT('',#1750);
#1750 = CARTESIAN_POINT('',(50.476,-19.66794090512,0.71));
#1751 = VERTEX_POINT('',#1752);
#1752 = CARTESIAN_POINT('',(50.476,-21.32805909487,0.71));
#1753 = LINE('',#1754,#1755);
#1754 = CARTESIAN_POINT('',(50.476,-19.6598,0.71));
#1755 = VECTOR('',#1756,1.);
#1756 = DIRECTION('',(0.,-1.,0.));
#1757 = ORIENTED_EDGE('',*,*,#1758,.T.);
#1758 = EDGE_CURVE('',#1749,#1759,#1761,.T.);
#1759 = VERTEX_POINT('',#1760);
#1760 = CARTESIAN_POINT('',(51.169940905122,-18.974,0.71));
#1761 = CIRCLE('',#1762,0.508);
#1762 = AXIS2_PLACEMENT_3D('',#1763,#1764,#1765);
#1763 = CARTESIAN_POINT('',(50.73,-19.228,0.71));
#1764 = DIRECTION('',(-0.,0.,-1.));
#1765 = DIRECTION('',(-1.398706172756E-14,-1.,0.));
#1766 = ORIENTED_EDGE('',*,*,#1767,.F.);
#1767 = EDGE_CURVE('',#1768,#1759,#1770,.T.);
#1768 = VERTEX_POINT('',#1769);
#1769 = CARTESIAN_POINT('',(52.830059094877,-18.974,0.71));
#1770 = LINE('',#1771,#1772);
#1771 = CARTESIAN_POINT('',(52.8382,-18.974,0.71));
#1772 = VECTOR('',#1773,1.);
#1773 = DIRECTION('',(-1.,0.,0.));
#1774 = ORIENTED_EDGE('',*,*,#1775,.T.);
#1775 = EDGE_CURVE('',#1768,#1776,#1778,.T.);
#1776 = VERTEX_POINT('',#1777);
#1777 = CARTESIAN_POINT('',(53.524,-19.66794090512,0.71));
#1778 = CIRCLE('',#1779,0.508);
#1779 = AXIS2_PLACEMENT_3D('',#1780,#1781,#1782);
#1780 = CARTESIAN_POINT('',(53.27,-19.228,0.71));
#1781 = DIRECTION('',(-0.,0.,-1.));
#1782 = DIRECTION('',(1.398706172756E-14,-1.,-0.));
#1783 = ORIENTED_EDGE('',*,*,#1784,.F.);
#1784 = EDGE_CURVE('',#1785,#1776,#1787,.T.);
#1785 = VERTEX_POINT('',#1786);
#1786 = CARTESIAN_POINT('',(53.524,-21.32805909487,0.71));
#1787 = LINE('',#1788,#1789);
#1788 = CARTESIAN_POINT('',(53.524,-21.3362,0.71));
#1789 = VECTOR('',#1790,1.);
#1790 = DIRECTION('',(0.,1.,0.));
#1791 = ORIENTED_EDGE('',*,*,#1792,.T.);
#1792 = EDGE_CURVE('',#1785,#1793,#1795,.T.);
#1793 = VERTEX_POINT('',#1794);
#1794 = CARTESIAN_POINT('',(53.27,-22.276,0.71));
#1795 = CIRCLE('',#1796,0.508);
#1796 = AXIS2_PLACEMENT_3D('',#1797,#1798,#1799);
#1797 = CARTESIAN_POINT('',(53.27,-21.768,0.71));
#1798 = DIRECTION('',(-0.,0.,-1.));
#1799 = DIRECTION('',(1.398706172756E-14,-1.,-0.));
#1800 = ORIENTED_EDGE('',*,*,#1801,.T.);
#1801 = EDGE_CURVE('',#1793,#1802,#1804,.T.);
#1802 = VERTEX_POINT('',#1803);
#1803 = CARTESIAN_POINT('',(52.830059094878,-22.022,0.71));
#1804 = CIRCLE('',#1805,0.508);
#1805 = AXIS2_PLACEMENT_3D('',#1806,#1807,#1808);
#1806 = CARTESIAN_POINT('',(53.27,-21.768,0.71));
#1807 = DIRECTION('',(-0.,0.,-1.));
#1808 = DIRECTION('',(1.398706172756E-14,-1.,-0.));
#1809 = ORIENTED_EDGE('',*,*,#1810,.F.);
#1810 = EDGE_CURVE('',#1811,#1802,#1813,.T.);
#1811 = VERTEX_POINT('',#1812);
#1812 = CARTESIAN_POINT('',(51.169940905123,-22.022,0.71));
#1813 = LINE('',#1814,#1815);
#1814 = CARTESIAN_POINT('',(51.1618,-22.022,0.71));
#1815 = VECTOR('',#1816,1.);
#1816 = DIRECTION('',(1.,0.,0.));
#1817 = ORIENTED_EDGE('',*,*,#1818,.T.);
#1818 = EDGE_CURVE('',#1811,#1819,#1821,.T.);
#1819 = VERTEX_POINT('',#1820);
#1820 = CARTESIAN_POINT('',(50.73,-22.276,0.71));
#1821 = CIRCLE('',#1822,0.508);
#1822 = AXIS2_PLACEMENT_3D('',#1823,#1824,#1825);
#1823 = CARTESIAN_POINT('',(50.73,-21.768,0.71));
#1824 = DIRECTION('',(-0.,0.,-1.));
#1825 = DIRECTION('',(-1.398706172756E-14,-1.,0.));
#1826 = ORIENTED_EDGE('',*,*,#1827,.T.);
#1827 = EDGE_CURVE('',#1819,#1751,#1828,.T.);
#1828 = CIRCLE('',#1829,0.508);
#1829 = AXIS2_PLACEMENT_3D('',#1830,#1831,#1832);
#1830 = CARTESIAN_POINT('',(50.73,-21.768,0.71));
#1831 = DIRECTION('',(-0.,0.,-1.));
#1832 = DIRECTION('',(-1.398706172756E-14,-1.,0.));
#1833 = FACE_BOUND('',#1834,.T.);
#1834 = EDGE_LOOP('',(#1835));
#1835 = ORIENTED_EDGE('',*,*,#1836,.F.);
#1836 = EDGE_CURVE('',#1837,#1837,#1839,.T.);
#1837 = VERTEX_POINT('',#1838);
#1838 = CARTESIAN_POINT('',(95.7,-51.75,0.71));
#1839 = CIRCLE('',#1840,0.5);
#1840 = AXIS2_PLACEMENT_3D('',#1841,#1842,#1843);
#1841 = CARTESIAN_POINT('',(95.2,-51.75,0.71));
#1842 = DIRECTION('',(0.,0.,1.));
#1843 = DIRECTION('',(1.,0.,-0.));
#1844 = FACE_BOUND('',#1845,.T.);
#1845 = EDGE_LOOP('',(#1846));
#1846 = ORIENTED_EDGE('',*,*,#1847,.F.);
#1847 = EDGE_CURVE('',#1848,#1848,#1850,.T.);
#1848 = VERTEX_POINT('',#1849);
#1849 = CARTESIAN_POINT('',(112.7,-51.75,0.71));
#1850 = CIRCLE('',#1851,0.5);
#1851 = AXIS2_PLACEMENT_3D('',#1852,#1853,#1854);
#1852 = CARTESIAN_POINT('',(112.2,-51.75,0.71));
#1853 = DIRECTION('',(0.,0.,1.));
#1854 = DIRECTION('',(1.,0.,-0.));
#1855 = FACE_BOUND('',#1856,.T.);
#1856 = EDGE_LOOP('',(#1857));
#1857 = ORIENTED_EDGE('',*,*,#1858,.F.);
#1858 = EDGE_CURVE('',#1859,#1859,#1861,.T.);
#1859 = VERTEX_POINT('',#1860);
#1860 = CARTESIAN_POINT('',(107.4,-46.25,0.71));
#1861 = CIRCLE('',#1862,0.6);
#1862 = AXIS2_PLACEMENT_3D('',#1863,#1864,#1865);
#1863 = CARTESIAN_POINT('',(106.8,-46.25,0.71));
#1864 = DIRECTION('',(0.,0.,1.));
#1865 = DIRECTION('',(1.,0.,-0.));
#1866 = FACE_BOUND('',#1867,.T.);
#1867 = EDGE_LOOP('',(#1868));
#1868 = ORIENTED_EDGE('',*,*,#1869,.F.);
#1869 = EDGE_CURVE('',#1870,#1870,#1872,.T.);
#1870 = VERTEX_POINT('',#1871);
#1871 = CARTESIAN_POINT('',(129.7,-51.75,0.71));
#1872 = CIRCLE('',#1873,0.5);
#1873 = AXIS2_PLACEMENT_3D('',#1874,#1875,#1876);
#1874 = CARTESIAN_POINT('',(129.2,-51.75,0.71));
#1875 = DIRECTION('',(0.,0.,1.));
#1876 = DIRECTION('',(1.,0.,-0.));
#1877 = FACE_BOUND('',#1878,.T.);
#1878 = EDGE_LOOP('',(#1879));
#1879 = ORIENTED_EDGE('',*,*,#1880,.F.);
#1880 = EDGE_CURVE('',#1881,#1881,#1883,.T.);
#1881 = VERTEX_POINT('',#1882);
#1882 = CARTESIAN_POINT('',(124.4,-46.25,0.71));
#1883 = CIRCLE('',#1884,0.6);
#1884 = AXIS2_PLACEMENT_3D('',#1885,#1886,#1887);
#1885 = CARTESIAN_POINT('',(123.8,-46.25,0.71));
#1886 = DIRECTION('',(0.,0.,1.));
#1887 = DIRECTION('',(1.,0.,-0.));
#1888 = FACE_BOUND('',#1889,.T.);
#1889 = EDGE_LOOP('',(#1890));
#1890 = ORIENTED_EDGE('',*,*,#1891,.F.);
#1891 = EDGE_CURVE('',#1892,#1892,#1894,.T.);
#1892 = VERTEX_POINT('',#1893);
#1893 = CARTESIAN_POINT('',(141.4,-46.25,0.71));
#1894 = CIRCLE('',#1895,0.6);
#1895 = AXIS2_PLACEMENT_3D('',#1896,#1897,#1898);
#1896 = CARTESIAN_POINT('',(140.8,-46.25,0.71));
#1897 = DIRECTION('',(0.,0.,1.));
#1898 = DIRECTION('',(1.,0.,-0.));
#1899 = FACE_BOUND('',#1900,.T.);
#1900 = EDGE_LOOP('',(#1901));
#1901 = ORIENTED_EDGE('',*,*,#1902,.T.);
#1902 = EDGE_CURVE('',#1903,#1903,#1905,.T.);
#1903 = VERTEX_POINT('',#1904);
#1904 = CARTESIAN_POINT('',(146.4255,-30.45,0.71));
#1905 = CIRCLE('',#1906,0.45);
#1906 = AXIS2_PLACEMENT_3D('',#1907,#1908,#1909);
#1907 = CARTESIAN_POINT('',(146.4255,-30.,0.71));
#1908 = DIRECTION('',(-0.,0.,-1.));
#1909 = DIRECTION('',(-0.,-1.,0.));
#1910 = FACE_BOUND('',#1911,.T.);
#1911 = EDGE_LOOP('',(#1912));
#1912 = ORIENTED_EDGE('',*,*,#1913,.T.);
#1913 = EDGE_CURVE('',#1914,#1914,#1916,.T.);
#1914 = VERTEX_POINT('',#1915);
#1915 = CARTESIAN_POINT('',(146.4255,-27.45,0.71));
#1916 = CIRCLE('',#1917,0.45);
#1917 = AXIS2_PLACEMENT_3D('',#1918,#1919,#1920);
#1918 = CARTESIAN_POINT('',(146.4255,-27.,0.71));
#1919 = DIRECTION('',(-0.,0.,-1.));
#1920 = DIRECTION('',(-0.,-1.,0.));
#1921 = FACE_BOUND('',#1922,.T.);
#1922 = EDGE_LOOP('',(#1923));
#1923 = ORIENTED_EDGE('',*,*,#1924,.F.);
#1924 = EDGE_CURVE('',#1925,#1925,#1927,.T.);
#1925 = VERTEX_POINT('',#1926);
#1926 = CARTESIAN_POINT('',(147.2,-18.7,0.71));
#1927 = CIRCLE('',#1928,1.1);
#1928 = AXIS2_PLACEMENT_3D('',#1929,#1930,#1931);
#1929 = CARTESIAN_POINT('',(146.1,-18.7,0.71));
#1930 = DIRECTION('',(0.,0.,1.));
#1931 = DIRECTION('',(1.,0.,-0.));
#1932 = PLANE('',#1933);
#1933 = AXIS2_PLACEMENT_3D('',#1934,#1935,#1936);
#1934 = CARTESIAN_POINT('',(0.,0.,0.71));
#1935 = DIRECTION('',(0.,0.,1.));
#1936 = DIRECTION('',(1.,0.,-0.));
#1937 = ADVANCED_FACE('',(#1938),#1949,.T.);
#1938 = FACE_BOUND('',#1939,.T.);
#1939 = EDGE_LOOP('',(#1940,#1946,#1947,#1948));
#1940 = ORIENTED_EDGE('',*,*,#1941,.T.);
#1941 = EDGE_CURVE('',#150,#1047,#1942,.T.);
#1942 = LINE('',#1943,#1944);
#1943 = CARTESIAN_POINT('',(36.8,-17.6,0.));
#1944 = VECTOR('',#1945,1.);
#1945 = DIRECTION('',(0.,0.,1.));
#1946 = ORIENTED_EDGE('',*,*,#1046,.T.);
#1947 = ORIENTED_EDGE('',*,*,#85,.F.);
#1948 = ORIENTED_EDGE('',*,*,#149,.F.);
#1949 = CYLINDRICAL_SURFACE('',#1950,0.999999252925);
#1950 = AXIS2_PLACEMENT_3D('',#1951,#1952,#1953);
#1951 = CARTESIAN_POINT('',(37.799999252925,-17.59999925292,0.));
#1952 = DIRECTION('',(0.,0.,-1.));
#1953 = DIRECTION('',(-1.,-7.470757420593E-07,-0.));
#1954 = ADVANCED_FACE('',(#1955),#1966,.T.);
#1955 = FACE_BOUND('',#1956,.T.);
#1956 = EDGE_LOOP('',(#1957,#1958,#1959,#1965));
#1957 = ORIENTED_EDGE('',*,*,#125,.T.);
#1958 = ORIENTED_EDGE('',*,*,#1080,.T.);
#1959 = ORIENTED_EDGE('',*,*,#1960,.F.);
#1960 = EDGE_CURVE('',#176,#1073,#1961,.T.);
#1961 = LINE('',#1962,#1963);
#1962 = CARTESIAN_POINT('',(147.2,-113.2,0.));
#1963 = VECTOR('',#1964,1.);
#1964 = DIRECTION('',(0.,0.,1.));
#1965 = ORIENTED_EDGE('',*,*,#183,.F.);
#1966 = CYLINDRICAL_SURFACE('',#1967,0.999999252925);
#1967 = AXIS2_PLACEMENT_3D('',#1968,#1969,#1970);
#1968 = CARTESIAN_POINT('',(147.20000074707,-112.200000747,0.));
#1969 = DIRECTION('',(0.,0.,-1.));
#1970 = DIRECTION('',(1.,7.470757349539E-07,0.));
#1971 = ADVANCED_FACE('',(#1972),#1983,.T.);
#1972 = FACE_BOUND('',#1973,.T.);
#1973 = EDGE_LOOP('',(#1974,#1980,#1981,#1982));
#1974 = ORIENTED_EDGE('',*,*,#1975,.T.);
#1975 = EDGE_CURVE('',#159,#1056,#1976,.T.);
#1976 = LINE('',#1977,#1978);
#1977 = CARTESIAN_POINT('',(36.8,-112.2,0.));
#1978 = VECTOR('',#1979,1.);
#1979 = DIRECTION('',(0.,0.,1.));
#1980 = ORIENTED_EDGE('',*,*,#1055,.T.);
#1981 = ORIENTED_EDGE('',*,*,#1941,.F.);
#1982 = ORIENTED_EDGE('',*,*,#158,.F.);
#1983 = PLANE('',#1984);
#1984 = AXIS2_PLACEMENT_3D('',#1985,#1986,#1987);
#1985 = CARTESIAN_POINT('',(36.8,-112.2,0.));
#1986 = DIRECTION('',(-1.,0.,0.));
#1987 = DIRECTION('',(0.,1.,0.));
#1988 = ADVANCED_FACE('',(#1989),#2000,.T.);
#1989 = FACE_BOUND('',#1990,.T.);
#1990 = EDGE_LOOP('',(#1991,#1992,#1993,#1999));
#1991 = ORIENTED_EDGE('',*,*,#1960,.T.);
#1992 = ORIENTED_EDGE('',*,*,#1072,.T.);
#1993 = ORIENTED_EDGE('',*,*,#1994,.F.);
#1994 = EDGE_CURVE('',#167,#1064,#1995,.T.);
#1995 = LINE('',#1996,#1997);
#1996 = CARTESIAN_POINT('',(37.8,-113.2,0.));
#1997 = VECTOR('',#1998,1.);
#1998 = DIRECTION('',(0.,0.,1.));
#1999 = ORIENTED_EDGE('',*,*,#175,.F.);
#2000 = PLANE('',#2001);
#2001 = AXIS2_PLACEMENT_3D('',#2002,#2003,#2004);
#2002 = CARTESIAN_POINT('',(147.2,-113.2,0.));
#2003 = DIRECTION('',(0.,-1.,0.));
#2004 = DIRECTION('',(-1.,0.,0.));
#2005 = ADVANCED_FACE('',(#2006),#2012,.T.);
#2006 = FACE_BOUND('',#2007,.T.);
#2007 = EDGE_LOOP('',(#2008,#2009,#2010,#2011));
#2008 = ORIENTED_EDGE('',*,*,#1994,.T.);
#2009 = ORIENTED_EDGE('',*,*,#1063,.T.);
#2010 = ORIENTED_EDGE('',*,*,#1975,.F.);
#2011 = ORIENTED_EDGE('',*,*,#166,.F.);
#2012 = CYLINDRICAL_SURFACE('',#2013,0.999999252925);
#2013 = AXIS2_PLACEMENT_3D('',#2014,#2015,#2016);
#2014 = CARTESIAN_POINT('',(37.799999252925,-112.200000747,0.));
#2015 = DIRECTION('',(0.,0.,-1.));
#2016 = DIRECTION('',(7.470757349539E-07,-1.,0.));
#2017 = ADVANCED_FACE('',(#2018),#2029,.F.);
#2018 = FACE_BOUND('',#2019,.T.);
#2019 = EDGE_LOOP('',(#2020,#2026,#2027,#2028));
#2020 = ORIENTED_EDGE('',*,*,#2021,.T.);
#2021 = EDGE_CURVE('',#194,#1091,#2022,.T.);
#2022 = LINE('',#2023,#2024);
#2023 = CARTESIAN_POINT('',(40.,-105.1,0.));
#2024 = VECTOR('',#2025,1.);
#2025 = DIRECTION('',(0.,0.,1.));
#2026 = ORIENTED_EDGE('',*,*,#1090,.T.);
#2027 = ORIENTED_EDGE('',*,*,#2021,.F.);
#2028 = ORIENTED_EDGE('',*,*,#193,.F.);
#2029 = CYLINDRICAL_SURFACE('',#2030,1.1);
#2030 = AXIS2_PLACEMENT_3D('',#2031,#2032,#2033);
#2031 = CARTESIAN_POINT('',(38.9,-105.1,0.));
#2032 = DIRECTION('',(-0.,-0.,-1.));
#2033 = DIRECTION('',(1.,0.,-0.));
#2034 = ADVANCED_FACE('',(#2035),#2046,.F.);
#2035 = FACE_BOUND('',#2036,.T.);
#2036 = EDGE_LOOP('',(#2037,#2043,#2044,#2045));
#2037 = ORIENTED_EDGE('',*,*,#2038,.T.);
#2038 = EDGE_CURVE('',#205,#1102,#2039,.T.);
#2039 = LINE('',#2040,#2041);
#2040 = CARTESIAN_POINT('',(44.7,-102.75,0.));
#2041 = VECTOR('',#2042,1.);
#2042 = DIRECTION('',(0.,0.,1.));
#2043 = ORIENTED_EDGE('',*,*,#1101,.T.);
#2044 = ORIENTED_EDGE('',*,*,#2038,.F.);
#2045 = ORIENTED_EDGE('',*,*,#204,.F.);
#2046 = CYLINDRICAL_SURFACE('',#2047,0.5);
#2047 = AXIS2_PLACEMENT_3D('',#2048,#2049,#2050);
#2048 = CARTESIAN_POINT('',(44.2,-102.75,0.));
#2049 = DIRECTION('',(-0.,-0.,-1.));
#2050 = DIRECTION('',(1.,0.,-0.));
#2051 = ADVANCED_FACE('',(#2052),#2063,.F.);
#2052 = FACE_BOUND('',#2053,.T.);
#2053 = EDGE_LOOP('',(#2054,#2060,#2061,#2062));
#2054 = ORIENTED_EDGE('',*,*,#2055,.T.);
#2055 = EDGE_CURVE('',#216,#1113,#2056,.T.);
#2056 = LINE('',#2057,#2058);
#2057 = CARTESIAN_POINT('',(61.7,-102.75,0.));
#2058 = VECTOR('',#2059,1.);
#2059 = DIRECTION('',(0.,0.,1.));
#2060 = ORIENTED_EDGE('',*,*,#1112,.T.);
#2061 = ORIENTED_EDGE('',*,*,#2055,.F.);
#2062 = ORIENTED_EDGE('',*,*,#215,.F.);
#2063 = CYLINDRICAL_SURFACE('',#2064,0.5);
#2064 = AXIS2_PLACEMENT_3D('',#2065,#2066,#2067);
#2065 = CARTESIAN_POINT('',(61.2,-102.75,0.));
#2066 = DIRECTION('',(-0.,-0.,-1.));
#2067 = DIRECTION('',(1.,0.,-0.));
#2068 = ADVANCED_FACE('',(#2069),#2080,.F.);
#2069 = FACE_BOUND('',#2070,.T.);
#2070 = EDGE_LOOP('',(#2071,#2077,#2078,#2079));
#2071 = ORIENTED_EDGE('',*,*,#2072,.T.);
#2072 = EDGE_CURVE('',#227,#1124,#2073,.T.);
#2073 = LINE('',#2074,#2075);
#2074 = CARTESIAN_POINT('',(56.4,-97.25,0.));
#2075 = VECTOR('',#2076,1.);
#2076 = DIRECTION('',(0.,0.,1.));
#2077 = ORIENTED_EDGE('',*,*,#1123,.T.);
#2078 = ORIENTED_EDGE('',*,*,#2072,.F.);
#2079 = ORIENTED_EDGE('',*,*,#226,.F.);
#2080 = CYLINDRICAL_SURFACE('',#2081,0.6);
#2081 = AXIS2_PLACEMENT_3D('',#2082,#2083,#2084);
#2082 = CARTESIAN_POINT('',(55.8,-97.25,0.));
#2083 = DIRECTION('',(-0.,-0.,-1.));
#2084 = DIRECTION('',(1.,0.,-0.));
#2085 = ADVANCED_FACE('',(#2086),#2097,.F.);
#2086 = FACE_BOUND('',#2087,.T.);
#2087 = EDGE_LOOP('',(#2088,#2094,#2095,#2096));
#2088 = ORIENTED_EDGE('',*,*,#2089,.T.);
#2089 = EDGE_CURVE('',#238,#1135,#2090,.T.);
#2090 = LINE('',#2091,#2092);
#2091 = CARTESIAN_POINT('',(44.7,-85.75,0.));
#2092 = VECTOR('',#2093,1.);
#2093 = DIRECTION('',(0.,0.,1.));
#2094 = ORIENTED_EDGE('',*,*,#1134,.T.);
#2095 = ORIENTED_EDGE('',*,*,#2089,.F.);
#2096 = ORIENTED_EDGE('',*,*,#237,.F.);
#2097 = CYLINDRICAL_SURFACE('',#2098,0.5);
#2098 = AXIS2_PLACEMENT_3D('',#2099,#2100,#2101);
#2099 = CARTESIAN_POINT('',(44.2,-85.75,0.));
#2100 = DIRECTION('',(-0.,-0.,-1.));
#2101 = DIRECTION('',(1.,0.,-0.));
#2102 = ADVANCED_FACE('',(#2103),#2114,.F.);
#2103 = FACE_BOUND('',#2104,.T.);
#2104 = EDGE_LOOP('',(#2105,#2111,#2112,#2113));
#2105 = ORIENTED_EDGE('',*,*,#2106,.T.);
#2106 = EDGE_CURVE('',#249,#1146,#2107,.T.);
#2107 = LINE('',#2108,#2109);
#2108 = CARTESIAN_POINT('',(61.7,-85.75,0.));
#2109 = VECTOR('',#2110,1.);
#2110 = DIRECTION('',(0.,0.,1.));
#2111 = ORIENTED_EDGE('',*,*,#1145,.T.);
#2112 = ORIENTED_EDGE('',*,*,#2106,.F.);
#2113 = ORIENTED_EDGE('',*,*,#248,.F.);
#2114 = CYLINDRICAL_SURFACE('',#2115,0.5);
#2115 = AXIS2_PLACEMENT_3D('',#2116,#2117,#2118);
#2116 = CARTESIAN_POINT('',(61.2,-85.75,0.));
#2117 = DIRECTION('',(-0.,-0.,-1.));
#2118 = DIRECTION('',(1.,0.,-0.));
#2119 = ADVANCED_FACE('',(#2120),#2131,.F.);
#2120 = FACE_BOUND('',#2121,.T.);
#2121 = EDGE_LOOP('',(#2122,#2128,#2129,#2130));
#2122 = ORIENTED_EDGE('',*,*,#2123,.T.);
#2123 = EDGE_CURVE('',#260,#1157,#2124,.T.);
#2124 = LINE('',#2125,#2126);
#2125 = CARTESIAN_POINT('',(78.7,-102.75,0.));
#2126 = VECTOR('',#2127,1.);
#2127 = DIRECTION('',(0.,0.,1.));
#2128 = ORIENTED_EDGE('',*,*,#1156,.T.);
#2129 = ORIENTED_EDGE('',*,*,#2123,.F.);
#2130 = ORIENTED_EDGE('',*,*,#259,.F.);
#2131 = CYLINDRICAL_SURFACE('',#2132,0.5);
#2132 = AXIS2_PLACEMENT_3D('',#2133,#2134,#2135);
#2133 = CARTESIAN_POINT('',(78.2,-102.75,0.));
#2134 = DIRECTION('',(-0.,-0.,-1.));
#2135 = DIRECTION('',(1.,0.,-0.));
#2136 = ADVANCED_FACE('',(#2137),#2148,.F.);
#2137 = FACE_BOUND('',#2138,.T.);
#2138 = EDGE_LOOP('',(#2139,#2145,#2146,#2147));
#2139 = ORIENTED_EDGE('',*,*,#2140,.T.);
#2140 = EDGE_CURVE('',#271,#1168,#2141,.T.);
#2141 = LINE('',#2142,#2143);
#2142 = CARTESIAN_POINT('',(73.4,-97.25,0.));
#2143 = VECTOR('',#2144,1.);
#2144 = DIRECTION('',(0.,0.,1.));
#2145 = ORIENTED_EDGE('',*,*,#1167,.T.);
#2146 = ORIENTED_EDGE('',*,*,#2140,.F.);
#2147 = ORIENTED_EDGE('',*,*,#270,.F.);
#2148 = CYLINDRICAL_SURFACE('',#2149,0.6);
#2149 = AXIS2_PLACEMENT_3D('',#2150,#2151,#2152);
#2150 = CARTESIAN_POINT('',(72.8,-97.25,0.));
#2151 = DIRECTION('',(-0.,-0.,-1.));
#2152 = DIRECTION('',(1.,0.,-0.));
#2153 = ADVANCED_FACE('',(#2154),#2165,.F.);
#2154 = FACE_BOUND('',#2155,.T.);
#2155 = EDGE_LOOP('',(#2156,#2162,#2163,#2164));
#2156 = ORIENTED_EDGE('',*,*,#2157,.T.);
#2157 = EDGE_CURVE('',#282,#1179,#2158,.T.);
#2158 = LINE('',#2159,#2160);
#2159 = CARTESIAN_POINT('',(90.4,-97.25,0.));
#2160 = VECTOR('',#2161,1.);
#2161 = DIRECTION('',(0.,0.,1.));
#2162 = ORIENTED_EDGE('',*,*,#1178,.T.);
#2163 = ORIENTED_EDGE('',*,*,#2157,.F.);
#2164 = ORIENTED_EDGE('',*,*,#281,.F.);
#2165 = CYLINDRICAL_SURFACE('',#2166,0.6);
#2166 = AXIS2_PLACEMENT_3D('',#2167,#2168,#2169);
#2167 = CARTESIAN_POINT('',(89.8,-97.25,0.));
#2168 = DIRECTION('',(-0.,-0.,-1.));
#2169 = DIRECTION('',(1.,0.,-0.));
#2170 = ADVANCED_FACE('',(#2171),#2182,.F.);
#2171 = FACE_BOUND('',#2172,.T.);
#2172 = EDGE_LOOP('',(#2173,#2179,#2180,#2181));
#2173 = ORIENTED_EDGE('',*,*,#2174,.T.);
#2174 = EDGE_CURVE('',#293,#1190,#2175,.T.);
#2175 = LINE('',#2176,#2177);
#2176 = CARTESIAN_POINT('',(78.7,-85.75,0.));
#2177 = VECTOR('',#2178,1.);
#2178 = DIRECTION('',(0.,0.,1.));
#2179 = ORIENTED_EDGE('',*,*,#1189,.T.);
#2180 = ORIENTED_EDGE('',*,*,#2174,.F.);
#2181 = ORIENTED_EDGE('',*,*,#292,.F.);
#2182 = CYLINDRICAL_SURFACE('',#2183,0.5);
#2183 = AXIS2_PLACEMENT_3D('',#2184,#2185,#2186);
#2184 = CARTESIAN_POINT('',(78.2,-85.75,0.));
#2185 = DIRECTION('',(-0.,-0.,-1.));
#2186 = DIRECTION('',(1.,0.,-0.));
#2187 = ADVANCED_FACE('',(#2188),#2199,.F.);
#2188 = FACE_BOUND('',#2189,.T.);
#2189 = EDGE_LOOP('',(#2190,#2196,#2197,#2198));
#2190 = ORIENTED_EDGE('',*,*,#2191,.T.);
#2191 = EDGE_CURVE('',#304,#1201,#2192,.T.);
#2192 = LINE('',#2193,#2194);
#2193 = CARTESIAN_POINT('',(56.4,-80.25,0.));
#2194 = VECTOR('',#2195,1.);
#2195 = DIRECTION('',(0.,0.,1.));
#2196 = ORIENTED_EDGE('',*,*,#1200,.T.);
#2197 = ORIENTED_EDGE('',*,*,#2191,.F.);
#2198 = ORIENTED_EDGE('',*,*,#303,.F.);
#2199 = CYLINDRICAL_SURFACE('',#2200,0.6);
#2200 = AXIS2_PLACEMENT_3D('',#2201,#2202,#2203);
#2201 = CARTESIAN_POINT('',(55.8,-80.25,0.));
#2202 = DIRECTION('',(-0.,-0.,-1.));
#2203 = DIRECTION('',(1.,0.,-0.));
#2204 = ADVANCED_FACE('',(#2205),#2216,.F.);
#2205 = FACE_BOUND('',#2206,.T.);
#2206 = EDGE_LOOP('',(#2207,#2213,#2214,#2215));
#2207 = ORIENTED_EDGE('',*,*,#2208,.T.);
#2208 = EDGE_CURVE('',#315,#1212,#2209,.T.);
#2209 = LINE('',#2210,#2211);
#2210 = CARTESIAN_POINT('',(44.7,-68.75,0.));
#2211 = VECTOR('',#2212,1.);
#2212 = DIRECTION('',(0.,0.,1.));
#2213 = ORIENTED_EDGE('',*,*,#1211,.T.);
#2214 = ORIENTED_EDGE('',*,*,#2208,.F.);
#2215 = ORIENTED_EDGE('',*,*,#314,.F.);
#2216 = CYLINDRICAL_SURFACE('',#2217,0.5);
#2217 = AXIS2_PLACEMENT_3D('',#2218,#2219,#2220);
#2218 = CARTESIAN_POINT('',(44.2,-68.75,0.));
#2219 = DIRECTION('',(-0.,-0.,-1.));
#2220 = DIRECTION('',(1.,0.,-0.));
#2221 = ADVANCED_FACE('',(#2222),#2233,.F.);
#2222 = FACE_BOUND('',#2223,.T.);
#2223 = EDGE_LOOP('',(#2224,#2230,#2231,#2232));
#2224 = ORIENTED_EDGE('',*,*,#2225,.T.);
#2225 = EDGE_CURVE('',#326,#1223,#2226,.T.);
#2226 = LINE('',#2227,#2228);
#2227 = CARTESIAN_POINT('',(61.7,-68.75,0.));
#2228 = VECTOR('',#2229,1.);
#2229 = DIRECTION('',(0.,0.,1.));
#2230 = ORIENTED_EDGE('',*,*,#1222,.T.);
#2231 = ORIENTED_EDGE('',*,*,#2225,.F.);
#2232 = ORIENTED_EDGE('',*,*,#325,.F.);
#2233 = CYLINDRICAL_SURFACE('',#2234,0.5);
#2234 = AXIS2_PLACEMENT_3D('',#2235,#2236,#2237);
#2235 = CARTESIAN_POINT('',(61.2,-68.75,0.));
#2236 = DIRECTION('',(-0.,-0.,-1.));
#2237 = DIRECTION('',(1.,0.,-0.));
#2238 = ADVANCED_FACE('',(#2239),#2250,.F.);
#2239 = FACE_BOUND('',#2240,.T.);
#2240 = EDGE_LOOP('',(#2241,#2247,#2248,#2249));
#2241 = ORIENTED_EDGE('',*,*,#2242,.T.);
#2242 = EDGE_CURVE('',#337,#1234,#2243,.T.);
#2243 = LINE('',#2244,#2245);
#2244 = CARTESIAN_POINT('',(56.4,-63.25,0.));
#2245 = VECTOR('',#2246,1.);
#2246 = DIRECTION('',(0.,0.,1.));
#2247 = ORIENTED_EDGE('',*,*,#1233,.T.);
#2248 = ORIENTED_EDGE('',*,*,#2242,.F.);
#2249 = ORIENTED_EDGE('',*,*,#336,.F.);
#2250 = CYLINDRICAL_SURFACE('',#2251,0.6);
#2251 = AXIS2_PLACEMENT_3D('',#2252,#2253,#2254);
#2252 = CARTESIAN_POINT('',(55.8,-63.25,0.));
#2253 = DIRECTION('',(-0.,-0.,-1.));
#2254 = DIRECTION('',(1.,0.,-0.));
#2255 = ADVANCED_FACE('',(#2256),#2267,.F.);
#2256 = FACE_BOUND('',#2257,.T.);
#2257 = EDGE_LOOP('',(#2258,#2264,#2265,#2266));
#2258 = ORIENTED_EDGE('',*,*,#2259,.T.);
#2259 = EDGE_CURVE('',#348,#1245,#2260,.T.);
#2260 = LINE('',#2261,#2262);
#2261 = CARTESIAN_POINT('',(73.4,-80.25,0.));
#2262 = VECTOR('',#2263,1.);
#2263 = DIRECTION('',(0.,0.,1.));
#2264 = ORIENTED_EDGE('',*,*,#1244,.T.);
#2265 = ORIENTED_EDGE('',*,*,#2259,.F.);
#2266 = ORIENTED_EDGE('',*,*,#347,.F.);
#2267 = CYLINDRICAL_SURFACE('',#2268,0.6);
#2268 = AXIS2_PLACEMENT_3D('',#2269,#2270,#2271);
#2269 = CARTESIAN_POINT('',(72.8,-80.25,0.));
#2270 = DIRECTION('',(-0.,-0.,-1.));
#2271 = DIRECTION('',(1.,0.,-0.));
#2272 = ADVANCED_FACE('',(#2273),#2284,.F.);
#2273 = FACE_BOUND('',#2274,.T.);
#2274 = EDGE_LOOP('',(#2275,#2281,#2282,#2283));
#2275 = ORIENTED_EDGE('',*,*,#2276,.T.);
#2276 = EDGE_CURVE('',#359,#1256,#2277,.T.);
#2277 = LINE('',#2278,#2279);
#2278 = CARTESIAN_POINT('',(90.4,-80.25,0.));
#2279 = VECTOR('',#2280,1.);
#2280 = DIRECTION('',(0.,0.,1.));
#2281 = ORIENTED_EDGE('',*,*,#1255,.T.);
#2282 = ORIENTED_EDGE('',*,*,#2276,.F.);
#2283 = ORIENTED_EDGE('',*,*,#358,.F.);
#2284 = CYLINDRICAL_SURFACE('',#2285,0.6);
#2285 = AXIS2_PLACEMENT_3D('',#2286,#2287,#2288);
#2286 = CARTESIAN_POINT('',(89.8,-80.25,0.));
#2287 = DIRECTION('',(-0.,-0.,-1.));
#2288 = DIRECTION('',(1.,0.,-0.));
#2289 = ADVANCED_FACE('',(#2290),#2301,.F.);
#2290 = FACE_BOUND('',#2291,.T.);
#2291 = EDGE_LOOP('',(#2292,#2298,#2299,#2300));
#2292 = ORIENTED_EDGE('',*,*,#2293,.T.);
#2293 = EDGE_CURVE('',#370,#1267,#2294,.T.);
#2294 = LINE('',#2295,#2296);
#2295 = CARTESIAN_POINT('',(78.7,-68.75,0.));
#2296 = VECTOR('',#2297,1.);
#2297 = DIRECTION('',(0.,0.,1.));
#2298 = ORIENTED_EDGE('',*,*,#1266,.T.);
#2299 = ORIENTED_EDGE('',*,*,#2293,.F.);
#2300 = ORIENTED_EDGE('',*,*,#369,.F.);
#2301 = CYLINDRICAL_SURFACE('',#2302,0.5);
#2302 = AXIS2_PLACEMENT_3D('',#2303,#2304,#2305);
#2303 = CARTESIAN_POINT('',(78.2,-68.75,0.));
#2304 = DIRECTION('',(-0.,-0.,-1.));
#2305 = DIRECTION('',(1.,0.,-0.));
#2306 = ADVANCED_FACE('',(#2307),#2318,.F.);
#2307 = FACE_BOUND('',#2308,.T.);
#2308 = EDGE_LOOP('',(#2309,#2315,#2316,#2317));
#2309 = ORIENTED_EDGE('',*,*,#2310,.T.);
#2310 = EDGE_CURVE('',#381,#1278,#2311,.T.);
#2311 = LINE('',#2312,#2313);
#2312 = CARTESIAN_POINT('',(73.4,-63.25,0.));
#2313 = VECTOR('',#2314,1.);
#2314 = DIRECTION('',(0.,0.,1.));
#2315 = ORIENTED_EDGE('',*,*,#1277,.T.);
#2316 = ORIENTED_EDGE('',*,*,#2310,.F.);
#2317 = ORIENTED_EDGE('',*,*,#380,.F.);
#2318 = CYLINDRICAL_SURFACE('',#2319,0.6);
#2319 = AXIS2_PLACEMENT_3D('',#2320,#2321,#2322);
#2320 = CARTESIAN_POINT('',(72.8,-63.25,0.));
#2321 = DIRECTION('',(-0.,-0.,-1.));
#2322 = DIRECTION('',(1.,0.,-0.));
#2323 = ADVANCED_FACE('',(#2324),#2335,.F.);
#2324 = FACE_BOUND('',#2325,.T.);
#2325 = EDGE_LOOP('',(#2326,#2332,#2333,#2334));
#2326 = ORIENTED_EDGE('',*,*,#2327,.T.);
#2327 = EDGE_CURVE('',#392,#1289,#2328,.T.);
#2328 = LINE('',#2329,#2330);
#2329 = CARTESIAN_POINT('',(90.4,-63.25,0.));
#2330 = VECTOR('',#2331,1.);
#2331 = DIRECTION('',(0.,0.,1.));
#2332 = ORIENTED_EDGE('',*,*,#1288,.T.);
#2333 = ORIENTED_EDGE('',*,*,#2327,.F.);
#2334 = ORIENTED_EDGE('',*,*,#391,.F.);
#2335 = CYLINDRICAL_SURFACE('',#2336,0.6);
#2336 = AXIS2_PLACEMENT_3D('',#2337,#2338,#2339);
#2337 = CARTESIAN_POINT('',(89.8,-63.25,0.));
#2338 = DIRECTION('',(-0.,-0.,-1.));
#2339 = DIRECTION('',(1.,0.,-0.));
#2340 = ADVANCED_FACE('',(#2341),#2352,.F.);
#2341 = FACE_BOUND('',#2342,.T.);
#2342 = EDGE_LOOP('',(#2343,#2349,#2350,#2351));
#2343 = ORIENTED_EDGE('',*,*,#2344,.T.);
#2344 = EDGE_CURVE('',#403,#1300,#2345,.T.);
#2345 = LINE('',#2346,#2347);
#2346 = CARTESIAN_POINT('',(95.7,-102.75,0.));
#2347 = VECTOR('',#2348,1.);
#2348 = DIRECTION('',(0.,0.,1.));
#2349 = ORIENTED_EDGE('',*,*,#1299,.T.);
#2350 = ORIENTED_EDGE('',*,*,#2344,.F.);
#2351 = ORIENTED_EDGE('',*,*,#402,.F.);
#2352 = CYLINDRICAL_SURFACE('',#2353,0.5);
#2353 = AXIS2_PLACEMENT_3D('',#2354,#2355,#2356);
#2354 = CARTESIAN_POINT('',(95.2,-102.75,0.));
#2355 = DIRECTION('',(-0.,-0.,-1.));
#2356 = DIRECTION('',(1.,0.,-0.));
#2357 = ADVANCED_FACE('',(#2358),#2369,.F.);
#2358 = FACE_BOUND('',#2359,.T.);
#2359 = EDGE_LOOP('',(#2360,#2366,#2367,#2368));
#2360 = ORIENTED_EDGE('',*,*,#2361,.T.);
#2361 = EDGE_CURVE('',#414,#1311,#2362,.T.);
#2362 = LINE('',#2363,#2364);
#2363 = CARTESIAN_POINT('',(112.7,-102.75,0.));
#2364 = VECTOR('',#2365,1.);
#2365 = DIRECTION('',(0.,0.,1.));
#2366 = ORIENTED_EDGE('',*,*,#1310,.T.);
#2367 = ORIENTED_EDGE('',*,*,#2361,.F.);
#2368 = ORIENTED_EDGE('',*,*,#413,.F.);
#2369 = CYLINDRICAL_SURFACE('',#2370,0.5);
#2370 = AXIS2_PLACEMENT_3D('',#2371,#2372,#2373);
#2371 = CARTESIAN_POINT('',(112.2,-102.75,0.));
#2372 = DIRECTION('',(-0.,-0.,-1.));
#2373 = DIRECTION('',(1.,0.,-0.));
#2374 = ADVANCED_FACE('',(#2375),#2386,.F.);
#2375 = FACE_BOUND('',#2376,.T.);
#2376 = EDGE_LOOP('',(#2377,#2383,#2384,#2385));
#2377 = ORIENTED_EDGE('',*,*,#2378,.T.);
#2378 = EDGE_CURVE('',#425,#1322,#2379,.T.);
#2379 = LINE('',#2380,#2381);
#2380 = CARTESIAN_POINT('',(107.4,-97.25,0.));
#2381 = VECTOR('',#2382,1.);
#2382 = DIRECTION('',(0.,0.,1.));
#2383 = ORIENTED_EDGE('',*,*,#1321,.T.);
#2384 = ORIENTED_EDGE('',*,*,#2378,.F.);
#2385 = ORIENTED_EDGE('',*,*,#424,.F.);
#2386 = CYLINDRICAL_SURFACE('',#2387,0.6);
#2387 = AXIS2_PLACEMENT_3D('',#2388,#2389,#2390);
#2388 = CARTESIAN_POINT('',(106.8,-97.25,0.));
#2389 = DIRECTION('',(-0.,-0.,-1.));
#2390 = DIRECTION('',(1.,0.,-0.));
#2391 = ADVANCED_FACE('',(#2392),#2403,.F.);
#2392 = FACE_BOUND('',#2393,.T.);
#2393 = EDGE_LOOP('',(#2394,#2400,#2401,#2402));
#2394 = ORIENTED_EDGE('',*,*,#2395,.T.);
#2395 = EDGE_CURVE('',#436,#1333,#2396,.T.);
#2396 = LINE('',#2397,#2398);
#2397 = CARTESIAN_POINT('',(95.7,-85.75,0.));
#2398 = VECTOR('',#2399,1.);
#2399 = DIRECTION('',(0.,0.,1.));
#2400 = ORIENTED_EDGE('',*,*,#1332,.T.);
#2401 = ORIENTED_EDGE('',*,*,#2395,.F.);
#2402 = ORIENTED_EDGE('',*,*,#435,.F.);
#2403 = CYLINDRICAL_SURFACE('',#2404,0.5);
#2404 = AXIS2_PLACEMENT_3D('',#2405,#2406,#2407);
#2405 = CARTESIAN_POINT('',(95.2,-85.75,0.));
#2406 = DIRECTION('',(-0.,-0.,-1.));
#2407 = DIRECTION('',(1.,0.,-0.));
#2408 = ADVANCED_FACE('',(#2409),#2420,.F.);
#2409 = FACE_BOUND('',#2410,.T.);
#2410 = EDGE_LOOP('',(#2411,#2417,#2418,#2419));
#2411 = ORIENTED_EDGE('',*,*,#2412,.T.);
#2412 = EDGE_CURVE('',#447,#1344,#2413,.T.);
#2413 = LINE('',#2414,#2415);
#2414 = CARTESIAN_POINT('',(112.7,-85.75,0.));
#2415 = VECTOR('',#2416,1.);
#2416 = DIRECTION('',(0.,0.,1.));
#2417 = ORIENTED_EDGE('',*,*,#1343,.T.);
#2418 = ORIENTED_EDGE('',*,*,#2412,.F.);
#2419 = ORIENTED_EDGE('',*,*,#446,.F.);
#2420 = CYLINDRICAL_SURFACE('',#2421,0.5);
#2421 = AXIS2_PLACEMENT_3D('',#2422,#2423,#2424);
#2422 = CARTESIAN_POINT('',(112.2,-85.75,0.));
#2423 = DIRECTION('',(-0.,-0.,-1.));
#2424 = DIRECTION('',(1.,0.,-0.));
#2425 = ADVANCED_FACE('',(#2426),#2437,.F.);
#2426 = FACE_BOUND('',#2427,.T.);
#2427 = EDGE_LOOP('',(#2428,#2434,#2435,#2436));
#2428 = ORIENTED_EDGE('',*,*,#2429,.T.);
#2429 = EDGE_CURVE('',#458,#1355,#2430,.T.);
#2430 = LINE('',#2431,#2432);
#2431 = CARTESIAN_POINT('',(129.7,-102.75,0.));
#2432 = VECTOR('',#2433,1.);
#2433 = DIRECTION('',(0.,0.,1.));
#2434 = ORIENTED_EDGE('',*,*,#1354,.T.);
#2435 = ORIENTED_EDGE('',*,*,#2429,.F.);
#2436 = ORIENTED_EDGE('',*,*,#457,.F.);
#2437 = CYLINDRICAL_SURFACE('',#2438,0.5);
#2438 = AXIS2_PLACEMENT_3D('',#2439,#2440,#2441);
#2439 = CARTESIAN_POINT('',(129.2,-102.75,0.));
#2440 = DIRECTION('',(-0.,-0.,-1.));
#2441 = DIRECTION('',(1.,0.,-0.));
#2442 = ADVANCED_FACE('',(#2443),#2454,.F.);
#2443 = FACE_BOUND('',#2444,.T.);
#2444 = EDGE_LOOP('',(#2445,#2451,#2452,#2453));
#2445 = ORIENTED_EDGE('',*,*,#2446,.T.);
#2446 = EDGE_CURVE('',#469,#1366,#2447,.T.);
#2447 = LINE('',#2448,#2449);
#2448 = CARTESIAN_POINT('',(124.4,-97.25,0.));
#2449 = VECTOR('',#2450,1.);
#2450 = DIRECTION('',(0.,0.,1.));
#2451 = ORIENTED_EDGE('',*,*,#1365,.T.);
#2452 = ORIENTED_EDGE('',*,*,#2446,.F.);
#2453 = ORIENTED_EDGE('',*,*,#468,.F.);
#2454 = CYLINDRICAL_SURFACE('',#2455,0.6);
#2455 = AXIS2_PLACEMENT_3D('',#2456,#2457,#2458);
#2456 = CARTESIAN_POINT('',(123.8,-97.25,0.));
#2457 = DIRECTION('',(-0.,-0.,-1.));
#2458 = DIRECTION('',(1.,0.,-0.));
#2459 = ADVANCED_FACE('',(#2460),#2471,.F.);
#2460 = FACE_BOUND('',#2461,.T.);
#2461 = EDGE_LOOP('',(#2462,#2468,#2469,#2470));
#2462 = ORIENTED_EDGE('',*,*,#2463,.T.);
#2463 = EDGE_CURVE('',#480,#1377,#2464,.T.);
#2464 = LINE('',#2465,#2466);
#2465 = CARTESIAN_POINT('',(147.2,-105.1,0.));
#2466 = VECTOR('',#2467,1.);
#2467 = DIRECTION('',(0.,0.,1.));
#2468 = ORIENTED_EDGE('',*,*,#1376,.T.);
#2469 = ORIENTED_EDGE('',*,*,#2463,.F.);
#2470 = ORIENTED_EDGE('',*,*,#479,.F.);
#2471 = CYLINDRICAL_SURFACE('',#2472,1.1);
#2472 = AXIS2_PLACEMENT_3D('',#2473,#2474,#2475);
#2473 = CARTESIAN_POINT('',(146.1,-105.1,0.));
#2474 = DIRECTION('',(-0.,-0.,-1.));
#2475 = DIRECTION('',(1.,0.,-0.));
#2476 = ADVANCED_FACE('',(#2477),#2488,.F.);
#2477 = FACE_BOUND('',#2478,.T.);
#2478 = EDGE_LOOP('',(#2479,#2485,#2486,#2487));
#2479 = ORIENTED_EDGE('',*,*,#2480,.T.);
#2480 = EDGE_CURVE('',#491,#1388,#2481,.T.);
#2481 = LINE('',#2482,#2483);
#2482 = CARTESIAN_POINT('',(141.4,-97.25,0.));
#2483 = VECTOR('',#2484,1.);
#2484 = DIRECTION('',(0.,0.,1.));
#2485 = ORIENTED_EDGE('',*,*,#1387,.T.);
#2486 = ORIENTED_EDGE('',*,*,#2480,.F.);
#2487 = ORIENTED_EDGE('',*,*,#490,.F.);
#2488 = CYLINDRICAL_SURFACE('',#2489,0.6);
#2489 = AXIS2_PLACEMENT_3D('',#2490,#2491,#2492);
#2490 = CARTESIAN_POINT('',(140.8,-97.25,0.));
#2491 = DIRECTION('',(-0.,-0.,-1.));
#2492 = DIRECTION('',(1.,0.,-0.));
#2493 = ADVANCED_FACE('',(#2494),#2505,.F.);
#2494 = FACE_BOUND('',#2495,.T.);
#2495 = EDGE_LOOP('',(#2496,#2502,#2503,#2504));
#2496 = ORIENTED_EDGE('',*,*,#2497,.T.);
#2497 = EDGE_CURVE('',#502,#1399,#2498,.T.);
#2498 = LINE('',#2499,#2500);
#2499 = CARTESIAN_POINT('',(129.7,-85.75,0.));
#2500 = VECTOR('',#2501,1.);
#2501 = DIRECTION('',(0.,0.,1.));
#2502 = ORIENTED_EDGE('',*,*,#1398,.T.);
#2503 = ORIENTED_EDGE('',*,*,#2497,.F.);
#2504 = ORIENTED_EDGE('',*,*,#501,.F.);
#2505 = CYLINDRICAL_SURFACE('',#2506,0.5);
#2506 = AXIS2_PLACEMENT_3D('',#2507,#2508,#2509);
#2507 = CARTESIAN_POINT('',(129.2,-85.75,0.));
#2508 = DIRECTION('',(-0.,-0.,-1.));
#2509 = DIRECTION('',(1.,0.,-0.));
#2510 = ADVANCED_FACE('',(#2511),#2522,.F.);
#2511 = FACE_BOUND('',#2512,.T.);
#2512 = EDGE_LOOP('',(#2513,#2519,#2520,#2521));
#2513 = ORIENTED_EDGE('',*,*,#2514,.T.);
#2514 = EDGE_CURVE('',#513,#1410,#2515,.T.);
#2515 = LINE('',#2516,#2517);
#2516 = CARTESIAN_POINT('',(107.4,-80.25,0.));
#2517 = VECTOR('',#2518,1.);
#2518 = DIRECTION('',(0.,0.,1.));
#2519 = ORIENTED_EDGE('',*,*,#1409,.T.);
#2520 = ORIENTED_EDGE('',*,*,#2514,.F.);
#2521 = ORIENTED_EDGE('',*,*,#512,.F.);
#2522 = CYLINDRICAL_SURFACE('',#2523,0.6);
#2523 = AXIS2_PLACEMENT_3D('',#2524,#2525,#2526);
#2524 = CARTESIAN_POINT('',(106.8,-80.25,0.));
#2525 = DIRECTION('',(-0.,-0.,-1.));
#2526 = DIRECTION('',(1.,0.,-0.));
#2527 = ADVANCED_FACE('',(#2528),#2539,.F.);
#2528 = FACE_BOUND('',#2529,.T.);
#2529 = EDGE_LOOP('',(#2530,#2536,#2537,#2538));
#2530 = ORIENTED_EDGE('',*,*,#2531,.T.);
#2531 = EDGE_CURVE('',#524,#1421,#2532,.T.);
#2532 = LINE('',#2533,#2534);
#2533 = CARTESIAN_POINT('',(95.7,-68.75,0.));
#2534 = VECTOR('',#2535,1.);
#2535 = DIRECTION('',(0.,0.,1.));
#2536 = ORIENTED_EDGE('',*,*,#1420,.T.);
#2537 = ORIENTED_EDGE('',*,*,#2531,.F.);
#2538 = ORIENTED_EDGE('',*,*,#523,.F.);
#2539 = CYLINDRICAL_SURFACE('',#2540,0.5);
#2540 = AXIS2_PLACEMENT_3D('',#2541,#2542,#2543);
#2541 = CARTESIAN_POINT('',(95.2,-68.75,0.));
#2542 = DIRECTION('',(-0.,-0.,-1.));
#2543 = DIRECTION('',(1.,0.,-0.));
#2544 = ADVANCED_FACE('',(#2545),#2556,.F.);
#2545 = FACE_BOUND('',#2546,.T.);
#2546 = EDGE_LOOP('',(#2547,#2553,#2554,#2555));
#2547 = ORIENTED_EDGE('',*,*,#2548,.T.);
#2548 = EDGE_CURVE('',#535,#1432,#2549,.T.);
#2549 = LINE('',#2550,#2551);
#2550 = CARTESIAN_POINT('',(112.7,-68.75,0.));
#2551 = VECTOR('',#2552,1.);
#2552 = DIRECTION('',(0.,0.,1.));
#2553 = ORIENTED_EDGE('',*,*,#1431,.T.);
#2554 = ORIENTED_EDGE('',*,*,#2548,.F.);
#2555 = ORIENTED_EDGE('',*,*,#534,.F.);
#2556 = CYLINDRICAL_SURFACE('',#2557,0.5);
#2557 = AXIS2_PLACEMENT_3D('',#2558,#2559,#2560);
#2558 = CARTESIAN_POINT('',(112.2,-68.75,0.));
#2559 = DIRECTION('',(-0.,-0.,-1.));
#2560 = DIRECTION('',(1.,0.,-0.));
#2561 = ADVANCED_FACE('',(#2562),#2573,.F.);
#2562 = FACE_BOUND('',#2563,.T.);
#2563 = EDGE_LOOP('',(#2564,#2570,#2571,#2572));
#2564 = ORIENTED_EDGE('',*,*,#2565,.T.);
#2565 = EDGE_CURVE('',#546,#1443,#2566,.T.);
#2566 = LINE('',#2567,#2568);
#2567 = CARTESIAN_POINT('',(107.4,-63.25,0.));
#2568 = VECTOR('',#2569,1.);
#2569 = DIRECTION('',(0.,0.,1.));
#2570 = ORIENTED_EDGE('',*,*,#1442,.T.);
#2571 = ORIENTED_EDGE('',*,*,#2565,.F.);
#2572 = ORIENTED_EDGE('',*,*,#545,.F.);
#2573 = CYLINDRICAL_SURFACE('',#2574,0.6);
#2574 = AXIS2_PLACEMENT_3D('',#2575,#2576,#2577);
#2575 = CARTESIAN_POINT('',(106.8,-63.25,0.));
#2576 = DIRECTION('',(-0.,-0.,-1.));
#2577 = DIRECTION('',(1.,0.,-0.));
#2578 = ADVANCED_FACE('',(#2579),#2590,.F.);
#2579 = FACE_BOUND('',#2580,.T.);
#2580 = EDGE_LOOP('',(#2581,#2587,#2588,#2589));
#2581 = ORIENTED_EDGE('',*,*,#2582,.T.);
#2582 = EDGE_CURVE('',#557,#1454,#2583,.T.);
#2583 = LINE('',#2584,#2585);
#2584 = CARTESIAN_POINT('',(124.4,-80.25,0.));
#2585 = VECTOR('',#2586,1.);
#2586 = DIRECTION('',(0.,0.,1.));
#2587 = ORIENTED_EDGE('',*,*,#1453,.T.);
#2588 = ORIENTED_EDGE('',*,*,#2582,.F.);
#2589 = ORIENTED_EDGE('',*,*,#556,.F.);
#2590 = CYLINDRICAL_SURFACE('',#2591,0.6);
#2591 = AXIS2_PLACEMENT_3D('',#2592,#2593,#2594);
#2592 = CARTESIAN_POINT('',(123.8,-80.25,0.));
#2593 = DIRECTION('',(-0.,-0.,-1.));
#2594 = DIRECTION('',(1.,0.,-0.));
#2595 = ADVANCED_FACE('',(#2596),#2607,.F.);
#2596 = FACE_BOUND('',#2597,.T.);
#2597 = EDGE_LOOP('',(#2598,#2604,#2605,#2606));
#2598 = ORIENTED_EDGE('',*,*,#2599,.T.);
#2599 = EDGE_CURVE('',#568,#1465,#2600,.T.);
#2600 = LINE('',#2601,#2602);
#2601 = CARTESIAN_POINT('',(141.4,-80.25,0.));
#2602 = VECTOR('',#2603,1.);
#2603 = DIRECTION('',(0.,0.,1.));
#2604 = ORIENTED_EDGE('',*,*,#1464,.T.);
#2605 = ORIENTED_EDGE('',*,*,#2599,.F.);
#2606 = ORIENTED_EDGE('',*,*,#567,.F.);
#2607 = CYLINDRICAL_SURFACE('',#2608,0.6);
#2608 = AXIS2_PLACEMENT_3D('',#2609,#2610,#2611);
#2609 = CARTESIAN_POINT('',(140.8,-80.25,0.));
#2610 = DIRECTION('',(-0.,-0.,-1.));
#2611 = DIRECTION('',(1.,0.,-0.));
#2612 = ADVANCED_FACE('',(#2613),#2624,.F.);
#2613 = FACE_BOUND('',#2614,.T.);
#2614 = EDGE_LOOP('',(#2615,#2621,#2622,#2623));
#2615 = ORIENTED_EDGE('',*,*,#2616,.T.);
#2616 = EDGE_CURVE('',#579,#1476,#2617,.T.);
#2617 = LINE('',#2618,#2619);
#2618 = CARTESIAN_POINT('',(129.7,-68.75,0.));
#2619 = VECTOR('',#2620,1.);
#2620 = DIRECTION('',(0.,0.,1.));
#2621 = ORIENTED_EDGE('',*,*,#1475,.T.);
#2622 = ORIENTED_EDGE('',*,*,#2616,.F.);
#2623 = ORIENTED_EDGE('',*,*,#578,.F.);
#2624 = CYLINDRICAL_SURFACE('',#2625,0.5);
#2625 = AXIS2_PLACEMENT_3D('',#2626,#2627,#2628);
#2626 = CARTESIAN_POINT('',(129.2,-68.75,0.));
#2627 = DIRECTION('',(-0.,-0.,-1.));
#2628 = DIRECTION('',(1.,0.,-0.));
#2629 = ADVANCED_FACE('',(#2630),#2641,.F.);
#2630 = FACE_BOUND('',#2631,.T.);
#2631 = EDGE_LOOP('',(#2632,#2638,#2639,#2640));
#2632 = ORIENTED_EDGE('',*,*,#2633,.T.);
#2633 = EDGE_CURVE('',#590,#1487,#2634,.T.);
#2634 = LINE('',#2635,#2636);
#2635 = CARTESIAN_POINT('',(124.4,-63.25,0.));
#2636 = VECTOR('',#2637,1.);
#2637 = DIRECTION('',(0.,0.,1.));
#2638 = ORIENTED_EDGE('',*,*,#1486,.T.);
#2639 = ORIENTED_EDGE('',*,*,#2633,.F.);
#2640 = ORIENTED_EDGE('',*,*,#589,.F.);
#2641 = CYLINDRICAL_SURFACE('',#2642,0.6);
#2642 = AXIS2_PLACEMENT_3D('',#2643,#2644,#2645);
#2643 = CARTESIAN_POINT('',(123.8,-63.25,0.));
#2644 = DIRECTION('',(-0.,-0.,-1.));
#2645 = DIRECTION('',(1.,0.,-0.));
#2646 = ADVANCED_FACE('',(#2647),#2658,.F.);
#2647 = FACE_BOUND('',#2648,.T.);
#2648 = EDGE_LOOP('',(#2649,#2655,#2656,#2657));
#2649 = ORIENTED_EDGE('',*,*,#2650,.T.);
#2650 = EDGE_CURVE('',#601,#1498,#2651,.T.);
#2651 = LINE('',#2652,#2653);
#2652 = CARTESIAN_POINT('',(141.4,-63.25,0.));
#2653 = VECTOR('',#2654,1.);
#2654 = DIRECTION('',(0.,0.,1.));
#2655 = ORIENTED_EDGE('',*,*,#1497,.T.);
#2656 = ORIENTED_EDGE('',*,*,#2650,.F.);
#2657 = ORIENTED_EDGE('',*,*,#600,.F.);
#2658 = CYLINDRICAL_SURFACE('',#2659,0.6);
#2659 = AXIS2_PLACEMENT_3D('',#2660,#2661,#2662);
#2660 = CARTESIAN_POINT('',(140.8,-63.25,0.));
#2661 = DIRECTION('',(-0.,-0.,-1.));
#2662 = DIRECTION('',(1.,0.,-0.));
#2663 = ADVANCED_FACE('',(#2664),#2675,.F.);
#2664 = FACE_BOUND('',#2665,.T.);
#2665 = EDGE_LOOP('',(#2666,#2672,#2673,#2674));
#2666 = ORIENTED_EDGE('',*,*,#2667,.T.);
#2667 = EDGE_CURVE('',#612,#1509,#2668,.T.);
#2668 = LINE('',#2669,#2670);
#2669 = CARTESIAN_POINT('',(44.7,-51.75,0.));
#2670 = VECTOR('',#2671,1.);
#2671 = DIRECTION('',(0.,0.,1.));
#2672 = ORIENTED_EDGE('',*,*,#1508,.T.);
#2673 = ORIENTED_EDGE('',*,*,#2667,.F.);
#2674 = ORIENTED_EDGE('',*,*,#611,.F.);
#2675 = CYLINDRICAL_SURFACE('',#2676,0.5);
#2676 = AXIS2_PLACEMENT_3D('',#2677,#2678,#2679);
#2677 = CARTESIAN_POINT('',(44.2,-51.75,0.));
#2678 = DIRECTION('',(-0.,-0.,-1.));
#2679 = DIRECTION('',(1.,0.,-0.));
#2680 = ADVANCED_FACE('',(#2681),#2692,.F.);
#2681 = FACE_BOUND('',#2682,.T.);
#2682 = EDGE_LOOP('',(#2683,#2689,#2690,#2691));
#2683 = ORIENTED_EDGE('',*,*,#2684,.T.);
#2684 = EDGE_CURVE('',#623,#1520,#2685,.T.);
#2685 = LINE('',#2686,#2687);
#2686 = CARTESIAN_POINT('',(61.7,-51.75,0.));
#2687 = VECTOR('',#2688,1.);
#2688 = DIRECTION('',(0.,0.,1.));
#2689 = ORIENTED_EDGE('',*,*,#1519,.T.);
#2690 = ORIENTED_EDGE('',*,*,#2684,.F.);
#2691 = ORIENTED_EDGE('',*,*,#622,.F.);
#2692 = CYLINDRICAL_SURFACE('',#2693,0.5);
#2693 = AXIS2_PLACEMENT_3D('',#2694,#2695,#2696);
#2694 = CARTESIAN_POINT('',(61.2,-51.75,0.));
#2695 = DIRECTION('',(-0.,-0.,-1.));
#2696 = DIRECTION('',(1.,0.,-0.));
#2697 = ADVANCED_FACE('',(#2698),#2709,.F.);
#2698 = FACE_BOUND('',#2699,.T.);
#2699 = EDGE_LOOP('',(#2700,#2706,#2707,#2708));
#2700 = ORIENTED_EDGE('',*,*,#2701,.T.);
#2701 = EDGE_CURVE('',#634,#1531,#2702,.T.);
#2702 = LINE('',#2703,#2704);
#2703 = CARTESIAN_POINT('',(56.4,-46.25,0.));
#2704 = VECTOR('',#2705,1.);
#2705 = DIRECTION('',(0.,0.,1.));
#2706 = ORIENTED_EDGE('',*,*,#1530,.T.);
#2707 = ORIENTED_EDGE('',*,*,#2701,.F.);
#2708 = ORIENTED_EDGE('',*,*,#633,.F.);
#2709 = CYLINDRICAL_SURFACE('',#2710,0.6);
#2710 = AXIS2_PLACEMENT_3D('',#2711,#2712,#2713);
#2711 = CARTESIAN_POINT('',(55.8,-46.25,0.));
#2712 = DIRECTION('',(-0.,-0.,-1.));
#2713 = DIRECTION('',(1.,0.,-0.));
#2714 = ADVANCED_FACE('',(#2715),#2726,.F.);
#2715 = FACE_BOUND('',#2716,.T.);
#2716 = EDGE_LOOP('',(#2717,#2723,#2724,#2725));
#2717 = ORIENTED_EDGE('',*,*,#2718,.T.);
#2718 = EDGE_CURVE('',#645,#1542,#2719,.T.);
#2719 = LINE('',#2720,#2721);
#2720 = CARTESIAN_POINT('',(78.7,-51.75,0.));
#2721 = VECTOR('',#2722,1.);
#2722 = DIRECTION('',(0.,0.,1.));
#2723 = ORIENTED_EDGE('',*,*,#1541,.T.);
#2724 = ORIENTED_EDGE('',*,*,#2718,.F.);
#2725 = ORIENTED_EDGE('',*,*,#644,.F.);
#2726 = CYLINDRICAL_SURFACE('',#2727,0.5);
#2727 = AXIS2_PLACEMENT_3D('',#2728,#2729,#2730);
#2728 = CARTESIAN_POINT('',(78.2,-51.75,0.));
#2729 = DIRECTION('',(-0.,-0.,-1.));
#2730 = DIRECTION('',(1.,0.,-0.));
#2731 = ADVANCED_FACE('',(#2732),#2743,.F.);
#2732 = FACE_BOUND('',#2733,.T.);
#2733 = EDGE_LOOP('',(#2734,#2740,#2741,#2742));
#2734 = ORIENTED_EDGE('',*,*,#2735,.T.);
#2735 = EDGE_CURVE('',#656,#1553,#2736,.T.);
#2736 = LINE('',#2737,#2738);
#2737 = CARTESIAN_POINT('',(73.4,-46.25,0.));
#2738 = VECTOR('',#2739,1.);
#2739 = DIRECTION('',(0.,0.,1.));
#2740 = ORIENTED_EDGE('',*,*,#1552,.T.);
#2741 = ORIENTED_EDGE('',*,*,#2735,.F.);
#2742 = ORIENTED_EDGE('',*,*,#655,.F.);
#2743 = CYLINDRICAL_SURFACE('',#2744,0.6);
#2744 = AXIS2_PLACEMENT_3D('',#2745,#2746,#2747);
#2745 = CARTESIAN_POINT('',(72.8,-46.25,0.));
#2746 = DIRECTION('',(-0.,-0.,-1.));
#2747 = DIRECTION('',(1.,0.,-0.));
#2748 = ADVANCED_FACE('',(#2749),#2760,.F.);
#2749 = FACE_BOUND('',#2750,.T.);
#2750 = EDGE_LOOP('',(#2751,#2757,#2758,#2759));
#2751 = ORIENTED_EDGE('',*,*,#2752,.T.);
#2752 = EDGE_CURVE('',#667,#1564,#2753,.T.);
#2753 = LINE('',#2754,#2755);
#2754 = CARTESIAN_POINT('',(90.4,-46.25,0.));
#2755 = VECTOR('',#2756,1.);
#2756 = DIRECTION('',(0.,0.,1.));
#2757 = ORIENTED_EDGE('',*,*,#1563,.T.);
#2758 = ORIENTED_EDGE('',*,*,#2752,.F.);
#2759 = ORIENTED_EDGE('',*,*,#666,.F.);
#2760 = CYLINDRICAL_SURFACE('',#2761,0.6);
#2761 = AXIS2_PLACEMENT_3D('',#2762,#2763,#2764);
#2762 = CARTESIAN_POINT('',(89.8,-46.25,0.));
#2763 = DIRECTION('',(-0.,-0.,-1.));
#2764 = DIRECTION('',(1.,0.,-0.));
#2765 = ADVANCED_FACE('',(#2766),#2782,.T.);
#2766 = FACE_BOUND('',#2767,.T.);
#2767 = EDGE_LOOP('',(#2768,#2769,#2775,#2776));
#2768 = ORIENTED_EDGE('',*,*,#677,.F.);
#2769 = ORIENTED_EDGE('',*,*,#2770,.T.);
#2770 = EDGE_CURVE('',#678,#1575,#2771,.T.);
#2771 = LINE('',#2772,#2773);
#2772 = CARTESIAN_POINT('',(55.5565,-34.976,0.));
#2773 = VECTOR('',#2774,1.);
#2774 = DIRECTION('',(0.,0.,1.));
#2775 = ORIENTED_EDGE('',*,*,#1574,.T.);
#2776 = ORIENTED_EDGE('',*,*,#2777,.T.);
#2777 = EDGE_CURVE('',#1577,#680,#2778,.T.);
#2778 = LINE('',#2779,#2780);
#2779 = CARTESIAN_POINT('',(55.556002544174,-36.568057626,-4.6E-02));
#2780 = VECTOR('',#2781,1.);
#2781 = DIRECTION('',(-0.,-0.,-1.));
#2782 = PLANE('',#2783);
#2783 = AXIS2_PLACEMENT_3D('',#2784,#2785,#2786);
#2784 = CARTESIAN_POINT('',(55.5565,-34.976,0.));
#2785 = DIRECTION('',(0.999999951184,-3.124609271306E-04,0.));
#2786 = DIRECTION('',(-3.124609271306E-04,-0.999999951184,0.));
#2787 = ADVANCED_FACE('',(#2788),#2799,.F.);
#2788 = FACE_BOUND('',#2789,.T.);
#2789 = EDGE_LOOP('',(#2790,#2796,#2797,#2798));
#2790 = ORIENTED_EDGE('',*,*,#2791,.F.);
#2791 = EDGE_CURVE('',#746,#1643,#2792,.T.);
#2792 = LINE('',#2793,#2794);
#2793 = CARTESIAN_POINT('',(55.81,-37.516,-4.6E-02));
#2794 = VECTOR('',#2795,1.);
#2795 = DIRECTION('',(0.,0.,1.));
#2796 = ORIENTED_EDGE('',*,*,#754,.T.);
#2797 = ORIENTED_EDGE('',*,*,#2777,.F.);
#2798 = ORIENTED_EDGE('',*,*,#1651,.F.);
#2799 = CYLINDRICAL_SURFACE('',#2800,0.508);
#2800 = AXIS2_PLACEMENT_3D('',#2801,#2802,#2803);
#2801 = CARTESIAN_POINT('',(55.81,-37.008,-4.6E-02));
#2802 = DIRECTION('',(-0.,-0.,-1.));
#2803 = DIRECTION('',(-0.,-1.,0.));
#2804 = ADVANCED_FACE('',(#2805),#2816,.F.);
#2805 = FACE_BOUND('',#2806,.T.);
#2806 = EDGE_LOOP('',(#2807,#2808,#2809,#2810));
#2807 = ORIENTED_EDGE('',*,*,#745,.T.);
#2808 = ORIENTED_EDGE('',*,*,#2791,.T.);
#2809 = ORIENTED_EDGE('',*,*,#1642,.F.);
#2810 = ORIENTED_EDGE('',*,*,#2811,.T.);
#2811 = EDGE_CURVE('',#1635,#738,#2812,.T.);
#2812 = LINE('',#2813,#2814);
#2813 = CARTESIAN_POINT('',(56.249940905122,-37.262,-4.6E-02));
#2814 = VECTOR('',#2815,1.);
#2815 = DIRECTION('',(-0.,-0.,-1.));
#2816 = CYLINDRICAL_SURFACE('',#2817,0.508);
#2817 = AXIS2_PLACEMENT_3D('',#2818,#2819,#2820);
#2818 = CARTESIAN_POINT('',(55.81,-37.008,-4.6E-02));
#2819 = DIRECTION('',(-0.,-0.,-1.));
#2820 = DIRECTION('',(-0.,-1.,0.));
#2821 = ADVANCED_FACE('',(#2822),#2833,.T.);
#2822 = FACE_BOUND('',#2823,.T.);
#2823 = EDGE_LOOP('',(#2824,#2825,#2826,#2827));
#2824 = ORIENTED_EDGE('',*,*,#737,.F.);
#2825 = ORIENTED_EDGE('',*,*,#2811,.F.);
#2826 = ORIENTED_EDGE('',*,*,#1634,.T.);
#2827 = ORIENTED_EDGE('',*,*,#2828,.T.);
#2828 = EDGE_CURVE('',#1626,#729,#2829,.T.);
#2829 = LINE('',#2830,#2831);
#2830 = CARTESIAN_POINT('',(57.275059094878,-37.262,-4.6E-02));
#2831 = VECTOR('',#2832,1.);
#2832 = DIRECTION('',(-0.,-0.,-1.));
#2833 = PLANE('',#2834);
#2834 = AXIS2_PLACEMENT_3D('',#2835,#2836,#2837);
#2835 = CARTESIAN_POINT('',(56.2418,-37.262,0.));
#2836 = DIRECTION('',(0.,1.,0.));
#2837 = DIRECTION('',(1.,0.,0.));
#2838 = ADVANCED_FACE('',(#2839),#2850,.F.);
#2839 = FACE_BOUND('',#2840,.T.);
#2840 = EDGE_LOOP('',(#2841,#2847,#2848,#2849));
#2841 = ORIENTED_EDGE('',*,*,#2842,.F.);
#2842 = EDGE_CURVE('',#720,#1617,#2843,.T.);
#2843 = LINE('',#2844,#2845);
#2844 = CARTESIAN_POINT('',(57.715,-37.516,-4.6E-02));
#2845 = VECTOR('',#2846,1.);
#2846 = DIRECTION('',(0.,0.,1.));
#2847 = ORIENTED_EDGE('',*,*,#728,.T.);
#2848 = ORIENTED_EDGE('',*,*,#2828,.F.);
#2849 = ORIENTED_EDGE('',*,*,#1625,.F.);
#2850 = CYLINDRICAL_SURFACE('',#2851,0.508);
#2851 = AXIS2_PLACEMENT_3D('',#2852,#2853,#2854);
#2852 = CARTESIAN_POINT('',(57.715,-37.008,-4.6E-02));
#2853 = DIRECTION('',(-0.,-0.,-1.));
#2854 = DIRECTION('',(-0.,-1.,0.));
#2855 = ADVANCED_FACE('',(#2856),#2867,.F.);
#2856 = FACE_BOUND('',#2857,.T.);
#2857 = EDGE_LOOP('',(#2858,#2859,#2860,#2861));
#2858 = ORIENTED_EDGE('',*,*,#719,.T.);
#2859 = ORIENTED_EDGE('',*,*,#2842,.T.);
#2860 = ORIENTED_EDGE('',*,*,#1616,.F.);
#2861 = ORIENTED_EDGE('',*,*,#2862,.T.);
#2862 = EDGE_CURVE('',#1609,#712,#2863,.T.);
#2863 = LINE('',#2864,#2865);
#2864 = CARTESIAN_POINT('',(57.969002543256,-36.56806056323,-4.6E-02));
#2865 = VECTOR('',#2866,1.);
#2866 = DIRECTION('',(-0.,-0.,-1.));
#2867 = CYLINDRICAL_SURFACE('',#2868,0.508);
#2868 = AXIS2_PLACEMENT_3D('',#2869,#2870,#2871);
#2869 = CARTESIAN_POINT('',(57.715,-37.008,-4.6E-02));
#2870 = DIRECTION('',(-0.,-0.,-1.));
#2871 = DIRECTION('',(-0.,-1.,0.));
#2872 = ADVANCED_FACE('',(#2873),#2884,.T.);
#2873 = FACE_BOUND('',#2874,.T.);
#2874 = EDGE_LOOP('',(#2875,#2876,#2877,#2878));
#2875 = ORIENTED_EDGE('',*,*,#711,.F.);
#2876 = ORIENTED_EDGE('',*,*,#2862,.F.);
#2877 = ORIENTED_EDGE('',*,*,#1608,.T.);
#2878 = ORIENTED_EDGE('',*,*,#2879,.F.);
#2879 = EDGE_CURVE('',#704,#1601,#2880,.T.);
#2880 = LINE('',#2881,#2882);
#2881 = CARTESIAN_POINT('',(57.9695,-34.976,0.));
#2882 = VECTOR('',#2883,1.);
#2883 = DIRECTION('',(0.,0.,1.));
#2884 = PLANE('',#2885);
#2885 = AXIS2_PLACEMENT_3D('',#2886,#2887,#2888);
#2886 = CARTESIAN_POINT('',(57.969,-36.5762,0.));
#2887 = DIRECTION('',(-0.999999951184,3.124609271262E-04,0.));
#2888 = DIRECTION('',(3.124609271262E-04,0.999999951184,0.));
#2889 = ADVANCED_FACE('',(#2890),#2901,.T.);
#2890 = FACE_BOUND('',#2891,.T.);
#2891 = EDGE_LOOP('',(#2892,#2893,#2894,#2900));
#2892 = ORIENTED_EDGE('',*,*,#2879,.T.);
#2893 = ORIENTED_EDGE('',*,*,#1600,.T.);
#2894 = ORIENTED_EDGE('',*,*,#2895,.F.);
#2895 = EDGE_CURVE('',#696,#1593,#2896,.T.);
#2896 = LINE('',#2897,#2898);
#2897 = CARTESIAN_POINT('',(57.5885,-34.595,0.));
#2898 = VECTOR('',#2899,1.);
#2899 = DIRECTION('',(0.,0.,1.));
#2900 = ORIENTED_EDGE('',*,*,#703,.F.);
#2901 = PLANE('',#2902);
#2902 = AXIS2_PLACEMENT_3D('',#2903,#2904,#2905);
#2903 = CARTESIAN_POINT('',(57.9695,-34.976,0.));
#2904 = DIRECTION('',(-0.707106781187,-0.707106781187,0.));
#2905 = DIRECTION('',(-0.707106781187,0.707106781187,0.));
#2906 = ADVANCED_FACE('',(#2907),#2918,.T.);
#2907 = FACE_BOUND('',#2908,.T.);
#2908 = EDGE_LOOP('',(#2909,#2910,#2911,#2917));
#2909 = ORIENTED_EDGE('',*,*,#2895,.T.);
#2910 = ORIENTED_EDGE('',*,*,#1592,.T.);
#2911 = ORIENTED_EDGE('',*,*,#2912,.F.);
#2912 = EDGE_CURVE('',#688,#1585,#2913,.T.);
#2913 = LINE('',#2914,#2915);
#2914 = CARTESIAN_POINT('',(55.9375,-34.595,0.));
#2915 = VECTOR('',#2916,1.);
#2916 = DIRECTION('',(0.,0.,1.));
#2917 = ORIENTED_EDGE('',*,*,#695,.F.);
#2918 = PLANE('',#2919);
#2919 = AXIS2_PLACEMENT_3D('',#2920,#2921,#2922);
#2920 = CARTESIAN_POINT('',(57.5885,-34.595,0.));
#2921 = DIRECTION('',(0.,-1.,0.));
#2922 = DIRECTION('',(-1.,0.,0.));
#2923 = ADVANCED_FACE('',(#2924),#2930,.T.);
#2924 = FACE_BOUND('',#2925,.T.);
#2925 = EDGE_LOOP('',(#2926,#2927,#2928,#2929));
#2926 = ORIENTED_EDGE('',*,*,#2912,.T.);
#2927 = ORIENTED_EDGE('',*,*,#1584,.T.);
#2928 = ORIENTED_EDGE('',*,*,#2770,.F.);
#2929 = ORIENTED_EDGE('',*,*,#687,.F.);
#2930 = PLANE('',#2931);
#2931 = AXIS2_PLACEMENT_3D('',#2932,#2933,#2934);
#2932 = CARTESIAN_POINT('',(55.9375,-34.595,0.));
#2933 = DIRECTION('',(0.707106781187,-0.707106781187,0.));
#2934 = DIRECTION('',(-0.707106781187,-0.707106781187,0.));
#2935 = ADVANCED_FACE('',(#2936),#2952,.T.);
#2936 = FACE_BOUND('',#2937,.T.);
#2937 = EDGE_LOOP('',(#2938,#2939,#2945,#2946));
#2938 = ORIENTED_EDGE('',*,*,#763,.F.);
#2939 = ORIENTED_EDGE('',*,*,#2940,.F.);
#2940 = EDGE_CURVE('',#1661,#764,#2941,.T.);
#2941 = LINE('',#2942,#2943);
#2942 = CARTESIAN_POINT('',(47.301,-26.01794090512,-4.6E-02));
#2943 = VECTOR('',#2944,1.);
#2944 = DIRECTION('',(-0.,-0.,-1.));
#2945 = ORIENTED_EDGE('',*,*,#1660,.T.);
#2946 = ORIENTED_EDGE('',*,*,#2947,.T.);
#2947 = EDGE_CURVE('',#1663,#766,#2948,.T.);
#2948 = LINE('',#2949,#2950);
#2949 = CARTESIAN_POINT('',(47.301,-27.04305909487,-4.6E-02));
#2950 = VECTOR('',#2951,1.);
#2951 = DIRECTION('',(-0.,-0.,-1.));
#2952 = PLANE('',#2953);
#2953 = AXIS2_PLACEMENT_3D('',#2954,#2955,#2956);
#2954 = CARTESIAN_POINT('',(47.301,-26.0098,0.));
#2955 = DIRECTION('',(1.,0.,-0.));
#2956 = DIRECTION('',(0.,-1.,0.));
#2957 = ADVANCED_FACE('',(#2958),#2969,.F.);
#2958 = FACE_BOUND('',#2959,.T.);
#2959 = EDGE_LOOP('',(#2960,#2966,#2967,#2968));
#2960 = ORIENTED_EDGE('',*,*,#2961,.F.);
#2961 = EDGE_CURVE('',#823,#1720,#2962,.T.);
#2962 = LINE('',#2963,#2964);
#2963 = CARTESIAN_POINT('',(47.555,-27.991,-4.6E-02));
#2964 = VECTOR('',#2965,1.);
#2965 = DIRECTION('',(0.,0.,1.));
#2966 = ORIENTED_EDGE('',*,*,#831,.T.);
#2967 = ORIENTED_EDGE('',*,*,#2947,.F.);
#2968 = ORIENTED_EDGE('',*,*,#1728,.F.);
#2969 = CYLINDRICAL_SURFACE('',#2970,0.508);
#2970 = AXIS2_PLACEMENT_3D('',#2971,#2972,#2973);
#2971 = CARTESIAN_POINT('',(47.555,-27.483,-4.6E-02));
#2972 = DIRECTION('',(-0.,-0.,-1.));
#2973 = DIRECTION('',(-0.,-1.,0.));
#2974 = ADVANCED_FACE('',(#2975),#2986,.F.);
#2975 = FACE_BOUND('',#2976,.T.);
#2976 = EDGE_LOOP('',(#2977,#2978,#2979,#2980));
#2977 = ORIENTED_EDGE('',*,*,#822,.T.);
#2978 = ORIENTED_EDGE('',*,*,#2961,.T.);
#2979 = ORIENTED_EDGE('',*,*,#1719,.F.);
#2980 = ORIENTED_EDGE('',*,*,#2981,.T.);
#2981 = EDGE_CURVE('',#1712,#815,#2982,.T.);
#2982 = LINE('',#2983,#2984);
#2983 = CARTESIAN_POINT('',(47.994940905122,-27.737,-4.6E-02));
#2984 = VECTOR('',#2985,1.);
#2985 = DIRECTION('',(-0.,-0.,-1.));
#2986 = CYLINDRICAL_SURFACE('',#2987,0.508);
#2987 = AXIS2_PLACEMENT_3D('',#2988,#2989,#2990);
#2988 = CARTESIAN_POINT('',(47.555,-27.483,-4.6E-02));
#2989 = DIRECTION('',(-0.,-0.,-1.));
#2990 = DIRECTION('',(-0.,-1.,0.));
#2991 = ADVANCED_FACE('',(#2992),#3003,.T.);
#2992 = FACE_BOUND('',#2993,.T.);
#2993 = EDGE_LOOP('',(#2994,#2995,#2996,#2997));
#2994 = ORIENTED_EDGE('',*,*,#814,.F.);
#2995 = ORIENTED_EDGE('',*,*,#2981,.F.);
#2996 = ORIENTED_EDGE('',*,*,#1711,.T.);
#2997 = ORIENTED_EDGE('',*,*,#2998,.F.);
#2998 = EDGE_CURVE('',#807,#1704,#2999,.T.);
#2999 = LINE('',#3000,#3001);
#3000 = CARTESIAN_POINT('',(49.587,-27.737,0.));
#3001 = VECTOR('',#3002,1.);
#3002 = DIRECTION('',(0.,0.,1.));
#3003 = PLANE('',#3004);
#3004 = AXIS2_PLACEMENT_3D('',#3005,#3006,#3007);
#3005 = CARTESIAN_POINT('',(47.9868,-27.737,0.));
#3006 = DIRECTION('',(0.,1.,0.));
#3007 = DIRECTION('',(1.,0.,0.));
#3008 = ADVANCED_FACE('',(#3009),#3020,.T.);
#3009 = FACE_BOUND('',#3010,.T.);
#3010 = EDGE_LOOP('',(#3011,#3012,#3013,#3019));
#3011 = ORIENTED_EDGE('',*,*,#2998,.T.);
#3012 = ORIENTED_EDGE('',*,*,#1703,.T.);
#3013 = ORIENTED_EDGE('',*,*,#3014,.F.);
#3014 = EDGE_CURVE('',#799,#1696,#3015,.T.);
#3015 = LINE('',#3016,#3017);
#3016 = CARTESIAN_POINT('',(49.968,-27.356,0.));
#3017 = VECTOR('',#3018,1.);
#3018 = DIRECTION('',(0.,0.,1.));
#3019 = ORIENTED_EDGE('',*,*,#806,.F.);
#3020 = PLANE('',#3021);
#3021 = AXIS2_PLACEMENT_3D('',#3022,#3023,#3024);
#3022 = CARTESIAN_POINT('',(49.587,-27.737,0.));
#3023 = DIRECTION('',(-0.707106781187,0.707106781187,0.));
#3024 = DIRECTION('',(0.707106781187,0.707106781187,0.));
#3025 = ADVANCED_FACE('',(#3026),#3037,.T.);
#3026 = FACE_BOUND('',#3027,.T.);
#3027 = EDGE_LOOP('',(#3028,#3029,#3030,#3036));
#3028 = ORIENTED_EDGE('',*,*,#3014,.T.);
#3029 = ORIENTED_EDGE('',*,*,#1695,.T.);
#3030 = ORIENTED_EDGE('',*,*,#3031,.F.);
#3031 = EDGE_CURVE('',#791,#1688,#3032,.T.);
#3032 = LINE('',#3033,#3034);
#3033 = CARTESIAN_POINT('',(49.968,-25.705,0.));
#3034 = VECTOR('',#3035,1.);
#3035 = DIRECTION('',(0.,0.,1.));
#3036 = ORIENTED_EDGE('',*,*,#798,.F.);
#3037 = PLANE('',#3038);
#3038 = AXIS2_PLACEMENT_3D('',#3039,#3040,#3041);
#3039 = CARTESIAN_POINT('',(49.968,-27.356,0.));
#3040 = DIRECTION('',(-1.,0.,0.));
#3041 = DIRECTION('',(0.,1.,0.));
#3042 = ADVANCED_FACE('',(#3043),#3054,.T.);
#3043 = FACE_BOUND('',#3044,.T.);
#3044 = EDGE_LOOP('',(#3045,#3046,#3047,#3053));
#3045 = ORIENTED_EDGE('',*,*,#3031,.T.);
#3046 = ORIENTED_EDGE('',*,*,#1687,.T.);
#3047 = ORIENTED_EDGE('',*,*,#3048,.F.);
#3048 = EDGE_CURVE('',#783,#1680,#3049,.T.);
#3049 = LINE('',#3050,#3051);
#3050 = CARTESIAN_POINT('',(49.587,-25.324,0.));
#3051 = VECTOR('',#3052,1.);
#3052 = DIRECTION('',(0.,0.,1.));
#3053 = ORIENTED_EDGE('',*,*,#790,.F.);
#3054 = PLANE('',#3055);
#3055 = AXIS2_PLACEMENT_3D('',#3056,#3057,#3058);
#3056 = CARTESIAN_POINT('',(49.968,-25.705,0.));
#3057 = DIRECTION('',(-0.707106781187,-0.707106781187,0.));
#3058 = DIRECTION('',(-0.707106781187,0.707106781187,0.));
#3059 = ADVANCED_FACE('',(#3060),#3071,.T.);
#3060 = FACE_BOUND('',#3061,.T.);
#3061 = EDGE_LOOP('',(#3062,#3063,#3064,#3065));
#3062 = ORIENTED_EDGE('',*,*,#782,.F.);
#3063 = ORIENTED_EDGE('',*,*,#3048,.T.);
#3064 = ORIENTED_EDGE('',*,*,#1679,.T.);
#3065 = ORIENTED_EDGE('',*,*,#3066,.T.);
#3066 = EDGE_CURVE('',#1671,#774,#3067,.T.);
#3067 = LINE('',#3068,#3069);
#3068 = CARTESIAN_POINT('',(47.994940905122,-25.324,-4.6E-02));
#3069 = VECTOR('',#3070,1.);
#3070 = DIRECTION('',(-0.,-0.,-1.));
#3071 = PLANE('',#3072);
#3072 = AXIS2_PLACEMENT_3D('',#3073,#3074,#3075);
#3073 = CARTESIAN_POINT('',(49.587,-25.324,0.));
#3074 = DIRECTION('',(0.,-1.,0.));
#3075 = DIRECTION('',(-1.,0.,0.));
#3076 = ADVANCED_FACE('',(#3077),#3083,.F.);
#3077 = FACE_BOUND('',#3078,.T.);
#3078 = EDGE_LOOP('',(#3079,#3080,#3081,#3082));
#3079 = ORIENTED_EDGE('',*,*,#1670,.F.);
#3080 = ORIENTED_EDGE('',*,*,#2940,.T.);
#3081 = ORIENTED_EDGE('',*,*,#773,.T.);
#3082 = ORIENTED_EDGE('',*,*,#3066,.F.);
#3083 = CYLINDRICAL_SURFACE('',#3084,0.508);
#3084 = AXIS2_PLACEMENT_3D('',#3085,#3086,#3087);
#3085 = CARTESIAN_POINT('',(47.555,-25.578,-4.6E-02));
#3086 = DIRECTION('',(-0.,-0.,-1.));
#3087 = DIRECTION('',(-0.,-1.,0.));
#3088 = ADVANCED_FACE('',(#3089),#3100,.F.);
#3089 = FACE_BOUND('',#3090,.T.);
#3090 = EDGE_LOOP('',(#3091,#3097,#3098,#3099));
#3091 = ORIENTED_EDGE('',*,*,#3092,.T.);
#3092 = EDGE_CURVE('',#841,#1738,#3093,.T.);
#3093 = LINE('',#3094,#3095);
#3094 = CARTESIAN_POINT('',(40.,-18.7,0.));
#3095 = VECTOR('',#3096,1.);
#3096 = DIRECTION('',(0.,0.,1.));
#3097 = ORIENTED_EDGE('',*,*,#1737,.T.);
#3098 = ORIENTED_EDGE('',*,*,#3092,.F.);
#3099 = ORIENTED_EDGE('',*,*,#840,.F.);
#3100 = CYLINDRICAL_SURFACE('',#3101,1.1);
#3101 = AXIS2_PLACEMENT_3D('',#3102,#3103,#3104);
#3102 = CARTESIAN_POINT('',(38.9,-18.7,0.));
#3103 = DIRECTION('',(-0.,-0.,-1.));
#3104 = DIRECTION('',(1.,0.,-0.));
#3105 = ADVANCED_FACE('',(#3106),#3122,.T.);
#3106 = FACE_BOUND('',#3107,.T.);
#3107 = EDGE_LOOP('',(#3108,#3109,#3115,#3116));
#3108 = ORIENTED_EDGE('',*,*,#851,.F.);
#3109 = ORIENTED_EDGE('',*,*,#3110,.F.);
#3110 = EDGE_CURVE('',#1749,#852,#3111,.T.);
#3111 = LINE('',#3112,#3113);
#3112 = CARTESIAN_POINT('',(50.476,-19.66794090512,-4.6E-02));
#3113 = VECTOR('',#3114,1.);
#3114 = DIRECTION('',(-0.,-0.,-1.));
#3115 = ORIENTED_EDGE('',*,*,#1748,.T.);
#3116 = ORIENTED_EDGE('',*,*,#3117,.T.);
#3117 = EDGE_CURVE('',#1751,#854,#3118,.T.);
#3118 = LINE('',#3119,#3120);
#3119 = CARTESIAN_POINT('',(50.476,-21.32805909487,-4.6E-02));
#3120 = VECTOR('',#3121,1.);
#3121 = DIRECTION('',(-0.,-0.,-1.));
#3122 = PLANE('',#3123);
#3123 = AXIS2_PLACEMENT_3D('',#3124,#3125,#3126);
#3124 = CARTESIAN_POINT('',(50.476,-19.6598,0.));
#3125 = DIRECTION('',(1.,0.,-0.));
#3126 = DIRECTION('',(0.,-1.,0.));
#3127 = ADVANCED_FACE('',(#3128),#3139,.F.);
#3128 = FACE_BOUND('',#3129,.T.);
#3129 = EDGE_LOOP('',(#3130,#3136,#3137,#3138));
#3130 = ORIENTED_EDGE('',*,*,#3131,.F.);
#3131 = EDGE_CURVE('',#922,#1819,#3132,.T.);
#3132 = LINE('',#3133,#3134);
#3133 = CARTESIAN_POINT('',(50.73,-22.276,-4.6E-02));
#3134 = VECTOR('',#3135,1.);
#3135 = DIRECTION('',(0.,0.,1.));
#3136 = ORIENTED_EDGE('',*,*,#930,.T.);
#3137 = ORIENTED_EDGE('',*,*,#3117,.F.);
#3138 = ORIENTED_EDGE('',*,*,#1827,.F.);
#3139 = CYLINDRICAL_SURFACE('',#3140,0.508);
#3140 = AXIS2_PLACEMENT_3D('',#3141,#3142,#3143);
#3141 = CARTESIAN_POINT('',(50.73,-21.768,-4.6E-02));
#3142 = DIRECTION('',(-0.,-0.,-1.));
#3143 = DIRECTION('',(-1.398706172756E-14,-1.,0.));
#3144 = ADVANCED_FACE('',(#3145),#3156,.F.);
#3145 = FACE_BOUND('',#3146,.T.);
#3146 = EDGE_LOOP('',(#3147,#3148,#3149,#3150));
#3147 = ORIENTED_EDGE('',*,*,#921,.T.);
#3148 = ORIENTED_EDGE('',*,*,#3131,.T.);
#3149 = ORIENTED_EDGE('',*,*,#1818,.F.);
#3150 = ORIENTED_EDGE('',*,*,#3151,.T.);
#3151 = EDGE_CURVE('',#1811,#914,#3152,.T.);
#3152 = LINE('',#3153,#3154);
#3153 = CARTESIAN_POINT('',(51.169940905123,-22.022,-4.6E-02));
#3154 = VECTOR('',#3155,1.);
#3155 = DIRECTION('',(-0.,-0.,-1.));
#3156 = CYLINDRICAL_SURFACE('',#3157,0.508);
#3157 = AXIS2_PLACEMENT_3D('',#3158,#3159,#3160);
#3158 = CARTESIAN_POINT('',(50.73,-21.768,-4.6E-02));
#3159 = DIRECTION('',(-0.,-0.,-1.));
#3160 = DIRECTION('',(-1.398706172756E-14,-1.,0.));
#3161 = ADVANCED_FACE('',(#3162),#3173,.T.);
#3162 = FACE_BOUND('',#3163,.T.);
#3163 = EDGE_LOOP('',(#3164,#3165,#3166,#3167));
#3164 = ORIENTED_EDGE('',*,*,#913,.F.);
#3165 = ORIENTED_EDGE('',*,*,#3151,.F.);
#3166 = ORIENTED_EDGE('',*,*,#1810,.T.);
#3167 = ORIENTED_EDGE('',*,*,#3168,.T.);
#3168 = EDGE_CURVE('',#1802,#905,#3169,.T.);
#3169 = LINE('',#3170,#3171);
#3170 = CARTESIAN_POINT('',(52.830059094877,-22.022,-4.6E-02));
#3171 = VECTOR('',#3172,1.);
#3172 = DIRECTION('',(-0.,0.,-1.));
#3173 = PLANE('',#3174);
#3174 = AXIS2_PLACEMENT_3D('',#3175,#3176,#3177);
#3175 = CARTESIAN_POINT('',(51.1618,-22.022,0.));
#3176 = DIRECTION('',(0.,1.,0.));
#3177 = DIRECTION('',(1.,0.,0.));
#3178 = ADVANCED_FACE('',(#3179),#3190,.F.);
#3179 = FACE_BOUND('',#3180,.T.);
#3180 = EDGE_LOOP('',(#3181,#3187,#3188,#3189));
#3181 = ORIENTED_EDGE('',*,*,#3182,.F.);
#3182 = EDGE_CURVE('',#896,#1793,#3183,.T.);
#3183 = LINE('',#3184,#3185);
#3184 = CARTESIAN_POINT('',(53.27,-22.276,-4.6E-02));
#3185 = VECTOR('',#3186,1.);
#3186 = DIRECTION('',(0.,0.,1.));
#3187 = ORIENTED_EDGE('',*,*,#904,.T.);
#3188 = ORIENTED_EDGE('',*,*,#3168,.F.);
#3189 = ORIENTED_EDGE('',*,*,#1801,.F.);
#3190 = CYLINDRICAL_SURFACE('',#3191,0.508);
#3191 = AXIS2_PLACEMENT_3D('',#3192,#3193,#3194);
#3192 = CARTESIAN_POINT('',(53.27,-21.768,-4.6E-02));
#3193 = DIRECTION('',(-0.,0.,-1.));
#3194 = DIRECTION('',(1.398706172756E-14,-1.,-0.));
#3195 = ADVANCED_FACE('',(#3196),#3207,.F.);
#3196 = FACE_BOUND('',#3197,.T.);
#3197 = EDGE_LOOP('',(#3198,#3199,#3200,#3201));
#3198 = ORIENTED_EDGE('',*,*,#895,.T.);
#3199 = ORIENTED_EDGE('',*,*,#3182,.T.);
#3200 = ORIENTED_EDGE('',*,*,#1792,.F.);
#3201 = ORIENTED_EDGE('',*,*,#3202,.T.);
#3202 = EDGE_CURVE('',#1785,#888,#3203,.T.);
#3203 = LINE('',#3204,#3205);
#3204 = CARTESIAN_POINT('',(53.524,-21.32805909487,-4.6E-02));
#3205 = VECTOR('',#3206,1.);
#3206 = DIRECTION('',(-0.,0.,-1.));
#3207 = CYLINDRICAL_SURFACE('',#3208,0.508);
#3208 = AXIS2_PLACEMENT_3D('',#3209,#3210,#3211);
#3209 = CARTESIAN_POINT('',(53.27,-21.768,-4.6E-02));
#3210 = DIRECTION('',(-0.,0.,-1.));
#3211 = DIRECTION('',(1.398706172756E-14,-1.,-0.));
#3212 = ADVANCED_FACE('',(#3213),#3224,.T.);
#3213 = FACE_BOUND('',#3214,.T.);
#3214 = EDGE_LOOP('',(#3215,#3216,#3217,#3218));
#3215 = ORIENTED_EDGE('',*,*,#887,.F.);
#3216 = ORIENTED_EDGE('',*,*,#3202,.F.);
#3217 = ORIENTED_EDGE('',*,*,#1784,.T.);
#3218 = ORIENTED_EDGE('',*,*,#3219,.T.);
#3219 = EDGE_CURVE('',#1776,#879,#3220,.T.);
#3220 = LINE('',#3221,#3222);
#3221 = CARTESIAN_POINT('',(53.524,-19.66794090512,-4.6E-02));
#3222 = VECTOR('',#3223,1.);
#3223 = DIRECTION('',(-0.,0.,-1.));
#3224 = PLANE('',#3225);
#3225 = AXIS2_PLACEMENT_3D('',#3226,#3227,#3228);
#3226 = CARTESIAN_POINT('',(53.524,-21.3362,0.));
#3227 = DIRECTION('',(-1.,0.,0.));
#3228 = DIRECTION('',(0.,1.,0.));
#3229 = ADVANCED_FACE('',(#3230),#3241,.F.);
#3230 = FACE_BOUND('',#3231,.T.);
#3231 = EDGE_LOOP('',(#3232,#3233,#3234,#3240));
#3232 = ORIENTED_EDGE('',*,*,#3219,.F.);
#3233 = ORIENTED_EDGE('',*,*,#1775,.F.);
#3234 = ORIENTED_EDGE('',*,*,#3235,.T.);
#3235 = EDGE_CURVE('',#1768,#871,#3236,.T.);
#3236 = LINE('',#3237,#3238);
#3237 = CARTESIAN_POINT('',(52.830059094877,-18.974,-4.6E-02));
#3238 = VECTOR('',#3239,1.);
#3239 = DIRECTION('',(-0.,0.,-1.));
#3240 = ORIENTED_EDGE('',*,*,#878,.T.);
#3241 = CYLINDRICAL_SURFACE('',#3242,0.508);
#3242 = AXIS2_PLACEMENT_3D('',#3243,#3244,#3245);
#3243 = CARTESIAN_POINT('',(53.27,-19.228,-4.6E-02));
#3244 = DIRECTION('',(-0.,0.,-1.));
#3245 = DIRECTION('',(1.398706172756E-14,-1.,-0.));
#3246 = ADVANCED_FACE('',(#3247),#3258,.T.);
#3247 = FACE_BOUND('',#3248,.T.);
#3248 = EDGE_LOOP('',(#3249,#3250,#3251,#3252));
#3249 = ORIENTED_EDGE('',*,*,#870,.F.);
#3250 = ORIENTED_EDGE('',*,*,#3235,.F.);
#3251 = ORIENTED_EDGE('',*,*,#1767,.T.);
#3252 = ORIENTED_EDGE('',*,*,#3253,.T.);
#3253 = EDGE_CURVE('',#1759,#862,#3254,.T.);
#3254 = LINE('',#3255,#3256);
#3255 = CARTESIAN_POINT('',(51.169940905122,-18.974,-4.6E-02));
#3256 = VECTOR('',#3257,1.);
#3257 = DIRECTION('',(-0.,-0.,-1.));
#3258 = PLANE('',#3259);
#3259 = AXIS2_PLACEMENT_3D('',#3260,#3261,#3262);
#3260 = CARTESIAN_POINT('',(52.8382,-18.974,0.));
#3261 = DIRECTION('',(0.,-1.,0.));
#3262 = DIRECTION('',(-1.,0.,0.));
#3263 = ADVANCED_FACE('',(#3264),#3270,.F.);
#3264 = FACE_BOUND('',#3265,.T.);
#3265 = EDGE_LOOP('',(#3266,#3267,#3268,#3269));
#3266 = ORIENTED_EDGE('',*,*,#1758,.F.);
#3267 = ORIENTED_EDGE('',*,*,#3110,.T.);
#3268 = ORIENTED_EDGE('',*,*,#861,.T.);
#3269 = ORIENTED_EDGE('',*,*,#3253,.F.);
#3270 = CYLINDRICAL_SURFACE('',#3271,0.508);
#3271 = AXIS2_PLACEMENT_3D('',#3272,#3273,#3274);
#3272 = CARTESIAN_POINT('',(50.73,-19.228,-4.6E-02));
#3273 = DIRECTION('',(-0.,-0.,-1.));
#3274 = DIRECTION('',(-1.398706172756E-14,-1.,0.));
#3275 = ADVANCED_FACE('',(#3276),#3287,.F.);
#3276 = FACE_BOUND('',#3277,.T.);
#3277 = EDGE_LOOP('',(#3278,#3284,#3285,#3286));
#3278 = ORIENTED_EDGE('',*,*,#3279,.T.);
#3279 = EDGE_CURVE('',#940,#1837,#3280,.T.);
#3280 = LINE('',#3281,#3282);
#3281 = CARTESIAN_POINT('',(95.7,-51.75,0.));
#3282 = VECTOR('',#3283,1.);
#3283 = DIRECTION('',(0.,0.,1.));
#3284 = ORIENTED_EDGE('',*,*,#1836,.T.);
#3285 = ORIENTED_EDGE('',*,*,#3279,.F.);
#3286 = ORIENTED_EDGE('',*,*,#939,.F.);
#3287 = CYLINDRICAL_SURFACE('',#3288,0.5);
#3288 = AXIS2_PLACEMENT_3D('',#3289,#3290,#3291);
#3289 = CARTESIAN_POINT('',(95.2,-51.75,0.));
#3290 = DIRECTION('',(-0.,-0.,-1.));
#3291 = DIRECTION('',(1.,0.,-0.));
#3292 = ADVANCED_FACE('',(#3293),#3304,.F.);
#3293 = FACE_BOUND('',#3294,.T.);
#3294 = EDGE_LOOP('',(#3295,#3301,#3302,#3303));
#3295 = ORIENTED_EDGE('',*,*,#3296,.T.);
#3296 = EDGE_CURVE('',#951,#1848,#3297,.T.);
#3297 = LINE('',#3298,#3299);
#3298 = CARTESIAN_POINT('',(112.7,-51.75,0.));
#3299 = VECTOR('',#3300,1.);
#3300 = DIRECTION('',(0.,0.,1.));
#3301 = ORIENTED_EDGE('',*,*,#1847,.T.);
#3302 = ORIENTED_EDGE('',*,*,#3296,.F.);
#3303 = ORIENTED_EDGE('',*,*,#950,.F.);
#3304 = CYLINDRICAL_SURFACE('',#3305,0.5);
#3305 = AXIS2_PLACEMENT_3D('',#3306,#3307,#3308);
#3306 = CARTESIAN_POINT('',(112.2,-51.75,0.));
#3307 = DIRECTION('',(-0.,-0.,-1.));
#3308 = DIRECTION('',(1.,0.,-0.));
#3309 = ADVANCED_FACE('',(#3310),#3321,.F.);
#3310 = FACE_BOUND('',#3311,.T.);
#3311 = EDGE_LOOP('',(#3312,#3318,#3319,#3320));
#3312 = ORIENTED_EDGE('',*,*,#3313,.T.);
#3313 = EDGE_CURVE('',#962,#1859,#3314,.T.);
#3314 = LINE('',#3315,#3316);
#3315 = CARTESIAN_POINT('',(107.4,-46.25,0.));
#3316 = VECTOR('',#3317,1.);
#3317 = DIRECTION('',(0.,0.,1.));
#3318 = ORIENTED_EDGE('',*,*,#1858,.T.);
#3319 = ORIENTED_EDGE('',*,*,#3313,.F.);
#3320 = ORIENTED_EDGE('',*,*,#961,.F.);
#3321 = CYLINDRICAL_SURFACE('',#3322,0.6);
#3322 = AXIS2_PLACEMENT_3D('',#3323,#3324,#3325);
#3323 = CARTESIAN_POINT('',(106.8,-46.25,0.));
#3324 = DIRECTION('',(-0.,-0.,-1.));
#3325 = DIRECTION('',(1.,0.,-0.));
#3326 = ADVANCED_FACE('',(#3327),#3338,.F.);
#3327 = FACE_BOUND('',#3328,.T.);
#3328 = EDGE_LOOP('',(#3329,#3335,#3336,#3337));
#3329 = ORIENTED_EDGE('',*,*,#3330,.T.);
#3330 = EDGE_CURVE('',#973,#1870,#3331,.T.);
#3331 = LINE('',#3332,#3333);
#3332 = CARTESIAN_POINT('',(129.7,-51.75,0.));
#3333 = VECTOR('',#3334,1.);
#3334 = DIRECTION('',(0.,0.,1.));
#3335 = ORIENTED_EDGE('',*,*,#1869,.T.);
#3336 = ORIENTED_EDGE('',*,*,#3330,.F.);
#3337 = ORIENTED_EDGE('',*,*,#972,.F.);
#3338 = CYLINDRICAL_SURFACE('',#3339,0.5);
#3339 = AXIS2_PLACEMENT_3D('',#3340,#3341,#3342);
#3340 = CARTESIAN_POINT('',(129.2,-51.75,0.));
#3341 = DIRECTION('',(-0.,-0.,-1.));
#3342 = DIRECTION('',(1.,0.,-0.));
#3343 = ADVANCED_FACE('',(#3344),#3355,.F.);
#3344 = FACE_BOUND('',#3345,.T.);
#3345 = EDGE_LOOP('',(#3346,#3352,#3353,#3354));
#3346 = ORIENTED_EDGE('',*,*,#3347,.T.);
#3347 = EDGE_CURVE('',#984,#1881,#3348,.T.);
#3348 = LINE('',#3349,#3350);
#3349 = CARTESIAN_POINT('',(124.4,-46.25,0.));
#3350 = VECTOR('',#3351,1.);
#3351 = DIRECTION('',(0.,0.,1.));
#3352 = ORIENTED_EDGE('',*,*,#1880,.T.);
#3353 = ORIENTED_EDGE('',*,*,#3347,.F.);
#3354 = ORIENTED_EDGE('',*,*,#983,.F.);
#3355 = CYLINDRICAL_SURFACE('',#3356,0.6);
#3356 = AXIS2_PLACEMENT_3D('',#3357,#3358,#3359);
#3357 = CARTESIAN_POINT('',(123.8,-46.25,0.));
#3358 = DIRECTION('',(-0.,-0.,-1.));
#3359 = DIRECTION('',(1.,0.,-0.));
#3360 = ADVANCED_FACE('',(#3361),#3372,.F.);
#3361 = FACE_BOUND('',#3362,.T.);
#3362 = EDGE_LOOP('',(#3363,#3369,#3370,#3371));
#3363 = ORIENTED_EDGE('',*,*,#3364,.T.);
#3364 = EDGE_CURVE('',#995,#1892,#3365,.T.);
#3365 = LINE('',#3366,#3367);
#3366 = CARTESIAN_POINT('',(141.4,-46.25,0.));
#3367 = VECTOR('',#3368,1.);
#3368 = DIRECTION('',(0.,0.,1.));
#3369 = ORIENTED_EDGE('',*,*,#1891,.T.);
#3370 = ORIENTED_EDGE('',*,*,#3364,.F.);
#3371 = ORIENTED_EDGE('',*,*,#994,.F.);
#3372 = CYLINDRICAL_SURFACE('',#3373,0.6);
#3373 = AXIS2_PLACEMENT_3D('',#3374,#3375,#3376);
#3374 = CARTESIAN_POINT('',(140.8,-46.25,0.));
#3375 = DIRECTION('',(-0.,-0.,-1.));
#3376 = DIRECTION('',(1.,0.,-0.));
#3377 = ADVANCED_FACE('',(#3378),#3389,.F.);
#3378 = FACE_BOUND('',#3379,.T.);
#3379 = EDGE_LOOP('',(#3380,#3381,#3387,#3388));
#3380 = ORIENTED_EDGE('',*,*,#1005,.T.);
#3381 = ORIENTED_EDGE('',*,*,#3382,.T.);
#3382 = EDGE_CURVE('',#1006,#1903,#3383,.T.);
#3383 = LINE('',#3384,#3385);
#3384 = CARTESIAN_POINT('',(146.4255,-30.45,-4.6E-02));
#3385 = VECTOR('',#3386,1.);
#3386 = DIRECTION('',(0.,0.,1.));
#3387 = ORIENTED_EDGE('',*,*,#1902,.F.);
#3388 = ORIENTED_EDGE('',*,*,#3382,.F.);
#3389 = CYLINDRICAL_SURFACE('',#3390,0.45);
#3390 = AXIS2_PLACEMENT_3D('',#3391,#3392,#3393);
#3391 = CARTESIAN_POINT('',(146.4255,-30.,-4.6E-02));
#3392 = DIRECTION('',(-0.,-0.,-1.));
#3393 = DIRECTION('',(-0.,-1.,0.));
#3394 = ADVANCED_FACE('',(#3395),#3406,.F.);
#3395 = FACE_BOUND('',#3396,.T.);
#3396 = EDGE_LOOP('',(#3397,#3398,#3404,#3405));
#3397 = ORIENTED_EDGE('',*,*,#1016,.T.);
#3398 = ORIENTED_EDGE('',*,*,#3399,.T.);
#3399 = EDGE_CURVE('',#1017,#1914,#3400,.T.);
#3400 = LINE('',#3401,#3402);
#3401 = CARTESIAN_POINT('',(146.4255,-27.45,-4.6E-02));
#3402 = VECTOR('',#3403,1.);
#3403 = DIRECTION('',(0.,0.,1.));
#3404 = ORIENTED_EDGE('',*,*,#1913,.F.);
#3405 = ORIENTED_EDGE('',*,*,#3399,.F.);
#3406 = CYLINDRICAL_SURFACE('',#3407,0.45);
#3407 = AXIS2_PLACEMENT_3D('',#3408,#3409,#3410);
#3408 = CARTESIAN_POINT('',(146.4255,-27.,-4.6E-02));
#3409 = DIRECTION('',(-0.,-0.,-1.));
#3410 = DIRECTION('',(-0.,-1.,0.));
#3411 = ADVANCED_FACE('',(#3412),#3423,.F.);
#3412 = FACE_BOUND('',#3413,.T.);
#3413 = EDGE_LOOP('',(#3414,#3420,#3421,#3422));
#3414 = ORIENTED_EDGE('',*,*,#3415,.T.);
#3415 = EDGE_CURVE('',#1028,#1925,#3416,.T.);
#3416 = LINE('',#3417,#3418);
#3417 = CARTESIAN_POINT('',(147.2,-18.7,0.));
#3418 = VECTOR('',#3419,1.);
#3419 = DIRECTION('',(0.,0.,1.));
#3420 = ORIENTED_EDGE('',*,*,#1924,.T.);
#3421 = ORIENTED_EDGE('',*,*,#3415,.F.);
#3422 = ORIENTED_EDGE('',*,*,#1027,.F.);
#3423 = CYLINDRICAL_SURFACE('',#3424,1.1);
#3424 = AXIS2_PLACEMENT_3D('',#3425,#3426,#3427);
#3425 = CARTESIAN_POINT('',(146.1,-18.7,0.));
#3426 = DIRECTION('',(-0.,-0.,-1.));
#3427 = DIRECTION('',(1.,0.,-0.));
#3428 = ( GEOMETRIC_REPRESENTATION_CONTEXT(3) 
GLOBAL_UNCERTAINTY_ASSIGNED_CONTEXT((#3432)) 
GLOBAL_UNIT_ASSIGNED_CONTEXT((#3429,#3430,#3431)) REPRESENTATION_CONTEXT
('Context #1','3D Context with UNIT and UNCERTAINTY') );
#3429 = ( LENGTH_UNIT() NAMED_UNIT(*) SI_UNIT(.MILLI.,.METRE.) );
#3430 = ( NAMED_UNIT(*) PLANE_ANGLE_UNIT() SI_UNIT($,.RADIAN.) );
#3431 = ( NAMED_UNIT(*) SI_UNIT($,.STERADIAN.) SOLID_ANGLE_UNIT() );
#3432 = UNCERTAINTY_MEASURE_WITH_UNIT(LENGTH_MEASURE(1.E-07),#3429,
  'distance_accuracy_value','confusion accuracy');
#3433 = CONTEXT_DEPENDENT_SHAPE_REPRESENTATION(#3434,#3436);
#3434 = ( REPRESENTATION_RELATIONSHIP('','',#36,#10) 
REPRESENTATION_RELATIONSHIP_WITH_TRANSFORMATION(#3435) 
SHAPE_REPRESENTATION_RELATIONSHIP() );
#3435 = ITEM_DEFINED_TRANSFORMATION('','',#11,#15);
#3436 = PRODUCT_DEFINITION_SHAPE('Placement','Placement of an item',
  #3437);
#3437 = NEXT_ASSEMBLY_USAGE_OCCURRENCE('1','=>[0:1:1:2]','',#5,#31,$);
#3438 = PRODUCT_RELATED_PRODUCT_CATEGORY('part',$,(#33));
#3439 = SHAPE_DEFINITION_REPRESENTATION(#3440,#3446);
#3440 = PRODUCT_DEFINITION_SHAPE('','',#3441);
#3441 = PRODUCT_DEFINITION('design','',#3442,#3445);
#3442 = PRODUCT_DEFINITION_FORMATION('','',#3443);
#3443 = PRODUCT('main_pcb_PCB_2','main_pcb_PCB_2','',(#3444));
#3444 = PRODUCT_CONTEXT('',#2,'mechanical');
#3445 = PRODUCT_DEFINITION_CONTEXT('part definition',#2,'design');
#3446 = ADVANCED_BREP_SHAPE_REPRESENTATION('',(#11,#3447),#6838);
#3447 = MANIFOLD_SOLID_BREP('',#3448);
#3448 = CLOSED_SHELL('',(#3449,#3491,#3522,#3553,#4450,#5347,#5364,#5381
    ,#5398,#5415,#5427,#5444,#5461,#5478,#5495,#5512,#5529,#5546,#5563,
    #5580,#5597,#5614,#5631,#5648,#5665,#5682,#5699,#5716,#5733,#5750,
    #5767,#5784,#5801,#5818,#5835,#5852,#5869,#5886,#5903,#5920,#5937,
    #5954,#5971,#5988,#6005,#6022,#6039,#6056,#6073,#6090,#6107,#6124,
    #6141,#6158,#6175,#6192,#6209,#6226,#6243,#6260,#6277,#6294,#6311,
    #6328,#6350,#6367,#6384,#6401,#6418,#6435,#6452,#6469,#6486,#6498,
    #6520,#6537,#6554,#6571,#6588,#6605,#6622,#6639,#6651,#6673,#6690,
    #6707,#6724,#6741,#6758,#6775,#6792,#6809,#6821));
#3449 = ADVANCED_FACE('',(#3450),#3486,.T.);
#3450 = FACE_BOUND('',#3451,.T.);
#3451 = EDGE_LOOP('',(#3452,#3462,#3471,#3479));
#3452 = ORIENTED_EDGE('',*,*,#3453,.T.);
#3453 = EDGE_CURVE('',#3454,#3456,#3458,.T.);
#3454 = VERTEX_POINT('',#3455);
#3455 = CARTESIAN_POINT('',(304.2,-16.6,0.));
#3456 = VERTEX_POINT('',#3457);
#3457 = CARTESIAN_POINT('',(304.2,-16.6,0.71));
#3458 = LINE('',#3459,#3460);
#3459 = CARTESIAN_POINT('',(304.2,-16.6,0.));
#3460 = VECTOR('',#3461,1.);
#3461 = DIRECTION('',(0.,0.,1.));
#3462 = ORIENTED_EDGE('',*,*,#3463,.T.);
#3463 = EDGE_CURVE('',#3456,#3464,#3466,.T.);
#3464 = VERTEX_POINT('',#3465);
#3465 = CARTESIAN_POINT('',(305.2,-17.6,0.71));
#3466 = CIRCLE('',#3467,0.999999252925);
#3467 = AXIS2_PLACEMENT_3D('',#3468,#3469,#3470);
#3468 = CARTESIAN_POINT('',(304.20000074707,-17.59999925292,0.71));
#3469 = DIRECTION('',(0.,0.,-1.));
#3470 = DIRECTION('',(-7.470757633756E-07,1.,0.));
#3471 = ORIENTED_EDGE('',*,*,#3472,.F.);
#3472 = EDGE_CURVE('',#3473,#3464,#3475,.T.);
#3473 = VERTEX_POINT('',#3474);
#3474 = CARTESIAN_POINT('',(305.2,-17.6,0.));
#3475 = LINE('',#3476,#3477);
#3476 = CARTESIAN_POINT('',(305.2,-17.6,0.));
#3477 = VECTOR('',#3478,1.);
#3478 = DIRECTION('',(0.,0.,1.));
#3479 = ORIENTED_EDGE('',*,*,#3480,.F.);
#3480 = EDGE_CURVE('',#3454,#3473,#3481,.T.);
#3481 = CIRCLE('',#3482,0.999999252925);
#3482 = AXIS2_PLACEMENT_3D('',#3483,#3484,#3485);
#3483 = CARTESIAN_POINT('',(304.20000074707,-17.59999925292,0.));
#3484 = DIRECTION('',(0.,0.,-1.));
#3485 = DIRECTION('',(-7.470757633756E-07,1.,0.));
#3486 = CYLINDRICAL_SURFACE('',#3487,0.999999252925);
#3487 = AXIS2_PLACEMENT_3D('',#3488,#3489,#3490);
#3488 = CARTESIAN_POINT('',(304.20000074707,-17.59999925292,0.));
#3489 = DIRECTION('',(0.,0.,-1.));
#3490 = DIRECTION('',(-7.470757633756E-07,1.,0.));
#3491 = ADVANCED_FACE('',(#3492),#3517,.T.);
#3492 = FACE_BOUND('',#3493,.T.);
#3493 = EDGE_LOOP('',(#3494,#3504,#3510,#3511));
#3494 = ORIENTED_EDGE('',*,*,#3495,.T.);
#3495 = EDGE_CURVE('',#3496,#3498,#3500,.T.);
#3496 = VERTEX_POINT('',#3497);
#3497 = CARTESIAN_POINT('',(194.8,-16.6,0.));
#3498 = VERTEX_POINT('',#3499);
#3499 = CARTESIAN_POINT('',(194.8,-16.6,0.71));
#3500 = LINE('',#3501,#3502);
#3501 = CARTESIAN_POINT('',(194.8,-16.6,0.));
#3502 = VECTOR('',#3503,1.);
#3503 = DIRECTION('',(0.,0.,1.));
#3504 = ORIENTED_EDGE('',*,*,#3505,.T.);
#3505 = EDGE_CURVE('',#3498,#3456,#3506,.T.);
#3506 = LINE('',#3507,#3508);
#3507 = CARTESIAN_POINT('',(194.8,-16.6,0.71));
#3508 = VECTOR('',#3509,1.);
#3509 = DIRECTION('',(1.,0.,0.));
#3510 = ORIENTED_EDGE('',*,*,#3453,.F.);
#3511 = ORIENTED_EDGE('',*,*,#3512,.F.);
#3512 = EDGE_CURVE('',#3496,#3454,#3513,.T.);
#3513 = LINE('',#3514,#3515);
#3514 = CARTESIAN_POINT('',(194.8,-16.6,0.));
#3515 = VECTOR('',#3516,1.);
#3516 = DIRECTION('',(1.,0.,0.));
#3517 = PLANE('',#3518);
#3518 = AXIS2_PLACEMENT_3D('',#3519,#3520,#3521);
#3519 = CARTESIAN_POINT('',(194.8,-16.6,0.));
#3520 = DIRECTION('',(0.,1.,0.));
#3521 = DIRECTION('',(1.,0.,0.));
#3522 = ADVANCED_FACE('',(#3523),#3548,.T.);
#3523 = FACE_BOUND('',#3524,.T.);
#3524 = EDGE_LOOP('',(#3525,#3526,#3534,#3542));
#3525 = ORIENTED_EDGE('',*,*,#3472,.T.);
#3526 = ORIENTED_EDGE('',*,*,#3527,.T.);
#3527 = EDGE_CURVE('',#3464,#3528,#3530,.T.);
#3528 = VERTEX_POINT('',#3529);
#3529 = CARTESIAN_POINT('',(305.2,-112.2,0.71));
#3530 = LINE('',#3531,#3532);
#3531 = CARTESIAN_POINT('',(305.2,-17.6,0.71));
#3532 = VECTOR('',#3533,1.);
#3533 = DIRECTION('',(0.,-1.,0.));
#3534 = ORIENTED_EDGE('',*,*,#3535,.F.);
#3535 = EDGE_CURVE('',#3536,#3528,#3538,.T.);
#3536 = VERTEX_POINT('',#3537);
#3537 = CARTESIAN_POINT('',(305.2,-112.2,0.));
#3538 = LINE('',#3539,#3540);
#3539 = CARTESIAN_POINT('',(305.2,-112.2,0.));
#3540 = VECTOR('',#3541,1.);
#3541 = DIRECTION('',(0.,0.,1.));
#3542 = ORIENTED_EDGE('',*,*,#3543,.F.);
#3543 = EDGE_CURVE('',#3473,#3536,#3544,.T.);
#3544 = LINE('',#3545,#3546);
#3545 = CARTESIAN_POINT('',(305.2,-17.6,0.));
#3546 = VECTOR('',#3547,1.);
#3547 = DIRECTION('',(0.,-1.,0.));
#3548 = PLANE('',#3549);
#3549 = AXIS2_PLACEMENT_3D('',#3550,#3551,#3552);
#3550 = CARTESIAN_POINT('',(305.2,-17.6,0.));
#3551 = DIRECTION('',(1.,0.,-0.));
#3552 = DIRECTION('',(0.,-1.,0.));
#3553 = ADVANCED_FACE('',(#3554,#3600,#3611,#3622,#3633,#3644,#3655,
    #3666,#3677,#3688,#3699,#3710,#3721,#3732,#3743,#3754,#3765,#3776,
    #3787,#3798,#3809,#3820,#3831,#3842,#3853,#3864,#3875,#3886,#3897,
    #3908,#3919,#3930,#3941,#3952,#3963,#3974,#3985,#3996,#4007,#4018,
    #4029,#4040,#4051,#4062,#4073,#4084,#4095,#4106,#4117,#4128,#4139,
    #4150,#4161,#4172,#4183,#4269,#4346,#4434),#4445,.F.);
#3554 = FACE_BOUND('',#3555,.F.);
#3555 = EDGE_LOOP('',(#3556,#3557,#3558,#3567,#3575,#3584,#3592,#3599));
#3556 = ORIENTED_EDGE('',*,*,#3480,.F.);
#3557 = ORIENTED_EDGE('',*,*,#3512,.F.);
#3558 = ORIENTED_EDGE('',*,*,#3559,.F.);
#3559 = EDGE_CURVE('',#3560,#3496,#3562,.T.);
#3560 = VERTEX_POINT('',#3561);
#3561 = CARTESIAN_POINT('',(193.8,-17.6,0.));
#3562 = CIRCLE('',#3563,0.999999252925);
#3563 = AXIS2_PLACEMENT_3D('',#3564,#3565,#3566);
#3564 = CARTESIAN_POINT('',(194.79999925292,-17.59999925292,0.));
#3565 = DIRECTION('',(0.,0.,-1.));
#3566 = DIRECTION('',(-1.,-7.470757562702E-07,-0.));
#3567 = ORIENTED_EDGE('',*,*,#3568,.F.);
#3568 = EDGE_CURVE('',#3569,#3560,#3571,.T.);
#3569 = VERTEX_POINT('',#3570);
#3570 = CARTESIAN_POINT('',(193.8,-112.2,0.));
#3571 = LINE('',#3572,#3573);
#3572 = CARTESIAN_POINT('',(193.8,-112.2,0.));
#3573 = VECTOR('',#3574,1.);
#3574 = DIRECTION('',(0.,1.,0.));
#3575 = ORIENTED_EDGE('',*,*,#3576,.F.);
#3576 = EDGE_CURVE('',#3577,#3569,#3579,.T.);
#3577 = VERTEX_POINT('',#3578);
#3578 = CARTESIAN_POINT('',(194.8,-113.2,0.));
#3579 = CIRCLE('',#3580,0.999999252925);
#3580 = AXIS2_PLACEMENT_3D('',#3581,#3582,#3583);
#3581 = CARTESIAN_POINT('',(194.79999925292,-112.200000747,0.));
#3582 = DIRECTION('',(0.,0.,-1.));
#3583 = DIRECTION('',(7.470757349539E-07,-1.,0.));
#3584 = ORIENTED_EDGE('',*,*,#3585,.F.);
#3585 = EDGE_CURVE('',#3586,#3577,#3588,.T.);
#3586 = VERTEX_POINT('',#3587);
#3587 = CARTESIAN_POINT('',(304.2,-113.2,0.));
#3588 = LINE('',#3589,#3590);
#3589 = CARTESIAN_POINT('',(304.2,-113.2,0.));
#3590 = VECTOR('',#3591,1.);
#3591 = DIRECTION('',(-1.,0.,0.));
#3592 = ORIENTED_EDGE('',*,*,#3593,.F.);
#3593 = EDGE_CURVE('',#3536,#3586,#3594,.T.);
#3594 = CIRCLE('',#3595,0.999999252925);
#3595 = AXIS2_PLACEMENT_3D('',#3596,#3597,#3598);
#3596 = CARTESIAN_POINT('',(304.20000074707,-112.200000747,0.));
#3597 = DIRECTION('',(0.,0.,-1.));
#3598 = DIRECTION('',(1.,7.470757349539E-07,0.));
#3599 = ORIENTED_EDGE('',*,*,#3543,.F.);
#3600 = FACE_BOUND('',#3601,.F.);
#3601 = EDGE_LOOP('',(#3602));
#3602 = ORIENTED_EDGE('',*,*,#3603,.F.);
#3603 = EDGE_CURVE('',#3604,#3604,#3606,.T.);
#3604 = VERTEX_POINT('',#3605);
#3605 = CARTESIAN_POINT('',(197.,-105.1,0.));
#3606 = CIRCLE('',#3607,1.1);
#3607 = AXIS2_PLACEMENT_3D('',#3608,#3609,#3610);
#3608 = CARTESIAN_POINT('',(195.9,-105.1,0.));
#3609 = DIRECTION('',(0.,0.,1.));
#3610 = DIRECTION('',(1.,0.,-0.));
#3611 = FACE_BOUND('',#3612,.F.);
#3612 = EDGE_LOOP('',(#3613));
#3613 = ORIENTED_EDGE('',*,*,#3614,.F.);
#3614 = EDGE_CURVE('',#3615,#3615,#3617,.T.);
#3615 = VERTEX_POINT('',#3616);
#3616 = CARTESIAN_POINT('',(201.7,-102.75,0.));
#3617 = CIRCLE('',#3618,0.5);
#3618 = AXIS2_PLACEMENT_3D('',#3619,#3620,#3621);
#3619 = CARTESIAN_POINT('',(201.2,-102.75,0.));
#3620 = DIRECTION('',(0.,0.,1.));
#3621 = DIRECTION('',(1.,0.,-0.));
#3622 = FACE_BOUND('',#3623,.F.);
#3623 = EDGE_LOOP('',(#3624));
#3624 = ORIENTED_EDGE('',*,*,#3625,.F.);
#3625 = EDGE_CURVE('',#3626,#3626,#3628,.T.);
#3626 = VERTEX_POINT('',#3627);
#3627 = CARTESIAN_POINT('',(218.7,-102.75,0.));
#3628 = CIRCLE('',#3629,0.5);
#3629 = AXIS2_PLACEMENT_3D('',#3630,#3631,#3632);
#3630 = CARTESIAN_POINT('',(218.2,-102.75,0.));
#3631 = DIRECTION('',(0.,0.,1.));
#3632 = DIRECTION('',(1.,0.,-0.));
#3633 = FACE_BOUND('',#3634,.F.);
#3634 = EDGE_LOOP('',(#3635));
#3635 = ORIENTED_EDGE('',*,*,#3636,.F.);
#3636 = EDGE_CURVE('',#3637,#3637,#3639,.T.);
#3637 = VERTEX_POINT('',#3638);
#3638 = CARTESIAN_POINT('',(213.4,-97.25,0.));
#3639 = CIRCLE('',#3640,0.6);
#3640 = AXIS2_PLACEMENT_3D('',#3641,#3642,#3643);
#3641 = CARTESIAN_POINT('',(212.8,-97.25,0.));
#3642 = DIRECTION('',(0.,0.,1.));
#3643 = DIRECTION('',(1.,0.,-0.));
#3644 = FACE_BOUND('',#3645,.F.);
#3645 = EDGE_LOOP('',(#3646));
#3646 = ORIENTED_EDGE('',*,*,#3647,.F.);
#3647 = EDGE_CURVE('',#3648,#3648,#3650,.T.);
#3648 = VERTEX_POINT('',#3649);
#3649 = CARTESIAN_POINT('',(201.7,-85.75,0.));
#3650 = CIRCLE('',#3651,0.5);
#3651 = AXIS2_PLACEMENT_3D('',#3652,#3653,#3654);
#3652 = CARTESIAN_POINT('',(201.2,-85.75,0.));
#3653 = DIRECTION('',(0.,0.,1.));
#3654 = DIRECTION('',(1.,0.,-0.));
#3655 = FACE_BOUND('',#3656,.F.);
#3656 = EDGE_LOOP('',(#3657));
#3657 = ORIENTED_EDGE('',*,*,#3658,.F.);
#3658 = EDGE_CURVE('',#3659,#3659,#3661,.T.);
#3659 = VERTEX_POINT('',#3660);
#3660 = CARTESIAN_POINT('',(218.7,-85.75,0.));
#3661 = CIRCLE('',#3662,0.5);
#3662 = AXIS2_PLACEMENT_3D('',#3663,#3664,#3665);
#3663 = CARTESIAN_POINT('',(218.2,-85.75,0.));
#3664 = DIRECTION('',(0.,0.,1.));
#3665 = DIRECTION('',(1.,0.,-0.));
#3666 = FACE_BOUND('',#3667,.F.);
#3667 = EDGE_LOOP('',(#3668));
#3668 = ORIENTED_EDGE('',*,*,#3669,.F.);
#3669 = EDGE_CURVE('',#3670,#3670,#3672,.T.);
#3670 = VERTEX_POINT('',#3671);
#3671 = CARTESIAN_POINT('',(235.7,-102.75,0.));
#3672 = CIRCLE('',#3673,0.5);
#3673 = AXIS2_PLACEMENT_3D('',#3674,#3675,#3676);
#3674 = CARTESIAN_POINT('',(235.2,-102.75,0.));
#3675 = DIRECTION('',(0.,0.,1.));
#3676 = DIRECTION('',(1.,0.,-0.));
#3677 = FACE_BOUND('',#3678,.F.);
#3678 = EDGE_LOOP('',(#3679));
#3679 = ORIENTED_EDGE('',*,*,#3680,.F.);
#3680 = EDGE_CURVE('',#3681,#3681,#3683,.T.);
#3681 = VERTEX_POINT('',#3682);
#3682 = CARTESIAN_POINT('',(230.4,-97.25,0.));
#3683 = CIRCLE('',#3684,0.6);
#3684 = AXIS2_PLACEMENT_3D('',#3685,#3686,#3687);
#3685 = CARTESIAN_POINT('',(229.8,-97.25,0.));
#3686 = DIRECTION('',(0.,0.,1.));
#3687 = DIRECTION('',(1.,0.,-0.));
#3688 = FACE_BOUND('',#3689,.F.);
#3689 = EDGE_LOOP('',(#3690));
#3690 = ORIENTED_EDGE('',*,*,#3691,.F.);
#3691 = EDGE_CURVE('',#3692,#3692,#3694,.T.);
#3692 = VERTEX_POINT('',#3693);
#3693 = CARTESIAN_POINT('',(247.4,-97.25,0.));
#3694 = CIRCLE('',#3695,0.6);
#3695 = AXIS2_PLACEMENT_3D('',#3696,#3697,#3698);
#3696 = CARTESIAN_POINT('',(246.8,-97.25,0.));
#3697 = DIRECTION('',(0.,0.,1.));
#3698 = DIRECTION('',(1.,0.,-0.));
#3699 = FACE_BOUND('',#3700,.F.);
#3700 = EDGE_LOOP('',(#3701));
#3701 = ORIENTED_EDGE('',*,*,#3702,.F.);
#3702 = EDGE_CURVE('',#3703,#3703,#3705,.T.);
#3703 = VERTEX_POINT('',#3704);
#3704 = CARTESIAN_POINT('',(235.7,-85.75,0.));
#3705 = CIRCLE('',#3706,0.5);
#3706 = AXIS2_PLACEMENT_3D('',#3707,#3708,#3709);
#3707 = CARTESIAN_POINT('',(235.2,-85.75,0.));
#3708 = DIRECTION('',(0.,0.,1.));
#3709 = DIRECTION('',(1.,0.,-0.));
#3710 = FACE_BOUND('',#3711,.F.);
#3711 = EDGE_LOOP('',(#3712));
#3712 = ORIENTED_EDGE('',*,*,#3713,.F.);
#3713 = EDGE_CURVE('',#3714,#3714,#3716,.T.);
#3714 = VERTEX_POINT('',#3715);
#3715 = CARTESIAN_POINT('',(213.4,-80.25,0.));
#3716 = CIRCLE('',#3717,0.6);
#3717 = AXIS2_PLACEMENT_3D('',#3718,#3719,#3720);
#3718 = CARTESIAN_POINT('',(212.8,-80.25,0.));
#3719 = DIRECTION('',(0.,0.,1.));
#3720 = DIRECTION('',(1.,0.,-0.));
#3721 = FACE_BOUND('',#3722,.F.);
#3722 = EDGE_LOOP('',(#3723));
#3723 = ORIENTED_EDGE('',*,*,#3724,.F.);
#3724 = EDGE_CURVE('',#3725,#3725,#3727,.T.);
#3725 = VERTEX_POINT('',#3726);
#3726 = CARTESIAN_POINT('',(201.7,-68.75,0.));
#3727 = CIRCLE('',#3728,0.5);
#3728 = AXIS2_PLACEMENT_3D('',#3729,#3730,#3731);
#3729 = CARTESIAN_POINT('',(201.2,-68.75,0.));
#3730 = DIRECTION('',(0.,0.,1.));
#3731 = DIRECTION('',(1.,0.,-0.));
#3732 = FACE_BOUND('',#3733,.F.);
#3733 = EDGE_LOOP('',(#3734));
#3734 = ORIENTED_EDGE('',*,*,#3735,.F.);
#3735 = EDGE_CURVE('',#3736,#3736,#3738,.T.);
#3736 = VERTEX_POINT('',#3737);
#3737 = CARTESIAN_POINT('',(218.7,-68.75,0.));
#3738 = CIRCLE('',#3739,0.5);
#3739 = AXIS2_PLACEMENT_3D('',#3740,#3741,#3742);
#3740 = CARTESIAN_POINT('',(218.2,-68.75,0.));
#3741 = DIRECTION('',(0.,0.,1.));
#3742 = DIRECTION('',(1.,0.,-0.));
#3743 = FACE_BOUND('',#3744,.F.);
#3744 = EDGE_LOOP('',(#3745));
#3745 = ORIENTED_EDGE('',*,*,#3746,.F.);
#3746 = EDGE_CURVE('',#3747,#3747,#3749,.T.);
#3747 = VERTEX_POINT('',#3748);
#3748 = CARTESIAN_POINT('',(213.4,-63.25,0.));
#3749 = CIRCLE('',#3750,0.6);
#3750 = AXIS2_PLACEMENT_3D('',#3751,#3752,#3753);
#3751 = CARTESIAN_POINT('',(212.8,-63.25,0.));
#3752 = DIRECTION('',(0.,0.,1.));
#3753 = DIRECTION('',(1.,0.,-0.));
#3754 = FACE_BOUND('',#3755,.F.);
#3755 = EDGE_LOOP('',(#3756));
#3756 = ORIENTED_EDGE('',*,*,#3757,.F.);
#3757 = EDGE_CURVE('',#3758,#3758,#3760,.T.);
#3758 = VERTEX_POINT('',#3759);
#3759 = CARTESIAN_POINT('',(230.4,-80.25,0.));
#3760 = CIRCLE('',#3761,0.6);
#3761 = AXIS2_PLACEMENT_3D('',#3762,#3763,#3764);
#3762 = CARTESIAN_POINT('',(229.8,-80.25,0.));
#3763 = DIRECTION('',(0.,0.,1.));
#3764 = DIRECTION('',(1.,0.,-0.));
#3765 = FACE_BOUND('',#3766,.F.);
#3766 = EDGE_LOOP('',(#3767));
#3767 = ORIENTED_EDGE('',*,*,#3768,.F.);
#3768 = EDGE_CURVE('',#3769,#3769,#3771,.T.);
#3769 = VERTEX_POINT('',#3770);
#3770 = CARTESIAN_POINT('',(247.4,-80.25,0.));
#3771 = CIRCLE('',#3772,0.6);
#3772 = AXIS2_PLACEMENT_3D('',#3773,#3774,#3775);
#3773 = CARTESIAN_POINT('',(246.8,-80.25,0.));
#3774 = DIRECTION('',(0.,0.,1.));
#3775 = DIRECTION('',(1.,0.,-0.));
#3776 = FACE_BOUND('',#3777,.F.);
#3777 = EDGE_LOOP('',(#3778));
#3778 = ORIENTED_EDGE('',*,*,#3779,.F.);
#3779 = EDGE_CURVE('',#3780,#3780,#3782,.T.);
#3780 = VERTEX_POINT('',#3781);
#3781 = CARTESIAN_POINT('',(235.7,-68.75,0.));
#3782 = CIRCLE('',#3783,0.5);
#3783 = AXIS2_PLACEMENT_3D('',#3784,#3785,#3786);
#3784 = CARTESIAN_POINT('',(235.2,-68.75,0.));
#3785 = DIRECTION('',(0.,0.,1.));
#3786 = DIRECTION('',(1.,0.,-0.));
#3787 = FACE_BOUND('',#3788,.F.);
#3788 = EDGE_LOOP('',(#3789));
#3789 = ORIENTED_EDGE('',*,*,#3790,.F.);
#3790 = EDGE_CURVE('',#3791,#3791,#3793,.T.);
#3791 = VERTEX_POINT('',#3792);
#3792 = CARTESIAN_POINT('',(230.4,-63.25,0.));
#3793 = CIRCLE('',#3794,0.6);
#3794 = AXIS2_PLACEMENT_3D('',#3795,#3796,#3797);
#3795 = CARTESIAN_POINT('',(229.8,-63.25,0.));
#3796 = DIRECTION('',(0.,0.,1.));
#3797 = DIRECTION('',(1.,0.,-0.));
#3798 = FACE_BOUND('',#3799,.F.);
#3799 = EDGE_LOOP('',(#3800));
#3800 = ORIENTED_EDGE('',*,*,#3801,.F.);
#3801 = EDGE_CURVE('',#3802,#3802,#3804,.T.);
#3802 = VERTEX_POINT('',#3803);
#3803 = CARTESIAN_POINT('',(247.4,-63.25,0.));
#3804 = CIRCLE('',#3805,0.6);
#3805 = AXIS2_PLACEMENT_3D('',#3806,#3807,#3808);
#3806 = CARTESIAN_POINT('',(246.8,-63.25,0.));
#3807 = DIRECTION('',(0.,0.,1.));
#3808 = DIRECTION('',(1.,0.,-0.));
#3809 = FACE_BOUND('',#3810,.F.);
#3810 = EDGE_LOOP('',(#3811));
#3811 = ORIENTED_EDGE('',*,*,#3812,.F.);
#3812 = EDGE_CURVE('',#3813,#3813,#3815,.T.);
#3813 = VERTEX_POINT('',#3814);
#3814 = CARTESIAN_POINT('',(252.7,-102.75,0.));
#3815 = CIRCLE('',#3816,0.5);
#3816 = AXIS2_PLACEMENT_3D('',#3817,#3818,#3819);
#3817 = CARTESIAN_POINT('',(252.2,-102.75,0.));
#3818 = DIRECTION('',(0.,0.,1.));
#3819 = DIRECTION('',(1.,0.,-0.));
#3820 = FACE_BOUND('',#3821,.F.);
#3821 = EDGE_LOOP('',(#3822));
#3822 = ORIENTED_EDGE('',*,*,#3823,.F.);
#3823 = EDGE_CURVE('',#3824,#3824,#3826,.T.);
#3824 = VERTEX_POINT('',#3825);
#3825 = CARTESIAN_POINT('',(269.7,-102.75,0.));
#3826 = CIRCLE('',#3827,0.5);
#3827 = AXIS2_PLACEMENT_3D('',#3828,#3829,#3830);
#3828 = CARTESIAN_POINT('',(269.2,-102.75,0.));
#3829 = DIRECTION('',(0.,0.,1.));
#3830 = DIRECTION('',(1.,0.,-0.));
#3831 = FACE_BOUND('',#3832,.F.);
#3832 = EDGE_LOOP('',(#3833));
#3833 = ORIENTED_EDGE('',*,*,#3834,.F.);
#3834 = EDGE_CURVE('',#3835,#3835,#3837,.T.);
#3835 = VERTEX_POINT('',#3836);
#3836 = CARTESIAN_POINT('',(264.4,-97.25,0.));
#3837 = CIRCLE('',#3838,0.6);
#3838 = AXIS2_PLACEMENT_3D('',#3839,#3840,#3841);
#3839 = CARTESIAN_POINT('',(263.8,-97.25,0.));
#3840 = DIRECTION('',(0.,0.,1.));
#3841 = DIRECTION('',(1.,0.,-0.));
#3842 = FACE_BOUND('',#3843,.F.);
#3843 = EDGE_LOOP('',(#3844));
#3844 = ORIENTED_EDGE('',*,*,#3845,.F.);
#3845 = EDGE_CURVE('',#3846,#3846,#3848,.T.);
#3846 = VERTEX_POINT('',#3847);
#3847 = CARTESIAN_POINT('',(252.7,-85.75,0.));
#3848 = CIRCLE('',#3849,0.5);
#3849 = AXIS2_PLACEMENT_3D('',#3850,#3851,#3852);
#3850 = CARTESIAN_POINT('',(252.2,-85.75,0.));
#3851 = DIRECTION('',(0.,0.,1.));
#3852 = DIRECTION('',(1.,0.,-0.));
#3853 = FACE_BOUND('',#3854,.F.);
#3854 = EDGE_LOOP('',(#3855));
#3855 = ORIENTED_EDGE('',*,*,#3856,.F.);
#3856 = EDGE_CURVE('',#3857,#3857,#3859,.T.);
#3857 = VERTEX_POINT('',#3858);
#3858 = CARTESIAN_POINT('',(269.7,-85.75,0.));
#3859 = CIRCLE('',#3860,0.5);
#3860 = AXIS2_PLACEMENT_3D('',#3861,#3862,#3863);
#3861 = CARTESIAN_POINT('',(269.2,-85.75,0.));
#3862 = DIRECTION('',(0.,0.,1.));
#3863 = DIRECTION('',(1.,0.,-0.));
#3864 = FACE_BOUND('',#3865,.F.);
#3865 = EDGE_LOOP('',(#3866));
#3866 = ORIENTED_EDGE('',*,*,#3867,.F.);
#3867 = EDGE_CURVE('',#3868,#3868,#3870,.T.);
#3868 = VERTEX_POINT('',#3869);
#3869 = CARTESIAN_POINT('',(286.7,-102.75,0.));
#3870 = CIRCLE('',#3871,0.5);
#3871 = AXIS2_PLACEMENT_3D('',#3872,#3873,#3874);
#3872 = CARTESIAN_POINT('',(286.2,-102.75,0.));
#3873 = DIRECTION('',(0.,0.,1.));
#3874 = DIRECTION('',(1.,0.,-0.));
#3875 = FACE_BOUND('',#3876,.F.);
#3876 = EDGE_LOOP('',(#3877));
#3877 = ORIENTED_EDGE('',*,*,#3878,.F.);
#3878 = EDGE_CURVE('',#3879,#3879,#3881,.T.);
#3879 = VERTEX_POINT('',#3880);
#3880 = CARTESIAN_POINT('',(281.4,-97.25,0.));
#3881 = CIRCLE('',#3882,0.6);
#3882 = AXIS2_PLACEMENT_3D('',#3883,#3884,#3885);
#3883 = CARTESIAN_POINT('',(280.8,-97.25,0.));
#3884 = DIRECTION('',(0.,0.,1.));
#3885 = DIRECTION('',(1.,0.,-0.));
#3886 = FACE_BOUND('',#3887,.F.);
#3887 = EDGE_LOOP('',(#3888));
#3888 = ORIENTED_EDGE('',*,*,#3889,.F.);
#3889 = EDGE_CURVE('',#3890,#3890,#3892,.T.);
#3890 = VERTEX_POINT('',#3891);
#3891 = CARTESIAN_POINT('',(304.2,-105.1,0.));
#3892 = CIRCLE('',#3893,1.1);
#3893 = AXIS2_PLACEMENT_3D('',#3894,#3895,#3896);
#3894 = CARTESIAN_POINT('',(303.1,-105.1,0.));
#3895 = DIRECTION('',(0.,0.,1.));
#3896 = DIRECTION('',(1.,0.,-0.));
#3897 = FACE_BOUND('',#3898,.F.);
#3898 = EDGE_LOOP('',(#3899));
#3899 = ORIENTED_EDGE('',*,*,#3900,.F.);
#3900 = EDGE_CURVE('',#3901,#3901,#3903,.T.);
#3901 = VERTEX_POINT('',#3902);
#3902 = CARTESIAN_POINT('',(298.4,-97.25,0.));
#3903 = CIRCLE('',#3904,0.6);
#3904 = AXIS2_PLACEMENT_3D('',#3905,#3906,#3907);
#3905 = CARTESIAN_POINT('',(297.8,-97.25,0.));
#3906 = DIRECTION('',(0.,0.,1.));
#3907 = DIRECTION('',(1.,0.,-0.));
#3908 = FACE_BOUND('',#3909,.F.);
#3909 = EDGE_LOOP('',(#3910));
#3910 = ORIENTED_EDGE('',*,*,#3911,.F.);
#3911 = EDGE_CURVE('',#3912,#3912,#3914,.T.);
#3912 = VERTEX_POINT('',#3913);
#3913 = CARTESIAN_POINT('',(286.7,-85.75,0.));
#3914 = CIRCLE('',#3915,0.5);
#3915 = AXIS2_PLACEMENT_3D('',#3916,#3917,#3918);
#3916 = CARTESIAN_POINT('',(286.2,-85.75,0.));
#3917 = DIRECTION('',(0.,0.,1.));
#3918 = DIRECTION('',(1.,0.,-0.));
#3919 = FACE_BOUND('',#3920,.F.);
#3920 = EDGE_LOOP('',(#3921));
#3921 = ORIENTED_EDGE('',*,*,#3922,.F.);
#3922 = EDGE_CURVE('',#3923,#3923,#3925,.T.);
#3923 = VERTEX_POINT('',#3924);
#3924 = CARTESIAN_POINT('',(264.4,-80.25,0.));
#3925 = CIRCLE('',#3926,0.6);
#3926 = AXIS2_PLACEMENT_3D('',#3927,#3928,#3929);
#3927 = CARTESIAN_POINT('',(263.8,-80.25,0.));
#3928 = DIRECTION('',(0.,0.,1.));
#3929 = DIRECTION('',(1.,0.,-0.));
#3930 = FACE_BOUND('',#3931,.F.);
#3931 = EDGE_LOOP('',(#3932));
#3932 = ORIENTED_EDGE('',*,*,#3933,.F.);
#3933 = EDGE_CURVE('',#3934,#3934,#3936,.T.);
#3934 = VERTEX_POINT('',#3935);
#3935 = CARTESIAN_POINT('',(252.7,-68.75,0.));
#3936 = CIRCLE('',#3937,0.5);
#3937 = AXIS2_PLACEMENT_3D('',#3938,#3939,#3940);
#3938 = CARTESIAN_POINT('',(252.2,-68.75,0.));
#3939 = DIRECTION('',(0.,0.,1.));
#3940 = DIRECTION('',(1.,0.,-0.));
#3941 = FACE_BOUND('',#3942,.F.);
#3942 = EDGE_LOOP('',(#3943));
#3943 = ORIENTED_EDGE('',*,*,#3944,.F.);
#3944 = EDGE_CURVE('',#3945,#3945,#3947,.T.);
#3945 = VERTEX_POINT('',#3946);
#3946 = CARTESIAN_POINT('',(269.7,-68.75,0.));
#3947 = CIRCLE('',#3948,0.5);
#3948 = AXIS2_PLACEMENT_3D('',#3949,#3950,#3951);
#3949 = CARTESIAN_POINT('',(269.2,-68.75,0.));
#3950 = DIRECTION('',(0.,0.,1.));
#3951 = DIRECTION('',(1.,0.,-0.));
#3952 = FACE_BOUND('',#3953,.F.);
#3953 = EDGE_LOOP('',(#3954));
#3954 = ORIENTED_EDGE('',*,*,#3955,.F.);
#3955 = EDGE_CURVE('',#3956,#3956,#3958,.T.);
#3956 = VERTEX_POINT('',#3957);
#3957 = CARTESIAN_POINT('',(264.4,-63.25,0.));
#3958 = CIRCLE('',#3959,0.6);
#3959 = AXIS2_PLACEMENT_3D('',#3960,#3961,#3962);
#3960 = CARTESIAN_POINT('',(263.8,-63.25,0.));
#3961 = DIRECTION('',(0.,0.,1.));
#3962 = DIRECTION('',(1.,0.,-0.));
#3963 = FACE_BOUND('',#3964,.F.);
#3964 = EDGE_LOOP('',(#3965));
#3965 = ORIENTED_EDGE('',*,*,#3966,.F.);
#3966 = EDGE_CURVE('',#3967,#3967,#3969,.T.);
#3967 = VERTEX_POINT('',#3968);
#3968 = CARTESIAN_POINT('',(281.4,-80.25,0.));
#3969 = CIRCLE('',#3970,0.6);
#3970 = AXIS2_PLACEMENT_3D('',#3971,#3972,#3973);
#3971 = CARTESIAN_POINT('',(280.8,-80.25,0.));
#3972 = DIRECTION('',(0.,0.,1.));
#3973 = DIRECTION('',(1.,0.,-0.));
#3974 = FACE_BOUND('',#3975,.F.);
#3975 = EDGE_LOOP('',(#3976));
#3976 = ORIENTED_EDGE('',*,*,#3977,.F.);
#3977 = EDGE_CURVE('',#3978,#3978,#3980,.T.);
#3978 = VERTEX_POINT('',#3979);
#3979 = CARTESIAN_POINT('',(298.4,-80.25,0.));
#3980 = CIRCLE('',#3981,0.6);
#3981 = AXIS2_PLACEMENT_3D('',#3982,#3983,#3984);
#3982 = CARTESIAN_POINT('',(297.8,-80.25,0.));
#3983 = DIRECTION('',(0.,0.,1.));
#3984 = DIRECTION('',(1.,0.,-0.));
#3985 = FACE_BOUND('',#3986,.F.);
#3986 = EDGE_LOOP('',(#3987));
#3987 = ORIENTED_EDGE('',*,*,#3988,.F.);
#3988 = EDGE_CURVE('',#3989,#3989,#3991,.T.);
#3989 = VERTEX_POINT('',#3990);
#3990 = CARTESIAN_POINT('',(286.7,-68.75,0.));
#3991 = CIRCLE('',#3992,0.5);
#3992 = AXIS2_PLACEMENT_3D('',#3993,#3994,#3995);
#3993 = CARTESIAN_POINT('',(286.2,-68.75,0.));
#3994 = DIRECTION('',(0.,0.,1.));
#3995 = DIRECTION('',(1.,0.,-0.));
#3996 = FACE_BOUND('',#3997,.F.);
#3997 = EDGE_LOOP('',(#3998));
#3998 = ORIENTED_EDGE('',*,*,#3999,.F.);
#3999 = EDGE_CURVE('',#4000,#4000,#4002,.T.);
#4000 = VERTEX_POINT('',#4001);
#4001 = CARTESIAN_POINT('',(281.4,-63.25,0.));
#4002 = CIRCLE('',#4003,0.6);
#4003 = AXIS2_PLACEMENT_3D('',#4004,#4005,#4006);
#4004 = CARTESIAN_POINT('',(280.8,-63.25,0.));
#4005 = DIRECTION('',(0.,0.,1.));
#4006 = DIRECTION('',(1.,0.,-0.));
#4007 = FACE_BOUND('',#4008,.F.);
#4008 = EDGE_LOOP('',(#4009));
#4009 = ORIENTED_EDGE('',*,*,#4010,.F.);
#4010 = EDGE_CURVE('',#4011,#4011,#4013,.T.);
#4011 = VERTEX_POINT('',#4012);
#4012 = CARTESIAN_POINT('',(298.4,-63.25,0.));
#4013 = CIRCLE('',#4014,0.6);
#4014 = AXIS2_PLACEMENT_3D('',#4015,#4016,#4017);
#4015 = CARTESIAN_POINT('',(297.8,-63.25,0.));
#4016 = DIRECTION('',(0.,0.,1.));
#4017 = DIRECTION('',(1.,0.,-0.));
#4018 = FACE_BOUND('',#4019,.F.);
#4019 = EDGE_LOOP('',(#4020));
#4020 = ORIENTED_EDGE('',*,*,#4021,.F.);
#4021 = EDGE_CURVE('',#4022,#4022,#4024,.T.);
#4022 = VERTEX_POINT('',#4023);
#4023 = CARTESIAN_POINT('',(201.7,-51.75,0.));
#4024 = CIRCLE('',#4025,0.5);
#4025 = AXIS2_PLACEMENT_3D('',#4026,#4027,#4028);
#4026 = CARTESIAN_POINT('',(201.2,-51.75,0.));
#4027 = DIRECTION('',(0.,0.,1.));
#4028 = DIRECTION('',(1.,0.,-0.));
#4029 = FACE_BOUND('',#4030,.F.);
#4030 = EDGE_LOOP('',(#4031));
#4031 = ORIENTED_EDGE('',*,*,#4032,.F.);
#4032 = EDGE_CURVE('',#4033,#4033,#4035,.T.);
#4033 = VERTEX_POINT('',#4034);
#4034 = CARTESIAN_POINT('',(218.7,-51.75,0.));
#4035 = CIRCLE('',#4036,0.5);
#4036 = AXIS2_PLACEMENT_3D('',#4037,#4038,#4039);
#4037 = CARTESIAN_POINT('',(218.2,-51.75,0.));
#4038 = DIRECTION('',(0.,0.,1.));
#4039 = DIRECTION('',(1.,0.,-0.));
#4040 = FACE_BOUND('',#4041,.F.);
#4041 = EDGE_LOOP('',(#4042));
#4042 = ORIENTED_EDGE('',*,*,#4043,.F.);
#4043 = EDGE_CURVE('',#4044,#4044,#4046,.T.);
#4044 = VERTEX_POINT('',#4045);
#4045 = CARTESIAN_POINT('',(213.4,-46.25,0.));
#4046 = CIRCLE('',#4047,0.6);
#4047 = AXIS2_PLACEMENT_3D('',#4048,#4049,#4050);
#4048 = CARTESIAN_POINT('',(212.8,-46.25,0.));
#4049 = DIRECTION('',(0.,0.,1.));
#4050 = DIRECTION('',(1.,0.,-0.));
#4051 = FACE_BOUND('',#4052,.F.);
#4052 = EDGE_LOOP('',(#4053));
#4053 = ORIENTED_EDGE('',*,*,#4054,.F.);
#4054 = EDGE_CURVE('',#4055,#4055,#4057,.T.);
#4055 = VERTEX_POINT('',#4056);
#4056 = CARTESIAN_POINT('',(235.7,-51.75,0.));
#4057 = CIRCLE('',#4058,0.5);
#4058 = AXIS2_PLACEMENT_3D('',#4059,#4060,#4061);
#4059 = CARTESIAN_POINT('',(235.2,-51.75,0.));
#4060 = DIRECTION('',(0.,0.,1.));
#4061 = DIRECTION('',(1.,0.,-0.));
#4062 = FACE_BOUND('',#4063,.F.);
#4063 = EDGE_LOOP('',(#4064));
#4064 = ORIENTED_EDGE('',*,*,#4065,.F.);
#4065 = EDGE_CURVE('',#4066,#4066,#4068,.T.);
#4066 = VERTEX_POINT('',#4067);
#4067 = CARTESIAN_POINT('',(230.4,-46.25,0.));
#4068 = CIRCLE('',#4069,0.6);
#4069 = AXIS2_PLACEMENT_3D('',#4070,#4071,#4072);
#4070 = CARTESIAN_POINT('',(229.8,-46.25,0.));
#4071 = DIRECTION('',(0.,0.,1.));
#4072 = DIRECTION('',(1.,0.,-0.));
#4073 = FACE_BOUND('',#4074,.F.);
#4074 = EDGE_LOOP('',(#4075));
#4075 = ORIENTED_EDGE('',*,*,#4076,.F.);
#4076 = EDGE_CURVE('',#4077,#4077,#4079,.T.);
#4077 = VERTEX_POINT('',#4078);
#4078 = CARTESIAN_POINT('',(247.4,-46.25,0.));
#4079 = CIRCLE('',#4080,0.6);
#4080 = AXIS2_PLACEMENT_3D('',#4081,#4082,#4083);
#4081 = CARTESIAN_POINT('',(246.8,-46.25,0.));
#4082 = DIRECTION('',(0.,0.,1.));
#4083 = DIRECTION('',(1.,0.,-0.));
#4084 = FACE_BOUND('',#4085,.F.);
#4085 = EDGE_LOOP('',(#4086));
#4086 = ORIENTED_EDGE('',*,*,#4087,.T.);
#4087 = EDGE_CURVE('',#4088,#4088,#4090,.T.);
#4088 = VERTEX_POINT('',#4089);
#4089 = CARTESIAN_POINT('',(195.5745,-30.45,0.));
#4090 = CIRCLE('',#4091,0.45);
#4091 = AXIS2_PLACEMENT_3D('',#4092,#4093,#4094);
#4092 = CARTESIAN_POINT('',(195.5745,-30.,0.));
#4093 = DIRECTION('',(-0.,0.,-1.));
#4094 = DIRECTION('',(-0.,-1.,0.));
#4095 = FACE_BOUND('',#4096,.F.);
#4096 = EDGE_LOOP('',(#4097));
#4097 = ORIENTED_EDGE('',*,*,#4098,.T.);
#4098 = EDGE_CURVE('',#4099,#4099,#4101,.T.);
#4099 = VERTEX_POINT('',#4100);
#4100 = CARTESIAN_POINT('',(195.5745,-27.45,0.));
#4101 = CIRCLE('',#4102,0.45);
#4102 = AXIS2_PLACEMENT_3D('',#4103,#4104,#4105);
#4103 = CARTESIAN_POINT('',(195.5745,-27.,0.));
#4104 = DIRECTION('',(-0.,0.,-1.));
#4105 = DIRECTION('',(-0.,-1.,0.));
#4106 = FACE_BOUND('',#4107,.F.);
#4107 = EDGE_LOOP('',(#4108));
#4108 = ORIENTED_EDGE('',*,*,#4109,.F.);
#4109 = EDGE_CURVE('',#4110,#4110,#4112,.T.);
#4110 = VERTEX_POINT('',#4111);
#4111 = CARTESIAN_POINT('',(197.,-18.7,0.));
#4112 = CIRCLE('',#4113,1.1);
#4113 = AXIS2_PLACEMENT_3D('',#4114,#4115,#4116);
#4114 = CARTESIAN_POINT('',(195.9,-18.7,0.));
#4115 = DIRECTION('',(0.,0.,1.));
#4116 = DIRECTION('',(1.,0.,-0.));
#4117 = FACE_BOUND('',#4118,.F.);
#4118 = EDGE_LOOP('',(#4119));
#4119 = ORIENTED_EDGE('',*,*,#4120,.F.);
#4120 = EDGE_CURVE('',#4121,#4121,#4123,.T.);
#4121 = VERTEX_POINT('',#4122);
#4122 = CARTESIAN_POINT('',(252.7,-51.75,0.));
#4123 = CIRCLE('',#4124,0.5);
#4124 = AXIS2_PLACEMENT_3D('',#4125,#4126,#4127);
#4125 = CARTESIAN_POINT('',(252.2,-51.75,0.));
#4126 = DIRECTION('',(0.,0.,1.));
#4127 = DIRECTION('',(1.,0.,-0.));
#4128 = FACE_BOUND('',#4129,.F.);
#4129 = EDGE_LOOP('',(#4130));
#4130 = ORIENTED_EDGE('',*,*,#4131,.F.);
#4131 = EDGE_CURVE('',#4132,#4132,#4134,.T.);
#4132 = VERTEX_POINT('',#4133);
#4133 = CARTESIAN_POINT('',(269.7,-51.75,0.));
#4134 = CIRCLE('',#4135,0.5);
#4135 = AXIS2_PLACEMENT_3D('',#4136,#4137,#4138);
#4136 = CARTESIAN_POINT('',(269.2,-51.75,0.));
#4137 = DIRECTION('',(0.,0.,1.));
#4138 = DIRECTION('',(1.,0.,-0.));
#4139 = FACE_BOUND('',#4140,.F.);
#4140 = EDGE_LOOP('',(#4141));
#4141 = ORIENTED_EDGE('',*,*,#4142,.F.);
#4142 = EDGE_CURVE('',#4143,#4143,#4145,.T.);
#4143 = VERTEX_POINT('',#4144);
#4144 = CARTESIAN_POINT('',(264.4,-46.25,0.));
#4145 = CIRCLE('',#4146,0.6);
#4146 = AXIS2_PLACEMENT_3D('',#4147,#4148,#4149);
#4147 = CARTESIAN_POINT('',(263.8,-46.25,0.));
#4148 = DIRECTION('',(0.,0.,1.));
#4149 = DIRECTION('',(1.,0.,-0.));
#4150 = FACE_BOUND('',#4151,.F.);
#4151 = EDGE_LOOP('',(#4152));
#4152 = ORIENTED_EDGE('',*,*,#4153,.F.);
#4153 = EDGE_CURVE('',#4154,#4154,#4156,.T.);
#4154 = VERTEX_POINT('',#4155);
#4155 = CARTESIAN_POINT('',(286.7,-51.75,0.));
#4156 = CIRCLE('',#4157,0.5);
#4157 = AXIS2_PLACEMENT_3D('',#4158,#4159,#4160);
#4158 = CARTESIAN_POINT('',(286.2,-51.75,0.));
#4159 = DIRECTION('',(0.,0.,1.));
#4160 = DIRECTION('',(1.,0.,-0.));
#4161 = FACE_BOUND('',#4162,.F.);
#4162 = EDGE_LOOP('',(#4163));
#4163 = ORIENTED_EDGE('',*,*,#4164,.F.);
#4164 = EDGE_CURVE('',#4165,#4165,#4167,.T.);
#4165 = VERTEX_POINT('',#4166);
#4166 = CARTESIAN_POINT('',(281.4,-46.25,0.));
#4167 = CIRCLE('',#4168,0.6);
#4168 = AXIS2_PLACEMENT_3D('',#4169,#4170,#4171);
#4169 = CARTESIAN_POINT('',(280.8,-46.25,0.));
#4170 = DIRECTION('',(0.,0.,1.));
#4171 = DIRECTION('',(1.,0.,-0.));
#4172 = FACE_BOUND('',#4173,.F.);
#4173 = EDGE_LOOP('',(#4174));
#4174 = ORIENTED_EDGE('',*,*,#4175,.F.);
#4175 = EDGE_CURVE('',#4176,#4176,#4178,.T.);
#4176 = VERTEX_POINT('',#4177);
#4177 = CARTESIAN_POINT('',(298.4,-46.25,0.));
#4178 = CIRCLE('',#4179,0.6);
#4179 = AXIS2_PLACEMENT_3D('',#4180,#4181,#4182);
#4180 = CARTESIAN_POINT('',(297.8,-46.25,0.));
#4181 = DIRECTION('',(0.,0.,1.));
#4182 = DIRECTION('',(1.,0.,-0.));
#4183 = FACE_BOUND('',#4184,.F.);
#4184 = EDGE_LOOP('',(#4185,#4195,#4203,#4211,#4219,#4227,#4236,#4245,
    #4253,#4262));
#4185 = ORIENTED_EDGE('',*,*,#4186,.F.);
#4186 = EDGE_CURVE('',#4187,#4189,#4191,.T.);
#4187 = VERTEX_POINT('',#4188);
#4188 = CARTESIAN_POINT('',(293.5565,-34.976,0.));
#4189 = VERTEX_POINT('',#4190);
#4190 = CARTESIAN_POINT('',(293.55600254417,-36.56805762597,0.));
#4191 = LINE('',#4192,#4193);
#4192 = CARTESIAN_POINT('',(293.5565,-34.976,0.));
#4193 = VECTOR('',#4194,1.);
#4194 = DIRECTION('',(-3.124609271573E-04,-0.999999951184,0.));
#4195 = ORIENTED_EDGE('',*,*,#4196,.F.);
#4196 = EDGE_CURVE('',#4197,#4187,#4199,.T.);
#4197 = VERTEX_POINT('',#4198);
#4198 = CARTESIAN_POINT('',(293.9375,-34.595,0.));
#4199 = LINE('',#4200,#4201);
#4200 = CARTESIAN_POINT('',(293.9375,-34.595,0.));
#4201 = VECTOR('',#4202,1.);
#4202 = DIRECTION('',(-0.707106781187,-0.707106781187,0.));
#4203 = ORIENTED_EDGE('',*,*,#4204,.F.);
#4204 = EDGE_CURVE('',#4205,#4197,#4207,.T.);
#4205 = VERTEX_POINT('',#4206);
#4206 = CARTESIAN_POINT('',(295.5885,-34.595,0.));
#4207 = LINE('',#4208,#4209);
#4208 = CARTESIAN_POINT('',(295.5885,-34.595,0.));
#4209 = VECTOR('',#4210,1.);
#4210 = DIRECTION('',(-1.,0.,0.));
#4211 = ORIENTED_EDGE('',*,*,#4212,.F.);
#4212 = EDGE_CURVE('',#4213,#4205,#4215,.T.);
#4213 = VERTEX_POINT('',#4214);
#4214 = CARTESIAN_POINT('',(295.9695,-34.976,0.));
#4215 = LINE('',#4216,#4217);
#4216 = CARTESIAN_POINT('',(295.9695,-34.976,0.));
#4217 = VECTOR('',#4218,1.);
#4218 = DIRECTION('',(-0.707106781187,0.707106781187,0.));
#4219 = ORIENTED_EDGE('',*,*,#4220,.F.);
#4220 = EDGE_CURVE('',#4221,#4213,#4223,.T.);
#4221 = VERTEX_POINT('',#4222);
#4222 = CARTESIAN_POINT('',(295.96900254325,-36.56806056326,0.));
#4223 = LINE('',#4224,#4225);
#4224 = CARTESIAN_POINT('',(295.969,-36.5762,0.));
#4225 = VECTOR('',#4226,1.);
#4226 = DIRECTION('',(3.124609271217E-04,0.999999951184,0.));
#4227 = ORIENTED_EDGE('',*,*,#4228,.T.);
#4228 = EDGE_CURVE('',#4221,#4229,#4231,.T.);
#4229 = VERTEX_POINT('',#4230);
#4230 = CARTESIAN_POINT('',(295.715,-37.516,0.));
#4231 = CIRCLE('',#4232,0.508);
#4232 = AXIS2_PLACEMENT_3D('',#4233,#4234,#4235);
#4233 = CARTESIAN_POINT('',(295.715,-37.008,0.));
#4234 = DIRECTION('',(-0.,0.,-1.));
#4235 = DIRECTION('',(-1.118964938205E-13,-1.,0.));
#4236 = ORIENTED_EDGE('',*,*,#4237,.T.);
#4237 = EDGE_CURVE('',#4229,#4238,#4240,.T.);
#4238 = VERTEX_POINT('',#4239);
#4239 = CARTESIAN_POINT('',(295.2750590949,-37.262,0.));
#4240 = CIRCLE('',#4241,0.508);
#4241 = AXIS2_PLACEMENT_3D('',#4242,#4243,#4244);
#4242 = CARTESIAN_POINT('',(295.715,-37.008,0.));
#4243 = DIRECTION('',(-0.,0.,-1.));
#4244 = DIRECTION('',(-1.118964938205E-13,-1.,0.));
#4245 = ORIENTED_EDGE('',*,*,#4246,.F.);
#4246 = EDGE_CURVE('',#4247,#4238,#4249,.T.);
#4247 = VERTEX_POINT('',#4248);
#4248 = CARTESIAN_POINT('',(294.24994090512,-37.262,0.));
#4249 = LINE('',#4250,#4251);
#4250 = CARTESIAN_POINT('',(294.2418,-37.262,0.));
#4251 = VECTOR('',#4252,1.);
#4252 = DIRECTION('',(1.,0.,0.));
#4253 = ORIENTED_EDGE('',*,*,#4254,.T.);
#4254 = EDGE_CURVE('',#4247,#4255,#4257,.T.);
#4255 = VERTEX_POINT('',#4256);
#4256 = CARTESIAN_POINT('',(293.81,-37.516,0.));
#4257 = CIRCLE('',#4258,0.508);
#4258 = AXIS2_PLACEMENT_3D('',#4259,#4260,#4261);
#4259 = CARTESIAN_POINT('',(293.81,-37.008,0.));
#4260 = DIRECTION('',(-0.,0.,-1.));
#4261 = DIRECTION('',(-0.,-1.,0.));
#4262 = ORIENTED_EDGE('',*,*,#4263,.T.);
#4263 = EDGE_CURVE('',#4255,#4189,#4264,.T.);
#4264 = CIRCLE('',#4265,0.508);
#4265 = AXIS2_PLACEMENT_3D('',#4266,#4267,#4268);
#4266 = CARTESIAN_POINT('',(293.81,-37.008,0.));
#4267 = DIRECTION('',(-0.,0.,-1.));
#4268 = DIRECTION('',(-0.,-1.,0.));
#4269 = FACE_BOUND('',#4270,.F.);
#4270 = EDGE_LOOP('',(#4271,#4281,#4290,#4298,#4306,#4314,#4322,#4330,
    #4339));
#4271 = ORIENTED_EDGE('',*,*,#4272,.F.);
#4272 = EDGE_CURVE('',#4273,#4275,#4277,.T.);
#4273 = VERTEX_POINT('',#4274);
#4274 = CARTESIAN_POINT('',(285.301,-26.01794090512,0.));
#4275 = VERTEX_POINT('',#4276);
#4276 = CARTESIAN_POINT('',(285.301,-27.04305909487,0.));
#4277 = LINE('',#4278,#4279);
#4278 = CARTESIAN_POINT('',(285.301,-26.0098,0.));
#4279 = VECTOR('',#4280,1.);
#4280 = DIRECTION('',(0.,-1.,0.));
#4281 = ORIENTED_EDGE('',*,*,#4282,.T.);
#4282 = EDGE_CURVE('',#4273,#4283,#4285,.T.);
#4283 = VERTEX_POINT('',#4284);
#4284 = CARTESIAN_POINT('',(285.9949409051,-25.324,0.));
#4285 = CIRCLE('',#4286,0.508);
#4286 = AXIS2_PLACEMENT_3D('',#4287,#4288,#4289);
#4287 = CARTESIAN_POINT('',(285.555,-25.578,0.));
#4288 = DIRECTION('',(-0.,0.,-1.));
#4289 = DIRECTION('',(-0.,-1.,0.));
#4290 = ORIENTED_EDGE('',*,*,#4291,.F.);
#4291 = EDGE_CURVE('',#4292,#4283,#4294,.T.);
#4292 = VERTEX_POINT('',#4293);
#4293 = CARTESIAN_POINT('',(287.587,-25.324,0.));
#4294 = LINE('',#4295,#4296);
#4295 = CARTESIAN_POINT('',(287.587,-25.324,0.));
#4296 = VECTOR('',#4297,1.);
#4297 = DIRECTION('',(-1.,0.,0.));
#4298 = ORIENTED_EDGE('',*,*,#4299,.F.);
#4299 = EDGE_CURVE('',#4300,#4292,#4302,.T.);
#4300 = VERTEX_POINT('',#4301);
#4301 = CARTESIAN_POINT('',(287.968,-25.705,0.));
#4302 = LINE('',#4303,#4304);
#4303 = CARTESIAN_POINT('',(287.968,-25.705,0.));
#4304 = VECTOR('',#4305,1.);
#4305 = DIRECTION('',(-0.707106781187,0.707106781187,0.));
#4306 = ORIENTED_EDGE('',*,*,#4307,.F.);
#4307 = EDGE_CURVE('',#4308,#4300,#4310,.T.);
#4308 = VERTEX_POINT('',#4309);
#4309 = CARTESIAN_POINT('',(287.968,-27.356,0.));
#4310 = LINE('',#4311,#4312);
#4311 = CARTESIAN_POINT('',(287.968,-27.356,0.));
#4312 = VECTOR('',#4313,1.);
#4313 = DIRECTION('',(0.,1.,0.));
#4314 = ORIENTED_EDGE('',*,*,#4315,.F.);
#4315 = EDGE_CURVE('',#4316,#4308,#4318,.T.);
#4316 = VERTEX_POINT('',#4317);
#4317 = CARTESIAN_POINT('',(287.587,-27.737,0.));
#4318 = LINE('',#4319,#4320);
#4319 = CARTESIAN_POINT('',(287.587,-27.737,0.));
#4320 = VECTOR('',#4321,1.);
#4321 = DIRECTION('',(0.707106781187,0.707106781187,0.));
#4322 = ORIENTED_EDGE('',*,*,#4323,.F.);
#4323 = EDGE_CURVE('',#4324,#4316,#4326,.T.);
#4324 = VERTEX_POINT('',#4325);
#4325 = CARTESIAN_POINT('',(285.99494090512,-27.737,0.));
#4326 = LINE('',#4327,#4328);
#4327 = CARTESIAN_POINT('',(285.9868,-27.737,0.));
#4328 = VECTOR('',#4329,1.);
#4329 = DIRECTION('',(1.,0.,0.));
#4330 = ORIENTED_EDGE('',*,*,#4331,.T.);
#4331 = EDGE_CURVE('',#4324,#4332,#4334,.T.);
#4332 = VERTEX_POINT('',#4333);
#4333 = CARTESIAN_POINT('',(285.555,-27.991,0.));
#4334 = CIRCLE('',#4335,0.508);
#4335 = AXIS2_PLACEMENT_3D('',#4336,#4337,#4338);
#4336 = CARTESIAN_POINT('',(285.555,-27.483,0.));
#4337 = DIRECTION('',(-0.,0.,-1.));
#4338 = DIRECTION('',(-0.,-1.,0.));
#4339 = ORIENTED_EDGE('',*,*,#4340,.T.);
#4340 = EDGE_CURVE('',#4332,#4275,#4341,.T.);
#4341 = CIRCLE('',#4342,0.508);
#4342 = AXIS2_PLACEMENT_3D('',#4343,#4344,#4345);
#4343 = CARTESIAN_POINT('',(285.555,-27.483,0.));
#4344 = DIRECTION('',(-0.,0.,-1.));
#4345 = DIRECTION('',(-0.,-1.,0.));
#4346 = FACE_BOUND('',#4347,.F.);
#4347 = EDGE_LOOP('',(#4348,#4358,#4367,#4375,#4384,#4392,#4401,#4410,
    #4418,#4427));
#4348 = ORIENTED_EDGE('',*,*,#4349,.F.);
#4349 = EDGE_CURVE('',#4350,#4352,#4354,.T.);
#4350 = VERTEX_POINT('',#4351);
#4351 = CARTESIAN_POINT('',(288.476,-19.66794090512,0.));
#4352 = VERTEX_POINT('',#4353);
#4353 = CARTESIAN_POINT('',(288.476,-21.32805909486,0.));
#4354 = LINE('',#4355,#4356);
#4355 = CARTESIAN_POINT('',(288.476,-19.6598,0.));
#4356 = VECTOR('',#4357,1.);
#4357 = DIRECTION('',(0.,-1.,0.));
#4358 = ORIENTED_EDGE('',*,*,#4359,.T.);
#4359 = EDGE_CURVE('',#4350,#4360,#4362,.T.);
#4360 = VERTEX_POINT('',#4361);
#4361 = CARTESIAN_POINT('',(289.1699409051,-18.974,0.));
#4362 = CIRCLE('',#4363,0.508);
#4363 = AXIS2_PLACEMENT_3D('',#4364,#4365,#4366);
#4364 = CARTESIAN_POINT('',(288.73,-19.228,0.));
#4365 = DIRECTION('',(-0.,0.,-1.));
#4366 = DIRECTION('',(-0.,-1.,0.));
#4367 = ORIENTED_EDGE('',*,*,#4368,.F.);
#4368 = EDGE_CURVE('',#4369,#4360,#4371,.T.);
#4369 = VERTEX_POINT('',#4370);
#4370 = CARTESIAN_POINT('',(290.8300590949,-18.974,0.));
#4371 = LINE('',#4372,#4373);
#4372 = CARTESIAN_POINT('',(290.8382,-18.974,0.));
#4373 = VECTOR('',#4374,1.);
#4374 = DIRECTION('',(-1.,0.,0.));
#4375 = ORIENTED_EDGE('',*,*,#4376,.T.);
#4376 = EDGE_CURVE('',#4369,#4377,#4379,.T.);
#4377 = VERTEX_POINT('',#4378);
#4378 = CARTESIAN_POINT('',(291.524,-19.6679409051,0.));
#4379 = CIRCLE('',#4380,0.508);
#4380 = AXIS2_PLACEMENT_3D('',#4381,#4382,#4383);
#4381 = CARTESIAN_POINT('',(291.27,-19.228,0.));
#4382 = DIRECTION('',(-0.,0.,-1.));
#4383 = DIRECTION('',(-0.,-1.,0.));
#4384 = ORIENTED_EDGE('',*,*,#4385,.F.);
#4385 = EDGE_CURVE('',#4386,#4377,#4388,.T.);
#4386 = VERTEX_POINT('',#4387);
#4387 = CARTESIAN_POINT('',(291.524,-21.3280590949,0.));
#4388 = LINE('',#4389,#4390);
#4389 = CARTESIAN_POINT('',(291.524,-21.3362,0.));
#4390 = VECTOR('',#4391,1.);
#4391 = DIRECTION('',(0.,1.,0.));
#4392 = ORIENTED_EDGE('',*,*,#4393,.T.);
#4393 = EDGE_CURVE('',#4386,#4394,#4396,.T.);
#4394 = VERTEX_POINT('',#4395);
#4395 = CARTESIAN_POINT('',(291.27,-22.276,0.));
#4396 = CIRCLE('',#4397,0.508);
#4397 = AXIS2_PLACEMENT_3D('',#4398,#4399,#4400);
#4398 = CARTESIAN_POINT('',(291.27,-21.768,0.));
#4399 = DIRECTION('',(-0.,0.,-1.));
#4400 = DIRECTION('',(-0.,-1.,0.));
#4401 = ORIENTED_EDGE('',*,*,#4402,.T.);
#4402 = EDGE_CURVE('',#4394,#4403,#4405,.T.);
#4403 = VERTEX_POINT('',#4404);
#4404 = CARTESIAN_POINT('',(290.83005909489,-22.022,0.));
#4405 = CIRCLE('',#4406,0.508);
#4406 = AXIS2_PLACEMENT_3D('',#4407,#4408,#4409);
#4407 = CARTESIAN_POINT('',(291.27,-21.768,0.));
#4408 = DIRECTION('',(-0.,0.,-1.));
#4409 = DIRECTION('',(-0.,-1.,0.));
#4410 = ORIENTED_EDGE('',*,*,#4411,.F.);
#4411 = EDGE_CURVE('',#4412,#4403,#4414,.T.);
#4412 = VERTEX_POINT('',#4413);
#4413 = CARTESIAN_POINT('',(289.16994090509,-22.022,0.));
#4414 = LINE('',#4415,#4416);
#4415 = CARTESIAN_POINT('',(289.1618,-22.022,0.));
#4416 = VECTOR('',#4417,1.);
#4417 = DIRECTION('',(1.,0.,0.));
#4418 = ORIENTED_EDGE('',*,*,#4419,.T.);
#4419 = EDGE_CURVE('',#4412,#4420,#4422,.T.);
#4420 = VERTEX_POINT('',#4421);
#4421 = CARTESIAN_POINT('',(288.73,-22.276,0.));
#4422 = CIRCLE('',#4423,0.508);
#4423 = AXIS2_PLACEMENT_3D('',#4424,#4425,#4426);
#4424 = CARTESIAN_POINT('',(288.73,-21.768,0.));
#4425 = DIRECTION('',(-0.,0.,-1.));
#4426 = DIRECTION('',(-0.,-1.,0.));
#4427 = ORIENTED_EDGE('',*,*,#4428,.T.);
#4428 = EDGE_CURVE('',#4420,#4352,#4429,.T.);
#4429 = CIRCLE('',#4430,0.508);
#4430 = AXIS2_PLACEMENT_3D('',#4431,#4432,#4433);
#4431 = CARTESIAN_POINT('',(288.73,-21.768,0.));
#4432 = DIRECTION('',(-0.,0.,-1.));
#4433 = DIRECTION('',(-0.,-1.,0.));
#4434 = FACE_BOUND('',#4435,.F.);
#4435 = EDGE_LOOP('',(#4436));
#4436 = ORIENTED_EDGE('',*,*,#4437,.F.);
#4437 = EDGE_CURVE('',#4438,#4438,#4440,.T.);
#4438 = VERTEX_POINT('',#4439);
#4439 = CARTESIAN_POINT('',(304.2,-18.7,0.));
#4440 = CIRCLE('',#4441,1.1);
#4441 = AXIS2_PLACEMENT_3D('',#4442,#4443,#4444);
#4442 = CARTESIAN_POINT('',(303.1,-18.7,0.));
#4443 = DIRECTION('',(0.,0.,1.));
#4444 = DIRECTION('',(1.,0.,-0.));
#4445 = PLANE('',#4446);
#4446 = AXIS2_PLACEMENT_3D('',#4447,#4448,#4449);
#4447 = CARTESIAN_POINT('',(0.,0.,0.));
#4448 = DIRECTION('',(0.,0.,1.));
#4449 = DIRECTION('',(1.,0.,-0.));
#4450 = ADVANCED_FACE('',(#4451,#4497,#4508,#4519,#4530,#4541,#4552,
    #4563,#4574,#4585,#4596,#4607,#4618,#4629,#4640,#4651,#4662,#4673,
    #4684,#4695,#4706,#4717,#4728,#4739,#4750,#4761,#4772,#4783,#4794,
    #4805,#4816,#4827,#4838,#4849,#4860,#4871,#4882,#4893,#4904,#4915,
    #4926,#4937,#4948,#4959,#4970,#4981,#4992,#5003,#5014,#5025,#5036,
    #5047,#5058,#5069,#5080,#5166,#5243,#5331),#5342,.T.);
#4451 = FACE_BOUND('',#4452,.T.);
#4452 = EDGE_LOOP('',(#4453,#4454,#4455,#4464,#4472,#4481,#4489,#4496));
#4453 = ORIENTED_EDGE('',*,*,#3463,.F.);
#4454 = ORIENTED_EDGE('',*,*,#3505,.F.);
#4455 = ORIENTED_EDGE('',*,*,#4456,.F.);
#4456 = EDGE_CURVE('',#4457,#3498,#4459,.T.);
#4457 = VERTEX_POINT('',#4458);
#4458 = CARTESIAN_POINT('',(193.8,-17.6,0.71));
#4459 = CIRCLE('',#4460,0.999999252925);
#4460 = AXIS2_PLACEMENT_3D('',#4461,#4462,#4463);
#4461 = CARTESIAN_POINT('',(194.79999925292,-17.59999925292,0.71));
#4462 = DIRECTION('',(0.,0.,-1.));
#4463 = DIRECTION('',(-1.,-7.470757562702E-07,-0.));
#4464 = ORIENTED_EDGE('',*,*,#4465,.F.);
#4465 = EDGE_CURVE('',#4466,#4457,#4468,.T.);
#4466 = VERTEX_POINT('',#4467);
#4467 = CARTESIAN_POINT('',(193.8,-112.2,0.71));
#4468 = LINE('',#4469,#4470);
#4469 = CARTESIAN_POINT('',(193.8,-112.2,0.71));
#4470 = VECTOR('',#4471,1.);
#4471 = DIRECTION('',(0.,1.,0.));
#4472 = ORIENTED_EDGE('',*,*,#4473,.F.);
#4473 = EDGE_CURVE('',#4474,#4466,#4476,.T.);
#4474 = VERTEX_POINT('',#4475);
#4475 = CARTESIAN_POINT('',(194.8,-113.2,0.71));
#4476 = CIRCLE('',#4477,0.999999252925);
#4477 = AXIS2_PLACEMENT_3D('',#4478,#4479,#4480);
#4478 = CARTESIAN_POINT('',(194.79999925292,-112.200000747,0.71));
#4479 = DIRECTION('',(0.,0.,-1.));
#4480 = DIRECTION('',(7.470757349539E-07,-1.,0.));
#4481 = ORIENTED_EDGE('',*,*,#4482,.F.);
#4482 = EDGE_CURVE('',#4483,#4474,#4485,.T.);
#4483 = VERTEX_POINT('',#4484);
#4484 = CARTESIAN_POINT('',(304.2,-113.2,0.71));
#4485 = LINE('',#4486,#4487);
#4486 = CARTESIAN_POINT('',(304.2,-113.2,0.71));
#4487 = VECTOR('',#4488,1.);
#4488 = DIRECTION('',(-1.,0.,0.));
#4489 = ORIENTED_EDGE('',*,*,#4490,.F.);
#4490 = EDGE_CURVE('',#3528,#4483,#4491,.T.);
#4491 = CIRCLE('',#4492,0.999999252925);
#4492 = AXIS2_PLACEMENT_3D('',#4493,#4494,#4495);
#4493 = CARTESIAN_POINT('',(304.20000074707,-112.200000747,0.71));
#4494 = DIRECTION('',(0.,0.,-1.));
#4495 = DIRECTION('',(1.,7.470757349539E-07,0.));
#4496 = ORIENTED_EDGE('',*,*,#3527,.F.);
#4497 = FACE_BOUND('',#4498,.T.);
#4498 = EDGE_LOOP('',(#4499));
#4499 = ORIENTED_EDGE('',*,*,#4500,.F.);
#4500 = EDGE_CURVE('',#4501,#4501,#4503,.T.);
#4501 = VERTEX_POINT('',#4502);
#4502 = CARTESIAN_POINT('',(197.,-105.1,0.71));
#4503 = CIRCLE('',#4504,1.1);
#4504 = AXIS2_PLACEMENT_3D('',#4505,#4506,#4507);
#4505 = CARTESIAN_POINT('',(195.9,-105.1,0.71));
#4506 = DIRECTION('',(0.,0.,1.));
#4507 = DIRECTION('',(1.,0.,-0.));
#4508 = FACE_BOUND('',#4509,.T.);
#4509 = EDGE_LOOP('',(#4510));
#4510 = ORIENTED_EDGE('',*,*,#4511,.F.);
#4511 = EDGE_CURVE('',#4512,#4512,#4514,.T.);
#4512 = VERTEX_POINT('',#4513);
#4513 = CARTESIAN_POINT('',(201.7,-102.75,0.71));
#4514 = CIRCLE('',#4515,0.5);
#4515 = AXIS2_PLACEMENT_3D('',#4516,#4517,#4518);
#4516 = CARTESIAN_POINT('',(201.2,-102.75,0.71));
#4517 = DIRECTION('',(0.,0.,1.));
#4518 = DIRECTION('',(1.,0.,-0.));
#4519 = FACE_BOUND('',#4520,.T.);
#4520 = EDGE_LOOP('',(#4521));
#4521 = ORIENTED_EDGE('',*,*,#4522,.F.);
#4522 = EDGE_CURVE('',#4523,#4523,#4525,.T.);
#4523 = VERTEX_POINT('',#4524);
#4524 = CARTESIAN_POINT('',(218.7,-102.75,0.71));
#4525 = CIRCLE('',#4526,0.5);
#4526 = AXIS2_PLACEMENT_3D('',#4527,#4528,#4529);
#4527 = CARTESIAN_POINT('',(218.2,-102.75,0.71));
#4528 = DIRECTION('',(0.,0.,1.));
#4529 = DIRECTION('',(1.,0.,-0.));
#4530 = FACE_BOUND('',#4531,.T.);
#4531 = EDGE_LOOP('',(#4532));
#4532 = ORIENTED_EDGE('',*,*,#4533,.F.);
#4533 = EDGE_CURVE('',#4534,#4534,#4536,.T.);
#4534 = VERTEX_POINT('',#4535);
#4535 = CARTESIAN_POINT('',(213.4,-97.25,0.71));
#4536 = CIRCLE('',#4537,0.6);
#4537 = AXIS2_PLACEMENT_3D('',#4538,#4539,#4540);
#4538 = CARTESIAN_POINT('',(212.8,-97.25,0.71));
#4539 = DIRECTION('',(0.,0.,1.));
#4540 = DIRECTION('',(1.,0.,-0.));
#4541 = FACE_BOUND('',#4542,.T.);
#4542 = EDGE_LOOP('',(#4543));
#4543 = ORIENTED_EDGE('',*,*,#4544,.F.);
#4544 = EDGE_CURVE('',#4545,#4545,#4547,.T.);
#4545 = VERTEX_POINT('',#4546);
#4546 = CARTESIAN_POINT('',(201.7,-85.75,0.71));
#4547 = CIRCLE('',#4548,0.5);
#4548 = AXIS2_PLACEMENT_3D('',#4549,#4550,#4551);
#4549 = CARTESIAN_POINT('',(201.2,-85.75,0.71));
#4550 = DIRECTION('',(0.,0.,1.));
#4551 = DIRECTION('',(1.,0.,-0.));
#4552 = FACE_BOUND('',#4553,.T.);
#4553 = EDGE_LOOP('',(#4554));
#4554 = ORIENTED_EDGE('',*,*,#4555,.F.);
#4555 = EDGE_CURVE('',#4556,#4556,#4558,.T.);
#4556 = VERTEX_POINT('',#4557);
#4557 = CARTESIAN_POINT('',(218.7,-85.75,0.71));
#4558 = CIRCLE('',#4559,0.5);
#4559 = AXIS2_PLACEMENT_3D('',#4560,#4561,#4562);
#4560 = CARTESIAN_POINT('',(218.2,-85.75,0.71));
#4561 = DIRECTION('',(0.,0.,1.));
#4562 = DIRECTION('',(1.,0.,-0.));
#4563 = FACE_BOUND('',#4564,.T.);
#4564 = EDGE_LOOP('',(#4565));
#4565 = ORIENTED_EDGE('',*,*,#4566,.F.);
#4566 = EDGE_CURVE('',#4567,#4567,#4569,.T.);
#4567 = VERTEX_POINT('',#4568);
#4568 = CARTESIAN_POINT('',(235.7,-102.75,0.71));
#4569 = CIRCLE('',#4570,0.5);
#4570 = AXIS2_PLACEMENT_3D('',#4571,#4572,#4573);
#4571 = CARTESIAN_POINT('',(235.2,-102.75,0.71));
#4572 = DIRECTION('',(0.,0.,1.));
#4573 = DIRECTION('',(1.,0.,-0.));
#4574 = FACE_BOUND('',#4575,.T.);
#4575 = EDGE_LOOP('',(#4576));
#4576 = ORIENTED_EDGE('',*,*,#4577,.F.);
#4577 = EDGE_CURVE('',#4578,#4578,#4580,.T.);
#4578 = VERTEX_POINT('',#4579);
#4579 = CARTESIAN_POINT('',(230.4,-97.25,0.71));
#4580 = CIRCLE('',#4581,0.6);
#4581 = AXIS2_PLACEMENT_3D('',#4582,#4583,#4584);
#4582 = CARTESIAN_POINT('',(229.8,-97.25,0.71));
#4583 = DIRECTION('',(0.,0.,1.));
#4584 = DIRECTION('',(1.,0.,-0.));
#4585 = FACE_BOUND('',#4586,.T.);
#4586 = EDGE_LOOP('',(#4587));
#4587 = ORIENTED_EDGE('',*,*,#4588,.F.);
#4588 = EDGE_CURVE('',#4589,#4589,#4591,.T.);
#4589 = VERTEX_POINT('',#4590);
#4590 = CARTESIAN_POINT('',(247.4,-97.25,0.71));
#4591 = CIRCLE('',#4592,0.6);
#4592 = AXIS2_PLACEMENT_3D('',#4593,#4594,#4595);
#4593 = CARTESIAN_POINT('',(246.8,-97.25,0.71));
#4594 = DIRECTION('',(0.,0.,1.));
#4595 = DIRECTION('',(1.,0.,-0.));
#4596 = FACE_BOUND('',#4597,.T.);
#4597 = EDGE_LOOP('',(#4598));
#4598 = ORIENTED_EDGE('',*,*,#4599,.F.);
#4599 = EDGE_CURVE('',#4600,#4600,#4602,.T.);
#4600 = VERTEX_POINT('',#4601);
#4601 = CARTESIAN_POINT('',(235.7,-85.75,0.71));
#4602 = CIRCLE('',#4603,0.5);
#4603 = AXIS2_PLACEMENT_3D('',#4604,#4605,#4606);
#4604 = CARTESIAN_POINT('',(235.2,-85.75,0.71));
#4605 = DIRECTION('',(0.,0.,1.));
#4606 = DIRECTION('',(1.,0.,-0.));
#4607 = FACE_BOUND('',#4608,.T.);
#4608 = EDGE_LOOP('',(#4609));
#4609 = ORIENTED_EDGE('',*,*,#4610,.F.);
#4610 = EDGE_CURVE('',#4611,#4611,#4613,.T.);
#4611 = VERTEX_POINT('',#4612);
#4612 = CARTESIAN_POINT('',(213.4,-80.25,0.71));
#4613 = CIRCLE('',#4614,0.6);
#4614 = AXIS2_PLACEMENT_3D('',#4615,#4616,#4617);
#4615 = CARTESIAN_POINT('',(212.8,-80.25,0.71));
#4616 = DIRECTION('',(0.,0.,1.));
#4617 = DIRECTION('',(1.,0.,-0.));
#4618 = FACE_BOUND('',#4619,.T.);
#4619 = EDGE_LOOP('',(#4620));
#4620 = ORIENTED_EDGE('',*,*,#4621,.F.);
#4621 = EDGE_CURVE('',#4622,#4622,#4624,.T.);
#4622 = VERTEX_POINT('',#4623);
#4623 = CARTESIAN_POINT('',(201.7,-68.75,0.71));
#4624 = CIRCLE('',#4625,0.5);
#4625 = AXIS2_PLACEMENT_3D('',#4626,#4627,#4628);
#4626 = CARTESIAN_POINT('',(201.2,-68.75,0.71));
#4627 = DIRECTION('',(0.,0.,1.));
#4628 = DIRECTION('',(1.,0.,-0.));
#4629 = FACE_BOUND('',#4630,.T.);
#4630 = EDGE_LOOP('',(#4631));
#4631 = ORIENTED_EDGE('',*,*,#4632,.F.);
#4632 = EDGE_CURVE('',#4633,#4633,#4635,.T.);
#4633 = VERTEX_POINT('',#4634);
#4634 = CARTESIAN_POINT('',(218.7,-68.75,0.71));
#4635 = CIRCLE('',#4636,0.5);
#4636 = AXIS2_PLACEMENT_3D('',#4637,#4638,#4639);
#4637 = CARTESIAN_POINT('',(218.2,-68.75,0.71));
#4638 = DIRECTION('',(0.,0.,1.));
#4639 = DIRECTION('',(1.,0.,-0.));
#4640 = FACE_BOUND('',#4641,.T.);
#4641 = EDGE_LOOP('',(#4642));
#4642 = ORIENTED_EDGE('',*,*,#4643,.F.);
#4643 = EDGE_CURVE('',#4644,#4644,#4646,.T.);
#4644 = VERTEX_POINT('',#4645);
#4645 = CARTESIAN_POINT('',(213.4,-63.25,0.71));
#4646 = CIRCLE('',#4647,0.6);
#4647 = AXIS2_PLACEMENT_3D('',#4648,#4649,#4650);
#4648 = CARTESIAN_POINT('',(212.8,-63.25,0.71));
#4649 = DIRECTION('',(0.,0.,1.));
#4650 = DIRECTION('',(1.,0.,-0.));
#4651 = FACE_BOUND('',#4652,.T.);
#4652 = EDGE_LOOP('',(#4653));
#4653 = ORIENTED_EDGE('',*,*,#4654,.F.);
#4654 = EDGE_CURVE('',#4655,#4655,#4657,.T.);
#4655 = VERTEX_POINT('',#4656);
#4656 = CARTESIAN_POINT('',(230.4,-80.25,0.71));
#4657 = CIRCLE('',#4658,0.6);
#4658 = AXIS2_PLACEMENT_3D('',#4659,#4660,#4661);
#4659 = CARTESIAN_POINT('',(229.8,-80.25,0.71));
#4660 = DIRECTION('',(0.,0.,1.));
#4661 = DIRECTION('',(1.,0.,-0.));
#4662 = FACE_BOUND('',#4663,.T.);
#4663 = EDGE_LOOP('',(#4664));
#4664 = ORIENTED_EDGE('',*,*,#4665,.F.);
#4665 = EDGE_CURVE('',#4666,#4666,#4668,.T.);
#4666 = VERTEX_POINT('',#4667);
#4667 = CARTESIAN_POINT('',(247.4,-80.25,0.71));
#4668 = CIRCLE('',#4669,0.6);
#4669 = AXIS2_PLACEMENT_3D('',#4670,#4671,#4672);
#4670 = CARTESIAN_POINT('',(246.8,-80.25,0.71));
#4671 = DIRECTION('',(0.,0.,1.));
#4672 = DIRECTION('',(1.,0.,-0.));
#4673 = FACE_BOUND('',#4674,.T.);
#4674 = EDGE_LOOP('',(#4675));
#4675 = ORIENTED_EDGE('',*,*,#4676,.F.);
#4676 = EDGE_CURVE('',#4677,#4677,#4679,.T.);
#4677 = VERTEX_POINT('',#4678);
#4678 = CARTESIAN_POINT('',(235.7,-68.75,0.71));
#4679 = CIRCLE('',#4680,0.5);
#4680 = AXIS2_PLACEMENT_3D('',#4681,#4682,#4683);
#4681 = CARTESIAN_POINT('',(235.2,-68.75,0.71));
#4682 = DIRECTION('',(0.,0.,1.));
#4683 = DIRECTION('',(1.,0.,-0.));
#4684 = FACE_BOUND('',#4685,.T.);
#4685 = EDGE_LOOP('',(#4686));
#4686 = ORIENTED_EDGE('',*,*,#4687,.F.);
#4687 = EDGE_CURVE('',#4688,#4688,#4690,.T.);
#4688 = VERTEX_POINT('',#4689);
#4689 = CARTESIAN_POINT('',(230.4,-63.25,0.71));
#4690 = CIRCLE('',#4691,0.6);
#4691 = AXIS2_PLACEMENT_3D('',#4692,#4693,#4694);
#4692 = CARTESIAN_POINT('',(229.8,-63.25,0.71));
#4693 = DIRECTION('',(0.,0.,1.));
#4694 = DIRECTION('',(1.,0.,-0.));
#4695 = FACE_BOUND('',#4696,.T.);
#4696 = EDGE_LOOP('',(#4697));
#4697 = ORIENTED_EDGE('',*,*,#4698,.F.);
#4698 = EDGE_CURVE('',#4699,#4699,#4701,.T.);
#4699 = VERTEX_POINT('',#4700);
#4700 = CARTESIAN_POINT('',(247.4,-63.25,0.71));
#4701 = CIRCLE('',#4702,0.6);
#4702 = AXIS2_PLACEMENT_3D('',#4703,#4704,#4705);
#4703 = CARTESIAN_POINT('',(246.8,-63.25,0.71));
#4704 = DIRECTION('',(0.,0.,1.));
#4705 = DIRECTION('',(1.,0.,-0.));
#4706 = FACE_BOUND('',#4707,.T.);
#4707 = EDGE_LOOP('',(#4708));
#4708 = ORIENTED_EDGE('',*,*,#4709,.F.);
#4709 = EDGE_CURVE('',#4710,#4710,#4712,.T.);
#4710 = VERTEX_POINT('',#4711);
#4711 = CARTESIAN_POINT('',(252.7,-102.75,0.71));
#4712 = CIRCLE('',#4713,0.5);
#4713 = AXIS2_PLACEMENT_3D('',#4714,#4715,#4716);
#4714 = CARTESIAN_POINT('',(252.2,-102.75,0.71));
#4715 = DIRECTION('',(0.,0.,1.));
#4716 = DIRECTION('',(1.,0.,-0.));
#4717 = FACE_BOUND('',#4718,.T.);
#4718 = EDGE_LOOP('',(#4719));
#4719 = ORIENTED_EDGE('',*,*,#4720,.F.);
#4720 = EDGE_CURVE('',#4721,#4721,#4723,.T.);
#4721 = VERTEX_POINT('',#4722);
#4722 = CARTESIAN_POINT('',(269.7,-102.75,0.71));
#4723 = CIRCLE('',#4724,0.5);
#4724 = AXIS2_PLACEMENT_3D('',#4725,#4726,#4727);
#4725 = CARTESIAN_POINT('',(269.2,-102.75,0.71));
#4726 = DIRECTION('',(0.,0.,1.));
#4727 = DIRECTION('',(1.,0.,-0.));
#4728 = FACE_BOUND('',#4729,.T.);
#4729 = EDGE_LOOP('',(#4730));
#4730 = ORIENTED_EDGE('',*,*,#4731,.F.);
#4731 = EDGE_CURVE('',#4732,#4732,#4734,.T.);
#4732 = VERTEX_POINT('',#4733);
#4733 = CARTESIAN_POINT('',(264.4,-97.25,0.71));
#4734 = CIRCLE('',#4735,0.6);
#4735 = AXIS2_PLACEMENT_3D('',#4736,#4737,#4738);
#4736 = CARTESIAN_POINT('',(263.8,-97.25,0.71));
#4737 = DIRECTION('',(0.,0.,1.));
#4738 = DIRECTION('',(1.,0.,-0.));
#4739 = FACE_BOUND('',#4740,.T.);
#4740 = EDGE_LOOP('',(#4741));
#4741 = ORIENTED_EDGE('',*,*,#4742,.F.);
#4742 = EDGE_CURVE('',#4743,#4743,#4745,.T.);
#4743 = VERTEX_POINT('',#4744);
#4744 = CARTESIAN_POINT('',(252.7,-85.75,0.71));
#4745 = CIRCLE('',#4746,0.5);
#4746 = AXIS2_PLACEMENT_3D('',#4747,#4748,#4749);
#4747 = CARTESIAN_POINT('',(252.2,-85.75,0.71));
#4748 = DIRECTION('',(0.,0.,1.));
#4749 = DIRECTION('',(1.,0.,-0.));
#4750 = FACE_BOUND('',#4751,.T.);
#4751 = EDGE_LOOP('',(#4752));
#4752 = ORIENTED_EDGE('',*,*,#4753,.F.);
#4753 = EDGE_CURVE('',#4754,#4754,#4756,.T.);
#4754 = VERTEX_POINT('',#4755);
#4755 = CARTESIAN_POINT('',(269.7,-85.75,0.71));
#4756 = CIRCLE('',#4757,0.5);
#4757 = AXIS2_PLACEMENT_3D('',#4758,#4759,#4760);
#4758 = CARTESIAN_POINT('',(269.2,-85.75,0.71));
#4759 = DIRECTION('',(0.,0.,1.));
#4760 = DIRECTION('',(1.,0.,-0.));
#4761 = FACE_BOUND('',#4762,.T.);
#4762 = EDGE_LOOP('',(#4763));
#4763 = ORIENTED_EDGE('',*,*,#4764,.F.);
#4764 = EDGE_CURVE('',#4765,#4765,#4767,.T.);
#4765 = VERTEX_POINT('',#4766);
#4766 = CARTESIAN_POINT('',(286.7,-102.75,0.71));
#4767 = CIRCLE('',#4768,0.5);
#4768 = AXIS2_PLACEMENT_3D('',#4769,#4770,#4771);
#4769 = CARTESIAN_POINT('',(286.2,-102.75,0.71));
#4770 = DIRECTION('',(0.,0.,1.));
#4771 = DIRECTION('',(1.,0.,-0.));
#4772 = FACE_BOUND('',#4773,.T.);
#4773 = EDGE_LOOP('',(#4774));
#4774 = ORIENTED_EDGE('',*,*,#4775,.F.);
#4775 = EDGE_CURVE('',#4776,#4776,#4778,.T.);
#4776 = VERTEX_POINT('',#4777);
#4777 = CARTESIAN_POINT('',(281.4,-97.25,0.71));
#4778 = CIRCLE('',#4779,0.6);
#4779 = AXIS2_PLACEMENT_3D('',#4780,#4781,#4782);
#4780 = CARTESIAN_POINT('',(280.8,-97.25,0.71));
#4781 = DIRECTION('',(0.,0.,1.));
#4782 = DIRECTION('',(1.,0.,-0.));
#4783 = FACE_BOUND('',#4784,.T.);
#4784 = EDGE_LOOP('',(#4785));
#4785 = ORIENTED_EDGE('',*,*,#4786,.F.);
#4786 = EDGE_CURVE('',#4787,#4787,#4789,.T.);
#4787 = VERTEX_POINT('',#4788);
#4788 = CARTESIAN_POINT('',(304.2,-105.1,0.71));
#4789 = CIRCLE('',#4790,1.1);
#4790 = AXIS2_PLACEMENT_3D('',#4791,#4792,#4793);
#4791 = CARTESIAN_POINT('',(303.1,-105.1,0.71));
#4792 = DIRECTION('',(0.,0.,1.));
#4793 = DIRECTION('',(1.,0.,-0.));
#4794 = FACE_BOUND('',#4795,.T.);
#4795 = EDGE_LOOP('',(#4796));
#4796 = ORIENTED_EDGE('',*,*,#4797,.F.);
#4797 = EDGE_CURVE('',#4798,#4798,#4800,.T.);
#4798 = VERTEX_POINT('',#4799);
#4799 = CARTESIAN_POINT('',(298.4,-97.25,0.71));
#4800 = CIRCLE('',#4801,0.6);
#4801 = AXIS2_PLACEMENT_3D('',#4802,#4803,#4804);
#4802 = CARTESIAN_POINT('',(297.8,-97.25,0.71));
#4803 = DIRECTION('',(0.,0.,1.));
#4804 = DIRECTION('',(1.,0.,-0.));
#4805 = FACE_BOUND('',#4806,.T.);
#4806 = EDGE_LOOP('',(#4807));
#4807 = ORIENTED_EDGE('',*,*,#4808,.F.);
#4808 = EDGE_CURVE('',#4809,#4809,#4811,.T.);
#4809 = VERTEX_POINT('',#4810);
#4810 = CARTESIAN_POINT('',(286.7,-85.75,0.71));
#4811 = CIRCLE('',#4812,0.5);
#4812 = AXIS2_PLACEMENT_3D('',#4813,#4814,#4815);
#4813 = CARTESIAN_POINT('',(286.2,-85.75,0.71));
#4814 = DIRECTION('',(0.,0.,1.));
#4815 = DIRECTION('',(1.,0.,-0.));
#4816 = FACE_BOUND('',#4817,.T.);
#4817 = EDGE_LOOP('',(#4818));
#4818 = ORIENTED_EDGE('',*,*,#4819,.F.);
#4819 = EDGE_CURVE('',#4820,#4820,#4822,.T.);
#4820 = VERTEX_POINT('',#4821);
#4821 = CARTESIAN_POINT('',(264.4,-80.25,0.71));
#4822 = CIRCLE('',#4823,0.6);
#4823 = AXIS2_PLACEMENT_3D('',#4824,#4825,#4826);
#4824 = CARTESIAN_POINT('',(263.8,-80.25,0.71));
#4825 = DIRECTION('',(0.,0.,1.));
#4826 = DIRECTION('',(1.,0.,-0.));
#4827 = FACE_BOUND('',#4828,.T.);
#4828 = EDGE_LOOP('',(#4829));
#4829 = ORIENTED_EDGE('',*,*,#4830,.F.);
#4830 = EDGE_CURVE('',#4831,#4831,#4833,.T.);
#4831 = VERTEX_POINT('',#4832);
#4832 = CARTESIAN_POINT('',(252.7,-68.75,0.71));
#4833 = CIRCLE('',#4834,0.5);
#4834 = AXIS2_PLACEMENT_3D('',#4835,#4836,#4837);
#4835 = CARTESIAN_POINT('',(252.2,-68.75,0.71));
#4836 = DIRECTION('',(0.,0.,1.));
#4837 = DIRECTION('',(1.,0.,-0.));
#4838 = FACE_BOUND('',#4839,.T.);
#4839 = EDGE_LOOP('',(#4840));
#4840 = ORIENTED_EDGE('',*,*,#4841,.F.);
#4841 = EDGE_CURVE('',#4842,#4842,#4844,.T.);
#4842 = VERTEX_POINT('',#4843);
#4843 = CARTESIAN_POINT('',(269.7,-68.75,0.71));
#4844 = CIRCLE('',#4845,0.5);
#4845 = AXIS2_PLACEMENT_3D('',#4846,#4847,#4848);
#4846 = CARTESIAN_POINT('',(269.2,-68.75,0.71));
#4847 = DIRECTION('',(0.,0.,1.));
#4848 = DIRECTION('',(1.,0.,-0.));
#4849 = FACE_BOUND('',#4850,.T.);
#4850 = EDGE_LOOP('',(#4851));
#4851 = ORIENTED_EDGE('',*,*,#4852,.F.);
#4852 = EDGE_CURVE('',#4853,#4853,#4855,.T.);
#4853 = VERTEX_POINT('',#4854);
#4854 = CARTESIAN_POINT('',(264.4,-63.25,0.71));
#4855 = CIRCLE('',#4856,0.6);
#4856 = AXIS2_PLACEMENT_3D('',#4857,#4858,#4859);
#4857 = CARTESIAN_POINT('',(263.8,-63.25,0.71));
#4858 = DIRECTION('',(0.,0.,1.));
#4859 = DIRECTION('',(1.,0.,-0.));
#4860 = FACE_BOUND('',#4861,.T.);
#4861 = EDGE_LOOP('',(#4862));
#4862 = ORIENTED_EDGE('',*,*,#4863,.F.);
#4863 = EDGE_CURVE('',#4864,#4864,#4866,.T.);
#4864 = VERTEX_POINT('',#4865);
#4865 = CARTESIAN_POINT('',(281.4,-80.25,0.71));
#4866 = CIRCLE('',#4867,0.6);
#4867 = AXIS2_PLACEMENT_3D('',#4868,#4869,#4870);
#4868 = CARTESIAN_POINT('',(280.8,-80.25,0.71));
#4869 = DIRECTION('',(0.,0.,1.));
#4870 = DIRECTION('',(1.,0.,-0.));
#4871 = FACE_BOUND('',#4872,.T.);
#4872 = EDGE_LOOP('',(#4873));
#4873 = ORIENTED_EDGE('',*,*,#4874,.F.);
#4874 = EDGE_CURVE('',#4875,#4875,#4877,.T.);
#4875 = VERTEX_POINT('',#4876);
#4876 = CARTESIAN_POINT('',(298.4,-80.25,0.71));
#4877 = CIRCLE('',#4878,0.6);
#4878 = AXIS2_PLACEMENT_3D('',#4879,#4880,#4881);
#4879 = CARTESIAN_POINT('',(297.8,-80.25,0.71));
#4880 = DIRECTION('',(0.,0.,1.));
#4881 = DIRECTION('',(1.,0.,-0.));
#4882 = FACE_BOUND('',#4883,.T.);
#4883 = EDGE_LOOP('',(#4884));
#4884 = ORIENTED_EDGE('',*,*,#4885,.F.);
#4885 = EDGE_CURVE('',#4886,#4886,#4888,.T.);
#4886 = VERTEX_POINT('',#4887);
#4887 = CARTESIAN_POINT('',(286.7,-68.75,0.71));
#4888 = CIRCLE('',#4889,0.5);
#4889 = AXIS2_PLACEMENT_3D('',#4890,#4891,#4892);
#4890 = CARTESIAN_POINT('',(286.2,-68.75,0.71));
#4891 = DIRECTION('',(0.,0.,1.));
#4892 = DIRECTION('',(1.,0.,-0.));
#4893 = FACE_BOUND('',#4894,.T.);
#4894 = EDGE_LOOP('',(#4895));
#4895 = ORIENTED_EDGE('',*,*,#4896,.F.);
#4896 = EDGE_CURVE('',#4897,#4897,#4899,.T.);
#4897 = VERTEX_POINT('',#4898);
#4898 = CARTESIAN_POINT('',(281.4,-63.25,0.71));
#4899 = CIRCLE('',#4900,0.6);
#4900 = AXIS2_PLACEMENT_3D('',#4901,#4902,#4903);
#4901 = CARTESIAN_POINT('',(280.8,-63.25,0.71));
#4902 = DIRECTION('',(0.,0.,1.));
#4903 = DIRECTION('',(1.,0.,-0.));
#4904 = FACE_BOUND('',#4905,.T.);
#4905 = EDGE_LOOP('',(#4906));
#4906 = ORIENTED_EDGE('',*,*,#4907,.F.);
#4907 = EDGE_CURVE('',#4908,#4908,#4910,.T.);
#4908 = VERTEX_POINT('',#4909);
#4909 = CARTESIAN_POINT('',(298.4,-63.25,0.71));
#4910 = CIRCLE('',#4911,0.6);
#4911 = AXIS2_PLACEMENT_3D('',#4912,#4913,#4914);
#4912 = CARTESIAN_POINT('',(297.8,-63.25,0.71));
#4913 = DIRECTION('',(0.,0.,1.));
#4914 = DIRECTION('',(1.,0.,-0.));
#4915 = FACE_BOUND('',#4916,.T.);
#4916 = EDGE_LOOP('',(#4917));
#4917 = ORIENTED_EDGE('',*,*,#4918,.F.);
#4918 = EDGE_CURVE('',#4919,#4919,#4921,.T.);
#4919 = VERTEX_POINT('',#4920);
#4920 = CARTESIAN_POINT('',(201.7,-51.75,0.71));
#4921 = CIRCLE('',#4922,0.5);
#4922 = AXIS2_PLACEMENT_3D('',#4923,#4924,#4925);
#4923 = CARTESIAN_POINT('',(201.2,-51.75,0.71));
#4924 = DIRECTION('',(0.,0.,1.));
#4925 = DIRECTION('',(1.,0.,-0.));
#4926 = FACE_BOUND('',#4927,.T.);
#4927 = EDGE_LOOP('',(#4928));
#4928 = ORIENTED_EDGE('',*,*,#4929,.F.);
#4929 = EDGE_CURVE('',#4930,#4930,#4932,.T.);
#4930 = VERTEX_POINT('',#4931);
#4931 = CARTESIAN_POINT('',(218.7,-51.75,0.71));
#4932 = CIRCLE('',#4933,0.5);
#4933 = AXIS2_PLACEMENT_3D('',#4934,#4935,#4936);
#4934 = CARTESIAN_POINT('',(218.2,-51.75,0.71));
#4935 = DIRECTION('',(0.,0.,1.));
#4936 = DIRECTION('',(1.,0.,-0.));
#4937 = FACE_BOUND('',#4938,.T.);
#4938 = EDGE_LOOP('',(#4939));
#4939 = ORIENTED_EDGE('',*,*,#4940,.F.);
#4940 = EDGE_CURVE('',#4941,#4941,#4943,.T.);
#4941 = VERTEX_POINT('',#4942);
#4942 = CARTESIAN_POINT('',(213.4,-46.25,0.71));
#4943 = CIRCLE('',#4944,0.6);
#4944 = AXIS2_PLACEMENT_3D('',#4945,#4946,#4947);
#4945 = CARTESIAN_POINT('',(212.8,-46.25,0.71));
#4946 = DIRECTION('',(0.,0.,1.));
#4947 = DIRECTION('',(1.,0.,-0.));
#4948 = FACE_BOUND('',#4949,.T.);
#4949 = EDGE_LOOP('',(#4950));
#4950 = ORIENTED_EDGE('',*,*,#4951,.F.);
#4951 = EDGE_CURVE('',#4952,#4952,#4954,.T.);
#4952 = VERTEX_POINT('',#4953);
#4953 = CARTESIAN_POINT('',(235.7,-51.75,0.71));
#4954 = CIRCLE('',#4955,0.5);
#4955 = AXIS2_PLACEMENT_3D('',#4956,#4957,#4958);
#4956 = CARTESIAN_POINT('',(235.2,-51.75,0.71));
#4957 = DIRECTION('',(0.,0.,1.));
#4958 = DIRECTION('',(1.,0.,-0.));
#4959 = FACE_BOUND('',#4960,.T.);
#4960 = EDGE_LOOP('',(#4961));
#4961 = ORIENTED_EDGE('',*,*,#4962,.F.);
#4962 = EDGE_CURVE('',#4963,#4963,#4965,.T.);
#4963 = VERTEX_POINT('',#4964);
#4964 = CARTESIAN_POINT('',(230.4,-46.25,0.71));
#4965 = CIRCLE('',#4966,0.6);
#4966 = AXIS2_PLACEMENT_3D('',#4967,#4968,#4969);
#4967 = CARTESIAN_POINT('',(229.8,-46.25,0.71));
#4968 = DIRECTION('',(0.,0.,1.));
#4969 = DIRECTION('',(1.,0.,-0.));
#4970 = FACE_BOUND('',#4971,.T.);
#4971 = EDGE_LOOP('',(#4972));
#4972 = ORIENTED_EDGE('',*,*,#4973,.F.);
#4973 = EDGE_CURVE('',#4974,#4974,#4976,.T.);
#4974 = VERTEX_POINT('',#4975);
#4975 = CARTESIAN_POINT('',(247.4,-46.25,0.71));
#4976 = CIRCLE('',#4977,0.6);
#4977 = AXIS2_PLACEMENT_3D('',#4978,#4979,#4980);
#4978 = CARTESIAN_POINT('',(246.8,-46.25,0.71));
#4979 = DIRECTION('',(0.,0.,1.));
#4980 = DIRECTION('',(1.,0.,-0.));
#4981 = FACE_BOUND('',#4982,.T.);
#4982 = EDGE_LOOP('',(#4983));
#4983 = ORIENTED_EDGE('',*,*,#4984,.T.);
#4984 = EDGE_CURVE('',#4985,#4985,#4987,.T.);
#4985 = VERTEX_POINT('',#4986);
#4986 = CARTESIAN_POINT('',(195.5745,-30.45,0.71));
#4987 = CIRCLE('',#4988,0.45);
#4988 = AXIS2_PLACEMENT_3D('',#4989,#4990,#4991);
#4989 = CARTESIAN_POINT('',(195.5745,-30.,0.71));
#4990 = DIRECTION('',(-0.,0.,-1.));
#4991 = DIRECTION('',(-0.,-1.,0.));
#4992 = FACE_BOUND('',#4993,.T.);
#4993 = EDGE_LOOP('',(#4994));
#4994 = ORIENTED_EDGE('',*,*,#4995,.T.);
#4995 = EDGE_CURVE('',#4996,#4996,#4998,.T.);
#4996 = VERTEX_POINT('',#4997);
#4997 = CARTESIAN_POINT('',(195.5745,-27.45,0.71));
#4998 = CIRCLE('',#4999,0.45);
#4999 = AXIS2_PLACEMENT_3D('',#5000,#5001,#5002);
#5000 = CARTESIAN_POINT('',(195.5745,-27.,0.71));
#5001 = DIRECTION('',(-0.,0.,-1.));
#5002 = DIRECTION('',(-0.,-1.,0.));
#5003 = FACE_BOUND('',#5004,.T.);
#5004 = EDGE_LOOP('',(#5005));
#5005 = ORIENTED_EDGE('',*,*,#5006,.F.);
#5006 = EDGE_CURVE('',#5007,#5007,#5009,.T.);
#5007 = VERTEX_POINT('',#5008);
#5008 = CARTESIAN_POINT('',(197.,-18.7,0.71));
#5009 = CIRCLE('',#5010,1.1);
#5010 = AXIS2_PLACEMENT_3D('',#5011,#5012,#5013);
#5011 = CARTESIAN_POINT('',(195.9,-18.7,0.71));
#5012 = DIRECTION('',(0.,0.,1.));
#5013 = DIRECTION('',(1.,0.,-0.));
#5014 = FACE_BOUND('',#5015,.T.);
#5015 = EDGE_LOOP('',(#5016));
#5016 = ORIENTED_EDGE('',*,*,#5017,.F.);
#5017 = EDGE_CURVE('',#5018,#5018,#5020,.T.);
#5018 = VERTEX_POINT('',#5019);
#5019 = CARTESIAN_POINT('',(252.7,-51.75,0.71));
#5020 = CIRCLE('',#5021,0.5);
#5021 = AXIS2_PLACEMENT_3D('',#5022,#5023,#5024);
#5022 = CARTESIAN_POINT('',(252.2,-51.75,0.71));
#5023 = DIRECTION('',(0.,0.,1.));
#5024 = DIRECTION('',(1.,0.,-0.));
#5025 = FACE_BOUND('',#5026,.T.);
#5026 = EDGE_LOOP('',(#5027));
#5027 = ORIENTED_EDGE('',*,*,#5028,.F.);
#5028 = EDGE_CURVE('',#5029,#5029,#5031,.T.);
#5029 = VERTEX_POINT('',#5030);
#5030 = CARTESIAN_POINT('',(269.7,-51.75,0.71));
#5031 = CIRCLE('',#5032,0.5);
#5032 = AXIS2_PLACEMENT_3D('',#5033,#5034,#5035);
#5033 = CARTESIAN_POINT('',(269.2,-51.75,0.71));
#5034 = DIRECTION('',(0.,0.,1.));
#5035 = DIRECTION('',(1.,0.,-0.));
#5036 = FACE_BOUND('',#5037,.T.);
#5037 = EDGE_LOOP('',(#5038));
#5038 = ORIENTED_EDGE('',*,*,#5039,.F.);
#5039 = EDGE_CURVE('',#5040,#5040,#5042,.T.);
#5040 = VERTEX_POINT('',#5041);
#5041 = CARTESIAN_POINT('',(264.4,-46.25,0.71));
#5042 = CIRCLE('',#5043,0.6);
#5043 = AXIS2_PLACEMENT_3D('',#5044,#5045,#5046);
#5044 = CARTESIAN_POINT('',(263.8,-46.25,0.71));
#5045 = DIRECTION('',(0.,0.,1.));
#5046 = DIRECTION('',(1.,0.,-0.));
#5047 = FACE_BOUND('',#5048,.T.);
#5048 = EDGE_LOOP('',(#5049));
#5049 = ORIENTED_EDGE('',*,*,#5050,.F.);
#5050 = EDGE_CURVE('',#5051,#5051,#5053,.T.);
#5051 = VERTEX_POINT('',#5052);
#5052 = CARTESIAN_POINT('',(286.7,-51.75,0.71));
#5053 = CIRCLE('',#5054,0.5);
#5054 = AXIS2_PLACEMENT_3D('',#5055,#5056,#5057);
#5055 = CARTESIAN_POINT('',(286.2,-51.75,0.71));
#5056 = DIRECTION('',(0.,0.,1.));
#5057 = DIRECTION('',(1.,0.,-0.));
#5058 = FACE_BOUND('',#5059,.T.);
#5059 = EDGE_LOOP('',(#5060));
#5060 = ORIENTED_EDGE('',*,*,#5061,.F.);
#5061 = EDGE_CURVE('',#5062,#5062,#5064,.T.);
#5062 = VERTEX_POINT('',#5063);
#5063 = CARTESIAN_POINT('',(281.4,-46.25,0.71));
#5064 = CIRCLE('',#5065,0.6);
#5065 = AXIS2_PLACEMENT_3D('',#5066,#5067,#5068);
#5066 = CARTESIAN_POINT('',(280.8,-46.25,0.71));
#5067 = DIRECTION('',(0.,0.,1.));
#5068 = DIRECTION('',(1.,0.,-0.));
#5069 = FACE_BOUND('',#5070,.T.);
#5070 = EDGE_LOOP('',(#5071));
#5071 = ORIENTED_EDGE('',*,*,#5072,.F.);
#5072 = EDGE_CURVE('',#5073,#5073,#5075,.T.);
#5073 = VERTEX_POINT('',#5074);
#5074 = CARTESIAN_POINT('',(298.4,-46.25,0.71));
#5075 = CIRCLE('',#5076,0.6);
#5076 = AXIS2_PLACEMENT_3D('',#5077,#5078,#5079);
#5077 = CARTESIAN_POINT('',(297.8,-46.25,0.71));
#5078 = DIRECTION('',(0.,0.,1.));
#5079 = DIRECTION('',(1.,0.,-0.));
#5080 = FACE_BOUND('',#5081,.T.);
#5081 = EDGE_LOOP('',(#5082,#5092,#5100,#5108,#5116,#5124,#5133,#5142,
    #5150,#5159));
#5082 = ORIENTED_EDGE('',*,*,#5083,.F.);
#5083 = EDGE_CURVE('',#5084,#5086,#5088,.T.);
#5084 = VERTEX_POINT('',#5085);
#5085 = CARTESIAN_POINT('',(293.5565,-34.976,0.71));
#5086 = VERTEX_POINT('',#5087);
#5087 = CARTESIAN_POINT('',(293.55600254417,-36.56805762597,0.71));
#5088 = LINE('',#5089,#5090);
#5089 = CARTESIAN_POINT('',(293.5565,-34.976,0.71));
#5090 = VECTOR('',#5091,1.);
#5091 = DIRECTION('',(-3.124609271573E-04,-0.999999951184,0.));
#5092 = ORIENTED_EDGE('',*,*,#5093,.F.);
#5093 = EDGE_CURVE('',#5094,#5084,#5096,.T.);
#5094 = VERTEX_POINT('',#5095);
#5095 = CARTESIAN_POINT('',(293.9375,-34.595,0.71));
#5096 = LINE('',#5097,#5098);
#5097 = CARTESIAN_POINT('',(293.9375,-34.595,0.71));
#5098 = VECTOR('',#5099,1.);
#5099 = DIRECTION('',(-0.707106781187,-0.707106781187,0.));
#5100 = ORIENTED_EDGE('',*,*,#5101,.F.);
#5101 = EDGE_CURVE('',#5102,#5094,#5104,.T.);
#5102 = VERTEX_POINT('',#5103);
#5103 = CARTESIAN_POINT('',(295.5885,-34.595,0.71));
#5104 = LINE('',#5105,#5106);
#5105 = CARTESIAN_POINT('',(295.5885,-34.595,0.71));
#5106 = VECTOR('',#5107,1.);
#5107 = DIRECTION('',(-1.,0.,0.));
#5108 = ORIENTED_EDGE('',*,*,#5109,.F.);
#5109 = EDGE_CURVE('',#5110,#5102,#5112,.T.);
#5110 = VERTEX_POINT('',#5111);
#5111 = CARTESIAN_POINT('',(295.9695,-34.976,0.71));
#5112 = LINE('',#5113,#5114);
#5113 = CARTESIAN_POINT('',(295.9695,-34.976,0.71));
#5114 = VECTOR('',#5115,1.);
#5115 = DIRECTION('',(-0.707106781187,0.707106781187,0.));
#5116 = ORIENTED_EDGE('',*,*,#5117,.F.);
#5117 = EDGE_CURVE('',#5118,#5110,#5120,.T.);
#5118 = VERTEX_POINT('',#5119);
#5119 = CARTESIAN_POINT('',(295.96900254325,-36.56806056326,0.71));
#5120 = LINE('',#5121,#5122);
#5121 = CARTESIAN_POINT('',(295.969,-36.5762,0.71));
#5122 = VECTOR('',#5123,1.);
#5123 = DIRECTION('',(3.124609271217E-04,0.999999951184,0.));
#5124 = ORIENTED_EDGE('',*,*,#5125,.T.);
#5125 = EDGE_CURVE('',#5118,#5126,#5128,.T.);
#5126 = VERTEX_POINT('',#5127);
#5127 = CARTESIAN_POINT('',(295.715,-37.516,0.71));
#5128 = CIRCLE('',#5129,0.508);
#5129 = AXIS2_PLACEMENT_3D('',#5130,#5131,#5132);
#5130 = CARTESIAN_POINT('',(295.715,-37.008,0.71));
#5131 = DIRECTION('',(-0.,0.,-1.));
#5132 = DIRECTION('',(-1.118964938205E-13,-1.,0.));
#5133 = ORIENTED_EDGE('',*,*,#5134,.T.);
#5134 = EDGE_CURVE('',#5126,#5135,#5137,.T.);
#5135 = VERTEX_POINT('',#5136);
#5136 = CARTESIAN_POINT('',(295.2750590949,-37.262,0.71));
#5137 = CIRCLE('',#5138,0.508);
#5138 = AXIS2_PLACEMENT_3D('',#5139,#5140,#5141);
#5139 = CARTESIAN_POINT('',(295.715,-37.008,0.71));
#5140 = DIRECTION('',(-0.,0.,-1.));
#5141 = DIRECTION('',(-1.118964938205E-13,-1.,0.));
#5142 = ORIENTED_EDGE('',*,*,#5143,.F.);
#5143 = EDGE_CURVE('',#5144,#5135,#5146,.T.);
#5144 = VERTEX_POINT('',#5145);
#5145 = CARTESIAN_POINT('',(294.24994090512,-37.262,0.71));
#5146 = LINE('',#5147,#5148);
#5147 = CARTESIAN_POINT('',(294.2418,-37.262,0.71));
#5148 = VECTOR('',#5149,1.);
#5149 = DIRECTION('',(1.,0.,0.));
#5150 = ORIENTED_EDGE('',*,*,#5151,.T.);
#5151 = EDGE_CURVE('',#5144,#5152,#5154,.T.);
#5152 = VERTEX_POINT('',#5153);
#5153 = CARTESIAN_POINT('',(293.81,-37.516,0.71));
#5154 = CIRCLE('',#5155,0.508);
#5155 = AXIS2_PLACEMENT_3D('',#5156,#5157,#5158);
#5156 = CARTESIAN_POINT('',(293.81,-37.008,0.71));
#5157 = DIRECTION('',(-0.,0.,-1.));
#5158 = DIRECTION('',(-0.,-1.,0.));
#5159 = ORIENTED_EDGE('',*,*,#5160,.T.);
#5160 = EDGE_CURVE('',#5152,#5086,#5161,.T.);
#5161 = CIRCLE('',#5162,0.508);
#5162 = AXIS2_PLACEMENT_3D('',#5163,#5164,#5165);
#5163 = CARTESIAN_POINT('',(293.81,-37.008,0.71));
#5164 = DIRECTION('',(-0.,0.,-1.));
#5165 = DIRECTION('',(-0.,-1.,0.));
#5166 = FACE_BOUND('',#5167,.T.);
#5167 = EDGE_LOOP('',(#5168,#5178,#5187,#5195,#5203,#5211,#5219,#5227,
    #5236));
#5168 = ORIENTED_EDGE('',*,*,#5169,.F.);
#5169 = EDGE_CURVE('',#5170,#5172,#5174,.T.);
#5170 = VERTEX_POINT('',#5171);
#5171 = CARTESIAN_POINT('',(285.301,-26.01794090512,0.71));
#5172 = VERTEX_POINT('',#5173);
#5173 = CARTESIAN_POINT('',(285.301,-27.04305909487,0.71));
#5174 = LINE('',#5175,#5176);
#5175 = CARTESIAN_POINT('',(285.301,-26.0098,0.71));
#5176 = VECTOR('',#5177,1.);
#5177 = DIRECTION('',(0.,-1.,0.));
#5178 = ORIENTED_EDGE('',*,*,#5179,.T.);
#5179 = EDGE_CURVE('',#5170,#5180,#5182,.T.);
#5180 = VERTEX_POINT('',#5181);
#5181 = CARTESIAN_POINT('',(285.9949409051,-25.324,0.71));
#5182 = CIRCLE('',#5183,0.508);
#5183 = AXIS2_PLACEMENT_3D('',#5184,#5185,#5186);
#5184 = CARTESIAN_POINT('',(285.555,-25.578,0.71));
#5185 = DIRECTION('',(-0.,0.,-1.));
#5186 = DIRECTION('',(-0.,-1.,0.));
#5187 = ORIENTED_EDGE('',*,*,#5188,.F.);
#5188 = EDGE_CURVE('',#5189,#5180,#5191,.T.);
#5189 = VERTEX_POINT('',#5190);
#5190 = CARTESIAN_POINT('',(287.587,-25.324,0.71));
#5191 = LINE('',#5192,#5193);
#5192 = CARTESIAN_POINT('',(287.587,-25.324,0.71));
#5193 = VECTOR('',#5194,1.);
#5194 = DIRECTION('',(-1.,0.,0.));
#5195 = ORIENTED_EDGE('',*,*,#5196,.F.);
#5196 = EDGE_CURVE('',#5197,#5189,#5199,.T.);
#5197 = VERTEX_POINT('',#5198);
#5198 = CARTESIAN_POINT('',(287.968,-25.705,0.71));
#5199 = LINE('',#5200,#5201);
#5200 = CARTESIAN_POINT('',(287.968,-25.705,0.71));
#5201 = VECTOR('',#5202,1.);
#5202 = DIRECTION('',(-0.707106781187,0.707106781187,0.));
#5203 = ORIENTED_EDGE('',*,*,#5204,.F.);
#5204 = EDGE_CURVE('',#5205,#5197,#5207,.T.);
#5205 = VERTEX_POINT('',#5206);
#5206 = CARTESIAN_POINT('',(287.968,-27.356,0.71));
#5207 = LINE('',#5208,#5209);
#5208 = CARTESIAN_POINT('',(287.968,-27.356,0.71));
#5209 = VECTOR('',#5210,1.);
#5210 = DIRECTION('',(0.,1.,0.));
#5211 = ORIENTED_EDGE('',*,*,#5212,.F.);
#5212 = EDGE_CURVE('',#5213,#5205,#5215,.T.);
#5213 = VERTEX_POINT('',#5214);
#5214 = CARTESIAN_POINT('',(287.587,-27.737,0.71));
#5215 = LINE('',#5216,#5217);
#5216 = CARTESIAN_POINT('',(287.587,-27.737,0.71));
#5217 = VECTOR('',#5218,1.);
#5218 = DIRECTION('',(0.707106781187,0.707106781187,0.));
#5219 = ORIENTED_EDGE('',*,*,#5220,.F.);
#5220 = EDGE_CURVE('',#5221,#5213,#5223,.T.);
#5221 = VERTEX_POINT('',#5222);
#5222 = CARTESIAN_POINT('',(285.99494090512,-27.737,0.71));
#5223 = LINE('',#5224,#5225);
#5224 = CARTESIAN_POINT('',(285.9868,-27.737,0.71));
#5225 = VECTOR('',#5226,1.);
#5226 = DIRECTION('',(1.,0.,0.));
#5227 = ORIENTED_EDGE('',*,*,#5228,.T.);
#5228 = EDGE_CURVE('',#5221,#5229,#5231,.T.);
#5229 = VERTEX_POINT('',#5230);
#5230 = CARTESIAN_POINT('',(285.555,-27.991,0.71));
#5231 = CIRCLE('',#5232,0.508);
#5232 = AXIS2_PLACEMENT_3D('',#5233,#5234,#5235);
#5233 = CARTESIAN_POINT('',(285.555,-27.483,0.71));
#5234 = DIRECTION('',(-0.,0.,-1.));
#5235 = DIRECTION('',(-0.,-1.,0.));
#5236 = ORIENTED_EDGE('',*,*,#5237,.T.);
#5237 = EDGE_CURVE('',#5229,#5172,#5238,.T.);
#5238 = CIRCLE('',#5239,0.508);
#5239 = AXIS2_PLACEMENT_3D('',#5240,#5241,#5242);
#5240 = CARTESIAN_POINT('',(285.555,-27.483,0.71));
#5241 = DIRECTION('',(-0.,0.,-1.));
#5242 = DIRECTION('',(-0.,-1.,0.));
#5243 = FACE_BOUND('',#5244,.T.);
#5244 = EDGE_LOOP('',(#5245,#5255,#5264,#5272,#5281,#5289,#5298,#5307,
    #5315,#5324));
#5245 = ORIENTED_EDGE('',*,*,#5246,.F.);
#5246 = EDGE_CURVE('',#5247,#5249,#5251,.T.);
#5247 = VERTEX_POINT('',#5248);
#5248 = CARTESIAN_POINT('',(288.476,-19.66794090512,0.71));
#5249 = VERTEX_POINT('',#5250);
#5250 = CARTESIAN_POINT('',(288.476,-21.32805909486,0.71));
#5251 = LINE('',#5252,#5253);
#5252 = CARTESIAN_POINT('',(288.476,-19.6598,0.71));
#5253 = VECTOR('',#5254,1.);
#5254 = DIRECTION('',(0.,-1.,0.));
#5255 = ORIENTED_EDGE('',*,*,#5256,.T.);
#5256 = EDGE_CURVE('',#5247,#5257,#5259,.T.);
#5257 = VERTEX_POINT('',#5258);
#5258 = CARTESIAN_POINT('',(289.1699409051,-18.974,0.71));
#5259 = CIRCLE('',#5260,0.508);
#5260 = AXIS2_PLACEMENT_3D('',#5261,#5262,#5263);
#5261 = CARTESIAN_POINT('',(288.73,-19.228,0.71));
#5262 = DIRECTION('',(-0.,0.,-1.));
#5263 = DIRECTION('',(-0.,-1.,0.));
#5264 = ORIENTED_EDGE('',*,*,#5265,.F.);
#5265 = EDGE_CURVE('',#5266,#5257,#5268,.T.);
#5266 = VERTEX_POINT('',#5267);
#5267 = CARTESIAN_POINT('',(290.8300590949,-18.974,0.71));
#5268 = LINE('',#5269,#5270);
#5269 = CARTESIAN_POINT('',(290.8382,-18.974,0.71));
#5270 = VECTOR('',#5271,1.);
#5271 = DIRECTION('',(-1.,0.,0.));
#5272 = ORIENTED_EDGE('',*,*,#5273,.T.);
#5273 = EDGE_CURVE('',#5266,#5274,#5276,.T.);
#5274 = VERTEX_POINT('',#5275);
#5275 = CARTESIAN_POINT('',(291.524,-19.6679409051,0.71));
#5276 = CIRCLE('',#5277,0.508);
#5277 = AXIS2_PLACEMENT_3D('',#5278,#5279,#5280);
#5278 = CARTESIAN_POINT('',(291.27,-19.228,0.71));
#5279 = DIRECTION('',(-0.,0.,-1.));
#5280 = DIRECTION('',(-0.,-1.,0.));
#5281 = ORIENTED_EDGE('',*,*,#5282,.F.);
#5282 = EDGE_CURVE('',#5283,#5274,#5285,.T.);
#5283 = VERTEX_POINT('',#5284);
#5284 = CARTESIAN_POINT('',(291.524,-21.3280590949,0.71));
#5285 = LINE('',#5286,#5287);
#5286 = CARTESIAN_POINT('',(291.524,-21.3362,0.71));
#5287 = VECTOR('',#5288,1.);
#5288 = DIRECTION('',(0.,1.,0.));
#5289 = ORIENTED_EDGE('',*,*,#5290,.T.);
#5290 = EDGE_CURVE('',#5283,#5291,#5293,.T.);
#5291 = VERTEX_POINT('',#5292);
#5292 = CARTESIAN_POINT('',(291.27,-22.276,0.71));
#5293 = CIRCLE('',#5294,0.508);
#5294 = AXIS2_PLACEMENT_3D('',#5295,#5296,#5297);
#5295 = CARTESIAN_POINT('',(291.27,-21.768,0.71));
#5296 = DIRECTION('',(-0.,0.,-1.));
#5297 = DIRECTION('',(-0.,-1.,0.));
#5298 = ORIENTED_EDGE('',*,*,#5299,.T.);
#5299 = EDGE_CURVE('',#5291,#5300,#5302,.T.);
#5300 = VERTEX_POINT('',#5301);
#5301 = CARTESIAN_POINT('',(290.83005909489,-22.022,0.71));
#5302 = CIRCLE('',#5303,0.508);
#5303 = AXIS2_PLACEMENT_3D('',#5304,#5305,#5306);
#5304 = CARTESIAN_POINT('',(291.27,-21.768,0.71));
#5305 = DIRECTION('',(-0.,0.,-1.));
#5306 = DIRECTION('',(-0.,-1.,0.));
#5307 = ORIENTED_EDGE('',*,*,#5308,.F.);
#5308 = EDGE_CURVE('',#5309,#5300,#5311,.T.);
#5309 = VERTEX_POINT('',#5310);
#5310 = CARTESIAN_POINT('',(289.16994090509,-22.022,0.71));
#5311 = LINE('',#5312,#5313);
#5312 = CARTESIAN_POINT('',(289.1618,-22.022,0.71));
#5313 = VECTOR('',#5314,1.);
#5314 = DIRECTION('',(1.,0.,0.));
#5315 = ORIENTED_EDGE('',*,*,#5316,.T.);
#5316 = EDGE_CURVE('',#5309,#5317,#5319,.T.);
#5317 = VERTEX_POINT('',#5318);
#5318 = CARTESIAN_POINT('',(288.73,-22.276,0.71));
#5319 = CIRCLE('',#5320,0.508);
#5320 = AXIS2_PLACEMENT_3D('',#5321,#5322,#5323);
#5321 = CARTESIAN_POINT('',(288.73,-21.768,0.71));
#5322 = DIRECTION('',(-0.,0.,-1.));
#5323 = DIRECTION('',(-0.,-1.,0.));
#5324 = ORIENTED_EDGE('',*,*,#5325,.T.);
#5325 = EDGE_CURVE('',#5317,#5249,#5326,.T.);
#5326 = CIRCLE('',#5327,0.508);
#5327 = AXIS2_PLACEMENT_3D('',#5328,#5329,#5330);
#5328 = CARTESIAN_POINT('',(288.73,-21.768,0.71));
#5329 = DIRECTION('',(-0.,0.,-1.));
#5330 = DIRECTION('',(-0.,-1.,0.));
#5331 = FACE_BOUND('',#5332,.T.);
#5332 = EDGE_LOOP('',(#5333));
#5333 = ORIENTED_EDGE('',*,*,#5334,.F.);
#5334 = EDGE_CURVE('',#5335,#5335,#5337,.T.);
#5335 = VERTEX_POINT('',#5336);
#5336 = CARTESIAN_POINT('',(304.2,-18.7,0.71));
#5337 = CIRCLE('',#5338,1.1);
#5338 = AXIS2_PLACEMENT_3D('',#5339,#5340,#5341);
#5339 = CARTESIAN_POINT('',(303.1,-18.7,0.71));
#5340 = DIRECTION('',(0.,0.,1.));
#5341 = DIRECTION('',(1.,0.,-0.));
#5342 = PLANE('',#5343);
#5343 = AXIS2_PLACEMENT_3D('',#5344,#5345,#5346);
#5344 = CARTESIAN_POINT('',(0.,0.,0.71));
#5345 = DIRECTION('',(0.,0.,1.));
#5346 = DIRECTION('',(1.,0.,-0.));
#5347 = ADVANCED_FACE('',(#5348),#5359,.T.);
#5348 = FACE_BOUND('',#5349,.T.);
#5349 = EDGE_LOOP('',(#5350,#5356,#5357,#5358));
#5350 = ORIENTED_EDGE('',*,*,#5351,.T.);
#5351 = EDGE_CURVE('',#3560,#4457,#5352,.T.);
#5352 = LINE('',#5353,#5354);
#5353 = CARTESIAN_POINT('',(193.8,-17.6,0.));
#5354 = VECTOR('',#5355,1.);
#5355 = DIRECTION('',(0.,0.,1.));
#5356 = ORIENTED_EDGE('',*,*,#4456,.T.);
#5357 = ORIENTED_EDGE('',*,*,#3495,.F.);
#5358 = ORIENTED_EDGE('',*,*,#3559,.F.);
#5359 = CYLINDRICAL_SURFACE('',#5360,0.999999252925);
#5360 = AXIS2_PLACEMENT_3D('',#5361,#5362,#5363);
#5361 = CARTESIAN_POINT('',(194.79999925292,-17.59999925292,0.));
#5362 = DIRECTION('',(0.,0.,-1.));
#5363 = DIRECTION('',(-1.,-7.470757562702E-07,-0.));
#5364 = ADVANCED_FACE('',(#5365),#5376,.T.);
#5365 = FACE_BOUND('',#5366,.T.);
#5366 = EDGE_LOOP('',(#5367,#5368,#5369,#5375));
#5367 = ORIENTED_EDGE('',*,*,#3535,.T.);
#5368 = ORIENTED_EDGE('',*,*,#4490,.T.);
#5369 = ORIENTED_EDGE('',*,*,#5370,.F.);
#5370 = EDGE_CURVE('',#3586,#4483,#5371,.T.);
#5371 = LINE('',#5372,#5373);
#5372 = CARTESIAN_POINT('',(304.2,-113.2,0.));
#5373 = VECTOR('',#5374,1.);
#5374 = DIRECTION('',(0.,0.,1.));
#5375 = ORIENTED_EDGE('',*,*,#3593,.F.);
#5376 = CYLINDRICAL_SURFACE('',#5377,0.999999252925);
#5377 = AXIS2_PLACEMENT_3D('',#5378,#5379,#5380);
#5378 = CARTESIAN_POINT('',(304.20000074707,-112.200000747,0.));
#5379 = DIRECTION('',(0.,0.,-1.));
#5380 = DIRECTION('',(1.,7.470757349539E-07,0.));
#5381 = ADVANCED_FACE('',(#5382),#5393,.T.);
#5382 = FACE_BOUND('',#5383,.T.);
#5383 = EDGE_LOOP('',(#5384,#5390,#5391,#5392));
#5384 = ORIENTED_EDGE('',*,*,#5385,.T.);
#5385 = EDGE_CURVE('',#3569,#4466,#5386,.T.);
#5386 = LINE('',#5387,#5388);
#5387 = CARTESIAN_POINT('',(193.8,-112.2,0.));
#5388 = VECTOR('',#5389,1.);
#5389 = DIRECTION('',(0.,0.,1.));
#5390 = ORIENTED_EDGE('',*,*,#4465,.T.);
#5391 = ORIENTED_EDGE('',*,*,#5351,.F.);
#5392 = ORIENTED_EDGE('',*,*,#3568,.F.);
#5393 = PLANE('',#5394);
#5394 = AXIS2_PLACEMENT_3D('',#5395,#5396,#5397);
#5395 = CARTESIAN_POINT('',(193.8,-112.2,0.));
#5396 = DIRECTION('',(-1.,0.,0.));
#5397 = DIRECTION('',(0.,1.,0.));
#5398 = ADVANCED_FACE('',(#5399),#5410,.T.);
#5399 = FACE_BOUND('',#5400,.T.);
#5400 = EDGE_LOOP('',(#5401,#5402,#5403,#5409));
#5401 = ORIENTED_EDGE('',*,*,#5370,.T.);
#5402 = ORIENTED_EDGE('',*,*,#4482,.T.);
#5403 = ORIENTED_EDGE('',*,*,#5404,.F.);
#5404 = EDGE_CURVE('',#3577,#4474,#5405,.T.);
#5405 = LINE('',#5406,#5407);
#5406 = CARTESIAN_POINT('',(194.8,-113.2,0.));
#5407 = VECTOR('',#5408,1.);
#5408 = DIRECTION('',(0.,0.,1.));
#5409 = ORIENTED_EDGE('',*,*,#3585,.F.);
#5410 = PLANE('',#5411);
#5411 = AXIS2_PLACEMENT_3D('',#5412,#5413,#5414);
#5412 = CARTESIAN_POINT('',(304.2,-113.2,0.));
#5413 = DIRECTION('',(0.,-1.,0.));
#5414 = DIRECTION('',(-1.,0.,0.));
#5415 = ADVANCED_FACE('',(#5416),#5422,.T.);
#5416 = FACE_BOUND('',#5417,.T.);
#5417 = EDGE_LOOP('',(#5418,#5419,#5420,#5421));
#5418 = ORIENTED_EDGE('',*,*,#5404,.T.);
#5419 = ORIENTED_EDGE('',*,*,#4473,.T.);
#5420 = ORIENTED_EDGE('',*,*,#5385,.F.);
#5421 = ORIENTED_EDGE('',*,*,#3576,.F.);
#5422 = CYLINDRICAL_SURFACE('',#5423,0.999999252925);
#5423 = AXIS2_PLACEMENT_3D('',#5424,#5425,#5426);
#5424 = CARTESIAN_POINT('',(194.79999925292,-112.200000747,0.));
#5425 = DIRECTION('',(0.,0.,-1.));
#5426 = DIRECTION('',(7.470757349539E-07,-1.,0.));
#5427 = ADVANCED_FACE('',(#5428),#5439,.F.);
#5428 = FACE_BOUND('',#5429,.T.);
#5429 = EDGE_LOOP('',(#5430,#5436,#5437,#5438));
#5430 = ORIENTED_EDGE('',*,*,#5431,.T.);
#5431 = EDGE_CURVE('',#3604,#4501,#5432,.T.);
#5432 = LINE('',#5433,#5434);
#5433 = CARTESIAN_POINT('',(197.,-105.1,0.));
#5434 = VECTOR('',#5435,1.);
#5435 = DIRECTION('',(0.,0.,1.));
#5436 = ORIENTED_EDGE('',*,*,#4500,.T.);
#5437 = ORIENTED_EDGE('',*,*,#5431,.F.);
#5438 = ORIENTED_EDGE('',*,*,#3603,.F.);
#5439 = CYLINDRICAL_SURFACE('',#5440,1.1);
#5440 = AXIS2_PLACEMENT_3D('',#5441,#5442,#5443);
#5441 = CARTESIAN_POINT('',(195.9,-105.1,0.));
#5442 = DIRECTION('',(-0.,-0.,-1.));
#5443 = DIRECTION('',(1.,0.,-0.));
#5444 = ADVANCED_FACE('',(#5445),#5456,.F.);
#5445 = FACE_BOUND('',#5446,.T.);
#5446 = EDGE_LOOP('',(#5447,#5453,#5454,#5455));
#5447 = ORIENTED_EDGE('',*,*,#5448,.T.);
#5448 = EDGE_CURVE('',#3615,#4512,#5449,.T.);
#5449 = LINE('',#5450,#5451);
#5450 = CARTESIAN_POINT('',(201.7,-102.75,0.));
#5451 = VECTOR('',#5452,1.);
#5452 = DIRECTION('',(0.,0.,1.));
#5453 = ORIENTED_EDGE('',*,*,#4511,.T.);
#5454 = ORIENTED_EDGE('',*,*,#5448,.F.);
#5455 = ORIENTED_EDGE('',*,*,#3614,.F.);
#5456 = CYLINDRICAL_SURFACE('',#5457,0.5);
#5457 = AXIS2_PLACEMENT_3D('',#5458,#5459,#5460);
#5458 = CARTESIAN_POINT('',(201.2,-102.75,0.));
#5459 = DIRECTION('',(-0.,-0.,-1.));
#5460 = DIRECTION('',(1.,0.,-0.));
#5461 = ADVANCED_FACE('',(#5462),#5473,.F.);
#5462 = FACE_BOUND('',#5463,.T.);
#5463 = EDGE_LOOP('',(#5464,#5470,#5471,#5472));
#5464 = ORIENTED_EDGE('',*,*,#5465,.T.);
#5465 = EDGE_CURVE('',#3626,#4523,#5466,.T.);
#5466 = LINE('',#5467,#5468);
#5467 = CARTESIAN_POINT('',(218.7,-102.75,0.));
#5468 = VECTOR('',#5469,1.);
#5469 = DIRECTION('',(0.,0.,1.));
#5470 = ORIENTED_EDGE('',*,*,#4522,.T.);
#5471 = ORIENTED_EDGE('',*,*,#5465,.F.);
#5472 = ORIENTED_EDGE('',*,*,#3625,.F.);
#5473 = CYLINDRICAL_SURFACE('',#5474,0.5);
#5474 = AXIS2_PLACEMENT_3D('',#5475,#5476,#5477);
#5475 = CARTESIAN_POINT('',(218.2,-102.75,0.));
#5476 = DIRECTION('',(-0.,-0.,-1.));
#5477 = DIRECTION('',(1.,0.,-0.));
#5478 = ADVANCED_FACE('',(#5479),#5490,.F.);
#5479 = FACE_BOUND('',#5480,.T.);
#5480 = EDGE_LOOP('',(#5481,#5487,#5488,#5489));
#5481 = ORIENTED_EDGE('',*,*,#5482,.T.);
#5482 = EDGE_CURVE('',#3637,#4534,#5483,.T.);
#5483 = LINE('',#5484,#5485);
#5484 = CARTESIAN_POINT('',(213.4,-97.25,0.));
#5485 = VECTOR('',#5486,1.);
#5486 = DIRECTION('',(0.,0.,1.));
#5487 = ORIENTED_EDGE('',*,*,#4533,.T.);
#5488 = ORIENTED_EDGE('',*,*,#5482,.F.);
#5489 = ORIENTED_EDGE('',*,*,#3636,.F.);
#5490 = CYLINDRICAL_SURFACE('',#5491,0.6);
#5491 = AXIS2_PLACEMENT_3D('',#5492,#5493,#5494);
#5492 = CARTESIAN_POINT('',(212.8,-97.25,0.));
#5493 = DIRECTION('',(-0.,-0.,-1.));
#5494 = DIRECTION('',(1.,0.,-0.));
#5495 = ADVANCED_FACE('',(#5496),#5507,.F.);
#5496 = FACE_BOUND('',#5497,.T.);
#5497 = EDGE_LOOP('',(#5498,#5504,#5505,#5506));
#5498 = ORIENTED_EDGE('',*,*,#5499,.T.);
#5499 = EDGE_CURVE('',#3648,#4545,#5500,.T.);
#5500 = LINE('',#5501,#5502);
#5501 = CARTESIAN_POINT('',(201.7,-85.75,0.));
#5502 = VECTOR('',#5503,1.);
#5503 = DIRECTION('',(0.,0.,1.));
#5504 = ORIENTED_EDGE('',*,*,#4544,.T.);
#5505 = ORIENTED_EDGE('',*,*,#5499,.F.);
#5506 = ORIENTED_EDGE('',*,*,#3647,.F.);
#5507 = CYLINDRICAL_SURFACE('',#5508,0.5);
#5508 = AXIS2_PLACEMENT_3D('',#5509,#5510,#5511);
#5509 = CARTESIAN_POINT('',(201.2,-85.75,0.));
#5510 = DIRECTION('',(-0.,-0.,-1.));
#5511 = DIRECTION('',(1.,0.,-0.));
#5512 = ADVANCED_FACE('',(#5513),#5524,.F.);
#5513 = FACE_BOUND('',#5514,.T.);
#5514 = EDGE_LOOP('',(#5515,#5521,#5522,#5523));
#5515 = ORIENTED_EDGE('',*,*,#5516,.T.);
#5516 = EDGE_CURVE('',#3659,#4556,#5517,.T.);
#5517 = LINE('',#5518,#5519);
#5518 = CARTESIAN_POINT('',(218.7,-85.75,0.));
#5519 = VECTOR('',#5520,1.);
#5520 = DIRECTION('',(0.,0.,1.));
#5521 = ORIENTED_EDGE('',*,*,#4555,.T.);
#5522 = ORIENTED_EDGE('',*,*,#5516,.F.);
#5523 = ORIENTED_EDGE('',*,*,#3658,.F.);
#5524 = CYLINDRICAL_SURFACE('',#5525,0.5);
#5525 = AXIS2_PLACEMENT_3D('',#5526,#5527,#5528);
#5526 = CARTESIAN_POINT('',(218.2,-85.75,0.));
#5527 = DIRECTION('',(-0.,-0.,-1.));
#5528 = DIRECTION('',(1.,0.,-0.));
#5529 = ADVANCED_FACE('',(#5530),#5541,.F.);
#5530 = FACE_BOUND('',#5531,.T.);
#5531 = EDGE_LOOP('',(#5532,#5538,#5539,#5540));
#5532 = ORIENTED_EDGE('',*,*,#5533,.T.);
#5533 = EDGE_CURVE('',#3670,#4567,#5534,.T.);
#5534 = LINE('',#5535,#5536);
#5535 = CARTESIAN_POINT('',(235.7,-102.75,0.));
#5536 = VECTOR('',#5537,1.);
#5537 = DIRECTION('',(0.,0.,1.));
#5538 = ORIENTED_EDGE('',*,*,#4566,.T.);
#5539 = ORIENTED_EDGE('',*,*,#5533,.F.);
#5540 = ORIENTED_EDGE('',*,*,#3669,.F.);
#5541 = CYLINDRICAL_SURFACE('',#5542,0.5);
#5542 = AXIS2_PLACEMENT_3D('',#5543,#5544,#5545);
#5543 = CARTESIAN_POINT('',(235.2,-102.75,0.));
#5544 = DIRECTION('',(-0.,-0.,-1.));
#5545 = DIRECTION('',(1.,0.,-0.));
#5546 = ADVANCED_FACE('',(#5547),#5558,.F.);
#5547 = FACE_BOUND('',#5548,.T.);
#5548 = EDGE_LOOP('',(#5549,#5555,#5556,#5557));
#5549 = ORIENTED_EDGE('',*,*,#5550,.T.);
#5550 = EDGE_CURVE('',#3681,#4578,#5551,.T.);
#5551 = LINE('',#5552,#5553);
#5552 = CARTESIAN_POINT('',(230.4,-97.25,0.));
#5553 = VECTOR('',#5554,1.);
#5554 = DIRECTION('',(0.,0.,1.));
#5555 = ORIENTED_EDGE('',*,*,#4577,.T.);
#5556 = ORIENTED_EDGE('',*,*,#5550,.F.);
#5557 = ORIENTED_EDGE('',*,*,#3680,.F.);
#5558 = CYLINDRICAL_SURFACE('',#5559,0.6);
#5559 = AXIS2_PLACEMENT_3D('',#5560,#5561,#5562);
#5560 = CARTESIAN_POINT('',(229.8,-97.25,0.));
#5561 = DIRECTION('',(-0.,-0.,-1.));
#5562 = DIRECTION('',(1.,0.,-0.));
#5563 = ADVANCED_FACE('',(#5564),#5575,.F.);
#5564 = FACE_BOUND('',#5565,.T.);
#5565 = EDGE_LOOP('',(#5566,#5572,#5573,#5574));
#5566 = ORIENTED_EDGE('',*,*,#5567,.T.);
#5567 = EDGE_CURVE('',#3692,#4589,#5568,.T.);
#5568 = LINE('',#5569,#5570);
#5569 = CARTESIAN_POINT('',(247.4,-97.25,0.));
#5570 = VECTOR('',#5571,1.);
#5571 = DIRECTION('',(0.,0.,1.));
#5572 = ORIENTED_EDGE('',*,*,#4588,.T.);
#5573 = ORIENTED_EDGE('',*,*,#5567,.F.);
#5574 = ORIENTED_EDGE('',*,*,#3691,.F.);
#5575 = CYLINDRICAL_SURFACE('',#5576,0.6);
#5576 = AXIS2_PLACEMENT_3D('',#5577,#5578,#5579);
#5577 = CARTESIAN_POINT('',(246.8,-97.25,0.));
#5578 = DIRECTION('',(-0.,-0.,-1.));
#5579 = DIRECTION('',(1.,0.,-0.));
#5580 = ADVANCED_FACE('',(#5581),#5592,.F.);
#5581 = FACE_BOUND('',#5582,.T.);
#5582 = EDGE_LOOP('',(#5583,#5589,#5590,#5591));
#5583 = ORIENTED_EDGE('',*,*,#5584,.T.);
#5584 = EDGE_CURVE('',#3703,#4600,#5585,.T.);
#5585 = LINE('',#5586,#5587);
#5586 = CARTESIAN_POINT('',(235.7,-85.75,0.));
#5587 = VECTOR('',#5588,1.);
#5588 = DIRECTION('',(0.,0.,1.));
#5589 = ORIENTED_EDGE('',*,*,#4599,.T.);
#5590 = ORIENTED_EDGE('',*,*,#5584,.F.);
#5591 = ORIENTED_EDGE('',*,*,#3702,.F.);
#5592 = CYLINDRICAL_SURFACE('',#5593,0.5);
#5593 = AXIS2_PLACEMENT_3D('',#5594,#5595,#5596);
#5594 = CARTESIAN_POINT('',(235.2,-85.75,0.));
#5595 = DIRECTION('',(-0.,-0.,-1.));
#5596 = DIRECTION('',(1.,0.,-0.));
#5597 = ADVANCED_FACE('',(#5598),#5609,.F.);
#5598 = FACE_BOUND('',#5599,.T.);
#5599 = EDGE_LOOP('',(#5600,#5606,#5607,#5608));
#5600 = ORIENTED_EDGE('',*,*,#5601,.T.);
#5601 = EDGE_CURVE('',#3714,#4611,#5602,.T.);
#5602 = LINE('',#5603,#5604);
#5603 = CARTESIAN_POINT('',(213.4,-80.25,0.));
#5604 = VECTOR('',#5605,1.);
#5605 = DIRECTION('',(0.,0.,1.));
#5606 = ORIENTED_EDGE('',*,*,#4610,.T.);
#5607 = ORIENTED_EDGE('',*,*,#5601,.F.);
#5608 = ORIENTED_EDGE('',*,*,#3713,.F.);
#5609 = CYLINDRICAL_SURFACE('',#5610,0.6);
#5610 = AXIS2_PLACEMENT_3D('',#5611,#5612,#5613);
#5611 = CARTESIAN_POINT('',(212.8,-80.25,0.));
#5612 = DIRECTION('',(-0.,-0.,-1.));
#5613 = DIRECTION('',(1.,0.,-0.));
#5614 = ADVANCED_FACE('',(#5615),#5626,.F.);
#5615 = FACE_BOUND('',#5616,.T.);
#5616 = EDGE_LOOP('',(#5617,#5623,#5624,#5625));
#5617 = ORIENTED_EDGE('',*,*,#5618,.T.);
#5618 = EDGE_CURVE('',#3725,#4622,#5619,.T.);
#5619 = LINE('',#5620,#5621);
#5620 = CARTESIAN_POINT('',(201.7,-68.75,0.));
#5621 = VECTOR('',#5622,1.);
#5622 = DIRECTION('',(0.,0.,1.));
#5623 = ORIENTED_EDGE('',*,*,#4621,.T.);
#5624 = ORIENTED_EDGE('',*,*,#5618,.F.);
#5625 = ORIENTED_EDGE('',*,*,#3724,.F.);
#5626 = CYLINDRICAL_SURFACE('',#5627,0.5);
#5627 = AXIS2_PLACEMENT_3D('',#5628,#5629,#5630);
#5628 = CARTESIAN_POINT('',(201.2,-68.75,0.));
#5629 = DIRECTION('',(-0.,-0.,-1.));
#5630 = DIRECTION('',(1.,0.,-0.));
#5631 = ADVANCED_FACE('',(#5632),#5643,.F.);
#5632 = FACE_BOUND('',#5633,.T.);
#5633 = EDGE_LOOP('',(#5634,#5640,#5641,#5642));
#5634 = ORIENTED_EDGE('',*,*,#5635,.T.);
#5635 = EDGE_CURVE('',#3736,#4633,#5636,.T.);
#5636 = LINE('',#5637,#5638);
#5637 = CARTESIAN_POINT('',(218.7,-68.75,0.));
#5638 = VECTOR('',#5639,1.);
#5639 = DIRECTION('',(0.,0.,1.));
#5640 = ORIENTED_EDGE('',*,*,#4632,.T.);
#5641 = ORIENTED_EDGE('',*,*,#5635,.F.);
#5642 = ORIENTED_EDGE('',*,*,#3735,.F.);
#5643 = CYLINDRICAL_SURFACE('',#5644,0.5);
#5644 = AXIS2_PLACEMENT_3D('',#5645,#5646,#5647);
#5645 = CARTESIAN_POINT('',(218.2,-68.75,0.));
#5646 = DIRECTION('',(-0.,-0.,-1.));
#5647 = DIRECTION('',(1.,0.,-0.));
#5648 = ADVANCED_FACE('',(#5649),#5660,.F.);
#5649 = FACE_BOUND('',#5650,.T.);
#5650 = EDGE_LOOP('',(#5651,#5657,#5658,#5659));
#5651 = ORIENTED_EDGE('',*,*,#5652,.T.);
#5652 = EDGE_CURVE('',#3747,#4644,#5653,.T.);
#5653 = LINE('',#5654,#5655);
#5654 = CARTESIAN_POINT('',(213.4,-63.25,0.));
#5655 = VECTOR('',#5656,1.);
#5656 = DIRECTION('',(0.,0.,1.));
#5657 = ORIENTED_EDGE('',*,*,#4643,.T.);
#5658 = ORIENTED_EDGE('',*,*,#5652,.F.);
#5659 = ORIENTED_EDGE('',*,*,#3746,.F.);
#5660 = CYLINDRICAL_SURFACE('',#5661,0.6);
#5661 = AXIS2_PLACEMENT_3D('',#5662,#5663,#5664);
#5662 = CARTESIAN_POINT('',(212.8,-63.25,0.));
#5663 = DIRECTION('',(-0.,-0.,-1.));
#5664 = DIRECTION('',(1.,0.,-0.));
#5665 = ADVANCED_FACE('',(#5666),#5677,.F.);
#5666 = FACE_BOUND('',#5667,.T.);
#5667 = EDGE_LOOP('',(#5668,#5674,#5675,#5676));
#5668 = ORIENTED_EDGE('',*,*,#5669,.T.);
#5669 = EDGE_CURVE('',#3758,#4655,#5670,.T.);
#5670 = LINE('',#5671,#5672);
#5671 = CARTESIAN_POINT('',(230.4,-80.25,0.));
#5672 = VECTOR('',#5673,1.);
#5673 = DIRECTION('',(0.,0.,1.));
#5674 = ORIENTED_EDGE('',*,*,#4654,.T.);
#5675 = ORIENTED_EDGE('',*,*,#5669,.F.);
#5676 = ORIENTED_EDGE('',*,*,#3757,.F.);
#5677 = CYLINDRICAL_SURFACE('',#5678,0.6);
#5678 = AXIS2_PLACEMENT_3D('',#5679,#5680,#5681);
#5679 = CARTESIAN_POINT('',(229.8,-80.25,0.));
#5680 = DIRECTION('',(-0.,-0.,-1.));
#5681 = DIRECTION('',(1.,0.,-0.));
#5682 = ADVANCED_FACE('',(#5683),#5694,.F.);
#5683 = FACE_BOUND('',#5684,.T.);
#5684 = EDGE_LOOP('',(#5685,#5691,#5692,#5693));
#5685 = ORIENTED_EDGE('',*,*,#5686,.T.);
#5686 = EDGE_CURVE('',#3769,#4666,#5687,.T.);
#5687 = LINE('',#5688,#5689);
#5688 = CARTESIAN_POINT('',(247.4,-80.25,0.));
#5689 = VECTOR('',#5690,1.);
#5690 = DIRECTION('',(0.,0.,1.));
#5691 = ORIENTED_EDGE('',*,*,#4665,.T.);
#5692 = ORIENTED_EDGE('',*,*,#5686,.F.);
#5693 = ORIENTED_EDGE('',*,*,#3768,.F.);
#5694 = CYLINDRICAL_SURFACE('',#5695,0.6);
#5695 = AXIS2_PLACEMENT_3D('',#5696,#5697,#5698);
#5696 = CARTESIAN_POINT('',(246.8,-80.25,0.));
#5697 = DIRECTION('',(-0.,-0.,-1.));
#5698 = DIRECTION('',(1.,0.,-0.));
#5699 = ADVANCED_FACE('',(#5700),#5711,.F.);
#5700 = FACE_BOUND('',#5701,.T.);
#5701 = EDGE_LOOP('',(#5702,#5708,#5709,#5710));
#5702 = ORIENTED_EDGE('',*,*,#5703,.T.);
#5703 = EDGE_CURVE('',#3780,#4677,#5704,.T.);
#5704 = LINE('',#5705,#5706);
#5705 = CARTESIAN_POINT('',(235.7,-68.75,0.));
#5706 = VECTOR('',#5707,1.);
#5707 = DIRECTION('',(0.,0.,1.));
#5708 = ORIENTED_EDGE('',*,*,#4676,.T.);
#5709 = ORIENTED_EDGE('',*,*,#5703,.F.);
#5710 = ORIENTED_EDGE('',*,*,#3779,.F.);
#5711 = CYLINDRICAL_SURFACE('',#5712,0.5);
#5712 = AXIS2_PLACEMENT_3D('',#5713,#5714,#5715);
#5713 = CARTESIAN_POINT('',(235.2,-68.75,0.));
#5714 = DIRECTION('',(-0.,-0.,-1.));
#5715 = DIRECTION('',(1.,0.,-0.));
#5716 = ADVANCED_FACE('',(#5717),#5728,.F.);
#5717 = FACE_BOUND('',#5718,.T.);
#5718 = EDGE_LOOP('',(#5719,#5725,#5726,#5727));
#5719 = ORIENTED_EDGE('',*,*,#5720,.T.);
#5720 = EDGE_CURVE('',#3791,#4688,#5721,.T.);
#5721 = LINE('',#5722,#5723);
#5722 = CARTESIAN_POINT('',(230.4,-63.25,0.));
#5723 = VECTOR('',#5724,1.);
#5724 = DIRECTION('',(0.,0.,1.));
#5725 = ORIENTED_EDGE('',*,*,#4687,.T.);
#5726 = ORIENTED_EDGE('',*,*,#5720,.F.);
#5727 = ORIENTED_EDGE('',*,*,#3790,.F.);
#5728 = CYLINDRICAL_SURFACE('',#5729,0.6);
#5729 = AXIS2_PLACEMENT_3D('',#5730,#5731,#5732);
#5730 = CARTESIAN_POINT('',(229.8,-63.25,0.));
#5731 = DIRECTION('',(-0.,-0.,-1.));
#5732 = DIRECTION('',(1.,0.,-0.));
#5733 = ADVANCED_FACE('',(#5734),#5745,.F.);
#5734 = FACE_BOUND('',#5735,.T.);
#5735 = EDGE_LOOP('',(#5736,#5742,#5743,#5744));
#5736 = ORIENTED_EDGE('',*,*,#5737,.T.);
#5737 = EDGE_CURVE('',#3802,#4699,#5738,.T.);
#5738 = LINE('',#5739,#5740);
#5739 = CARTESIAN_POINT('',(247.4,-63.25,0.));
#5740 = VECTOR('',#5741,1.);
#5741 = DIRECTION('',(0.,0.,1.));
#5742 = ORIENTED_EDGE('',*,*,#4698,.T.);
#5743 = ORIENTED_EDGE('',*,*,#5737,.F.);
#5744 = ORIENTED_EDGE('',*,*,#3801,.F.);
#5745 = CYLINDRICAL_SURFACE('',#5746,0.6);
#5746 = AXIS2_PLACEMENT_3D('',#5747,#5748,#5749);
#5747 = CARTESIAN_POINT('',(246.8,-63.25,0.));
#5748 = DIRECTION('',(-0.,-0.,-1.));
#5749 = DIRECTION('',(1.,0.,-0.));
#5750 = ADVANCED_FACE('',(#5751),#5762,.F.);
#5751 = FACE_BOUND('',#5752,.T.);
#5752 = EDGE_LOOP('',(#5753,#5759,#5760,#5761));
#5753 = ORIENTED_EDGE('',*,*,#5754,.T.);
#5754 = EDGE_CURVE('',#3813,#4710,#5755,.T.);
#5755 = LINE('',#5756,#5757);
#5756 = CARTESIAN_POINT('',(252.7,-102.75,0.));
#5757 = VECTOR('',#5758,1.);
#5758 = DIRECTION('',(0.,0.,1.));
#5759 = ORIENTED_EDGE('',*,*,#4709,.T.);
#5760 = ORIENTED_EDGE('',*,*,#5754,.F.);
#5761 = ORIENTED_EDGE('',*,*,#3812,.F.);
#5762 = CYLINDRICAL_SURFACE('',#5763,0.5);
#5763 = AXIS2_PLACEMENT_3D('',#5764,#5765,#5766);
#5764 = CARTESIAN_POINT('',(252.2,-102.75,0.));
#5765 = DIRECTION('',(-0.,-0.,-1.));
#5766 = DIRECTION('',(1.,0.,-0.));
#5767 = ADVANCED_FACE('',(#5768),#5779,.F.);
#5768 = FACE_BOUND('',#5769,.T.);
#5769 = EDGE_LOOP('',(#5770,#5776,#5777,#5778));
#5770 = ORIENTED_EDGE('',*,*,#5771,.T.);
#5771 = EDGE_CURVE('',#3824,#4721,#5772,.T.);
#5772 = LINE('',#5773,#5774);
#5773 = CARTESIAN_POINT('',(269.7,-102.75,0.));
#5774 = VECTOR('',#5775,1.);
#5775 = DIRECTION('',(0.,0.,1.));
#5776 = ORIENTED_EDGE('',*,*,#4720,.T.);
#5777 = ORIENTED_EDGE('',*,*,#5771,.F.);
#5778 = ORIENTED_EDGE('',*,*,#3823,.F.);
#5779 = CYLINDRICAL_SURFACE('',#5780,0.5);
#5780 = AXIS2_PLACEMENT_3D('',#5781,#5782,#5783);
#5781 = CARTESIAN_POINT('',(269.2,-102.75,0.));
#5782 = DIRECTION('',(-0.,-0.,-1.));
#5783 = DIRECTION('',(1.,0.,-0.));
#5784 = ADVANCED_FACE('',(#5785),#5796,.F.);
#5785 = FACE_BOUND('',#5786,.T.);
#5786 = EDGE_LOOP('',(#5787,#5793,#5794,#5795));
#5787 = ORIENTED_EDGE('',*,*,#5788,.T.);
#5788 = EDGE_CURVE('',#3835,#4732,#5789,.T.);
#5789 = LINE('',#5790,#5791);
#5790 = CARTESIAN_POINT('',(264.4,-97.25,0.));
#5791 = VECTOR('',#5792,1.);
#5792 = DIRECTION('',(0.,0.,1.));
#5793 = ORIENTED_EDGE('',*,*,#4731,.T.);
#5794 = ORIENTED_EDGE('',*,*,#5788,.F.);
#5795 = ORIENTED_EDGE('',*,*,#3834,.F.);
#5796 = CYLINDRICAL_SURFACE('',#5797,0.6);
#5797 = AXIS2_PLACEMENT_3D('',#5798,#5799,#5800);
#5798 = CARTESIAN_POINT('',(263.8,-97.25,0.));
#5799 = DIRECTION('',(-0.,-0.,-1.));
#5800 = DIRECTION('',(1.,0.,-0.));
#5801 = ADVANCED_FACE('',(#5802),#5813,.F.);
#5802 = FACE_BOUND('',#5803,.T.);
#5803 = EDGE_LOOP('',(#5804,#5810,#5811,#5812));
#5804 = ORIENTED_EDGE('',*,*,#5805,.T.);
#5805 = EDGE_CURVE('',#3846,#4743,#5806,.T.);
#5806 = LINE('',#5807,#5808);
#5807 = CARTESIAN_POINT('',(252.7,-85.75,0.));
#5808 = VECTOR('',#5809,1.);
#5809 = DIRECTION('',(0.,0.,1.));
#5810 = ORIENTED_EDGE('',*,*,#4742,.T.);
#5811 = ORIENTED_EDGE('',*,*,#5805,.F.);
#5812 = ORIENTED_EDGE('',*,*,#3845,.F.);
#5813 = CYLINDRICAL_SURFACE('',#5814,0.5);
#5814 = AXIS2_PLACEMENT_3D('',#5815,#5816,#5817);
#5815 = CARTESIAN_POINT('',(252.2,-85.75,0.));
#5816 = DIRECTION('',(-0.,-0.,-1.));
#5817 = DIRECTION('',(1.,0.,-0.));
#5818 = ADVANCED_FACE('',(#5819),#5830,.F.);
#5819 = FACE_BOUND('',#5820,.T.);
#5820 = EDGE_LOOP('',(#5821,#5827,#5828,#5829));
#5821 = ORIENTED_EDGE('',*,*,#5822,.T.);
#5822 = EDGE_CURVE('',#3857,#4754,#5823,.T.);
#5823 = LINE('',#5824,#5825);
#5824 = CARTESIAN_POINT('',(269.7,-85.75,0.));
#5825 = VECTOR('',#5826,1.);
#5826 = DIRECTION('',(0.,0.,1.));
#5827 = ORIENTED_EDGE('',*,*,#4753,.T.);
#5828 = ORIENTED_EDGE('',*,*,#5822,.F.);
#5829 = ORIENTED_EDGE('',*,*,#3856,.F.);
#5830 = CYLINDRICAL_SURFACE('',#5831,0.5);
#5831 = AXIS2_PLACEMENT_3D('',#5832,#5833,#5834);
#5832 = CARTESIAN_POINT('',(269.2,-85.75,0.));
#5833 = DIRECTION('',(-0.,-0.,-1.));
#5834 = DIRECTION('',(1.,0.,-0.));
#5835 = ADVANCED_FACE('',(#5836),#5847,.F.);
#5836 = FACE_BOUND('',#5837,.T.);
#5837 = EDGE_LOOP('',(#5838,#5844,#5845,#5846));
#5838 = ORIENTED_EDGE('',*,*,#5839,.T.);
#5839 = EDGE_CURVE('',#3868,#4765,#5840,.T.);
#5840 = LINE('',#5841,#5842);
#5841 = CARTESIAN_POINT('',(286.7,-102.75,0.));
#5842 = VECTOR('',#5843,1.);
#5843 = DIRECTION('',(0.,0.,1.));
#5844 = ORIENTED_EDGE('',*,*,#4764,.T.);
#5845 = ORIENTED_EDGE('',*,*,#5839,.F.);
#5846 = ORIENTED_EDGE('',*,*,#3867,.F.);
#5847 = CYLINDRICAL_SURFACE('',#5848,0.5);
#5848 = AXIS2_PLACEMENT_3D('',#5849,#5850,#5851);
#5849 = CARTESIAN_POINT('',(286.2,-102.75,0.));
#5850 = DIRECTION('',(-0.,-0.,-1.));
#5851 = DIRECTION('',(1.,0.,-0.));
#5852 = ADVANCED_FACE('',(#5853),#5864,.F.);
#5853 = FACE_BOUND('',#5854,.T.);
#5854 = EDGE_LOOP('',(#5855,#5861,#5862,#5863));
#5855 = ORIENTED_EDGE('',*,*,#5856,.T.);
#5856 = EDGE_CURVE('',#3879,#4776,#5857,.T.);
#5857 = LINE('',#5858,#5859);
#5858 = CARTESIAN_POINT('',(281.4,-97.25,0.));
#5859 = VECTOR('',#5860,1.);
#5860 = DIRECTION('',(0.,0.,1.));
#5861 = ORIENTED_EDGE('',*,*,#4775,.T.);
#5862 = ORIENTED_EDGE('',*,*,#5856,.F.);
#5863 = ORIENTED_EDGE('',*,*,#3878,.F.);
#5864 = CYLINDRICAL_SURFACE('',#5865,0.6);
#5865 = AXIS2_PLACEMENT_3D('',#5866,#5867,#5868);
#5866 = CARTESIAN_POINT('',(280.8,-97.25,0.));
#5867 = DIRECTION('',(-0.,-0.,-1.));
#5868 = DIRECTION('',(1.,0.,-0.));
#5869 = ADVANCED_FACE('',(#5870),#5881,.F.);
#5870 = FACE_BOUND('',#5871,.T.);
#5871 = EDGE_LOOP('',(#5872,#5878,#5879,#5880));
#5872 = ORIENTED_EDGE('',*,*,#5873,.T.);
#5873 = EDGE_CURVE('',#3890,#4787,#5874,.T.);
#5874 = LINE('',#5875,#5876);
#5875 = CARTESIAN_POINT('',(304.2,-105.1,0.));
#5876 = VECTOR('',#5877,1.);
#5877 = DIRECTION('',(0.,0.,1.));
#5878 = ORIENTED_EDGE('',*,*,#4786,.T.);
#5879 = ORIENTED_EDGE('',*,*,#5873,.F.);
#5880 = ORIENTED_EDGE('',*,*,#3889,.F.);
#5881 = CYLINDRICAL_SURFACE('',#5882,1.1);
#5882 = AXIS2_PLACEMENT_3D('',#5883,#5884,#5885);
#5883 = CARTESIAN_POINT('',(303.1,-105.1,0.));
#5884 = DIRECTION('',(-0.,-0.,-1.));
#5885 = DIRECTION('',(1.,0.,-0.));
#5886 = ADVANCED_FACE('',(#5887),#5898,.F.);
#5887 = FACE_BOUND('',#5888,.T.);
#5888 = EDGE_LOOP('',(#5889,#5895,#5896,#5897));
#5889 = ORIENTED_EDGE('',*,*,#5890,.T.);
#5890 = EDGE_CURVE('',#3901,#4798,#5891,.T.);
#5891 = LINE('',#5892,#5893);
#5892 = CARTESIAN_POINT('',(298.4,-97.25,0.));
#5893 = VECTOR('',#5894,1.);
#5894 = DIRECTION('',(0.,0.,1.));
#5895 = ORIENTED_EDGE('',*,*,#4797,.T.);
#5896 = ORIENTED_EDGE('',*,*,#5890,.F.);
#5897 = ORIENTED_EDGE('',*,*,#3900,.F.);
#5898 = CYLINDRICAL_SURFACE('',#5899,0.6);
#5899 = AXIS2_PLACEMENT_3D('',#5900,#5901,#5902);
#5900 = CARTESIAN_POINT('',(297.8,-97.25,0.));
#5901 = DIRECTION('',(-0.,-0.,-1.));
#5902 = DIRECTION('',(1.,0.,-0.));
#5903 = ADVANCED_FACE('',(#5904),#5915,.F.);
#5904 = FACE_BOUND('',#5905,.T.);
#5905 = EDGE_LOOP('',(#5906,#5912,#5913,#5914));
#5906 = ORIENTED_EDGE('',*,*,#5907,.T.);
#5907 = EDGE_CURVE('',#3912,#4809,#5908,.T.);
#5908 = LINE('',#5909,#5910);
#5909 = CARTESIAN_POINT('',(286.7,-85.75,0.));
#5910 = VECTOR('',#5911,1.);
#5911 = DIRECTION('',(0.,0.,1.));
#5912 = ORIENTED_EDGE('',*,*,#4808,.T.);
#5913 = ORIENTED_EDGE('',*,*,#5907,.F.);
#5914 = ORIENTED_EDGE('',*,*,#3911,.F.);
#5915 = CYLINDRICAL_SURFACE('',#5916,0.5);
#5916 = AXIS2_PLACEMENT_3D('',#5917,#5918,#5919);
#5917 = CARTESIAN_POINT('',(286.2,-85.75,0.));
#5918 = DIRECTION('',(-0.,-0.,-1.));
#5919 = DIRECTION('',(1.,0.,-0.));
#5920 = ADVANCED_FACE('',(#5921),#5932,.F.);
#5921 = FACE_BOUND('',#5922,.T.);
#5922 = EDGE_LOOP('',(#5923,#5929,#5930,#5931));
#5923 = ORIENTED_EDGE('',*,*,#5924,.T.);
#5924 = EDGE_CURVE('',#3923,#4820,#5925,.T.);
#5925 = LINE('',#5926,#5927);
#5926 = CARTESIAN_POINT('',(264.4,-80.25,0.));
#5927 = VECTOR('',#5928,1.);
#5928 = DIRECTION('',(0.,0.,1.));
#5929 = ORIENTED_EDGE('',*,*,#4819,.T.);
#5930 = ORIENTED_EDGE('',*,*,#5924,.F.);
#5931 = ORIENTED_EDGE('',*,*,#3922,.F.);
#5932 = CYLINDRICAL_SURFACE('',#5933,0.6);
#5933 = AXIS2_PLACEMENT_3D('',#5934,#5935,#5936);
#5934 = CARTESIAN_POINT('',(263.8,-80.25,0.));
#5935 = DIRECTION('',(-0.,-0.,-1.));
#5936 = DIRECTION('',(1.,0.,-0.));
#5937 = ADVANCED_FACE('',(#5938),#5949,.F.);
#5938 = FACE_BOUND('',#5939,.T.);
#5939 = EDGE_LOOP('',(#5940,#5946,#5947,#5948));
#5940 = ORIENTED_EDGE('',*,*,#5941,.T.);
#5941 = EDGE_CURVE('',#3934,#4831,#5942,.T.);
#5942 = LINE('',#5943,#5944);
#5943 = CARTESIAN_POINT('',(252.7,-68.75,0.));
#5944 = VECTOR('',#5945,1.);
#5945 = DIRECTION('',(0.,0.,1.));
#5946 = ORIENTED_EDGE('',*,*,#4830,.T.);
#5947 = ORIENTED_EDGE('',*,*,#5941,.F.);
#5948 = ORIENTED_EDGE('',*,*,#3933,.F.);
#5949 = CYLINDRICAL_SURFACE('',#5950,0.5);
#5950 = AXIS2_PLACEMENT_3D('',#5951,#5952,#5953);
#5951 = CARTESIAN_POINT('',(252.2,-68.75,0.));
#5952 = DIRECTION('',(-0.,-0.,-1.));
#5953 = DIRECTION('',(1.,0.,-0.));
#5954 = ADVANCED_FACE('',(#5955),#5966,.F.);
#5955 = FACE_BOUND('',#5956,.T.);
#5956 = EDGE_LOOP('',(#5957,#5963,#5964,#5965));
#5957 = ORIENTED_EDGE('',*,*,#5958,.T.);
#5958 = EDGE_CURVE('',#3945,#4842,#5959,.T.);
#5959 = LINE('',#5960,#5961);
#5960 = CARTESIAN_POINT('',(269.7,-68.75,0.));
#5961 = VECTOR('',#5962,1.);
#5962 = DIRECTION('',(0.,0.,1.));
#5963 = ORIENTED_EDGE('',*,*,#4841,.T.);
#5964 = ORIENTED_EDGE('',*,*,#5958,.F.);
#5965 = ORIENTED_EDGE('',*,*,#3944,.F.);
#5966 = CYLINDRICAL_SURFACE('',#5967,0.5);
#5967 = AXIS2_PLACEMENT_3D('',#5968,#5969,#5970);
#5968 = CARTESIAN_POINT('',(269.2,-68.75,0.));
#5969 = DIRECTION('',(-0.,-0.,-1.));
#5970 = DIRECTION('',(1.,0.,-0.));
#5971 = ADVANCED_FACE('',(#5972),#5983,.F.);
#5972 = FACE_BOUND('',#5973,.T.);
#5973 = EDGE_LOOP('',(#5974,#5980,#5981,#5982));
#5974 = ORIENTED_EDGE('',*,*,#5975,.T.);
#5975 = EDGE_CURVE('',#3956,#4853,#5976,.T.);
#5976 = LINE('',#5977,#5978);
#5977 = CARTESIAN_POINT('',(264.4,-63.25,0.));
#5978 = VECTOR('',#5979,1.);
#5979 = DIRECTION('',(0.,0.,1.));
#5980 = ORIENTED_EDGE('',*,*,#4852,.T.);
#5981 = ORIENTED_EDGE('',*,*,#5975,.F.);
#5982 = ORIENTED_EDGE('',*,*,#3955,.F.);
#5983 = CYLINDRICAL_SURFACE('',#5984,0.6);
#5984 = AXIS2_PLACEMENT_3D('',#5985,#5986,#5987);
#5985 = CARTESIAN_POINT('',(263.8,-63.25,0.));
#5986 = DIRECTION('',(-0.,-0.,-1.));
#5987 = DIRECTION('',(1.,0.,-0.));
#5988 = ADVANCED_FACE('',(#5989),#6000,.F.);
#5989 = FACE_BOUND('',#5990,.T.);
#5990 = EDGE_LOOP('',(#5991,#5997,#5998,#5999));
#5991 = ORIENTED_EDGE('',*,*,#5992,.T.);
#5992 = EDGE_CURVE('',#3967,#4864,#5993,.T.);
#5993 = LINE('',#5994,#5995);
#5994 = CARTESIAN_POINT('',(281.4,-80.25,0.));
#5995 = VECTOR('',#5996,1.);
#5996 = DIRECTION('',(0.,0.,1.));
#5997 = ORIENTED_EDGE('',*,*,#4863,.T.);
#5998 = ORIENTED_EDGE('',*,*,#5992,.F.);
#5999 = ORIENTED_EDGE('',*,*,#3966,.F.);
#6000 = CYLINDRICAL_SURFACE('',#6001,0.6);
#6001 = AXIS2_PLACEMENT_3D('',#6002,#6003,#6004);
#6002 = CARTESIAN_POINT('',(280.8,-80.25,0.));
#6003 = DIRECTION('',(-0.,-0.,-1.));
#6004 = DIRECTION('',(1.,0.,-0.));
#6005 = ADVANCED_FACE('',(#6006),#6017,.F.);
#6006 = FACE_BOUND('',#6007,.T.);
#6007 = EDGE_LOOP('',(#6008,#6014,#6015,#6016));
#6008 = ORIENTED_EDGE('',*,*,#6009,.T.);
#6009 = EDGE_CURVE('',#3978,#4875,#6010,.T.);
#6010 = LINE('',#6011,#6012);
#6011 = CARTESIAN_POINT('',(298.4,-80.25,0.));
#6012 = VECTOR('',#6013,1.);
#6013 = DIRECTION('',(0.,0.,1.));
#6014 = ORIENTED_EDGE('',*,*,#4874,.T.);
#6015 = ORIENTED_EDGE('',*,*,#6009,.F.);
#6016 = ORIENTED_EDGE('',*,*,#3977,.F.);
#6017 = CYLINDRICAL_SURFACE('',#6018,0.6);
#6018 = AXIS2_PLACEMENT_3D('',#6019,#6020,#6021);
#6019 = CARTESIAN_POINT('',(297.8,-80.25,0.));
#6020 = DIRECTION('',(-0.,-0.,-1.));
#6021 = DIRECTION('',(1.,0.,-0.));
#6022 = ADVANCED_FACE('',(#6023),#6034,.F.);
#6023 = FACE_BOUND('',#6024,.T.);
#6024 = EDGE_LOOP('',(#6025,#6031,#6032,#6033));
#6025 = ORIENTED_EDGE('',*,*,#6026,.T.);
#6026 = EDGE_CURVE('',#3989,#4886,#6027,.T.);
#6027 = LINE('',#6028,#6029);
#6028 = CARTESIAN_POINT('',(286.7,-68.75,0.));
#6029 = VECTOR('',#6030,1.);
#6030 = DIRECTION('',(0.,0.,1.));
#6031 = ORIENTED_EDGE('',*,*,#4885,.T.);
#6032 = ORIENTED_EDGE('',*,*,#6026,.F.);
#6033 = ORIENTED_EDGE('',*,*,#3988,.F.);
#6034 = CYLINDRICAL_SURFACE('',#6035,0.5);
#6035 = AXIS2_PLACEMENT_3D('',#6036,#6037,#6038);
#6036 = CARTESIAN_POINT('',(286.2,-68.75,0.));
#6037 = DIRECTION('',(-0.,-0.,-1.));
#6038 = DIRECTION('',(1.,0.,-0.));
#6039 = ADVANCED_FACE('',(#6040),#6051,.F.);
#6040 = FACE_BOUND('',#6041,.T.);
#6041 = EDGE_LOOP('',(#6042,#6048,#6049,#6050));
#6042 = ORIENTED_EDGE('',*,*,#6043,.T.);
#6043 = EDGE_CURVE('',#4000,#4897,#6044,.T.);
#6044 = LINE('',#6045,#6046);
#6045 = CARTESIAN_POINT('',(281.4,-63.25,0.));
#6046 = VECTOR('',#6047,1.);
#6047 = DIRECTION('',(0.,0.,1.));
#6048 = ORIENTED_EDGE('',*,*,#4896,.T.);
#6049 = ORIENTED_EDGE('',*,*,#6043,.F.);
#6050 = ORIENTED_EDGE('',*,*,#3999,.F.);
#6051 = CYLINDRICAL_SURFACE('',#6052,0.6);
#6052 = AXIS2_PLACEMENT_3D('',#6053,#6054,#6055);
#6053 = CARTESIAN_POINT('',(280.8,-63.25,0.));
#6054 = DIRECTION('',(-0.,-0.,-1.));
#6055 = DIRECTION('',(1.,0.,-0.));
#6056 = ADVANCED_FACE('',(#6057),#6068,.F.);
#6057 = FACE_BOUND('',#6058,.T.);
#6058 = EDGE_LOOP('',(#6059,#6065,#6066,#6067));
#6059 = ORIENTED_EDGE('',*,*,#6060,.T.);
#6060 = EDGE_CURVE('',#4011,#4908,#6061,.T.);
#6061 = LINE('',#6062,#6063);
#6062 = CARTESIAN_POINT('',(298.4,-63.25,0.));
#6063 = VECTOR('',#6064,1.);
#6064 = DIRECTION('',(0.,0.,1.));
#6065 = ORIENTED_EDGE('',*,*,#4907,.T.);
#6066 = ORIENTED_EDGE('',*,*,#6060,.F.);
#6067 = ORIENTED_EDGE('',*,*,#4010,.F.);
#6068 = CYLINDRICAL_SURFACE('',#6069,0.6);
#6069 = AXIS2_PLACEMENT_3D('',#6070,#6071,#6072);
#6070 = CARTESIAN_POINT('',(297.8,-63.25,0.));
#6071 = DIRECTION('',(-0.,-0.,-1.));
#6072 = DIRECTION('',(1.,0.,-0.));
#6073 = ADVANCED_FACE('',(#6074),#6085,.F.);
#6074 = FACE_BOUND('',#6075,.T.);
#6075 = EDGE_LOOP('',(#6076,#6082,#6083,#6084));
#6076 = ORIENTED_EDGE('',*,*,#6077,.T.);
#6077 = EDGE_CURVE('',#4022,#4919,#6078,.T.);
#6078 = LINE('',#6079,#6080);
#6079 = CARTESIAN_POINT('',(201.7,-51.75,0.));
#6080 = VECTOR('',#6081,1.);
#6081 = DIRECTION('',(0.,0.,1.));
#6082 = ORIENTED_EDGE('',*,*,#4918,.T.);
#6083 = ORIENTED_EDGE('',*,*,#6077,.F.);
#6084 = ORIENTED_EDGE('',*,*,#4021,.F.);
#6085 = CYLINDRICAL_SURFACE('',#6086,0.5);
#6086 = AXIS2_PLACEMENT_3D('',#6087,#6088,#6089);
#6087 = CARTESIAN_POINT('',(201.2,-51.75,0.));
#6088 = DIRECTION('',(-0.,-0.,-1.));
#6089 = DIRECTION('',(1.,0.,-0.));
#6090 = ADVANCED_FACE('',(#6091),#6102,.F.);
#6091 = FACE_BOUND('',#6092,.T.);
#6092 = EDGE_LOOP('',(#6093,#6099,#6100,#6101));
#6093 = ORIENTED_EDGE('',*,*,#6094,.T.);
#6094 = EDGE_CURVE('',#4033,#4930,#6095,.T.);
#6095 = LINE('',#6096,#6097);
#6096 = CARTESIAN_POINT('',(218.7,-51.75,0.));
#6097 = VECTOR('',#6098,1.);
#6098 = DIRECTION('',(0.,0.,1.));
#6099 = ORIENTED_EDGE('',*,*,#4929,.T.);
#6100 = ORIENTED_EDGE('',*,*,#6094,.F.);
#6101 = ORIENTED_EDGE('',*,*,#4032,.F.);
#6102 = CYLINDRICAL_SURFACE('',#6103,0.5);
#6103 = AXIS2_PLACEMENT_3D('',#6104,#6105,#6106);
#6104 = CARTESIAN_POINT('',(218.2,-51.75,0.));
#6105 = DIRECTION('',(-0.,-0.,-1.));
#6106 = DIRECTION('',(1.,0.,-0.));
#6107 = ADVANCED_FACE('',(#6108),#6119,.F.);
#6108 = FACE_BOUND('',#6109,.T.);
#6109 = EDGE_LOOP('',(#6110,#6116,#6117,#6118));
#6110 = ORIENTED_EDGE('',*,*,#6111,.T.);
#6111 = EDGE_CURVE('',#4044,#4941,#6112,.T.);
#6112 = LINE('',#6113,#6114);
#6113 = CARTESIAN_POINT('',(213.4,-46.25,0.));
#6114 = VECTOR('',#6115,1.);
#6115 = DIRECTION('',(0.,0.,1.));
#6116 = ORIENTED_EDGE('',*,*,#4940,.T.);
#6117 = ORIENTED_EDGE('',*,*,#6111,.F.);
#6118 = ORIENTED_EDGE('',*,*,#4043,.F.);
#6119 = CYLINDRICAL_SURFACE('',#6120,0.6);
#6120 = AXIS2_PLACEMENT_3D('',#6121,#6122,#6123);
#6121 = CARTESIAN_POINT('',(212.8,-46.25,0.));
#6122 = DIRECTION('',(-0.,-0.,-1.));
#6123 = DIRECTION('',(1.,0.,-0.));
#6124 = ADVANCED_FACE('',(#6125),#6136,.F.);
#6125 = FACE_BOUND('',#6126,.T.);
#6126 = EDGE_LOOP('',(#6127,#6133,#6134,#6135));
#6127 = ORIENTED_EDGE('',*,*,#6128,.T.);
#6128 = EDGE_CURVE('',#4055,#4952,#6129,.T.);
#6129 = LINE('',#6130,#6131);
#6130 = CARTESIAN_POINT('',(235.7,-51.75,0.));
#6131 = VECTOR('',#6132,1.);
#6132 = DIRECTION('',(0.,0.,1.));
#6133 = ORIENTED_EDGE('',*,*,#4951,.T.);
#6134 = ORIENTED_EDGE('',*,*,#6128,.F.);
#6135 = ORIENTED_EDGE('',*,*,#4054,.F.);
#6136 = CYLINDRICAL_SURFACE('',#6137,0.5);
#6137 = AXIS2_PLACEMENT_3D('',#6138,#6139,#6140);
#6138 = CARTESIAN_POINT('',(235.2,-51.75,0.));
#6139 = DIRECTION('',(-0.,-0.,-1.));
#6140 = DIRECTION('',(1.,0.,-0.));
#6141 = ADVANCED_FACE('',(#6142),#6153,.F.);
#6142 = FACE_BOUND('',#6143,.T.);
#6143 = EDGE_LOOP('',(#6144,#6150,#6151,#6152));
#6144 = ORIENTED_EDGE('',*,*,#6145,.T.);
#6145 = EDGE_CURVE('',#4066,#4963,#6146,.T.);
#6146 = LINE('',#6147,#6148);
#6147 = CARTESIAN_POINT('',(230.4,-46.25,0.));
#6148 = VECTOR('',#6149,1.);
#6149 = DIRECTION('',(0.,0.,1.));
#6150 = ORIENTED_EDGE('',*,*,#4962,.T.);
#6151 = ORIENTED_EDGE('',*,*,#6145,.F.);
#6152 = ORIENTED_EDGE('',*,*,#4065,.F.);
#6153 = CYLINDRICAL_SURFACE('',#6154,0.6);
#6154 = AXIS2_PLACEMENT_3D('',#6155,#6156,#6157);
#6155 = CARTESIAN_POINT('',(229.8,-46.25,0.));
#6156 = DIRECTION('',(-0.,-0.,-1.));
#6157 = DIRECTION('',(1.,0.,-0.));
#6158 = ADVANCED_FACE('',(#6159),#6170,.F.);
#6159 = FACE_BOUND('',#6160,.T.);
#6160 = EDGE_LOOP('',(#6161,#6167,#6168,#6169));
#6161 = ORIENTED_EDGE('',*,*,#6162,.T.);
#6162 = EDGE_CURVE('',#4077,#4974,#6163,.T.);
#6163 = LINE('',#6164,#6165);
#6164 = CARTESIAN_POINT('',(247.4,-46.25,0.));
#6165 = VECTOR('',#6166,1.);
#6166 = DIRECTION('',(0.,0.,1.));
#6167 = ORIENTED_EDGE('',*,*,#4973,.T.);
#6168 = ORIENTED_EDGE('',*,*,#6162,.F.);
#6169 = ORIENTED_EDGE('',*,*,#4076,.F.);
#6170 = CYLINDRICAL_SURFACE('',#6171,0.6);
#6171 = AXIS2_PLACEMENT_3D('',#6172,#6173,#6174);
#6172 = CARTESIAN_POINT('',(246.8,-46.25,0.));
#6173 = DIRECTION('',(-0.,-0.,-1.));
#6174 = DIRECTION('',(1.,0.,-0.));
#6175 = ADVANCED_FACE('',(#6176),#6187,.F.);
#6176 = FACE_BOUND('',#6177,.T.);
#6177 = EDGE_LOOP('',(#6178,#6179,#6185,#6186));
#6178 = ORIENTED_EDGE('',*,*,#4087,.T.);
#6179 = ORIENTED_EDGE('',*,*,#6180,.T.);
#6180 = EDGE_CURVE('',#4088,#4985,#6181,.T.);
#6181 = LINE('',#6182,#6183);
#6182 = CARTESIAN_POINT('',(195.5745,-30.45,-4.6E-02));
#6183 = VECTOR('',#6184,1.);
#6184 = DIRECTION('',(0.,0.,1.));
#6185 = ORIENTED_EDGE('',*,*,#4984,.F.);
#6186 = ORIENTED_EDGE('',*,*,#6180,.F.);
#6187 = CYLINDRICAL_SURFACE('',#6188,0.45);
#6188 = AXIS2_PLACEMENT_3D('',#6189,#6190,#6191);
#6189 = CARTESIAN_POINT('',(195.5745,-30.,-4.6E-02));
#6190 = DIRECTION('',(-0.,-0.,-1.));
#6191 = DIRECTION('',(-0.,-1.,0.));
#6192 = ADVANCED_FACE('',(#6193),#6204,.F.);
#6193 = FACE_BOUND('',#6194,.T.);
#6194 = EDGE_LOOP('',(#6195,#6196,#6202,#6203));
#6195 = ORIENTED_EDGE('',*,*,#4098,.T.);
#6196 = ORIENTED_EDGE('',*,*,#6197,.T.);
#6197 = EDGE_CURVE('',#4099,#4996,#6198,.T.);
#6198 = LINE('',#6199,#6200);
#6199 = CARTESIAN_POINT('',(195.5745,-27.45,-4.6E-02));
#6200 = VECTOR('',#6201,1.);
#6201 = DIRECTION('',(0.,0.,1.));
#6202 = ORIENTED_EDGE('',*,*,#4995,.F.);
#6203 = ORIENTED_EDGE('',*,*,#6197,.F.);
#6204 = CYLINDRICAL_SURFACE('',#6205,0.45);
#6205 = AXIS2_PLACEMENT_3D('',#6206,#6207,#6208);
#6206 = CARTESIAN_POINT('',(195.5745,-27.,-4.6E-02));
#6207 = DIRECTION('',(-0.,-0.,-1.));
#6208 = DIRECTION('',(-0.,-1.,0.));
#6209 = ADVANCED_FACE('',(#6210),#6221,.F.);
#6210 = FACE_BOUND('',#6211,.T.);
#6211 = EDGE_LOOP('',(#6212,#6218,#6219,#6220));
#6212 = ORIENTED_EDGE('',*,*,#6213,.T.);
#6213 = EDGE_CURVE('',#4110,#5007,#6214,.T.);
#6214 = LINE('',#6215,#6216);
#6215 = CARTESIAN_POINT('',(197.,-18.7,0.));
#6216 = VECTOR('',#6217,1.);
#6217 = DIRECTION('',(0.,0.,1.));
#6218 = ORIENTED_EDGE('',*,*,#5006,.T.);
#6219 = ORIENTED_EDGE('',*,*,#6213,.F.);
#6220 = ORIENTED_EDGE('',*,*,#4109,.F.);
#6221 = CYLINDRICAL_SURFACE('',#6222,1.1);
#6222 = AXIS2_PLACEMENT_3D('',#6223,#6224,#6225);
#6223 = CARTESIAN_POINT('',(195.9,-18.7,0.));
#6224 = DIRECTION('',(-0.,-0.,-1.));
#6225 = DIRECTION('',(1.,0.,-0.));
#6226 = ADVANCED_FACE('',(#6227),#6238,.F.);
#6227 = FACE_BOUND('',#6228,.T.);
#6228 = EDGE_LOOP('',(#6229,#6235,#6236,#6237));
#6229 = ORIENTED_EDGE('',*,*,#6230,.T.);
#6230 = EDGE_CURVE('',#4121,#5018,#6231,.T.);
#6231 = LINE('',#6232,#6233);
#6232 = CARTESIAN_POINT('',(252.7,-51.75,0.));
#6233 = VECTOR('',#6234,1.);
#6234 = DIRECTION('',(0.,0.,1.));
#6235 = ORIENTED_EDGE('',*,*,#5017,.T.);
#6236 = ORIENTED_EDGE('',*,*,#6230,.F.);
#6237 = ORIENTED_EDGE('',*,*,#4120,.F.);
#6238 = CYLINDRICAL_SURFACE('',#6239,0.5);
#6239 = AXIS2_PLACEMENT_3D('',#6240,#6241,#6242);
#6240 = CARTESIAN_POINT('',(252.2,-51.75,0.));
#6241 = DIRECTION('',(-0.,-0.,-1.));
#6242 = DIRECTION('',(1.,0.,-0.));
#6243 = ADVANCED_FACE('',(#6244),#6255,.F.);
#6244 = FACE_BOUND('',#6245,.T.);
#6245 = EDGE_LOOP('',(#6246,#6252,#6253,#6254));
#6246 = ORIENTED_EDGE('',*,*,#6247,.T.);
#6247 = EDGE_CURVE('',#4132,#5029,#6248,.T.);
#6248 = LINE('',#6249,#6250);
#6249 = CARTESIAN_POINT('',(269.7,-51.75,0.));
#6250 = VECTOR('',#6251,1.);
#6251 = DIRECTION('',(0.,0.,1.));
#6252 = ORIENTED_EDGE('',*,*,#5028,.T.);
#6253 = ORIENTED_EDGE('',*,*,#6247,.F.);
#6254 = ORIENTED_EDGE('',*,*,#4131,.F.);
#6255 = CYLINDRICAL_SURFACE('',#6256,0.5);
#6256 = AXIS2_PLACEMENT_3D('',#6257,#6258,#6259);
#6257 = CARTESIAN_POINT('',(269.2,-51.75,0.));
#6258 = DIRECTION('',(-0.,-0.,-1.));
#6259 = DIRECTION('',(1.,0.,-0.));
#6260 = ADVANCED_FACE('',(#6261),#6272,.F.);
#6261 = FACE_BOUND('',#6262,.T.);
#6262 = EDGE_LOOP('',(#6263,#6269,#6270,#6271));
#6263 = ORIENTED_EDGE('',*,*,#6264,.T.);
#6264 = EDGE_CURVE('',#4143,#5040,#6265,.T.);
#6265 = LINE('',#6266,#6267);
#6266 = CARTESIAN_POINT('',(264.4,-46.25,0.));
#6267 = VECTOR('',#6268,1.);
#6268 = DIRECTION('',(0.,0.,1.));
#6269 = ORIENTED_EDGE('',*,*,#5039,.T.);
#6270 = ORIENTED_EDGE('',*,*,#6264,.F.);
#6271 = ORIENTED_EDGE('',*,*,#4142,.F.);
#6272 = CYLINDRICAL_SURFACE('',#6273,0.6);
#6273 = AXIS2_PLACEMENT_3D('',#6274,#6275,#6276);
#6274 = CARTESIAN_POINT('',(263.8,-46.25,0.));
#6275 = DIRECTION('',(-0.,-0.,-1.));
#6276 = DIRECTION('',(1.,0.,-0.));
#6277 = ADVANCED_FACE('',(#6278),#6289,.F.);
#6278 = FACE_BOUND('',#6279,.T.);
#6279 = EDGE_LOOP('',(#6280,#6286,#6287,#6288));
#6280 = ORIENTED_EDGE('',*,*,#6281,.T.);
#6281 = EDGE_CURVE('',#4154,#5051,#6282,.T.);
#6282 = LINE('',#6283,#6284);
#6283 = CARTESIAN_POINT('',(286.7,-51.75,0.));
#6284 = VECTOR('',#6285,1.);
#6285 = DIRECTION('',(0.,0.,1.));
#6286 = ORIENTED_EDGE('',*,*,#5050,.T.);
#6287 = ORIENTED_EDGE('',*,*,#6281,.F.);
#6288 = ORIENTED_EDGE('',*,*,#4153,.F.);
#6289 = CYLINDRICAL_SURFACE('',#6290,0.5);
#6290 = AXIS2_PLACEMENT_3D('',#6291,#6292,#6293);
#6291 = CARTESIAN_POINT('',(286.2,-51.75,0.));
#6292 = DIRECTION('',(-0.,-0.,-1.));
#6293 = DIRECTION('',(1.,0.,-0.));
#6294 = ADVANCED_FACE('',(#6295),#6306,.F.);
#6295 = FACE_BOUND('',#6296,.T.);
#6296 = EDGE_LOOP('',(#6297,#6303,#6304,#6305));
#6297 = ORIENTED_EDGE('',*,*,#6298,.T.);
#6298 = EDGE_CURVE('',#4165,#5062,#6299,.T.);
#6299 = LINE('',#6300,#6301);
#6300 = CARTESIAN_POINT('',(281.4,-46.25,0.));
#6301 = VECTOR('',#6302,1.);
#6302 = DIRECTION('',(0.,0.,1.));
#6303 = ORIENTED_EDGE('',*,*,#5061,.T.);
#6304 = ORIENTED_EDGE('',*,*,#6298,.F.);
#6305 = ORIENTED_EDGE('',*,*,#4164,.F.);
#6306 = CYLINDRICAL_SURFACE('',#6307,0.6);
#6307 = AXIS2_PLACEMENT_3D('',#6308,#6309,#6310);
#6308 = CARTESIAN_POINT('',(280.8,-46.25,0.));
#6309 = DIRECTION('',(-0.,-0.,-1.));
#6310 = DIRECTION('',(1.,0.,-0.));
#6311 = ADVANCED_FACE('',(#6312),#6323,.F.);
#6312 = FACE_BOUND('',#6313,.T.);
#6313 = EDGE_LOOP('',(#6314,#6320,#6321,#6322));
#6314 = ORIENTED_EDGE('',*,*,#6315,.T.);
#6315 = EDGE_CURVE('',#4176,#5073,#6316,.T.);
#6316 = LINE('',#6317,#6318);
#6317 = CARTESIAN_POINT('',(298.4,-46.25,0.));
#6318 = VECTOR('',#6319,1.);
#6319 = DIRECTION('',(0.,0.,1.));
#6320 = ORIENTED_EDGE('',*,*,#5072,.T.);
#6321 = ORIENTED_EDGE('',*,*,#6315,.F.);
#6322 = ORIENTED_EDGE('',*,*,#4175,.F.);
#6323 = CYLINDRICAL_SURFACE('',#6324,0.6);
#6324 = AXIS2_PLACEMENT_3D('',#6325,#6326,#6327);
#6325 = CARTESIAN_POINT('',(297.8,-46.25,0.));
#6326 = DIRECTION('',(-0.,-0.,-1.));
#6327 = DIRECTION('',(1.,0.,-0.));
#6328 = ADVANCED_FACE('',(#6329),#6345,.T.);
#6329 = FACE_BOUND('',#6330,.T.);
#6330 = EDGE_LOOP('',(#6331,#6332,#6338,#6339));
#6331 = ORIENTED_EDGE('',*,*,#4186,.F.);
#6332 = ORIENTED_EDGE('',*,*,#6333,.T.);
#6333 = EDGE_CURVE('',#4187,#5084,#6334,.T.);
#6334 = LINE('',#6335,#6336);
#6335 = CARTESIAN_POINT('',(293.5565,-34.976,0.));
#6336 = VECTOR('',#6337,1.);
#6337 = DIRECTION('',(0.,0.,1.));
#6338 = ORIENTED_EDGE('',*,*,#5083,.T.);
#6339 = ORIENTED_EDGE('',*,*,#6340,.T.);
#6340 = EDGE_CURVE('',#5086,#4189,#6341,.T.);
#6341 = LINE('',#6342,#6343);
#6342 = CARTESIAN_POINT('',(293.55600254417,-36.568057626,-4.6E-02));
#6343 = VECTOR('',#6344,1.);
#6344 = DIRECTION('',(-0.,-0.,-1.));
#6345 = PLANE('',#6346);
#6346 = AXIS2_PLACEMENT_3D('',#6347,#6348,#6349);
#6347 = CARTESIAN_POINT('',(293.5565,-34.976,0.));
#6348 = DIRECTION('',(0.999999951184,-3.124609271573E-04,0.));
#6349 = DIRECTION('',(-3.124609271573E-04,-0.999999951184,0.));
#6350 = ADVANCED_FACE('',(#6351),#6362,.F.);
#6351 = FACE_BOUND('',#6352,.T.);
#6352 = EDGE_LOOP('',(#6353,#6359,#6360,#6361));
#6353 = ORIENTED_EDGE('',*,*,#6354,.F.);
#6354 = EDGE_CURVE('',#4255,#5152,#6355,.T.);
#6355 = LINE('',#6356,#6357);
#6356 = CARTESIAN_POINT('',(293.81,-37.516,-4.6E-02));
#6357 = VECTOR('',#6358,1.);
#6358 = DIRECTION('',(0.,0.,1.));
#6359 = ORIENTED_EDGE('',*,*,#4263,.T.);
#6360 = ORIENTED_EDGE('',*,*,#6340,.F.);
#6361 = ORIENTED_EDGE('',*,*,#5160,.F.);
#6362 = CYLINDRICAL_SURFACE('',#6363,0.508);
#6363 = AXIS2_PLACEMENT_3D('',#6364,#6365,#6366);
#6364 = CARTESIAN_POINT('',(293.81,-37.008,-4.6E-02));
#6365 = DIRECTION('',(-0.,-0.,-1.));
#6366 = DIRECTION('',(-0.,-1.,0.));
#6367 = ADVANCED_FACE('',(#6368),#6379,.F.);
#6368 = FACE_BOUND('',#6369,.T.);
#6369 = EDGE_LOOP('',(#6370,#6371,#6372,#6373));
#6370 = ORIENTED_EDGE('',*,*,#4254,.T.);
#6371 = ORIENTED_EDGE('',*,*,#6354,.T.);
#6372 = ORIENTED_EDGE('',*,*,#5151,.F.);
#6373 = ORIENTED_EDGE('',*,*,#6374,.T.);
#6374 = EDGE_CURVE('',#5144,#4247,#6375,.T.);
#6375 = LINE('',#6376,#6377);
#6376 = CARTESIAN_POINT('',(294.24994090512,-37.262,-4.6E-02));
#6377 = VECTOR('',#6378,1.);
#6378 = DIRECTION('',(-0.,-0.,-1.));
#6379 = CYLINDRICAL_SURFACE('',#6380,0.508);
#6380 = AXIS2_PLACEMENT_3D('',#6381,#6382,#6383);
#6381 = CARTESIAN_POINT('',(293.81,-37.008,-4.6E-02));
#6382 = DIRECTION('',(-0.,-0.,-1.));
#6383 = DIRECTION('',(-0.,-1.,0.));
#6384 = ADVANCED_FACE('',(#6385),#6396,.T.);
#6385 = FACE_BOUND('',#6386,.T.);
#6386 = EDGE_LOOP('',(#6387,#6388,#6389,#6390));
#6387 = ORIENTED_EDGE('',*,*,#4246,.F.);
#6388 = ORIENTED_EDGE('',*,*,#6374,.F.);
#6389 = ORIENTED_EDGE('',*,*,#5143,.T.);
#6390 = ORIENTED_EDGE('',*,*,#6391,.T.);
#6391 = EDGE_CURVE('',#5135,#4238,#6392,.T.);
#6392 = LINE('',#6393,#6394);
#6393 = CARTESIAN_POINT('',(295.27505909487,-37.262,-4.6E-02));
#6394 = VECTOR('',#6395,1.);
#6395 = DIRECTION('',(-0.,-0.,-1.));
#6396 = PLANE('',#6397);
#6397 = AXIS2_PLACEMENT_3D('',#6398,#6399,#6400);
#6398 = CARTESIAN_POINT('',(294.2418,-37.262,0.));
#6399 = DIRECTION('',(0.,1.,0.));
#6400 = DIRECTION('',(1.,0.,0.));
#6401 = ADVANCED_FACE('',(#6402),#6413,.F.);
#6402 = FACE_BOUND('',#6403,.T.);
#6403 = EDGE_LOOP('',(#6404,#6410,#6411,#6412));
#6404 = ORIENTED_EDGE('',*,*,#6405,.F.);
#6405 = EDGE_CURVE('',#4229,#5126,#6406,.T.);
#6406 = LINE('',#6407,#6408);
#6407 = CARTESIAN_POINT('',(295.715,-37.516,-4.6E-02));
#6408 = VECTOR('',#6409,1.);
#6409 = DIRECTION('',(0.,0.,1.));
#6410 = ORIENTED_EDGE('',*,*,#4237,.T.);
#6411 = ORIENTED_EDGE('',*,*,#6391,.F.);
#6412 = ORIENTED_EDGE('',*,*,#5134,.F.);
#6413 = CYLINDRICAL_SURFACE('',#6414,0.508);
#6414 = AXIS2_PLACEMENT_3D('',#6415,#6416,#6417);
#6415 = CARTESIAN_POINT('',(295.715,-37.008,-4.6E-02));
#6416 = DIRECTION('',(-0.,-0.,-1.));
#6417 = DIRECTION('',(-1.118964938205E-13,-1.,0.));
#6418 = ADVANCED_FACE('',(#6419),#6430,.F.);
#6419 = FACE_BOUND('',#6420,.T.);
#6420 = EDGE_LOOP('',(#6421,#6422,#6423,#6424));
#6421 = ORIENTED_EDGE('',*,*,#4228,.T.);
#6422 = ORIENTED_EDGE('',*,*,#6405,.T.);
#6423 = ORIENTED_EDGE('',*,*,#5125,.F.);
#6424 = ORIENTED_EDGE('',*,*,#6425,.T.);
#6425 = EDGE_CURVE('',#5118,#4221,#6426,.T.);
#6426 = LINE('',#6427,#6428);
#6427 = CARTESIAN_POINT('',(295.96900254325,-36.56806056323,-4.6E-02));
#6428 = VECTOR('',#6429,1.);
#6429 = DIRECTION('',(-0.,-0.,-1.));
#6430 = CYLINDRICAL_SURFACE('',#6431,0.508);
#6431 = AXIS2_PLACEMENT_3D('',#6432,#6433,#6434);
#6432 = CARTESIAN_POINT('',(295.715,-37.008,-4.6E-02));
#6433 = DIRECTION('',(-0.,-0.,-1.));
#6434 = DIRECTION('',(-1.118964938205E-13,-1.,0.));
#6435 = ADVANCED_FACE('',(#6436),#6447,.T.);
#6436 = FACE_BOUND('',#6437,.T.);
#6437 = EDGE_LOOP('',(#6438,#6439,#6440,#6441));
#6438 = ORIENTED_EDGE('',*,*,#4220,.F.);
#6439 = ORIENTED_EDGE('',*,*,#6425,.F.);
#6440 = ORIENTED_EDGE('',*,*,#5117,.T.);
#6441 = ORIENTED_EDGE('',*,*,#6442,.F.);
#6442 = EDGE_CURVE('',#4213,#5110,#6443,.T.);
#6443 = LINE('',#6444,#6445);
#6444 = CARTESIAN_POINT('',(295.9695,-34.976,0.));
#6445 = VECTOR('',#6446,1.);
#6446 = DIRECTION('',(0.,0.,1.));
#6447 = PLANE('',#6448);
#6448 = AXIS2_PLACEMENT_3D('',#6449,#6450,#6451);
#6449 = CARTESIAN_POINT('',(295.969,-36.5762,0.));
#6450 = DIRECTION('',(-0.999999951184,3.124609271217E-04,0.));
#6451 = DIRECTION('',(3.124609271217E-04,0.999999951184,0.));
#6452 = ADVANCED_FACE('',(#6453),#6464,.T.);
#6453 = FACE_BOUND('',#6454,.T.);
#6454 = EDGE_LOOP('',(#6455,#6456,#6457,#6463));
#6455 = ORIENTED_EDGE('',*,*,#6442,.T.);
#6456 = ORIENTED_EDGE('',*,*,#5109,.T.);
#6457 = ORIENTED_EDGE('',*,*,#6458,.F.);
#6458 = EDGE_CURVE('',#4205,#5102,#6459,.T.);
#6459 = LINE('',#6460,#6461);
#6460 = CARTESIAN_POINT('',(295.5885,-34.595,0.));
#6461 = VECTOR('',#6462,1.);
#6462 = DIRECTION('',(0.,0.,1.));
#6463 = ORIENTED_EDGE('',*,*,#4212,.F.);
#6464 = PLANE('',#6465);
#6465 = AXIS2_PLACEMENT_3D('',#6466,#6467,#6468);
#6466 = CARTESIAN_POINT('',(295.9695,-34.976,0.));
#6467 = DIRECTION('',(-0.707106781187,-0.707106781187,0.));
#6468 = DIRECTION('',(-0.707106781187,0.707106781187,0.));
#6469 = ADVANCED_FACE('',(#6470),#6481,.T.);
#6470 = FACE_BOUND('',#6471,.T.);
#6471 = EDGE_LOOP('',(#6472,#6473,#6474,#6480));
#6472 = ORIENTED_EDGE('',*,*,#6458,.T.);
#6473 = ORIENTED_EDGE('',*,*,#5101,.T.);
#6474 = ORIENTED_EDGE('',*,*,#6475,.F.);
#6475 = EDGE_CURVE('',#4197,#5094,#6476,.T.);
#6476 = LINE('',#6477,#6478);
#6477 = CARTESIAN_POINT('',(293.9375,-34.595,0.));
#6478 = VECTOR('',#6479,1.);
#6479 = DIRECTION('',(0.,0.,1.));
#6480 = ORIENTED_EDGE('',*,*,#4204,.F.);
#6481 = PLANE('',#6482);
#6482 = AXIS2_PLACEMENT_3D('',#6483,#6484,#6485);
#6483 = CARTESIAN_POINT('',(295.5885,-34.595,0.));
#6484 = DIRECTION('',(0.,-1.,0.));
#6485 = DIRECTION('',(-1.,0.,0.));
#6486 = ADVANCED_FACE('',(#6487),#6493,.T.);
#6487 = FACE_BOUND('',#6488,.T.);
#6488 = EDGE_LOOP('',(#6489,#6490,#6491,#6492));
#6489 = ORIENTED_EDGE('',*,*,#6475,.T.);
#6490 = ORIENTED_EDGE('',*,*,#5093,.T.);
#6491 = ORIENTED_EDGE('',*,*,#6333,.F.);
#6492 = ORIENTED_EDGE('',*,*,#4196,.F.);
#6493 = PLANE('',#6494);
#6494 = AXIS2_PLACEMENT_3D('',#6495,#6496,#6497);
#6495 = CARTESIAN_POINT('',(293.9375,-34.595,0.));
#6496 = DIRECTION('',(0.707106781187,-0.707106781187,0.));
#6497 = DIRECTION('',(-0.707106781187,-0.707106781187,0.));
#6498 = ADVANCED_FACE('',(#6499),#6515,.T.);
#6499 = FACE_BOUND('',#6500,.T.);
#6500 = EDGE_LOOP('',(#6501,#6502,#6508,#6509));
#6501 = ORIENTED_EDGE('',*,*,#4272,.F.);
#6502 = ORIENTED_EDGE('',*,*,#6503,.F.);
#6503 = EDGE_CURVE('',#5170,#4273,#6504,.T.);
#6504 = LINE('',#6505,#6506);
#6505 = CARTESIAN_POINT('',(285.301,-26.01794090512,-4.6E-02));
#6506 = VECTOR('',#6507,1.);
#6507 = DIRECTION('',(-0.,-0.,-1.));
#6508 = ORIENTED_EDGE('',*,*,#5169,.T.);
#6509 = ORIENTED_EDGE('',*,*,#6510,.T.);
#6510 = EDGE_CURVE('',#5172,#4275,#6511,.T.);
#6511 = LINE('',#6512,#6513);
#6512 = CARTESIAN_POINT('',(285.301,-27.04305909487,-4.6E-02));
#6513 = VECTOR('',#6514,1.);
#6514 = DIRECTION('',(-0.,-0.,-1.));
#6515 = PLANE('',#6516);
#6516 = AXIS2_PLACEMENT_3D('',#6517,#6518,#6519);
#6517 = CARTESIAN_POINT('',(285.301,-26.0098,0.));
#6518 = DIRECTION('',(1.,0.,-0.));
#6519 = DIRECTION('',(0.,-1.,0.));
#6520 = ADVANCED_FACE('',(#6521),#6532,.F.);
#6521 = FACE_BOUND('',#6522,.T.);
#6522 = EDGE_LOOP('',(#6523,#6529,#6530,#6531));
#6523 = ORIENTED_EDGE('',*,*,#6524,.F.);
#6524 = EDGE_CURVE('',#4332,#5229,#6525,.T.);
#6525 = LINE('',#6526,#6527);
#6526 = CARTESIAN_POINT('',(285.555,-27.991,-4.6E-02));
#6527 = VECTOR('',#6528,1.);
#6528 = DIRECTION('',(0.,0.,1.));
#6529 = ORIENTED_EDGE('',*,*,#4340,.T.);
#6530 = ORIENTED_EDGE('',*,*,#6510,.F.);
#6531 = ORIENTED_EDGE('',*,*,#5237,.F.);
#6532 = CYLINDRICAL_SURFACE('',#6533,0.508);
#6533 = AXIS2_PLACEMENT_3D('',#6534,#6535,#6536);
#6534 = CARTESIAN_POINT('',(285.555,-27.483,-4.6E-02));
#6535 = DIRECTION('',(-0.,-0.,-1.));
#6536 = DIRECTION('',(-0.,-1.,0.));
#6537 = ADVANCED_FACE('',(#6538),#6549,.F.);
#6538 = FACE_BOUND('',#6539,.T.);
#6539 = EDGE_LOOP('',(#6540,#6541,#6542,#6543));
#6540 = ORIENTED_EDGE('',*,*,#4331,.T.);
#6541 = ORIENTED_EDGE('',*,*,#6524,.T.);
#6542 = ORIENTED_EDGE('',*,*,#5228,.F.);
#6543 = ORIENTED_EDGE('',*,*,#6544,.T.);
#6544 = EDGE_CURVE('',#5221,#4324,#6545,.T.);
#6545 = LINE('',#6546,#6547);
#6546 = CARTESIAN_POINT('',(285.99494090512,-27.737,-4.6E-02));
#6547 = VECTOR('',#6548,1.);
#6548 = DIRECTION('',(-0.,-0.,-1.));
#6549 = CYLINDRICAL_SURFACE('',#6550,0.508);
#6550 = AXIS2_PLACEMENT_3D('',#6551,#6552,#6553);
#6551 = CARTESIAN_POINT('',(285.555,-27.483,-4.6E-02));
#6552 = DIRECTION('',(-0.,-0.,-1.));
#6553 = DIRECTION('',(-0.,-1.,0.));
#6554 = ADVANCED_FACE('',(#6555),#6566,.T.);
#6555 = FACE_BOUND('',#6556,.T.);
#6556 = EDGE_LOOP('',(#6557,#6558,#6559,#6560));
#6557 = ORIENTED_EDGE('',*,*,#4323,.F.);
#6558 = ORIENTED_EDGE('',*,*,#6544,.F.);
#6559 = ORIENTED_EDGE('',*,*,#5220,.T.);
#6560 = ORIENTED_EDGE('',*,*,#6561,.F.);
#6561 = EDGE_CURVE('',#4316,#5213,#6562,.T.);
#6562 = LINE('',#6563,#6564);
#6563 = CARTESIAN_POINT('',(287.587,-27.737,0.));
#6564 = VECTOR('',#6565,1.);
#6565 = DIRECTION('',(0.,0.,1.));
#6566 = PLANE('',#6567);
#6567 = AXIS2_PLACEMENT_3D('',#6568,#6569,#6570);
#6568 = CARTESIAN_POINT('',(285.9868,-27.737,0.));
#6569 = DIRECTION('',(0.,1.,0.));
#6570 = DIRECTION('',(1.,0.,0.));
#6571 = ADVANCED_FACE('',(#6572),#6583,.T.);
#6572 = FACE_BOUND('',#6573,.T.);
#6573 = EDGE_LOOP('',(#6574,#6575,#6576,#6582));
#6574 = ORIENTED_EDGE('',*,*,#6561,.T.);
#6575 = ORIENTED_EDGE('',*,*,#5212,.T.);
#6576 = ORIENTED_EDGE('',*,*,#6577,.F.);
#6577 = EDGE_CURVE('',#4308,#5205,#6578,.T.);
#6578 = LINE('',#6579,#6580);
#6579 = CARTESIAN_POINT('',(287.968,-27.356,0.));
#6580 = VECTOR('',#6581,1.);
#6581 = DIRECTION('',(0.,0.,1.));
#6582 = ORIENTED_EDGE('',*,*,#4315,.F.);
#6583 = PLANE('',#6584);
#6584 = AXIS2_PLACEMENT_3D('',#6585,#6586,#6587);
#6585 = CARTESIAN_POINT('',(287.587,-27.737,0.));
#6586 = DIRECTION('',(-0.707106781187,0.707106781187,0.));
#6587 = DIRECTION('',(0.707106781187,0.707106781187,0.));
#6588 = ADVANCED_FACE('',(#6589),#6600,.T.);
#6589 = FACE_BOUND('',#6590,.T.);
#6590 = EDGE_LOOP('',(#6591,#6592,#6593,#6599));
#6591 = ORIENTED_EDGE('',*,*,#6577,.T.);
#6592 = ORIENTED_EDGE('',*,*,#5204,.T.);
#6593 = ORIENTED_EDGE('',*,*,#6594,.F.);
#6594 = EDGE_CURVE('',#4300,#5197,#6595,.T.);
#6595 = LINE('',#6596,#6597);
#6596 = CARTESIAN_POINT('',(287.968,-25.705,0.));
#6597 = VECTOR('',#6598,1.);
#6598 = DIRECTION('',(0.,0.,1.));
#6599 = ORIENTED_EDGE('',*,*,#4307,.F.);
#6600 = PLANE('',#6601);
#6601 = AXIS2_PLACEMENT_3D('',#6602,#6603,#6604);
#6602 = CARTESIAN_POINT('',(287.968,-27.356,0.));
#6603 = DIRECTION('',(-1.,0.,0.));
#6604 = DIRECTION('',(0.,1.,0.));
#6605 = ADVANCED_FACE('',(#6606),#6617,.T.);
#6606 = FACE_BOUND('',#6607,.T.);
#6607 = EDGE_LOOP('',(#6608,#6609,#6610,#6616));
#6608 = ORIENTED_EDGE('',*,*,#6594,.T.);
#6609 = ORIENTED_EDGE('',*,*,#5196,.T.);
#6610 = ORIENTED_EDGE('',*,*,#6611,.F.);
#6611 = EDGE_CURVE('',#4292,#5189,#6612,.T.);
#6612 = LINE('',#6613,#6614);
#6613 = CARTESIAN_POINT('',(287.587,-25.324,0.));
#6614 = VECTOR('',#6615,1.);
#6615 = DIRECTION('',(0.,0.,1.));
#6616 = ORIENTED_EDGE('',*,*,#4299,.F.);
#6617 = PLANE('',#6618);
#6618 = AXIS2_PLACEMENT_3D('',#6619,#6620,#6621);
#6619 = CARTESIAN_POINT('',(287.968,-25.705,0.));
#6620 = DIRECTION('',(-0.707106781187,-0.707106781187,0.));
#6621 = DIRECTION('',(-0.707106781187,0.707106781187,0.));
#6622 = ADVANCED_FACE('',(#6623),#6634,.T.);
#6623 = FACE_BOUND('',#6624,.T.);
#6624 = EDGE_LOOP('',(#6625,#6626,#6627,#6628));
#6625 = ORIENTED_EDGE('',*,*,#4291,.F.);
#6626 = ORIENTED_EDGE('',*,*,#6611,.T.);
#6627 = ORIENTED_EDGE('',*,*,#5188,.T.);
#6628 = ORIENTED_EDGE('',*,*,#6629,.T.);
#6629 = EDGE_CURVE('',#5180,#4283,#6630,.T.);
#6630 = LINE('',#6631,#6632);
#6631 = CARTESIAN_POINT('',(285.99494090512,-25.324,-4.6E-02));
#6632 = VECTOR('',#6633,1.);
#6633 = DIRECTION('',(-0.,-0.,-1.));
#6634 = PLANE('',#6635);
#6635 = AXIS2_PLACEMENT_3D('',#6636,#6637,#6638);
#6636 = CARTESIAN_POINT('',(287.587,-25.324,0.));
#6637 = DIRECTION('',(0.,-1.,0.));
#6638 = DIRECTION('',(-1.,0.,0.));
#6639 = ADVANCED_FACE('',(#6640),#6646,.F.);
#6640 = FACE_BOUND('',#6641,.T.);
#6641 = EDGE_LOOP('',(#6642,#6643,#6644,#6645));
#6642 = ORIENTED_EDGE('',*,*,#5179,.F.);
#6643 = ORIENTED_EDGE('',*,*,#6503,.T.);
#6644 = ORIENTED_EDGE('',*,*,#4282,.T.);
#6645 = ORIENTED_EDGE('',*,*,#6629,.F.);
#6646 = CYLINDRICAL_SURFACE('',#6647,0.508);
#6647 = AXIS2_PLACEMENT_3D('',#6648,#6649,#6650);
#6648 = CARTESIAN_POINT('',(285.555,-25.578,-4.6E-02));
#6649 = DIRECTION('',(-0.,-0.,-1.));
#6650 = DIRECTION('',(-0.,-1.,0.));
#6651 = ADVANCED_FACE('',(#6652),#6668,.T.);
#6652 = FACE_BOUND('',#6653,.T.);
#6653 = EDGE_LOOP('',(#6654,#6655,#6661,#6662));
#6654 = ORIENTED_EDGE('',*,*,#4349,.F.);
#6655 = ORIENTED_EDGE('',*,*,#6656,.F.);
#6656 = EDGE_CURVE('',#5247,#4350,#6657,.T.);
#6657 = LINE('',#6658,#6659);
#6658 = CARTESIAN_POINT('',(288.476,-19.66794090512,-4.6E-02));
#6659 = VECTOR('',#6660,1.);
#6660 = DIRECTION('',(-0.,-0.,-1.));
#6661 = ORIENTED_EDGE('',*,*,#5246,.T.);
#6662 = ORIENTED_EDGE('',*,*,#6663,.T.);
#6663 = EDGE_CURVE('',#5249,#4352,#6664,.T.);
#6664 = LINE('',#6665,#6666);
#6665 = CARTESIAN_POINT('',(288.476,-21.32805909487,-4.6E-02));
#6666 = VECTOR('',#6667,1.);
#6667 = DIRECTION('',(-0.,-0.,-1.));
#6668 = PLANE('',#6669);
#6669 = AXIS2_PLACEMENT_3D('',#6670,#6671,#6672);
#6670 = CARTESIAN_POINT('',(288.476,-19.6598,0.));
#6671 = DIRECTION('',(1.,0.,-0.));
#6672 = DIRECTION('',(0.,-1.,0.));
#6673 = ADVANCED_FACE('',(#6674),#6685,.F.);
#6674 = FACE_BOUND('',#6675,.T.);
#6675 = EDGE_LOOP('',(#6676,#6682,#6683,#6684));
#6676 = ORIENTED_EDGE('',*,*,#6677,.F.);
#6677 = EDGE_CURVE('',#4420,#5317,#6678,.T.);
#6678 = LINE('',#6679,#6680);
#6679 = CARTESIAN_POINT('',(288.73,-22.276,-4.6E-02));
#6680 = VECTOR('',#6681,1.);
#6681 = DIRECTION('',(0.,0.,1.));
#6682 = ORIENTED_EDGE('',*,*,#4428,.T.);
#6683 = ORIENTED_EDGE('',*,*,#6663,.F.);
#6684 = ORIENTED_EDGE('',*,*,#5325,.F.);
#6685 = CYLINDRICAL_SURFACE('',#6686,0.508);
#6686 = AXIS2_PLACEMENT_3D('',#6687,#6688,#6689);
#6687 = CARTESIAN_POINT('',(288.73,-21.768,-4.6E-02));
#6688 = DIRECTION('',(-0.,-0.,-1.));
#6689 = DIRECTION('',(-0.,-1.,0.));
#6690 = ADVANCED_FACE('',(#6691),#6702,.F.);
#6691 = FACE_BOUND('',#6692,.T.);
#6692 = EDGE_LOOP('',(#6693,#6694,#6695,#6696));
#6693 = ORIENTED_EDGE('',*,*,#4419,.T.);
#6694 = ORIENTED_EDGE('',*,*,#6677,.T.);
#6695 = ORIENTED_EDGE('',*,*,#5316,.F.);
#6696 = ORIENTED_EDGE('',*,*,#6697,.T.);
#6697 = EDGE_CURVE('',#5309,#4412,#6698,.T.);
#6698 = LINE('',#6699,#6700);
#6699 = CARTESIAN_POINT('',(289.16994090512,-22.022,-4.6E-02));
#6700 = VECTOR('',#6701,1.);
#6701 = DIRECTION('',(-0.,-0.,-1.));
#6702 = CYLINDRICAL_SURFACE('',#6703,0.508);
#6703 = AXIS2_PLACEMENT_3D('',#6704,#6705,#6706);
#6704 = CARTESIAN_POINT('',(288.73,-21.768,-4.6E-02));
#6705 = DIRECTION('',(-0.,-0.,-1.));
#6706 = DIRECTION('',(-0.,-1.,0.));
#6707 = ADVANCED_FACE('',(#6708),#6719,.T.);
#6708 = FACE_BOUND('',#6709,.T.);
#6709 = EDGE_LOOP('',(#6710,#6711,#6712,#6713));
#6710 = ORIENTED_EDGE('',*,*,#4411,.F.);
#6711 = ORIENTED_EDGE('',*,*,#6697,.F.);
#6712 = ORIENTED_EDGE('',*,*,#5308,.T.);
#6713 = ORIENTED_EDGE('',*,*,#6714,.T.);
#6714 = EDGE_CURVE('',#5300,#4403,#6715,.T.);
#6715 = LINE('',#6716,#6717);
#6716 = CARTESIAN_POINT('',(290.83005909487,-22.022,-4.6E-02));
#6717 = VECTOR('',#6718,1.);
#6718 = DIRECTION('',(-0.,-0.,-1.));
#6719 = PLANE('',#6720);
#6720 = AXIS2_PLACEMENT_3D('',#6721,#6722,#6723);
#6721 = CARTESIAN_POINT('',(289.1618,-22.022,0.));
#6722 = DIRECTION('',(0.,1.,0.));
#6723 = DIRECTION('',(1.,0.,0.));
#6724 = ADVANCED_FACE('',(#6725),#6736,.F.);
#6725 = FACE_BOUND('',#6726,.T.);
#6726 = EDGE_LOOP('',(#6727,#6733,#6734,#6735));
#6727 = ORIENTED_EDGE('',*,*,#6728,.F.);
#6728 = EDGE_CURVE('',#4394,#5291,#6729,.T.);
#6729 = LINE('',#6730,#6731);
#6730 = CARTESIAN_POINT('',(291.27,-22.276,-4.6E-02));
#6731 = VECTOR('',#6732,1.);
#6732 = DIRECTION('',(0.,0.,1.));
#6733 = ORIENTED_EDGE('',*,*,#4402,.T.);
#6734 = ORIENTED_EDGE('',*,*,#6714,.F.);
#6735 = ORIENTED_EDGE('',*,*,#5299,.F.);
#6736 = CYLINDRICAL_SURFACE('',#6737,0.508);
#6737 = AXIS2_PLACEMENT_3D('',#6738,#6739,#6740);
#6738 = CARTESIAN_POINT('',(291.27,-21.768,-4.6E-02));
#6739 = DIRECTION('',(-0.,-0.,-1.));
#6740 = DIRECTION('',(-0.,-1.,0.));
#6741 = ADVANCED_FACE('',(#6742),#6753,.F.);
#6742 = FACE_BOUND('',#6743,.T.);
#6743 = EDGE_LOOP('',(#6744,#6745,#6746,#6747));
#6744 = ORIENTED_EDGE('',*,*,#4393,.T.);
#6745 = ORIENTED_EDGE('',*,*,#6728,.T.);
#6746 = ORIENTED_EDGE('',*,*,#5290,.F.);
#6747 = ORIENTED_EDGE('',*,*,#6748,.T.);
#6748 = EDGE_CURVE('',#5283,#4386,#6749,.T.);
#6749 = LINE('',#6750,#6751);
#6750 = CARTESIAN_POINT('',(291.524,-21.32805909487,-4.6E-02));
#6751 = VECTOR('',#6752,1.);
#6752 = DIRECTION('',(-0.,-0.,-1.));
#6753 = CYLINDRICAL_SURFACE('',#6754,0.508);
#6754 = AXIS2_PLACEMENT_3D('',#6755,#6756,#6757);
#6755 = CARTESIAN_POINT('',(291.27,-21.768,-4.6E-02));
#6756 = DIRECTION('',(-0.,-0.,-1.));
#6757 = DIRECTION('',(-0.,-1.,0.));
#6758 = ADVANCED_FACE('',(#6759),#6770,.T.);
#6759 = FACE_BOUND('',#6760,.T.);
#6760 = EDGE_LOOP('',(#6761,#6762,#6763,#6764));
#6761 = ORIENTED_EDGE('',*,*,#4385,.F.);
#6762 = ORIENTED_EDGE('',*,*,#6748,.F.);
#6763 = ORIENTED_EDGE('',*,*,#5282,.T.);
#6764 = ORIENTED_EDGE('',*,*,#6765,.T.);
#6765 = EDGE_CURVE('',#5274,#4377,#6766,.T.);
#6766 = LINE('',#6767,#6768);
#6767 = CARTESIAN_POINT('',(291.524,-19.66794090512,-4.6E-02));
#6768 = VECTOR('',#6769,1.);
#6769 = DIRECTION('',(-0.,-0.,-1.));
#6770 = PLANE('',#6771);
#6771 = AXIS2_PLACEMENT_3D('',#6772,#6773,#6774);
#6772 = CARTESIAN_POINT('',(291.524,-21.3362,0.));
#6773 = DIRECTION('',(-1.,0.,0.));
#6774 = DIRECTION('',(0.,1.,0.));
#6775 = ADVANCED_FACE('',(#6776),#6787,.F.);
#6776 = FACE_BOUND('',#6777,.T.);
#6777 = EDGE_LOOP('',(#6778,#6779,#6780,#6786));
#6778 = ORIENTED_EDGE('',*,*,#6765,.F.);
#6779 = ORIENTED_EDGE('',*,*,#5273,.F.);
#6780 = ORIENTED_EDGE('',*,*,#6781,.T.);
#6781 = EDGE_CURVE('',#5266,#4369,#6782,.T.);
#6782 = LINE('',#6783,#6784);
#6783 = CARTESIAN_POINT('',(290.83005909487,-18.974,-4.6E-02));
#6784 = VECTOR('',#6785,1.);
#6785 = DIRECTION('',(-0.,-0.,-1.));
#6786 = ORIENTED_EDGE('',*,*,#4376,.T.);
#6787 = CYLINDRICAL_SURFACE('',#6788,0.508);
#6788 = AXIS2_PLACEMENT_3D('',#6789,#6790,#6791);
#6789 = CARTESIAN_POINT('',(291.27,-19.228,-4.6E-02));
#6790 = DIRECTION('',(-0.,-0.,-1.));
#6791 = DIRECTION('',(-0.,-1.,0.));
#6792 = ADVANCED_FACE('',(#6793),#6804,.T.);
#6793 = FACE_BOUND('',#6794,.T.);
#6794 = EDGE_LOOP('',(#6795,#6796,#6797,#6798));
#6795 = ORIENTED_EDGE('',*,*,#4368,.F.);
#6796 = ORIENTED_EDGE('',*,*,#6781,.F.);
#6797 = ORIENTED_EDGE('',*,*,#5265,.T.);
#6798 = ORIENTED_EDGE('',*,*,#6799,.T.);
#6799 = EDGE_CURVE('',#5257,#4360,#6800,.T.);
#6800 = LINE('',#6801,#6802);
#6801 = CARTESIAN_POINT('',(289.16994090512,-18.974,-4.6E-02));
#6802 = VECTOR('',#6803,1.);
#6803 = DIRECTION('',(-0.,-0.,-1.));
#6804 = PLANE('',#6805);
#6805 = AXIS2_PLACEMENT_3D('',#6806,#6807,#6808);
#6806 = CARTESIAN_POINT('',(290.8382,-18.974,0.));
#6807 = DIRECTION('',(0.,-1.,0.));
#6808 = DIRECTION('',(-1.,0.,0.));
#6809 = ADVANCED_FACE('',(#6810),#6816,.F.);
#6810 = FACE_BOUND('',#6811,.T.);
#6811 = EDGE_LOOP('',(#6812,#6813,#6814,#6815));
#6812 = ORIENTED_EDGE('',*,*,#5256,.F.);
#6813 = ORIENTED_EDGE('',*,*,#6656,.T.);
#6814 = ORIENTED_EDGE('',*,*,#4359,.T.);
#6815 = ORIENTED_EDGE('',*,*,#6799,.F.);
#6816 = CYLINDRICAL_SURFACE('',#6817,0.508);
#6817 = AXIS2_PLACEMENT_3D('',#6818,#6819,#6820);
#6818 = CARTESIAN_POINT('',(288.73,-19.228,-4.6E-02));
#6819 = DIRECTION('',(-0.,-0.,-1.));
#6820 = DIRECTION('',(-0.,-1.,0.));
#6821 = ADVANCED_FACE('',(#6822),#6833,.F.);
#6822 = FACE_BOUND('',#6823,.T.);
#6823 = EDGE_LOOP('',(#6824,#6830,#6831,#6832));
#6824 = ORIENTED_EDGE('',*,*,#6825,.T.);
#6825 = EDGE_CURVE('',#4438,#5335,#6826,.T.);
#6826 = LINE('',#6827,#6828);
#6827 = CARTESIAN_POINT('',(304.2,-18.7,0.));
#6828 = VECTOR('',#6829,1.);
#6829 = DIRECTION('',(0.,0.,1.));
#6830 = ORIENTED_EDGE('',*,*,#5334,.T.);
#6831 = ORIENTED_EDGE('',*,*,#6825,.F.);
#6832 = ORIENTED_EDGE('',*,*,#4437,.F.);
#6833 = CYLINDRICAL_SURFACE('',#6834,1.1);
#6834 = AXIS2_PLACEMENT_3D('',#6835,#6836,#6837);
#6835 = CARTESIAN_POINT('',(303.1,-18.7,0.));
#6836 = DIRECTION('',(-0.,-0.,-1.));
#6837 = DIRECTION('',(1.,0.,-0.));
#6838 = ( GEOMETRIC_REPRESENTATION_CONTEXT(3) 
GLOBAL_UNCERTAINTY_ASSIGNED_CONTEXT((#6842)) 
GLOBAL_UNIT_ASSIGNED_CONTEXT((#6839,#6840,#6841)) REPRESENTATION_CONTEXT
('Context #1','3D Context with UNIT and UNCERTAINTY') );
#6839 = ( LENGTH_UNIT() NAMED_UNIT(*) SI_UNIT(.MILLI.,.METRE.) );
#6840 = ( NAMED_UNIT(*) PLANE_ANGLE_UNIT() SI_UNIT($,.RADIAN.) );
#6841 = ( NAMED_UNIT(*) SI_UNIT($,.STERADIAN.) SOLID_ANGLE_UNIT() );
#6842 = UNCERTAINTY_MEASURE_WITH_UNIT(LENGTH_MEASURE(1.E-07),#6839,
  'distance_accuracy_value','confusion accuracy');
#6843 = CONTEXT_DEPENDENT_SHAPE_REPRESENTATION(#6844,#6846);
#6844 = ( REPRESENTATION_RELATIONSHIP('','',#3446,#10) 
REPRESENTATION_RELATIONSHIP_WITH_TRANSFORMATION(#6845) 
SHAPE_REPRESENTATION_RELATIONSHIP() );
#6845 = ITEM_DEFINED_TRANSFORMATION('','',#11,#19);
#6846 = PRODUCT_DEFINITION_SHAPE('Placement','Placement of an item',
  #6847);
#6847 = NEXT_ASSEMBLY_USAGE_OCCURRENCE('2','=>[0:1:1:3]','',#5,#3441,$);
#6848 = PRODUCT_RELATED_PRODUCT_CATEGORY('part',$,(#3443));
#6849 = MECHANICAL_DESIGN_GEOMETRIC_PRESENTATION_REPRESENTATION('',(
    #6850),#6838);
#6850 = STYLED_ITEM('color',(#6851),#3447);
#6851 = PRESENTATION_STYLE_ASSIGNMENT((#6852));
#6852 = SURFACE_STYLE_USAGE(.BOTH.,#6853);
#6853 = SURFACE_SIDE_STYLE('',(#6854));
#6854 = SURFACE_STYLE_FILL_AREA(#6855);
#6855 = FILL_AREA_STYLE('',(#6856));
#6856 = FILL_AREA_STYLE_COLOUR('',#6857);
#6857 = COLOUR_RGB('',0.313304153717,0.484529207832,0.410020903123);
#6858 = MECHANICAL_DESIGN_GEOMETRIC_PRESENTATION_REPRESENTATION('',(
    #6859),#3428);
#6859 = STYLED_ITEM('color',(#6860),#37);
#6860 = PRESENTATION_STYLE_ASSIGNMENT((#6861));
#6861 = SURFACE_STYLE_USAGE(.BOTH.,#6862);
#6862 = SURFACE_SIDE_STYLE('',(#6863));
#6863 = SURFACE_STYLE_FILL_AREA(#6864);
#6864 = FILL_AREA_STYLE('',(#6865));
#6865 = FILL_AREA_STYLE_COLOUR('',#6857);
ENDSEC;
END-ISO-10303-21;
